{
"type": "FeatureCollection",
"name": "aimag_boundaries",
"crs": { "type": "name", "properties": { "name": "urn:ogc:def:crs:OGC:1.3:CRS84" } },
"features": [
{ "type": "Feature", "properties": { "Aimag": "Arkhangai" }, "geometry": { "type": "Polygon", "coordinates": [ [ [ 98.41651439666748, 47.614813746921477 ], [ 98.32489013671875, 47.630231016632251 ], [ 98.253479003906236, 47.654287910762719 ], [ 98.19305419921875, 47.706065135695745 ], [ 98.17108154296875, 47.787325537803106 ], [ 98.2012939453125, 47.851873911015922 ], [ 98.206787109374986, 47.914501207039869 ], [ 98.18756103515625, 47.984406829475262 ], [ 98.2232666015625, 48.056053763981225 ], [ 98.27545166015625, 48.094591642909919 ], [ 98.35784912109375, 48.105597164021518 ], [ 98.4814453125, 48.100094697973795 ], [ 98.54736328125, 48.111099041065366 ], [ 98.6627197265625, 48.166085419012532 ], [ 98.7066650390625, 48.206371336358906 ], [ 98.8385009765625, 48.23747967660676 ], [ 98.953857421875, 48.275881527434969 ], [ 99.074363708496094, 48.296099474919146 ], [ 99.074320793151855, 48.29617085179661 ], [ 99.1680908203125, 48.266740845839649 ], [ 99.220275878906236, 48.245711072889243 ], [ 99.26422119140625, 48.235650297553057 ], [ 99.35760498046875, 48.242052838067202 ], [ 99.611663818359375, 48.274967532852976 ], [ 99.702301025390625, 48.295985271707664 ], [ 99.744873046875, 48.339820521006125 ], [ 99.7833251953125, 48.420998730129426 ], [ 99.78607177734375, 48.486576276944774 ], [ 99.9041748046875, 48.463815894066066 ], [ 99.96185302734375, 48.443778310588051 ], [ 100.0469970703125, 48.405502781874681 ], [ 100.107421875, 48.389090159616018 ], [ 100.171966552734375, 48.390002110874164 ], [ 100.210418701171861, 48.412795581099964 ], [ 100.2117919921875, 48.455619656617088 ], [ 100.225524902343736, 48.476562966415798 ], [ 100.281829833984375, 48.490216990686299 ], [ 100.377960205078125, 48.4965876108066 ], [ 100.475463867187486, 48.509326449766327 ], [ 100.39581298828125, 48.582058402838243 ], [ 100.361480712890625, 48.629278127969414 ], [ 100.35736083984375, 48.675546901341384 ], [ 100.386199951171875, 48.750756296177379 ], [ 100.4315185546875, 48.823140892101684 ], [ 100.48095703125, 48.866521538507754 ], [ 100.579833984375, 48.892712470496093 ], [ 100.641632080078125, 48.923401616679705 ], [ 100.603179931640625, 48.959482365237491 ], [ 100.476837158203125, 48.999141064795197 ], [ 100.535888671875, 49.034266715880854 ], [ 100.644378662109375, 49.104443668707333 ], [ 100.702056884765625, 49.205037267231411 ], [ 100.886077880859375, 49.130959121699142 ], [ 100.948562622070312, 49.116130191506805 ], [ 101.14837646484375, 49.050920216584856 ], [ 101.28021240234375, 49.015355983769666 ], [ 101.360549926757812, 48.969399998499519 ], [ 101.449127197265611, 48.954071915755478 ], [ 101.537704467773438, 48.950915549215985 ], [ 101.605682373046861, 48.959482365237491 ], [ 101.666107177734375, 48.963089005540155 ], [ 101.665592193603516, 48.963089005540155 ], [ 101.74713134765625, 48.89000369970676 ], [ 101.81304931640625, 48.866521538507754 ], [ 101.876220703125, 48.862907919864639 ], [ 101.93389892578125, 48.832181625698475 ], [ 101.9586181640625, 48.774292742675087 ], [ 102.03826904296875, 48.772482638370768 ], [ 102.12890625, 48.81048112472012 ], [ 102.2003173828125, 48.6746400785837 ], [ 102.2332763671875, 48.494767515307295 ], [ 102.2772216796875, 48.44742209577057 ], [ 102.337646484375, 48.421910109428751 ], [ 102.37060546875, 48.327039130634759 ], [ 102.485961914062486, 48.257598529149973 ], [ 102.6287841796875, 48.253941144634311 ], [ 102.755126953125, 48.136766679692698 ], [ 102.837524414062486, 48.022998321048867 ], [ 102.843017578125, 47.905296059060888 ], [ 103.0133056640625, 47.835283422752639 ], [ 103.084716796875, 47.724544549099676 ], [ 103.1890869140625, 47.713457687488891 ], [ 103.4088134765625, 47.476375797209357 ], [ 103.6669921875, 47.331377157798244 ], [ 103.677291870117188, 47.250805241535076 ], [ 103.677291870117188, 47.250805241535076 ], [ 103.637466430664062, 47.219101747038245 ], [ 103.592147827148438, 47.201843347946806 ], [ 103.520736694335938, 47.187379284343223 ], [ 103.445892333984361, 47.184579332792509 ], [ 103.347015380859375, 47.187379284343223 ], [ 103.1890869140625, 47.204642388766935 ], [ 103.13690185546875, 47.232624674638807 ], [ 103.03802490234375, 47.312758722249391 ], [ 102.952880859375, 47.325792316090507 ], [ 102.886962890625, 47.357431944587034 ], [ 102.843017578125, 47.372314620566947 ], [ 102.755126953125, 47.379754384008159 ], [ 102.71392822265625, 47.413220330169018 ], [ 102.680969238281236, 47.407644148484373 ], [ 102.650756835937486, 47.390912061047793 ], [ 102.6397705078125, 47.366734109127115 ], [ 102.65350341796875, 47.333238640473475 ], [ 102.687835693359375, 47.30903424774781 ], [ 102.720794677734361, 47.282023957935429 ], [ 102.726287841796875, 47.257796106032771 ], [ 102.726287841796875, 47.239151749814532 ], [ 102.687835693359375, 47.188779204735177 ], [ 102.642517089843736, 47.155170924515957 ], [ 102.586212158203125, 47.129016446603991 ], [ 102.557373046875, 47.080409706315635 ], [ 102.542266845703125, 47.001797364174308 ], [ 102.512054443359375, 46.953074529521054 ], [ 102.465362548828125, 46.930572093016316 ], [ 102.404937744140625, 46.957761346688663 ], [ 102.32940673828125, 47.011162050430713 ], [ 102.29644775390625, 47.026142133660507 ], [ 102.264862060546875, 47.026142133660507 ], [ 102.14263916015625, 47.011162050430713 ], [ 102.09869384765625, 46.995241106945961 ], [ 102.002563476562486, 46.98118927533914 ], [ 101.92291259765625, 46.961510504873075 ], [ 101.877593994140625, 46.92963428624288 ], [ 101.847381591796861, 46.884600249935552 ], [ 101.819915771484375, 46.872397020520069 ], [ 101.770477294921875, 46.862069043222895 ], [ 101.62628173828125, 46.851739078733658 ], [ 101.413421630859375, 46.847982235308962 ], [ 101.288495063781738, 46.826199106709744 ], [ 101.288495063781738, 46.826169743435017 ], [ 101.260128021240234, 46.823673806458473 ], [ 101.229057312011719, 46.827197448507164 ], [ 101.205368041992188, 46.836240405913003 ], [ 101.176528930664048, 46.850330293243495 ], [ 101.12091064453125, 46.833891732085377 ], [ 101.066665649414062, 46.82637528602131 ], [ 100.991134643554688, 46.82637528602131 ], [ 100.866851806640625, 46.839058679007948 ], [ 100.755615234374986, 46.830133640447386 ], [ 100.693817138671861, 46.837179846701979 ], [ 100.674591064453125, 46.865824901251557 ], [ 100.607299804687486, 46.931040990245364 ], [ 100.559921264648438, 46.952137116828879 ], [ 100.468597412109375, 46.971819335297987 ], [ 100.438385009765625, 47.002733906678813 ], [ 100.43426513671875, 47.041118014219414 ], [ 100.420532226562486, 47.089760603235646 ], [ 100.447998046875, 47.184112659842015 ], [ 100.232391357421875, 47.140227084105625 ], [ 100.0799560546875, 47.112196058981809 ], [ 99.942626953125, 47.058896414051638 ], [ 99.920654296875, 47.121541375281744 ], [ 99.919281005859375, 47.192512145272779 ], [ 99.900054931640625, 47.255931965737879 ], [ 99.894561767578125, 47.35650163792198 ], [ 99.86572265625, 47.408573553097554 ], [ 99.768218994140625, 47.492152817024099 ], [ 99.757232666015611, 47.530183782659073 ], [ 99.75860595703125, 47.619124098197325 ], [ 99.7174072265625, 47.620049764872412 ], [ 99.661102294921875, 47.60153331738691 ], [ 99.468841552734361, 47.5774521343697 ], [ 99.405670166015625, 47.556140312943398 ], [ 99.3768310546875, 47.517200697839414 ], [ 99.33837890625, 47.489368981370724 ], [ 99.266967773437486, 47.461522508743883 ], [ 99.212036132812486, 47.454094290400015 ], [ 99.056854248046875, 47.454094290400015 ], [ 98.971710205078125, 47.472662868613419 ], [ 98.93463134765625, 47.50421439972969 ], [ 98.83575439453125, 47.555213515307692 ], [ 98.800048828125, 47.646886969413003 ], [ 98.790435791015625, 47.723620734075631 ], [ 98.556976318359361, 47.69682297134991 ], [ 98.482818603515625, 47.667237034505156 ], [ 98.416643142700195, 47.614958395343585 ], [ 98.41651439666748, 47.614813746921477 ] ] ] } },
{ "type": "Feature", "properties": { "Aimag": "Bayan-Ulgii" }, "geometry": { "type": "Polygon", "coordinates": [ [ [ 91.04844331741333, 46.719850466635805 ], [ 91.048389673233018, 46.719865177287907 ], [ 90.98602294921875, 46.76808718675661 ], [ 90.98602294921875, 46.794418663019734 ], [ 90.93658447265625, 46.818857788796031 ], [ 90.947570800781236, 46.875213396722685 ], [ 90.909118652343736, 46.916503267244835 ], [ 90.92010498046875, 46.939011615060437 ], [ 90.81024169921875, 46.991494313050424 ], [ 90.760803222656236, 46.985873629664077 ], [ 90.7305908203125, 47.021461309117271 ], [ 90.648193359375, 47.114999826207722 ], [ 90.56304931640625, 47.206508333934707 ], [ 90.5108642578125, 47.301584511330795 ], [ 90.480651855468736, 47.320206883852414 ], [ 90.50811767578125, 47.342545069660197 ], [ 90.4998779296875, 47.398349200359263 ], [ 90.45867919921875, 47.409502941311075 ], [ 90.472412109374986, 47.485656970959091 ], [ 90.4010009765625, 47.535746978239125 ], [ 90.3460693359375, 47.624677852413242 ], [ 90.37353515625, 47.646886969413003 ], [ 90.252685546875, 47.704216833903843 ], [ 90.12359619140625, 47.728239645361739 ], [ 90.06866455078125, 47.781789085713108 ], [ 90.07415771484375, 47.857402894658236 ], [ 89.9560546875, 47.885038970041442 ], [ 89.95880126953125, 47.833439707627605 ], [ 89.76104736328125, 47.829752080848337 ], [ 89.73358154296875, 47.864773955792245 ], [ 89.7528076171875, 47.879512933970496 ], [ 89.72259521484375, 47.896089273755081 ], [ 89.65118408203125, 47.907137219641115 ], [ 89.6429443359375, 47.94394667836211 ], [ 89.59075927734375, 47.97521412341618 ], [ 89.58251953125, 48.028509034432986 ], [ 89.40948486328125, 48.030345807966157 ], [ 89.28863525390625, 48.013812489433349 ], [ 89.23370361328125, 47.97521412341618 ], [ 89.1595458984375, 47.995435916095197 ], [ 89.115600585937486, 47.982568419214019 ], [ 89.05517578125, 47.986245174262059 ], [ 88.93157958984375, 48.105597164021518 ], [ 88.846435546875, 48.109265147494867 ], [ 88.81622314453125, 48.096426060044877 ], [ 88.692626953125, 48.175244089902151 ], [ 88.66241455078125, 48.164253488547402 ], [ 88.59100341796875, 48.221012910256668 ], [ 88.59375, 48.252112354266067 ], [ 88.57177734375, 48.272225451004324 ], [ 88.604736328125, 48.334343174592014 ], [ 88.492126464843736, 48.401855990063673 ], [ 88.4344482421875, 48.389090159616018 ], [ 88.34930419921875, 48.429200555568407 ], [ 88.352050781249986, 48.460173285245993 ], [ 88.2147216796875, 48.500227605781035 ], [ 88.17626953125, 48.4965876108066 ], [ 88.13232421875, 48.52933815687993 ], [ 88.0059814453125, 48.552978164400734 ], [ 87.953796386718736, 48.594775748981043 ], [ 88.0279541015625, 48.632908585895322 ], [ 88.0059814453125, 48.651056957447878 ], [ 88.08563232421875, 48.712712581452401 ], [ 87.95928955078125, 48.770672468805088 ], [ 87.93731689453125, 48.756188762805522 ], [ 87.8631591796875, 48.801436476249386 ], [ 87.7972412109375, 48.819524141945067 ], [ 87.775268554687486, 48.870134896220343 ], [ 87.74505615234375, 48.870134896220343 ], [ 87.75054931640625, 48.924303953297454 ], [ 87.8082275390625, 48.944151234187942 ], [ 87.87689208984375, 48.956777213851424 ], [ 87.90435791015625, 48.982019588328214 ], [ 87.83294677734375, 49.042144066670872 ], [ 87.828483581542969, 49.051145225702591 ], [ 87.835350036621094, 49.060032271314597 ], [ 87.854576110839844, 49.070717120839156 ], [ 87.837753295898423, 49.08196184888935 ], [ 87.853889465332031, 49.11905139208892 ], [ 87.835350036621094, 49.137024224191251 ], [ 87.83294677734375, 49.146008197227331 ], [ 87.82985687255858, 49.149601330435864 ], [ 87.818183898925781, 49.145109873210956 ], [ 87.811660766601562, 49.153643293835898 ], [ 87.820930480957031, 49.165093732635079 ], [ 87.814525365829468, 49.170186643263769 ], [ 87.814536094665527, 49.170172613926503 ], [ 87.819728851318359, 49.174184842358791 ], [ 87.822818756103516, 49.177888149217083 ], [ 87.831058502197266, 49.176429303833146 ], [ 87.847366333007812, 49.177663714264384 ], [ 87.854232788085938, 49.175980419679945 ], [ 87.861442565917969, 49.178112583152092 ], [ 87.869853973388672, 49.174633742795336 ], [ 87.874832153320312, 49.171379122399578 ], [ 87.879467010498047, 49.172276970087815 ], [ 87.884788513183594, 49.171940279112967 ], [ 87.893028259277344, 49.176092641099864 ], [ 87.903842926025376, 49.177551496406373 ], [ 87.911567687988281, 49.174297067849565 ], [ 87.919120788574219, 49.172950345167898 ], [ 87.927360534667969, 49.174521518067841 ], [ 87.931308746337891, 49.17990801799526 ], [ 87.943325042724609, 49.18136676084692 ], [ 87.946586608886705, 49.180581289269618 ], [ 87.949161529541016, 49.181254551384868 ], [ 87.951908111572266, 49.18349869228674 ], [ 87.956886291503906, 49.18551833208798 ], [ 87.965984344482408, 49.183835304644639 ], [ 87.976112365722656, 49.186528121077259 ], [ 87.980918884277344, 49.184284117560004 ], [ 87.987785339355469, 49.182825460701736 ], [ 88.003063201904297, 49.199990005156501 ], [ 88.000831604003892, 49.208626117966396 ], [ 88.006496429443359, 49.209523289948592 ], [ 88.011302947998047, 49.214008905653898 ], [ 88.013362884521484, 49.218381989099505 ], [ 88.01971435546875, 49.2207365660853 ], [ 88.018169403076172, 49.226454357463119 ], [ 88.030529022216797, 49.232731954560897 ], [ 88.05507659912108, 49.239905374534608 ], [ 88.057308197021484, 49.24293134862419 ], [ 88.055248260498047, 49.251111757650982 ], [ 88.051643371582031, 49.252232256080028 ], [ 88.051643371582031, 49.256265839843842 ], [ 88.062973022460923, 49.260187063620727 ], [ 88.073444366455078, 49.259178778690412 ], [ 88.082027435302734, 49.261083299598681 ], [ 88.081254959106445, 49.258842679135945 ], [ 88.084001541137695, 49.255425537073798 ], [ 88.089408874511719, 49.254641241581595 ], [ 88.095073699951172, 49.255873700331406 ], [ 88.100996017456055, 49.25503339088543 ], [ 88.106660842895508, 49.255929720452478 ], [ 88.111038208007812, 49.261587425183677 ], [ 88.115673065185547, 49.265116160083664 ], [ 88.116617202758789, 49.267972570183545 ], [ 88.123311996459961, 49.272620884054454 ], [ 88.123397827148438, 49.275308865690562 ], [ 88.125801086425767, 49.278220680504482 ], [ 88.129491806030273, 49.279620530283694 ], [ 88.13172340393065, 49.279620530283694 ], [ 88.135757446289062, 49.279564537055379 ], [ 88.137645721435533, 49.280964348691164 ], [ 88.140134811401367, 49.27995648831844 ], [ 88.149576187133789, 49.281748225852034 ], [ 88.153953552246094, 49.286843123686374 ], [ 88.16253662109375, 49.28919443744276 ], [ 88.1597900390625, 49.31706575342583 ], [ 88.172149658203111, 49.326912087086605 ], [ 88.158416748046875, 49.337651296668845 ], [ 88.165283203125, 49.350177413468998 ], [ 88.1597900390625, 49.362700341653529 ], [ 88.121337890625, 49.374325920041962 ], [ 88.1158447265625, 49.389524451582162 ], [ 88.1707763671875, 49.412760172515682 ], [ 88.185882568359375, 49.416333923000337 ], [ 88.17352294921875, 49.440449933103856 ], [ 88.1707763671875, 49.453842594330744 ], [ 88.218841552734361, 49.479724699485658 ], [ 88.240814208984375, 49.477047874388759 ], [ 88.258666992187486, 49.481509168264992 ], [ 88.3026123046875, 49.471693785246742 ], [ 88.319091796875, 49.473478546657518 ], [ 88.323211669921875, 49.485077910741936 ], [ 88.331451416015625, 49.493998628987441 ], [ 88.367156982421861, 49.484185749507724 ], [ 88.385009765625, 49.486862184440831 ], [ 88.408355712890625, 49.494890611404081 ], [ 88.444061279296875, 49.472586174080966 ], [ 88.496246337890625, 49.473478546657518 ], [ 88.526458740234375, 49.485970055719619 ], [ 88.55255126953125, 49.486862184440831 ], [ 88.586883544921875, 49.500242164537767 ], [ 88.61297607421875, 49.496674527470446 ], [ 88.632202148437486, 49.495782577565052 ], [ 88.67340087890625, 49.465446608185957 ], [ 88.732452392578125, 49.450271575719945 ], [ 88.748931884765611, 49.461876435041859 ], [ 88.79974365234375, 49.459198634468564 ], [ 88.8409423828125, 49.441342891006329 ], [ 88.86566162109375, 49.458306001759858 ], [ 88.853302001953125, 49.467231597207913 ], [ 88.868408203125, 49.469908958804993 ], [ 88.875274658203125, 49.477047874388759 ], [ 88.86016845703125, 49.489538473066474 ], [ 88.882141113281236, 49.508268397018789 ], [ 88.875274658203125, 49.546597780737429 ], [ 88.880767822265625, 49.556398145119708 ], [ 88.9013671875, 49.557288989834021 ], [ 88.92608642578125, 49.543033524346939 ], [ 88.935699462890625, 49.513618487218466 ], [ 88.960418701171861, 49.498458378514798 ], [ 88.971405029296875, 49.464554089287581 ], [ 89.00299072265625, 49.469016521197297 ], [ 89.037322998046875, 49.485970055719619 ], [ 89.078521728515625, 49.484185749507724 ], [ 89.122467041015625, 49.50202588554 ], [ 89.14581298828125, 49.501134033166423 ], [ 89.162292480468736, 49.515401720585665 ], [ 89.20074462890625, 49.522534003908106 ], [ 89.235076904296875, 49.554616406940681 ], [ 89.197998046875, 49.587568041887849 ], [ 89.197998046875, 49.610709938074223 ], [ 89.185638427734361, 49.621387109259516 ], [ 89.240570068359361, 49.647180616086885 ], [ 89.3353271484375, 49.596470070892686 ], [ 89.384765625, 49.603590524348704 ], [ 89.4287109375, 49.621387109259516 ], [ 89.4561767578125, 49.660516725226692 ], [ 89.53857421875, 49.688954878870334 ], [ 89.7198486328125, 49.735131416248272 ], [ 89.7198486328125, 49.788357492414008 ], [ 89.659423828125, 49.788357492414008 ], [ 89.6209716796875, 49.802541245062912 ], [ 89.62646484375, 49.845067579563917 ], [ 89.62646484375, 49.898172936240364 ], [ 89.593505859375, 49.91939873027269 ], [ 89.71435546875, 49.944150351645483 ], [ 90.0054931640625, 49.993615462541136 ], [ 90.025405883789062, 50.000236394207853 ], [ 90.025405883789062, 50.000236394207853 ], [ 90.046005249023438, 49.983461596534674 ], [ 90.07965087890625, 49.974188803210907 ], [ 90.129089355468736, 49.917630270866894 ], [ 90.16754150390625, 49.807859081298325 ], [ 90.21697998046875, 49.742231602580716 ], [ 90.3021240234375, 49.692508478893274 ], [ 90.40924072265625, 49.648069803718805 ], [ 90.5108642578125, 49.582226044621699 ], [ 90.59051513671875, 49.471693785246742 ], [ 90.59051513671875, 49.428840000635219 ], [ 90.620727539062486, 49.402037359796452 ], [ 90.6646728515625, 49.334071820460593 ], [ 90.74432373046875, 49.300053812446883 ], [ 90.81298828125, 49.307217450936093 ], [ 90.8953857421875, 49.283931817956159 ], [ 90.9393310546875, 49.1888842152458 ], [ 91.002502441406236, 49.099048960478989 ], [ 91.02447509765625, 49.04506962208049 ], [ 91.11785888671875, 48.976611583877137 ], [ 91.20849609375, 48.942347261978476 ], [ 91.2744140625, 48.873747993006901 ], [ 91.319775581359863, 48.773698809393927 ], [ 91.338229179382324, 48.671919512374565 ], [ 91.338272094726548, 48.671862832349746 ], [ 91.26033782958983, 48.702517412636006 ], [ 91.220512390136705, 48.712712581452401 ], [ 91.195106506347656, 48.713845250487267 ], [ 91.169013977050781, 48.710447166883384 ], [ 91.140861511230469, 48.703423733505623 ], [ 91.101722717285156, 48.68257422428195 ], [ 91.046791076660156, 48.659675146453132 ], [ 90.965766906738281, 48.634043050428367 ], [ 90.943107604980469, 48.630412674131264 ], [ 90.908088684082031, 48.629505039242531 ], [ 90.882339477539062, 48.633135480842654 ], [ 90.834274291992188, 48.644705770189567 ], [ 90.814361572265625, 48.647881463806797 ], [ 90.739173889160156, 48.652417822077553 ], [ 90.718917846679688, 48.638807522913233 ], [ 90.779342651367188, 48.58432959223574 ], [ 90.798912048339844, 48.562294748616281 ], [ 90.81024169921875, 48.54525091510785 ], [ 90.817108154296875, 48.525018116559266 ], [ 90.833244323730469, 48.453114986767304 ], [ 90.834274291992188, 48.412795581099964 ], [ 90.820198059082031, 48.348719953859892 ], [ 90.817451477050781, 48.29895447218437 ], [ 90.820541381835938, 48.272225451004324 ], [ 90.834274291992188, 48.223757739268741 ], [ 90.854873657226548, 48.118892358641439 ], [ 90.865859985351562, 48.095279557005142 ], [ 90.886802673339844, 48.068444087227796 ], [ 90.928688049316406, 48.0406764393366 ], [ 90.947570800781236, 48.024146434924234 ], [ 90.985336303710938, 47.97521412341618 ], [ 91.059494018554688, 47.839892423963569 ], [ 91.074600219726562, 47.781558387412332 ], [ 91.084556579589844, 47.764945419239922 ], [ 91.098289489746094, 47.75109722475338 ], [ 91.116485595703125, 47.739554247032487 ], [ 91.136741638183594, 47.731010795533955 ], [ 91.171073913574219, 47.722465942256306 ], [ 91.170387268066406, 47.661225340769356 ], [ 91.173820495605455, 47.645036570200254 ], [ 91.191673278808594, 47.612875419460622 ], [ 91.217422485351562, 47.592735708204181 ], [ 91.256561279296875, 47.545712894408624 ], [ 91.261367797851562, 47.528561072779034 ], [ 91.262054443359375, 47.494936505117117 ], [ 91.252784729003906, 47.459897675653679 ], [ 91.236648559570298, 47.369059393983932 ], [ 91.289863586425781, 47.33510005753562 ], [ 91.356124877929688, 47.258961160390896 ], [ 91.40041351318358, 47.227495694409313 ], [ 91.448478698730469, 47.20697480997098 ], [ 91.464271545410156, 47.159139675920336 ], [ 91.468734741210938, 47.130417905537954 ], [ 91.463584899902344, 47.105653360993827 ], [ 91.448822021484375, 47.063106219725022 ], [ 91.440925598144531, 47.008352816937048 ], [ 91.443328857421875, 46.971350795196734 ], [ 91.454658508300767, 46.943699663711513 ], [ 91.493110656738281, 46.906887444659851 ], [ 91.515426635742188, 46.892343167548653 ], [ 91.570701599121094, 46.866059633653641 ], [ 91.635246276855469, 46.826845094695884 ], [ 91.706657409667969, 46.796298989977451 ], [ 91.76055908203125, 46.769262973714781 ], [ 91.86492919921875, 46.729507146751608 ], [ 91.926727294921875, 46.702673044474004 ], [ 91.871795654296875, 46.637179547165111 ], [ 91.836776733398423, 46.622562260211872 ], [ 91.778411865234375, 46.616431255357995 ], [ 91.56829833984375, 46.613601326659726 ], [ 91.50238037109375, 46.567358223307167 ], [ 91.430969238281236, 46.542805044277678 ], [ 91.349945068359375, 46.558860303117193 ], [ 91.319732666015625, 46.601336593390229 ], [ 91.273040771484375, 46.662632490791772 ], [ 91.163864135742188, 46.689957496411338 ], [ 91.102752685546875, 46.712090038580172 ], [ 91.053528785705566, 46.723152907409897 ], [ 91.04844331741333, 46.719850466635805 ] ] ] } },
{ "type": "Feature", "properties": { "Aimag": "Bayankhongor" }, "geometry": { "type": "Polygon", "coordinates": [ [ [ 97.567691802978516, 46.597444318795134 ], [ 97.63824462890625, 46.672056467344987 ], [ 97.69866943359375, 46.758679967095574 ], [ 97.7288818359375, 46.850799892512768 ], [ 97.734375, 46.944637224181697 ], [ 97.753601074218736, 46.993367742834202 ], [ 97.84423828125, 47.058896414051638 ], [ 97.8607177734375, 47.08882558740757 ], [ 97.86895751953125, 47.152369274463929 ], [ 97.9046630859375, 47.184112659842015 ], [ 97.96234130859375, 47.189712464484209 ], [ 98.052978515625, 47.172911278266604 ], [ 98.13812255859375, 47.200910301521674 ], [ 98.19580078125, 47.227029398867302 ], [ 98.2562255859375, 47.279229002570823 ], [ 98.2781982421875, 47.359292508710745 ], [ 98.272705078125, 47.420654320713211 ], [ 98.28369140625, 47.459665552541502 ], [ 98.37432861328125, 47.524619996906488 ], [ 98.406257629394531, 47.563090772707994 ], [ 98.416643142700195, 47.614900536022752 ], [ 98.416643142700195, 47.614958395343585 ], [ 98.482818603515625, 47.667237034505156 ], [ 98.556976318359361, 47.69682297134991 ], [ 98.790435791015625, 47.723620734075631 ], [ 98.800048828125, 47.646886969413003 ], [ 98.83575439453125, 47.555213515307692 ], [ 98.93463134765625, 47.50421439972969 ], [ 98.971710205078125, 47.472662868613419 ], [ 99.056854248046875, 47.454094290400015 ], [ 99.212036132812486, 47.454094290400015 ], [ 99.266967773437486, 47.461522508743883 ], [ 99.33837890625, 47.489368981370724 ], [ 99.3768310546875, 47.517200697839414 ], [ 99.405670166015625, 47.556140312943398 ], [ 99.468841552734361, 47.5774521343697 ], [ 99.661102294921875, 47.60153331738691 ], [ 99.7174072265625, 47.620049764872412 ], [ 99.75860595703125, 47.619124098197325 ], [ 99.757232666015611, 47.530183782659073 ], [ 99.768218994140625, 47.492152817024099 ], [ 99.86572265625, 47.408573553097554 ], [ 99.894561767578125, 47.35650163792198 ], [ 99.900054931640625, 47.255931965737879 ], [ 99.919281005859375, 47.192512145272779 ], [ 99.920654296875, 47.121541375281744 ], [ 99.942626953125, 47.058896414051638 ], [ 100.0799560546875, 47.112196058981809 ], [ 100.232391357421875, 47.140227084105625 ], [ 100.447998046875, 47.184112659842015 ], [ 100.420532226562486, 47.089760603235646 ], [ 100.43426513671875, 47.041118014219414 ], [ 100.438385009765625, 47.002733906678813 ], [ 100.468597412109375, 46.971819335297987 ], [ 100.559921264648438, 46.952137116828879 ], [ 100.607299804687486, 46.931040990245364 ], [ 100.674591064453125, 46.865824901251557 ], [ 100.693817138671861, 46.837179846701979 ], [ 100.755615234374986, 46.830133640447386 ], [ 100.866851806640625, 46.839058679007948 ], [ 100.991134643554688, 46.82637528602131 ], [ 101.066665649414062, 46.82637528602131 ], [ 101.12091064453125, 46.833891732085377 ], [ 101.176528930664048, 46.850330293243495 ], [ 101.205368041992188, 46.836240405913003 ], [ 101.229057312011719, 46.827197448507164 ], [ 101.260128021240234, 46.823673806458473 ], [ 101.288495063781738, 46.826169743435017 ], [ 101.288516521453857, 46.826169743435017 ], [ 101.436767578125, 46.638122462379656 ], [ 101.498565673828125, 46.580574564531695 ], [ 101.479339599609375, 46.546583179517739 ], [ 101.49993896484375, 46.50689964492765 ], [ 101.524658203125, 46.460565545785428 ], [ 101.4971923828125, 46.381043845806197 ], [ 101.49169921875, 46.195042108660154 ], [ 101.425781249999986, 46.115133713265415 ], [ 101.2994384765625, 46.061796984662159 ], [ 101.27197265625, 45.966424541310253 ], [ 101.293945312499986, 45.844107795602042 ], [ 101.3214111328125, 45.75985868785574 ], [ 101.2445068359375, 45.617879683569697 ], [ 101.2335205078125, 45.552525251340128 ], [ 101.151123046875, 45.47939202177826 ], [ 101.129150390625, 45.089035564831036 ], [ 101.1895751953125, 44.999767019181306 ], [ 101.3653564453125, 44.945361442369411 ], [ 101.5576171875, 44.867549659447214 ], [ 101.5850830078125, 44.809121700077355 ], [ 101.5521240234375, 44.766236875162335 ], [ 101.535644531249986, 44.649116323430768 ], [ 101.5960693359375, 44.574817404670306 ], [ 101.62353515625, 44.535674532413196 ], [ 101.683959960937486, 44.382765762252404 ], [ 101.7828369140625, 44.083146046165986 ], [ 101.807899475097642, 44.048917712794136 ], [ 101.807727813720703, 44.048979403265193 ], [ 101.74713134765625, 43.996766298968247 ], [ 101.4093017578125, 43.897892391257969 ], [ 101.2774658203125, 43.848393764891568 ], [ 101.15936279296875, 43.836507977090953 ], [ 100.58258056640625, 43.832545521605887 ], [ 100.40130615234375, 43.810747313446996 ], [ 100.23101806640625, 43.850374499302603 ], [ 100.01678466796875, 44.04219306625442 ], [ 99.91790771484375, 44.073773767893471 ], [ 99.7833251953125, 44.14476875978378 ], [ 99.64324951171875, 44.140826830775552 ], [ 99.55810546875, 44.125056482685146 ], [ 99.453735351562486, 44.107309807340243 ], [ 99.415283203124986, 44.050089820756796 ], [ 99.445495605468736, 43.854335770789604 ], [ 99.4482421875, 43.51668853502909 ], [ 99.492187499999986, 43.203173782105814 ], [ 99.580078125, 42.859859815062791 ], [ 99.5965576171875, 42.73289174571287 ], [ 99.596879482269287, 42.57930224162034 ], [ 99.596900939941406, 42.579377292409667 ], [ 99.501113891601548, 42.566230176353741 ], [ 98.52264404296875, 42.642040793044281 ], [ 98.184814453125, 42.656181890253855 ], [ 97.789134979248033, 42.709308508300325 ], [ 97.789306640625, 42.709686919756663 ], [ 97.789306640625, 42.988576458321837 ], [ 97.745361328125, 43.285203343693837 ], [ 97.84423828125, 43.405047487870348 ], [ 97.8662109375, 43.500752435690409 ], [ 97.910156249999986, 43.667871610117494 ], [ 97.9541015625, 43.945372392442088 ], [ 97.93212890625, 44.079693274257131 ], [ 97.910156249999986, 44.339565248097131 ], [ 97.987060546875, 44.410240412960107 ], [ 98.10791015625, 44.449467536006935 ], [ 98.184814453125, 44.606112745173903 ], [ 98.184814453125, 44.91813929958515 ], [ 98.360595703125, 45.166547157856016 ], [ 98.470458984375, 45.437008288673887 ], [ 98.404541015625, 45.78284835197676 ], [ 98.206787109374986, 45.98932892799953 ], [ 97.745361328125, 46.278631221560879 ], [ 97.657470703125, 46.532413816559455 ], [ 97.567520141601548, 46.597562270618191 ], [ 97.567691802978516, 46.597444318795134 ] ] ] } },
{ "type": "Feature", "properties": { "Aimag": "Bulgan" }, "geometry": { "type": "Polygon", "coordinates": [ [ [ 101.665806770324707, 48.962750894091165 ], [ 101.632461547851562, 49.063519158955472 ], [ 101.634521484375, 49.127813961593255 ], [ 101.7169189453125, 49.235534195732498 ], [ 101.788330078125, 49.242707208753828 ], [ 101.8377685546875, 49.303635761871249 ], [ 102.002563476562486, 49.385948749418468 ], [ 102.1563720703125, 49.407399058898022 ], [ 102.299194335937486, 49.439556958940855 ], [ 102.409057617187486, 49.500242164537767 ], [ 102.48870849609375, 49.596470070892686 ], [ 102.5079345703125, 49.626724817659152 ], [ 102.534027099609375, 49.641845149215449 ], [ 102.572479248046861, 49.642734434299179 ], [ 102.643890380859375, 49.635619698841445 ], [ 102.67822265625, 49.643623703140761 ], [ 102.784824371337891, 49.691731151088192 ], [ 102.70843505859375, 49.742231602580716 ], [ 102.5628662109375, 49.786584231227586 ], [ 102.485961914062486, 49.802541245062912 ], [ 102.207183837890625, 49.878707752173398 ], [ 102.133026123046875, 49.903480260465741 ], [ 102.102813720703125, 49.929124097595469 ], [ 102.104187011718736, 49.969772559197047 ], [ 102.127532958984361, 50.004208515595614 ], [ 102.218170166015625, 50.073887864551338 ], [ 102.220916748046861, 50.087106698082337 ], [ 102.248382568359375, 50.110891413789858 ], [ 102.35687255859375, 50.183933461844973 ], [ 102.37884521484375, 50.217337177613686 ], [ 102.39532470703125, 50.269154528174198 ], [ 102.41455078125, 50.299867016749118 ], [ 102.501068115234375, 50.357728080484058 ], [ 102.645263671875, 50.411143091933717 ], [ 102.645263671875, 50.411252487161292 ], [ 102.67822265625, 50.396262987870436 ], [ 102.744140624999986, 50.405016556066023 ], [ 102.76336669921875, 50.380502491042449 ], [ 102.85675048828125, 50.340201864627787 ], [ 102.9034423828125, 50.331436330838834 ], [ 102.9254150390625, 50.308638373487277 ], [ 102.974853515625, 50.305130024910035 ], [ 103.04351806640625, 50.312146463247473 ], [ 103.079223632812486, 50.320915555362177 ], [ 103.150634765625, 50.312146463247473 ], [ 103.180847167968736, 50.331436330838834 ], [ 103.20831298828125, 50.338448887254728 ], [ 103.27972412109375, 50.287584399559719 ], [ 103.257751464843736, 50.252473734170451 ], [ 103.274230957031236, 50.238422218817277 ], [ 103.265991210937486, 50.206791160990683 ], [ 103.29071044921875, 50.189209286782585 ], [ 103.35113525390625, 50.203275304148256 ], [ 103.42803955078125, 50.213822097717532 ], [ 103.524169921875, 50.196242813476303 ], [ 103.53515625, 50.182174724020506 ], [ 103.59283447265625, 50.171620937147338 ], [ 103.6065673828125, 50.146986367556757 ], [ 103.6669921875, 50.145226269679043 ], [ 103.721923828125, 50.129382473934719 ], [ 103.76312255859375, 50.168102490105014 ], [ 103.798828125, 50.15754559464304 ], [ 103.84002685546875, 50.196242813476303 ], [ 103.875732421875, 50.196242813476303 ], [ 103.88397216796875, 50.182174724020506 ], [ 103.944396972656236, 50.183933461844973 ], [ 103.9581298828125, 50.166343169439727 ], [ 104.0185546875, 50.154026111358014 ], [ 104.1448974609375, 50.145226269679043 ], [ 104.2767333984375, 50.205033264943317 ], [ 104.2767333984375, 50.234908692655601 ], [ 104.30694580078125, 50.242813762392373 ], [ 104.345054626464844, 50.253516454932559 ], [ 104.360675811767578, 50.264655678785239 ], [ 104.360675811767578, 50.26454594544213 ], [ 104.451141357421861, 50.215579670037258 ], [ 104.521179199218736, 50.149626392926649 ], [ 104.54864501953125, 50.100321886831068 ], [ 104.555511474609375, 50.050084778382583 ], [ 104.614562988281236, 50.008621598879401 ], [ 104.602203369140625, 49.993615462541136 ], [ 104.580230712890625, 49.98743510374161 ], [ 104.511566162109375, 49.983020075472226 ], [ 104.51568603515625, 49.900826671332233 ], [ 104.53216552734375, 49.853037105794357 ], [ 104.582977294921875, 49.812290165262212 ], [ 104.688720703125, 49.737794107872091 ], [ 104.732666015625, 49.686289508355735 ], [ 104.673614501953125, 49.644512955740211 ], [ 104.670867919921875, 49.544815685044512 ], [ 104.665374755859375, 49.487754296905671 ], [ 104.640655517578125, 49.435984899682005 ], [ 104.61181640625, 49.399356290683897 ], [ 104.5953369140625, 49.365383411439602 ], [ 104.54864501953125, 49.228360140901287 ], [ 104.536285400390625, 49.152969656170391 ], [ 104.519119262695312, 49.106017014812096 ], [ 104.519462585449219, 49.106017014812096 ], [ 104.44427490234375, 49.127813961593255 ], [ 104.390716552734375, 49.131408413998599 ], [ 104.333038330078125, 49.118826690459883 ], [ 104.2822265625, 49.080162863460984 ], [ 104.102325439453125, 49.120624274988337 ], [ 104.058380126953125, 49.095452162534826 ], [ 103.999328613281236, 49.038768211951087 ], [ 103.999328613281236, 48.985624598646041 ], [ 104.1558837890625, 48.957678947281124 ], [ 104.245147705078125, 48.945955141189039 ], [ 104.30694580078125, 48.927913136732556 ], [ 104.346771240234375, 48.908059399650078 ], [ 104.378013610839844, 48.899258060699516 ], [ 104.378013610839844, 48.89948375541988 ], [ 104.47723388671875, 48.839413038195012 ], [ 104.544525146484361, 48.786961645533275 ], [ 104.51568603515625, 48.732643831588348 ], [ 104.519805908203125, 48.661035778466022 ], [ 104.528217315673828, 48.625760872755635 ], [ 104.528388977050781, 48.625647408828513 ], [ 104.538345336914062, 48.534794523175222 ], [ 104.534912109375, 48.421910109428751 ], [ 104.503326416015625, 48.355336473558054 ], [ 104.436035156249986, 48.324299844427543 ], [ 104.398956298828125, 48.29781249243716 ], [ 104.363250732421875, 48.256684207548517 ], [ 104.333038330078125, 48.194471974688206 ], [ 104.286346435546875, 48.143181585289554 ], [ 104.33990478515625, 48.105597164021518 ], [ 104.37835693359375, 48.058807426879575 ], [ 104.393463134765625, 47.986245174262059 ], [ 104.44976806640625, 47.967858779992532 ], [ 104.550018310546875, 47.949465837887018 ], [ 104.665374755859375, 47.947626183528691 ], [ 104.68597412109375, 47.954064687296885 ], [ 104.709320068359375, 47.933826688535746 ], [ 104.710693359375, 47.909898837712888 ], [ 104.69146728515625, 47.897930761804936 ], [ 104.695587158203125, 47.828830133209628 ], [ 104.72991943359375, 47.7263921299974 ], [ 104.7601318359375, 47.661687803329173 ], [ 104.646148681640611, 47.655212954688331 ], [ 104.52392578125, 47.653362850449867 ], [ 104.51019287109375, 47.628380027447136 ], [ 104.4854736328125, 47.598755284818012 ], [ 104.38385009765625, 47.600607322920673 ], [ 104.289093017578125, 47.58486290927609 ], [ 104.15313720703125, 47.525547335516556 ], [ 104.07073974609375, 47.470806305936264 ], [ 104.095458984375, 47.412291007553847 ], [ 104.138031005859375, 47.386263315961884 ], [ 104.170989990234361, 47.35650163792198 ], [ 104.16961669921875, 47.329515609509563 ], [ 104.147644042968736, 47.29809208596965 ], [ 104.147644042968736, 47.29809208596965 ], [ 104.04876708984375, 47.279229002570823 ], [ 103.93890380859375, 47.264320080254777 ], [ 103.86474609375, 47.255931965737879 ], [ 103.77685546875, 47.263388133157051 ], [ 103.677120208740234, 47.250688719307817 ], [ 103.677291870117188, 47.250805241535076 ], [ 103.6669921875, 47.331377157798244 ], [ 103.4088134765625, 47.476375797209357 ], [ 103.1890869140625, 47.713457687488891 ], [ 103.084716796875, 47.724544549099676 ], [ 103.0133056640625, 47.835283422752639 ], [ 102.843017578125, 47.905296059060888 ], [ 102.837524414062486, 48.022998321048867 ], [ 102.755126953125, 48.136766679692698 ], [ 102.6287841796875, 48.253941144634311 ], [ 102.485961914062486, 48.257598529149973 ], [ 102.37060546875, 48.327039130634759 ], [ 102.337646484375, 48.421910109428751 ], [ 102.2772216796875, 48.44742209577057 ], [ 102.2332763671875, 48.494767515307295 ], [ 102.2003173828125, 48.6746400785837 ], [ 102.12890625, 48.81048112472012 ], [ 102.03826904296875, 48.772482638370768 ], [ 101.9586181640625, 48.774292742675087 ], [ 101.93389892578125, 48.832181625698475 ], [ 101.876220703125, 48.862907919864639 ], [ 101.81304931640625, 48.866521538507754 ], [ 101.74713134765625, 48.89000369970676 ], [ 101.665592193603516, 48.963089005540155 ], [ 101.665806770324707, 48.962750894091165 ] ] ] } },
{ "type": "Feature", "properties": { "Aimag": "Darkhan-Uul" }, "geometry": { "type": "Polygon", "coordinates": [ [ [ 106.138916015625, 49.818493001314742 ], [ 106.138916015625, 49.733356207331582 ], [ 106.072998046874986, 49.678292519944563 ], [ 106.04278564453125, 49.617828312111172 ], [ 106.14990234375, 49.585787441122378 ], [ 106.24603271484375, 49.551943677794902 ], [ 106.380615234375, 49.521642525379747 ], [ 106.46026611328125, 49.560852206191882 ], [ 106.49871826171875, 49.608930182115287 ], [ 106.67449951171875, 49.560852206191882 ], [ 106.7596435546875, 49.528773898522147 ], [ 106.80084228515625, 49.471693785246742 ], [ 106.80084228515625, 49.371643338261421 ], [ 106.7816162109375, 49.266012306543971 ], [ 106.7926025390625, 49.2032427441791 ], [ 106.798095703124986, 49.133205542479068 ], [ 106.600341796875, 49.086459027368335 ], [ 106.454772949218736, 49.129611220370187 ], [ 106.38336181640625, 49.156562284533429 ], [ 106.353149414062486, 49.18349869228674 ], [ 106.20758056640625, 49.163746759588975 ], [ 106.14715576171875, 49.14219020768315 ], [ 106.094970703125, 49.104443668707333 ], [ 106.051025390625, 49.095452162534826 ], [ 105.80108642578125, 49.131408413998599 ], [ 105.823059082031236, 49.152969656170391 ], [ 105.89447021484375, 49.448485968856943 ], [ 105.893096923828111, 49.506484903584074 ], [ 105.8642578125, 49.54125129864412 ], [ 105.8587646484375, 49.577773933420914 ], [ 105.839538574218736, 49.607150361175158 ], [ 105.8367919921875, 49.683623991698084 ], [ 105.924682617187486, 49.742231602580716 ], [ 106.0235595703125, 49.786584231227586 ], [ 106.138916015625, 49.818493001314742 ] ] ] } },
{ "type": "Feature", "properties": { "Aimag": "Dornod" }, "geometry": { "type": "Polygon", "coordinates": [ [ [ 112.694320678710938, 47.79378398661931 ], [ 112.60986328125, 47.929226038300406 ], [ 112.54119873046875, 48.076243871867199 ], [ 112.510986328125, 48.241138238480453 ], [ 112.5164794921875, 48.321560411095987 ], [ 112.54119873046875, 48.394561622025087 ], [ 112.5164794921875, 48.478383715358788 ], [ 112.480773925781236, 48.514784972097402 ], [ 112.2967529296875, 48.741700879765396 ], [ 112.239074707031236, 48.839413038195012 ], [ 112.239074707031236, 48.89000369970676 ], [ 112.28851318359375, 48.963089005540155 ], [ 112.291259765625, 48.999141064795197 ], [ 112.26654052734375, 49.034266715880854 ], [ 112.2198486328125, 49.081062364320736 ], [ 112.193756103515625, 49.140393404933462 ], [ 112.185516357421861, 49.220288083879403 ], [ 112.166290283203125, 49.301844819704307 ], [ 112.153930664062486, 49.320646466186361 ], [ 112.081146240234375, 49.359122687528746 ], [ 111.996002197265625, 49.392206057422044 ], [ 111.996002197265625, 49.392206057422044 ], [ 112.200622558593736, 49.448485968856943 ], [ 112.4615478515625, 49.528773898522147 ], [ 112.686767578125, 49.507376658428718 ], [ 112.950439453125, 49.585787441122378 ], [ 113.0438232421875, 49.607150361175158 ], [ 113.2196044921875, 49.848609753448343 ], [ 113.4613037109375, 49.930008124606914 ], [ 113.4722900390625, 49.972422354237082 ], [ 113.6370849609375, 49.993615462541136 ], [ 113.7579345703125, 50.078294547389426 ], [ 113.9117431640625, 50.120578097960077 ], [ 114.334716796875, 50.289339253291779 ], [ 114.532470703124986, 50.233151832472245 ], [ 114.7137451171875, 50.250717521306768 ], [ 114.906005859374986, 50.208548992291043 ], [ 115.081787109374986, 50.106487727673347 ], [ 115.24658203125, 49.983020075472226 ], [ 115.515747070312486, 49.905249238801304 ], [ 115.72998046875, 49.887556536242847 ], [ 116.076049804687486, 50.018328955908864 ], [ 116.2298583984375, 50.035973672195496 ], [ 116.630859375, 49.930008124606914 ], [ 116.707763671875, 49.837982453084841 ], [ 116.03485107421875, 48.870134896220343 ], [ 116.070556640625, 48.821332549646634 ], [ 115.78765869140625, 48.518423660301607 ], [ 115.80963134765625, 48.263084115378447 ], [ 115.521240234375, 48.15326053170714 ], [ 115.566558837890639, 47.924624978768314 ], [ 115.935974121093736, 47.682032100304269 ], [ 115.960693359375, 47.68757916850813 ], [ 116.111755371093764, 47.824220149350246 ], [ 116.249084472656236, 47.879512933970496 ], [ 116.444091796875, 47.837127072368524 ], [ 116.669311523437486, 47.88688085106898 ], [ 116.872558593749986, 47.894247720209989 ], [ 117.0703125, 47.827908169193272 ], [ 117.355957031249986, 47.643186105436577 ], [ 117.48779296875, 47.783634635263759 ], [ 117.8173828125, 48.026672195436014 ], [ 118.026123046874986, 48.008300204859282 ], [ 118.185424804687514, 48.048709942886859 ], [ 118.432617187499986, 47.989921667414173 ], [ 118.5479736328125, 47.993597898673883 ], [ 118.756713867187486, 47.76886840424207 ], [ 119.1302490234375, 47.661687803329173 ], [ 119.1412353515625, 47.543163654317333 ], [ 119.338989257812514, 47.480088463463218 ], [ 119.3280029296875, 47.428087261714275 ], [ 119.569702148437486, 47.253135632244216 ], [ 119.70703125, 47.178512264439085 ], [ 119.794921875, 47.021461309117271 ], [ 119.915771484374986, 46.897739085506998 ], [ 119.926757812499986, 46.721034661295697 ], [ 119.679565429687486, 46.604167162931844 ], [ 119.42138671875, 46.638122462379656 ], [ 119.2181396484375, 46.649436163350245 ], [ 119.086303710937486, 46.66074749832071 ], [ 118.9874267578125, 46.758679967095574 ], [ 118.855590820312486, 46.777492763768301 ], [ 118.795166015625, 46.694667307773116 ], [ 118.635864257812486, 46.717268685073954 ], [ 118.569946289062486, 46.694667307773116 ], [ 118.399658203124986, 46.73233101286786 ], [ 118.2843017578125, 46.747389135158407 ], [ 118.037109375, 46.63057868059483 ], [ 117.850341796875, 46.539971270291034 ], [ 117.696533203124986, 46.513515580597371 ], [ 117.630615234375, 46.543749602738565 ], [ 117.603149414062486, 46.604167162931844 ], [ 117.421875, 46.585293905836011 ], [ 117.4383544921875, 46.536192674898629 ], [ 117.3614501953125, 46.418925787080759 ], [ 117.372436523437486, 46.3583020562222 ], [ 117.0703125, 46.3583020562222 ], [ 116.817626953125, 46.381043845806197 ], [ 116.746215820312486, 46.324171617256937 ], [ 116.575927734374986, 46.289070907975699 ], [ 116.565628051757812, 46.255372042709958 ], [ 116.542282104492188, 46.237327517522289 ], [ 116.541595458984375, 46.236852581439919 ], [ 116.342468261718736, 46.511625395437925 ], [ 116.2847900390625, 46.573966796527799 ], [ 116.19415283203125, 46.592843997427394 ], [ 115.6805419921875, 46.581518465658014 ], [ 115.5596923828125, 46.543749602738565 ], [ 115.224609375, 46.545638670358571 ], [ 114.895019531249986, 46.498392258597633 ], [ 114.6807861328125, 46.705969179286761 ], [ 114.522857666015625, 46.767146538710271 ], [ 114.43634033203125, 46.825435656353896 ], [ 114.4171142578125, 46.896800703994309 ], [ 114.423980712890625, 47.000860805252117 ], [ 114.4720458984375, 47.126213417952272 ], [ 114.180908203124986, 47.253135632244216 ], [ 114.071044921875, 47.323930570959412 ], [ 113.9666748046875, 47.364873807434094 ], [ 113.8128662109375, 47.468949677672484 ], [ 113.675537109375, 47.515345709130202 ], [ 113.61785888671875, 47.513490654843267 ], [ 113.175659179687486, 47.559847339563092 ], [ 113.10150146484375, 47.587641679415128 ], [ 112.9669189453125, 47.613569753973955 ], [ 112.87353515625, 47.60616304386874 ], [ 112.74169921875, 47.576525713746207 ], [ 112.70050048828125, 47.724544549099676 ], [ 112.694320678710938, 47.79378398661931 ] ] ] } },
{ "type": "Feature", "properties": { "Aimag": "Dornogovi" }, "geometry": { "type": "Polygon", "coordinates": [ [ [ 108.558998107910156, 45.941123274918958 ], [ 108.568267822265611, 45.95878764035642 ], [ 108.599853515625, 45.988374767708137 ], [ 108.62457275390625, 46.08275685027116 ], [ 108.669891357421875, 46.183633727510149 ], [ 108.720703125, 46.214050815339526 ], [ 108.833312988281236, 46.3023549043942 ], [ 108.908843994140625, 46.382464893261137 ], [ 108.926696777343736, 46.423659180469869 ], [ 108.95965576171875, 46.464349400461124 ], [ 108.958282470703125, 46.464349400461124 ], [ 109.121704101562486, 46.377254205100279 ], [ 109.149169921875, 46.290019871729548 ], [ 109.215087890624986, 46.225452882269387 ], [ 109.324951171875, 46.168418869229392 ], [ 109.5172119140625, 46.168418869229392 ], [ 109.6160888671875, 46.149394376476863 ], [ 109.8797607421875, 46.267240203825082 ], [ 109.9346923828125, 46.339343331611261 ], [ 110.0115966796875, 46.460565545785428 ], [ 109.978637695312486, 46.600393037345469 ], [ 110.0225830078125, 46.63057868059483 ], [ 110.126953124999986, 46.604167162931844 ], [ 110.2093505859375, 46.513515580597371 ], [ 110.379638671875, 46.384833223492784 ], [ 110.511474609375, 46.229253045075275 ], [ 110.5609130859375, 46.0998999106273 ], [ 110.950927734375, 46.065608461386908 ], [ 111.055297851562486, 46.157004962908033 ], [ 111.1651611328125, 46.236852581439919 ], [ 111.166534423828125, 46.230203044669985 ], [ 111.36566162109375, 46.174124934404013 ], [ 111.5057373046875, 46.115133713265415 ], [ 111.57989501953125, 46.094186149226481 ], [ 111.61834716796875, 46.061796984662159 ], [ 111.70074462890625, 45.922497984579934 ], [ 111.7144775390625, 45.727273775260088 ], [ 111.68426513671875, 45.533288879467456 ], [ 111.7529296875, 45.492871074059288 ], [ 111.80511474609375, 45.410020234639752 ], [ 111.9012451171875, 45.321254361171476 ], [ 111.9232177734375, 45.27681919090837 ], [ 111.912231445312486, 45.216873210932668 ], [ 111.912231445312486, 45.172356281266751 ], [ 111.939697265625, 45.087581216485262 ], [ 111.95343017578125, 45.071944633095136 ], [ 111.952743530273438, 45.073035696380117 ], [ 111.785888671875, 45.003651156871889 ], [ 111.544189453125, 44.653024159811999 ], [ 111.55517578125, 44.574817404670306 ], [ 111.467285156249986, 44.4808302785626 ], [ 111.4013671875, 44.331707186809219 ], [ 111.522216796874986, 44.284536706018905 ], [ 111.522216796874986, 44.182203957715657 ], [ 111.654052734375, 44.056011695785251 ], [ 111.873779296874986, 43.921637128346731 ], [ 111.961669921875, 43.79488907226601 ], [ 111.939697265625, 43.691707903073805 ], [ 111.77490234375, 43.651975487311873 ], [ 111.566162109375, 43.476840397778915 ], [ 111.412353515625, 43.484812128916033 ], [ 111.324462890625, 43.421008829947262 ], [ 111.005859375, 43.333169392817346 ], [ 110.72021484375, 43.084937427075921 ], [ 110.643310546875, 42.948381397653137 ], [ 110.45654296875, 42.84375132629021 ], [ 110.445556640625, 42.795400653037227 ], [ 110.14892578125, 42.682435398386232 ], [ 110.10498046875, 42.633958722673164 ], [ 109.896240234375, 42.633958722673164 ], [ 109.6875, 42.577354839557856 ], [ 109.522705078125, 42.463992800170601 ], [ 109.2919921875, 42.439674178149424 ], [ 109.017333984375, 42.455887641971657 ], [ 108.83056640625, 42.382894009614056 ], [ 108.533935546875, 42.439674178149424 ], [ 108.270263671875, 42.439674178149424 ], [ 108.2427978515625, 42.457914029880271 ], [ 108.0120849609375, 42.433593047323157 ], [ 107.9791259765625, 42.413318349422475 ], [ 107.9791259765625, 42.412304442420684 ], [ 107.983932495117188, 42.428778400247829 ], [ 107.9791259765625, 42.589488572714245 ], [ 108.00933837890625, 42.700604408080849 ], [ 108.0120849609375, 42.853819624121329 ], [ 108.0340576171875, 42.936317757652368 ], [ 108.017578125, 43.028745251348802 ], [ 108.00384521484375, 43.171132284744793 ], [ 107.951660156249986, 43.257205668363206 ], [ 107.9296875, 43.311189652385117 ], [ 107.93792724609375, 43.522663487526629 ], [ 107.9571533203125, 43.61619382369188 ], [ 107.95440673828125, 43.697665496666779 ], [ 107.85552978515625, 43.90778718292443 ], [ 107.83355712890625, 43.988862438849033 ], [ 107.7923583984375, 44.109281923355645 ], [ 107.64678955078125, 44.304195679857621 ], [ 107.648162841796861, 44.363133113807713 ], [ 107.68798828125, 44.555249259710656 ], [ 107.686614990234361, 44.554026032095756 ], [ 107.71270751953125, 44.573839153753909 ], [ 107.74017333984375, 44.60904581939581 ], [ 107.764892578124986, 44.660839042656207 ], [ 107.79510498046875, 44.757461054083478 ], [ 107.840423583984375, 44.868522956813379 ], [ 107.911834716796875, 44.868522956813379 ], [ 108.021697998046861, 44.876308743266812 ], [ 108.249664306640625, 44.876308743266812 ], [ 108.41583251953125, 44.885066494014708 ], [ 108.41583251953125, 44.927862974636831 ], [ 108.422698974609375, 44.968684437948376 ], [ 108.4405517578125, 45.02889163330817 ], [ 108.465957641601548, 45.067701411201433 ], [ 108.511962890625, 45.085642027755469 ], [ 108.584747314453125, 45.101638366018676 ], [ 108.652725219726548, 45.10793872360393 ], [ 108.52294921875, 45.363724983056777 ], [ 108.5174560546875, 45.417732423704628 ], [ 108.468017578125, 45.590978249451936 ], [ 108.477630615234375, 45.687954908384441 ], [ 108.494110107421875, 45.769438866203934 ], [ 108.535308837890625, 45.890008158661843 ], [ 108.558998107910156, 45.941362020083915 ], [ 108.558998107910156, 45.941123274918958 ] ] ] } },
{ "type": "Feature", "properties": { "Aimag": "Dundgovi" }, "geometry": { "type": "Polygon", "coordinates": [ [ [ 103.7823486328125, 45.168967697945575 ], [ 103.7823486328125, 45.274886437048941 ], [ 103.798828125, 45.33284041773058 ], [ 103.77685546875, 45.371443491339221 ], [ 103.6834716796875, 45.413876460821086 ], [ 103.623046875, 45.521743896993634 ], [ 103.623046875, 45.625563438215956 ], [ 103.710937499999986, 45.717686357907198 ], [ 103.8262939453125, 45.748360302167463 ], [ 104.073486328125, 45.748360302167463 ], [ 104.12841796875, 45.813486496799712 ], [ 104.1888427734375, 45.981695185122277 ], [ 104.2437744140625, 46.01603873833416 ], [ 104.3096923828125, 46.130363305891031 ], [ 104.436035156249986, 46.122749035824327 ], [ 104.5513916015625, 46.137976523476574 ], [ 104.6063232421875, 46.221652456379132 ], [ 104.65576171875, 46.381043845806197 ], [ 104.653530120849609, 46.380451731783644 ], [ 104.776611328125, 46.460565545785428 ], [ 104.856262207031236, 46.496501547514256 ], [ 104.966125488281236, 46.590956573124522 ], [ 105.22979736328125, 46.526745036021474 ], [ 105.394592285156236, 46.437856895024225 ], [ 105.4742431640625, 46.543749602738565 ], [ 105.65826416015625, 46.71350244599995 ], [ 105.7598876953125, 46.736095937701208 ], [ 105.84228515625, 46.724800374667169 ], [ 105.91094970703125, 46.6795944656402 ], [ 106.05926513671875, 46.634350702935663 ], [ 106.1224365234375, 46.617374532060765 ], [ 106.16363525390625, 46.575854812407727 ], [ 106.68548583984375, 46.574910812684244 ], [ 106.799468994140625, 46.559804582205111 ], [ 106.898345947265625, 46.526745036021474 ], [ 107.03704833984375, 46.432178253009411 ], [ 107.1002197265625, 46.403776166694634 ], [ 107.369384765625, 46.418925787080759 ], [ 107.53692626953125, 46.464822363804686 ], [ 107.602157592773438, 46.527689873863785 ], [ 107.63031005859375, 46.542332758884484 ], [ 107.674942016601562, 46.553666474384535 ], [ 107.748413085937486, 46.559804582205111 ], [ 107.782745361328125, 46.566414075685927 ], [ 107.818450927734375, 46.585765817371509 ], [ 107.835617065429688, 46.623505430109738 ], [ 107.840423583984375, 46.68336307047754 ], [ 107.850723266601548, 46.722917550837572 ], [ 107.856216430664062, 46.761972680830375 ], [ 107.9571533203125, 46.775141523511913 ], [ 107.956638336181641, 46.774553697406589 ], [ 108.06976318359375, 46.684305180613237 ], [ 108.19610595703125, 46.646607959922207 ], [ 108.120574951171875, 46.544694144765536 ], [ 108.1219482421875, 46.482319118862591 ], [ 108.167266845703125, 46.436910495781333 ], [ 108.191986083984375, 46.399988104079419 ], [ 108.205718994140625, 46.337447097476925 ], [ 108.15765380859375, 46.273885251898548 ], [ 108.11370849609375, 46.193140876238004 ], [ 108.145294189453125, 46.103708755980257 ], [ 108.211212158203125, 45.999823605640131 ], [ 108.31146240234375, 45.950194868464067 ], [ 108.423385620117188, 45.934676766857947 ], [ 108.558998107910156, 45.941123274918958 ], [ 108.558998107910156, 45.941362020083915 ], [ 108.535308837890625, 45.890008158661843 ], [ 108.494110107421875, 45.769438866203934 ], [ 108.477630615234375, 45.687954908384441 ], [ 108.468017578125, 45.590978249451936 ], [ 108.5174560546875, 45.417732423704628 ], [ 108.52294921875, 45.363724983056777 ], [ 108.652725219726548, 45.10793872360393 ], [ 108.584747314453125, 45.101638366018676 ], [ 108.511962890625, 45.085642027755469 ], [ 108.465957641601548, 45.067701411201433 ], [ 108.4405517578125, 45.02889163330817 ], [ 108.422698974609375, 44.968684437948376 ], [ 108.41583251953125, 44.927862974636831 ], [ 108.41583251953125, 44.885066494014708 ], [ 108.249664306640625, 44.876308743266812 ], [ 108.021697998046861, 44.876308743266812 ], [ 107.911834716796875, 44.868522956813379 ], [ 107.840423583984375, 44.868522956813379 ], [ 107.79510498046875, 44.757461054083478 ], [ 107.764892578124986, 44.660839042656207 ], [ 107.74017333984375, 44.60904581939581 ], [ 107.71270751953125, 44.573839153753909 ], [ 107.686614990234361, 44.554026032095756 ], [ 107.687301635742173, 44.554270679675696 ], [ 107.578125, 44.520989167323734 ], [ 107.491607666015611, 44.496505331093481 ], [ 107.450408935546875, 44.491607329696045 ], [ 107.413330078124986, 44.492586962886037 ], [ 107.337799072265625, 44.512176171071054 ], [ 107.296600341796861, 44.516093222849307 ], [ 107.247161865234375, 44.509238209455191 ], [ 107.18536376953125, 44.491607329696045 ], [ 106.931304931640625, 44.457309801319305 ], [ 106.788482666015625, 44.430837935246849 ], [ 106.681365966796861, 44.38865427337759 ], [ 106.576995849609375, 44.351350365612305 ], [ 106.50421142578125, 44.308126684886126 ], [ 106.423187255859361, 44.292401085290052 ], [ 106.3641357421875, 44.265854585146684 ], [ 106.292724609375, 44.218631192937238 ], [ 106.228179931640611, 44.197959039485312 ], [ 106.13067626953125, 44.182203957715657 ], [ 106.060638427734375, 44.178264529225757 ], [ 105.961761474609375, 44.193036028842151 ], [ 105.805206298828125, 44.288469027276506 ], [ 105.76263427734375, 44.312057426666179 ], [ 105.74066162109375, 44.346440187917892 ], [ 105.7159423828125, 44.411221411898957 ], [ 105.5731201171875, 44.559163415291842 ], [ 105.50445556640625, 44.677442171652508 ], [ 105.420684814453125, 44.687206496456966 ], [ 105.126800537109375, 44.687206496456966 ], [ 104.996337890624986, 44.669629526920133 ], [ 104.817810058593736, 44.685253763150662 ], [ 104.714813232421875, 44.715513732021336 ], [ 104.359130859375, 44.774036485915239 ], [ 104.267120361328125, 44.832499993490622 ], [ 104.209442138671861, 44.949249266611531 ], [ 104.168243408203125, 45.097760877277096 ], [ 104.10919189453125, 45.201393011268983 ], [ 104.01031494140625, 45.183972750675657 ], [ 103.7823486328125, 45.172356281266751 ], [ 103.7823486328125, 45.168967697945575 ] ] ] } },
{ "type": "Feature", "properties": { "Aimag": "Govi-Altai" }, "geometry": { "type": "Polygon", "coordinates": [ [ [ 93.217406272888184, 44.996868916802782 ], [ 93.211956024169922, 45.004986268386169 ], [ 93.15032958984375, 45.24201954967743 ], [ 93.153076171875, 45.500571941572261 ], [ 93.13934326171875, 45.548678503520868 ], [ 93.10638427734375, 45.614037411350928 ], [ 93.0816650390625, 45.667805265671639 ], [ 93.0816650390625, 45.725356423410162 ], [ 93.122863769531236, 45.77135470445036 ], [ 93.24371337890625, 45.82114340079471 ], [ 93.37554931640625, 45.891919851282076 ], [ 93.40576171875, 46.044642082970135 ], [ 93.466186523437486, 46.172222978455423 ], [ 93.5430908203125, 46.248249912891659 ], [ 93.61724853515625, 46.367778952614941 ], [ 93.6309814453125, 46.418925787080759 ], [ 93.61175537109375, 46.479482189368646 ], [ 93.55133056640625, 46.560748844859603 ], [ 93.521118164062486, 46.632464724627475 ], [ 93.6199951171875, 46.624920154147681 ], [ 93.68865966796875, 46.598505875959482 ], [ 93.76556396484375, 46.549416608392264 ], [ 93.78204345703125, 46.579630646972596 ], [ 93.8287353515625, 46.621147474556096 ], [ 93.91937255859375, 46.70031853924921 ], [ 93.98529052734375, 46.722917550837572 ], [ 94.12261962890625, 46.722917550837572 ], [ 94.251708984375, 46.741742832123364 ], [ 94.405517578125, 46.800059446787316 ], [ 94.339599609374986, 46.832012719114765 ], [ 94.27093505859375, 46.89210855010365 ], [ 94.20501708984375, 46.995241106945961 ], [ 94.12261962890625, 47.101914315335513 ], [ 94.06494140625, 47.227029398867302 ], [ 94.042968749999986, 47.282955576912308 ], [ 93.9935302734375, 47.316482934283322 ], [ 93.878860473632798, 47.336030741461883 ], [ 93.773117065429688, 47.389982344831878 ], [ 93.74908447265625, 47.428087261714275 ], [ 93.707199096679688, 47.471270452754283 ], [ 93.639907836914062, 47.514418190183974 ], [ 93.539485931396484, 47.557472555826074 ], [ 93.614416122436523, 47.651613863516808 ], [ 93.614394664764404, 47.651599408835317 ], [ 93.654327392578125, 47.665387356326541 ], [ 93.88092041015625, 47.715305661595593 ], [ 94.0869140625, 47.767022330510351 ], [ 94.185791015625, 47.785480119293616 ], [ 94.23248291015625, 47.778097790047838 ], [ 94.3011474609375, 47.739323361368569 ], [ 94.470062255859375, 47.683881188581388 ], [ 94.674682617187486, 47.669086647137576 ], [ 94.7735595703125, 47.676484442213209 ], [ 94.971313476562486, 47.656137982226788 ], [ 95.016632080078125, 47.639484979254881 ], [ 95.0482177734375, 47.596903181154708 ], [ 95.0701904296875, 47.542236627183613 ], [ 95.24871826171875, 47.568187190520135 ], [ 95.530242919921875, 47.535746978239125 ], [ 95.594787597656236, 47.513490654843267 ], [ 95.750656127929673, 47.433196799847487 ], [ 95.802841186523438, 47.426693665221158 ], [ 95.916824340820312, 47.377894541555207 ], [ 95.983428955078125, 47.332773275955894 ], [ 96.021194458007812, 47.309499821414313 ], [ 96.055526733398438, 47.301584511330795 ], [ 96.107711791992188, 47.297393573214229 ], [ 96.155776977539048, 47.268047704581761 ], [ 96.19903564453125, 47.234023401287011 ], [ 96.239547729492188, 47.201376826785406 ], [ 96.267013549804688, 47.166376047719908 ], [ 96.2896728515625, 47.091163096201413 ], [ 96.288986206054673, 47.057025282608407 ], [ 96.280059814453125, 46.998987638154624 ], [ 96.293106079101562, 46.933385414813976 ], [ 96.30889892578125, 46.891639312134473 ], [ 96.34185791015625, 46.827314899264337 ], [ 96.402969360351562, 46.849860689868386 ], [ 96.494293212890625, 46.876621529397738 ], [ 96.526565551757812, 46.891639312134473 ], [ 96.590423583984375, 46.922131240913998 ], [ 96.645355224609375, 46.933385414813976 ], [ 96.693420410156236, 46.926820767399377 ], [ 96.730499267578125, 46.905245546429228 ], [ 96.749725341796875, 46.861130037658121 ], [ 96.81976318359375, 46.799119357222949 ], [ 96.856842041015625, 46.747389135158407 ], [ 96.900787353515625, 46.703143933197367 ], [ 96.92413330078125, 46.657919886387653 ], [ 96.9378662109375, 46.601336593390229 ], [ 97.0257568359375, 46.586237724798856 ], [ 97.0751953125, 46.581518465658014 ], [ 97.138366699218736, 46.576798795698281 ], [ 97.18231201171875, 46.578686712980669 ], [ 97.2344970703125, 46.600393037345469 ], [ 97.348136901855469, 46.675590034969908 ], [ 97.392082214355469, 46.693254407490997 ], [ 97.41302490234375, 46.663574962382093 ], [ 97.425384521484375, 46.648729126356557 ], [ 97.441520690917969, 46.636708083396243 ], [ 97.459373474121094, 46.623505430109738 ], [ 97.483749389648438, 46.61147878308617 ], [ 97.50640869140625, 46.604638910144061 ], [ 97.529067993164062, 46.600628927897176 ], [ 97.567691802978516, 46.597532782686486 ], [ 97.567520141601548, 46.597562270618191 ], [ 97.657470703125, 46.532413816559455 ], [ 97.745361328125, 46.278631221560879 ], [ 98.206787109374986, 45.98932892799953 ], [ 98.404541015625, 45.78284835197676 ], [ 98.470458984375, 45.437008288673887 ], [ 98.360595703125, 45.166547157856016 ], [ 98.184814453125, 44.91813929958515 ], [ 98.184814453125, 44.606112745173903 ], [ 98.10791015625, 44.449467536006935 ], [ 97.987060546875, 44.410240412960107 ], [ 97.910156249999986, 44.339565248097131 ], [ 97.93212890625, 44.079693274257131 ], [ 97.9541015625, 43.945372392442088 ], [ 97.910156249999986, 43.667871610117494 ], [ 97.8662109375, 43.500752435690409 ], [ 97.84423828125, 43.405047487870348 ], [ 97.745361328125, 43.285203343693837 ], [ 97.789306640625, 42.988576458321837 ], [ 97.789306640625, 42.709686919756663 ], [ 97.789478302001939, 42.709434645708747 ], [ 97.1630859375, 42.795400653037227 ], [ 96.998291015624986, 42.763145866894938 ], [ 96.383056640625, 42.72280375732727 ], [ 96.361083984375, 42.908160071960538 ], [ 95.877685546875, 43.245202722033561 ], [ 95.855712890625, 43.405047487870348 ], [ 95.51513671875, 44.016521343877542 ], [ 95.3173828125, 44.056011695785251 ], [ 95.361328125, 44.2294565683017 ], [ 95.4052734375, 44.292401085290052 ], [ 94.98779296875, 44.26093725039923 ], [ 94.7021484375, 44.339565248097131 ], [ 94.6142578125, 44.457309801319305 ], [ 94.427490234375, 44.535674532413196 ], [ 94.32861328125, 44.512176171071054 ], [ 94.32861328125, 44.574817404670306 ], [ 94.21875, 44.668652872273213 ], [ 93.702392578125, 44.848080256020737 ], [ 93.6968994140625, 44.894795764697868 ], [ 93.4991455078125, 44.962854577775431 ], [ 93.37554931640625, 44.984227835166486 ], [ 93.2904052734375, 44.984227835166486 ], [ 93.217363357543945, 44.996914437868497 ], [ 93.217406272888184, 44.996868916802782 ] ] ] } },
{ "type": "Feature", "properties": { "Aimag": "Govisumber" }, "geometry": { "type": "Polygon", "coordinates": [ [ [ 107.956809997558594, 46.774671263140988 ], [ 108.003158569335938, 46.793478474902564 ], [ 108.04779052734375, 46.803819640791566 ], [ 108.201599121093736, 46.815098645992428 ], [ 108.47900390625, 46.780314116560163 ], [ 108.70697021484375, 46.861130037658121 ], [ 108.7591552734375, 46.894923891703606 ], [ 108.820953369140625, 46.98025235521883 ], [ 108.82232666015625, 46.983999937189253 ], [ 108.88275146484375, 46.922131240913998 ], [ 108.91571044921875, 46.856434763486966 ], [ 108.9788818359375, 46.833891732085377 ], [ 109.00634765625, 46.815098645992428 ], [ 108.99810791015625, 46.779373682055635 ], [ 108.965148925781236, 46.681478800917851 ], [ 108.9678955078125, 46.602280133002843 ], [ 108.9788818359375, 46.504063997400927 ], [ 108.958625793457031, 46.463876433008494 ], [ 108.95965576171875, 46.464349400461124 ], [ 108.926696777343736, 46.423659180469869 ], [ 108.908843994140625, 46.382464893261137 ], [ 108.833312988281236, 46.3023549043942 ], [ 108.720703125, 46.214050815339526 ], [ 108.669891357421875, 46.183633727510149 ], [ 108.62457275390625, 46.08275685027116 ], [ 108.599853515625, 45.988374767708137 ], [ 108.568267822265611, 45.95878764035642 ], [ 108.558998107910156, 45.941123274918958 ], [ 108.558998107910156, 45.941123274918958 ], [ 108.423385620117188, 45.934676766857947 ], [ 108.31146240234375, 45.950194868464067 ], [ 108.211212158203125, 45.999823605640131 ], [ 108.145294189453125, 46.103708755980257 ], [ 108.11370849609375, 46.193140876238004 ], [ 108.15765380859375, 46.273885251898548 ], [ 108.205718994140625, 46.337447097476925 ], [ 108.191986083984375, 46.399988104079419 ], [ 108.167266845703125, 46.436910495781333 ], [ 108.1219482421875, 46.482319118862591 ], [ 108.120574951171875, 46.544694144765536 ], [ 108.19610595703125, 46.646607959922207 ], [ 108.06976318359375, 46.684305180613237 ], [ 107.956638336181641, 46.774553697406589 ], [ 107.956809997558594, 46.774671263140988 ] ] ] } },
{ "type": "Feature", "properties": { "Aimag": "Khentii" }, "geometry": { "type": "Polygon", "coordinates": [ [ [ 108.521404266357422, 49.12410690961098 ], [ 108.533935546875, 49.224772722794825 ], [ 108.57152938842772, 49.331163304362519 ], [ 108.575134277343736, 49.330492083934836 ], [ 108.6492919921875, 49.350177413468998 ], [ 108.819580078125, 49.343020022896752 ], [ 108.929443359375, 49.350177413468998 ], [ 109.0557861328125, 49.32154160369879 ], [ 109.1766357421875, 49.357333762860641 ], [ 109.390869140625, 49.317960956022738 ], [ 109.53369140625, 49.221185044221336 ], [ 109.75341796875, 49.228360140901287 ], [ 110.0994873046875, 49.181703387706627 ], [ 110.220336914062486, 49.152969656170391 ], [ 110.3411865234375, 49.214008905653898 ], [ 110.3851318359375, 49.25346477497736 ], [ 110.5938720703125, 49.1888842152458 ], [ 110.7861328125, 49.174521518067841 ], [ 111.082763671875, 49.271388843518807 ], [ 111.2860107421875, 49.307217450936093 ], [ 111.390380859374986, 49.357333762860641 ], [ 111.538696289062486, 49.32154160369879 ], [ 111.68701171875, 49.385948749418468 ], [ 111.780395507812486, 49.389524451582162 ], [ 111.939697265625, 49.375220081436026 ], [ 111.996002197265625, 49.392206057422044 ], [ 111.996002197265625, 49.392206057422044 ], [ 112.081146240234375, 49.359122687528746 ], [ 112.153930664062486, 49.320646466186361 ], [ 112.166290283203125, 49.301844819704307 ], [ 112.185516357421861, 49.220288083879403 ], [ 112.193756103515625, 49.140393404933462 ], [ 112.2198486328125, 49.081062364320736 ], [ 112.26654052734375, 49.034266715880854 ], [ 112.291259765625, 48.999141064795197 ], [ 112.28851318359375, 48.963089005540155 ], [ 112.239074707031236, 48.89000369970676 ], [ 112.239074707031236, 48.839413038195012 ], [ 112.2967529296875, 48.741700879765396 ], [ 112.480773925781236, 48.514784972097402 ], [ 112.5164794921875, 48.478383715358788 ], [ 112.54119873046875, 48.394561622025087 ], [ 112.5164794921875, 48.321560411095987 ], [ 112.510986328125, 48.241138238480453 ], [ 112.54119873046875, 48.076243871867199 ], [ 112.60986328125, 47.929226038300406 ], [ 112.694320678710938, 47.79378398661931 ], [ 112.684020996093736, 47.79286140021344 ], [ 112.5494384765625, 47.79286140021344 ], [ 112.395629882812486, 47.761483716166687 ], [ 112.2802734375, 47.711609647845975 ], [ 112.1484375, 47.667237034505156 ], [ 112.0770263671875, 47.609866530037984 ], [ 112.049560546875, 47.498647859705017 ], [ 112.048873901367188, 47.381614160856806 ], [ 112.065353393554688, 47.316482934283322 ], [ 111.796875, 47.379754384008159 ], [ 111.670532226562486, 47.329515609509563 ], [ 111.54693603515625, 47.253135632244216 ], [ 111.46453857421875, 47.133687832776076 ], [ 111.434326171875, 47.023333688184934 ], [ 111.420593261718736, 46.967133749572511 ], [ 111.3848876953125, 46.908998382774477 ], [ 111.37939453125, 46.854556538855746 ], [ 111.390380859374986, 46.792538270359792 ], [ 111.29974365234375, 46.73233101286786 ], [ 111.24481201171875, 46.66074749832071 ], [ 111.225585937499986, 46.575854812407727 ], [ 111.24755859375, 46.49082901981415 ], [ 111.26129150390625, 46.432178253009411 ], [ 111.2200927734375, 46.324171617256937 ], [ 111.166877746582031, 46.231390521040908 ], [ 111.1651611328125, 46.236852581439919 ], [ 111.055297851562486, 46.157004962908033 ], [ 110.950927734375, 46.065608461386908 ], [ 110.5609130859375, 46.0998999106273 ], [ 110.511474609375, 46.229253045075275 ], [ 110.379638671875, 46.384833223492784 ], [ 110.2093505859375, 46.513515580597371 ], [ 110.126953124999986, 46.604167162931844 ], [ 110.0225830078125, 46.63057868059483 ], [ 109.978637695312486, 46.600393037345469 ], [ 110.0115966796875, 46.460565545785428 ], [ 109.9346923828125, 46.339343331611261 ], [ 109.8797607421875, 46.267240203825082 ], [ 109.6160888671875, 46.149394376476863 ], [ 109.5172119140625, 46.168418869229392 ], [ 109.324951171875, 46.168418869229392 ], [ 109.215087890624986, 46.225452882269387 ], [ 109.149169921875, 46.290019871729548 ], [ 109.121704101562486, 46.377254205100279 ], [ 108.958282470703125, 46.464349400461124 ], [ 108.958625793457031, 46.463876433008494 ], [ 108.9788818359375, 46.504063997400927 ], [ 108.9678955078125, 46.602280133002843 ], [ 108.965148925781236, 46.681478800917851 ], [ 108.99810791015625, 46.779373682055635 ], [ 109.00634765625, 46.815098645992428 ], [ 108.9788818359375, 46.833891732085377 ], [ 108.91571044921875, 46.856434763486966 ], [ 108.88275146484375, 46.922131240913998 ], [ 108.82232666015625, 46.983999937189253 ], [ 108.820953369140625, 46.98118927533914 ], [ 108.7261962890625, 47.021461309117271 ], [ 108.643798828125, 47.103783870991613 ], [ 108.599853515625, 47.223298886857727 ], [ 108.5394287109375, 47.264320080254777 ], [ 108.5064697265625, 47.349989032003215 ], [ 108.3526611328125, 47.564480754014248 ], [ 108.351631164550781, 47.563554103908089 ], [ 108.400726318359375, 47.632081940263305 ], [ 108.425445556640625, 47.676253276991204 ], [ 108.441925048828125, 47.716922585179084 ], [ 108.445701599121094, 47.748327143547598 ], [ 108.436775207519531, 47.805084340797606 ], [ 108.435745239257798, 47.835974799035419 ], [ 108.438835144042969, 47.865234612314673 ], [ 108.453254699707031, 47.904835758682552 ], [ 108.452224731445312, 47.904835758682552 ], [ 108.545951843261719, 47.922094221560471 ], [ 108.6712646484375, 47.960502388915089 ], [ 108.775634765625, 48.028509034432986 ], [ 108.8909912109375, 48.08358376568458 ], [ 108.929443359375, 48.175244089902151 ], [ 108.96240234375, 48.217352909285538 ], [ 109.003601074218736, 48.23930899024905 ], [ 109.04205322265625, 48.321560411095987 ], [ 109.017333984375, 48.407326079729842 ], [ 108.95965576171875, 48.525700252688765 ], [ 108.918457031249986, 48.66557095325139 ], [ 108.87451171875, 48.747134325420042 ], [ 108.8580322265625, 48.806863461085172 ], [ 108.7481689453125, 48.963990624864145 ], [ 108.520889282226548, 49.124668601968175 ], [ 108.521404266357422, 49.12410690961098 ] ] ] } },
{ "type": "Feature", "properties": { "Aimag": "Khovd" }, "geometry": { "type": "Polygon", "coordinates": [ [ [ 91.04844331741333, 46.719850466635805 ], [ 91.053528785705566, 46.723152907409897 ], [ 91.102752685546875, 46.712090038580172 ], [ 91.163864135742188, 46.689957496411338 ], [ 91.273040771484375, 46.662632490791772 ], [ 91.319732666015625, 46.601336593390229 ], [ 91.349945068359375, 46.558860303117193 ], [ 91.430969238281236, 46.542805044277678 ], [ 91.50238037109375, 46.567358223307167 ], [ 91.56829833984375, 46.613601326659726 ], [ 91.778411865234375, 46.616431255357995 ], [ 91.836776733398423, 46.622562260211872 ], [ 91.871795654296875, 46.637179547165111 ], [ 91.926727294921875, 46.702673044474004 ], [ 91.86492919921875, 46.729507146751608 ], [ 91.76055908203125, 46.769262973714781 ], [ 91.706657409667969, 46.796298989977451 ], [ 91.635246276855469, 46.826845094695884 ], [ 91.570701599121094, 46.866059633653641 ], [ 91.515426635742188, 46.892343167548653 ], [ 91.493110656738281, 46.906887444659851 ], [ 91.454658508300767, 46.943699663711513 ], [ 91.443328857421875, 46.971350795196734 ], [ 91.440925598144531, 47.008352816937048 ], [ 91.448822021484375, 47.063106219725022 ], [ 91.463584899902344, 47.105653360993827 ], [ 91.468734741210938, 47.130417905537954 ], [ 91.464271545410156, 47.159139675920336 ], [ 91.448478698730469, 47.20697480997098 ], [ 91.40041351318358, 47.227495694409313 ], [ 91.356124877929688, 47.258961160390896 ], [ 91.289863586425781, 47.33510005753562 ], [ 91.236648559570298, 47.369059393983932 ], [ 91.252784729003906, 47.459897675653679 ], [ 91.262054443359375, 47.494936505117117 ], [ 91.261367797851562, 47.528561072779034 ], [ 91.256561279296875, 47.545712894408624 ], [ 91.217422485351562, 47.592735708204181 ], [ 91.191673278808594, 47.612875419460622 ], [ 91.173820495605455, 47.645036570200254 ], [ 91.170387268066406, 47.661225340769356 ], [ 91.171073913574219, 47.722465942256306 ], [ 91.136741638183594, 47.731010795533955 ], [ 91.116485595703125, 47.739554247032487 ], [ 91.098289489746094, 47.75109722475338 ], [ 91.084556579589844, 47.764945419239922 ], [ 91.074600219726562, 47.781558387412332 ], [ 91.059494018554688, 47.839892423963569 ], [ 90.985336303710938, 47.97521412341618 ], [ 90.947570800781236, 48.024146434924234 ], [ 90.928688049316406, 48.0406764393366 ], [ 90.886802673339844, 48.068444087227796 ], [ 90.865859985351562, 48.095279557005142 ], [ 90.854873657226548, 48.118892358641439 ], [ 90.834274291992188, 48.223757739268741 ], [ 90.820541381835938, 48.272225451004324 ], [ 90.817451477050781, 48.29895447218437 ], [ 90.820198059082031, 48.348719953859892 ], [ 90.834274291992188, 48.412795581099964 ], [ 90.833244323730469, 48.453114986767304 ], [ 90.817108154296875, 48.525018116559266 ], [ 90.81024169921875, 48.54525091510785 ], [ 90.798912048339844, 48.562294748616281 ], [ 90.779342651367188, 48.58432959223574 ], [ 90.718917846679688, 48.638807522913233 ], [ 90.739173889160156, 48.652417822077553 ], [ 90.814361572265625, 48.647881463806797 ], [ 90.834274291992188, 48.644705770189567 ], [ 90.882339477539062, 48.633135480842654 ], [ 90.908088684082031, 48.629505039242531 ], [ 90.943107604980469, 48.630412674131264 ], [ 90.965766906738281, 48.634043050428367 ], [ 91.046791076660156, 48.659675146453132 ], [ 91.101722717285156, 48.68257422428195 ], [ 91.140861511230469, 48.703423733505623 ], [ 91.169013977050781, 48.710447166883384 ], [ 91.195106506347656, 48.713845250487267 ], [ 91.220512390136705, 48.712712581452401 ], [ 91.26033782958983, 48.702517412636006 ], [ 91.338272094726548, 48.671862832349746 ], [ 91.338272094726548, 48.671855747342164 ], [ 91.451568603515625, 48.738983936650705 ], [ 91.549072265625, 48.806863461085172 ], [ 91.59576416015625, 48.858390529620401 ], [ 91.663055419921875, 48.915279853443806 ], [ 91.731719970703125, 48.943249256234296 ], [ 91.82647705078125, 48.961285717990322 ], [ 91.94183349609375, 48.969399998499519 ], [ 91.93634033203125, 48.935130721045326 ], [ 91.93359375, 48.898129571811261 ], [ 91.94732666015625, 48.827661462789415 ], [ 91.959686279296875, 48.803245536446497 ], [ 91.992645263671861, 48.783342285295475 ], [ 92.03521728515625, 48.778817717921036 ], [ 92.080535888671875, 48.78243740444988 ], [ 92.12310791015625, 48.78243740444988 ], [ 92.151947021484375, 48.771577561745623 ], [ 92.171173095703125, 48.748945343432936 ], [ 92.23297119140625, 48.621108642562383 ], [ 92.36480712890625, 48.623831951301121 ], [ 92.473297119140625, 48.620200840329829 ], [ 92.592773437499986, 48.605673784147427 ], [ 92.649078369140625, 48.595684008383039 ], [ 92.7685546875, 48.56024979174331 ], [ 92.823143005371094, 48.557295819191374 ], [ 92.865715026855455, 48.564339622814806 ], [ 92.887687683105469, 48.573426952346587 ], [ 92.912750244140611, 48.590007119230734 ], [ 92.94158935546875, 48.615888556764013 ], [ 92.960128784179688, 48.625874336427671 ], [ 92.973518371582031, 48.630639580302542 ], [ 92.99892425537108, 48.635404374196476 ], [ 93.027076721191406, 48.636765661232268 ], [ 93.055915832519531, 48.635631257919989 ], [ 93.082695007324219, 48.631093389583981 ], [ 93.12835693359375, 48.61861214713695 ], [ 93.150672912597656, 48.607035873223509 ], [ 93.168525695800781, 48.594094543714029 ], [ 93.190155029296875, 48.571836787562248 ], [ 93.220710754394531, 48.517741426170339 ], [ 93.256759643554688, 48.476107768969563 ], [ 93.273239135742188, 48.463815894066066 ], [ 93.312034606933594, 48.447649823664435 ], [ 93.3343505859375, 48.439906502387387 ], [ 93.371772766113281, 48.432845386474767 ], [ 93.429504632949815, 48.424295282591977 ], [ 93.429509997367859, 48.424295282591977 ], [ 93.45245361328125, 48.396157354405076 ], [ 93.473052978515625, 48.377689389945736 ], [ 93.483009338378906, 48.365373690401981 ], [ 93.4881591796875, 48.350773448467265 ], [ 93.489189147949205, 48.324299844427543 ], [ 93.483352661132812, 48.300553200914798 ], [ 93.436660766601562, 48.199506657337537 ], [ 93.3892822265625, 48.109265147494867 ], [ 93.30413818359375, 48.056053763981225 ], [ 93.240966796875, 48.000949575530228 ], [ 93.182258605957031, 47.96601978044179 ], [ 93.2684326171875, 47.864773955792245 ], [ 93.393402099609375, 47.77348330190447 ], [ 93.511505126953125, 47.709761542666399 ], [ 93.614437580108643, 47.651599408835317 ], [ 93.614416122436523, 47.651613863516808 ], [ 93.539485931396484, 47.557472555826074 ], [ 93.639907836914062, 47.514418190183974 ], [ 93.707199096679688, 47.471270452754283 ], [ 93.74908447265625, 47.428087261714275 ], [ 93.773117065429688, 47.389982344831878 ], [ 93.878860473632798, 47.336030741461883 ], [ 93.9935302734375, 47.316482934283322 ], [ 94.042968749999986, 47.282955576912308 ], [ 94.06494140625, 47.227029398867302 ], [ 94.12261962890625, 47.101914315335513 ], [ 94.20501708984375, 46.995241106945961 ], [ 94.27093505859375, 46.89210855010365 ], [ 94.339599609374986, 46.832012719114765 ], [ 94.405517578125, 46.800059446787316 ], [ 94.251708984375, 46.741742832123364 ], [ 94.12261962890625, 46.722917550837572 ], [ 93.98529052734375, 46.722917550837572 ], [ 93.91937255859375, 46.70031853924921 ], [ 93.8287353515625, 46.621147474556096 ], [ 93.78204345703125, 46.579630646972596 ], [ 93.76556396484375, 46.549416608392264 ], [ 93.68865966796875, 46.598505875959482 ], [ 93.6199951171875, 46.624920154147681 ], [ 93.521118164062486, 46.632464724627475 ], [ 93.55133056640625, 46.560748844859603 ], [ 93.61175537109375, 46.479482189368646 ], [ 93.6309814453125, 46.418925787080759 ], [ 93.61724853515625, 46.367778952614941 ], [ 93.5430908203125, 46.248249912891659 ], [ 93.466186523437486, 46.172222978455423 ], [ 93.40576171875, 46.044642082970135 ], [ 93.37554931640625, 45.891919851282076 ], [ 93.24371337890625, 45.82114340079471 ], [ 93.122863769531236, 45.77135470445036 ], [ 93.0816650390625, 45.725356423410162 ], [ 93.0816650390625, 45.667805265671639 ], [ 93.10638427734375, 45.614037411350928 ], [ 93.13934326171875, 45.548678503520868 ], [ 93.153076171875, 45.500571941572261 ], [ 93.15032958984375, 45.24201954967743 ], [ 93.211956024169922, 45.004986268386169 ], [ 93.217406272888184, 44.996868916802782 ], [ 93.217363357543945, 44.996914437868497 ], [ 93.13385009765625, 45.01336034905033 ], [ 93.043212890625, 45.017243565102596 ], [ 92.982788085937486, 45.001709120942238 ], [ 92.93060302734375, 45.021126517829614 ], [ 92.8839111328125, 45.0502402697946 ], [ 92.78228759765625, 45.052180659942316 ], [ 92.6422119140625, 45.017243565102596 ], [ 92.546081542968736, 45.023067895446175 ], [ 92.48565673828125, 44.999767019181306 ], [ 92.4114990234375, 45.01918507438176 ], [ 92.3236083984375, 45.009476869672895 ], [ 92.3016357421875, 45.02889163330817 ], [ 92.2357177734375, 45.01918507438176 ], [ 92.10113525390625, 45.077399741226372 ], [ 92.05718994140625, 45.085157220286924 ], [ 91.790771484375, 45.081278612418743 ], [ 91.68365478515625, 45.058001435398296 ], [ 91.6204833984375, 45.069641208868632 ], [ 91.57379150390625, 45.081278612418743 ], [ 91.5545654296875, 45.067701411201433 ], [ 91.49139404296875, 45.100669018519881 ], [ 91.4501953125, 45.151053265563398 ], [ 91.3897705078125, 45.114238385850882 ], [ 91.32659912109375, 45.125866704733575 ], [ 91.241455078125, 45.133617600708249 ], [ 91.189270019531236, 45.154927133618465 ], [ 91.15631103515625, 45.201393011268983 ], [ 91.11785888671875, 45.213003555993964 ], [ 91.04644775390625, 45.207198579864638 ], [ 90.994262695312486, 45.214938416378061 ], [ 90.8843994140625, 45.187844380505339 ], [ 90.862426757812486, 45.199457690077779 ], [ 90.89263916015625, 45.245887229740148 ], [ 90.8734130859375, 45.282617057517406 ], [ 90.8294677734375, 45.294211013377733 ], [ 90.7965087890625, 45.286481972782838 ], [ 90.81024169921875, 45.325116643332684 ], [ 90.76629638671875, 45.400378517255383 ], [ 90.77178955078125, 45.42929873257377 ], [ 90.67291259765625, 45.481317798141255 ], [ 90.66192626953125, 45.540984218050752 ], [ 90.71136474609375, 45.729191061299936 ], [ 90.84320068359375, 45.893831478102918 ], [ 91.021728515625, 46.023667744260059 ], [ 91.02447509765625, 46.063702755917511 ], [ 91.0052490234375, 46.077041312707699 ], [ 91.010742187499986, 46.122749035824327 ], [ 90.977783203125, 46.162712212065664 ], [ 90.94482421875, 46.217851767402991 ], [ 90.9503173828125, 46.233052944798303 ], [ 90.89263916015625, 46.312790069534799 ], [ 90.9722900390625, 46.369674134623743 ], [ 91.0052490234375, 46.456781428126583 ], [ 91.07391357421875, 46.560748844859603 ], [ 91.065673828125, 46.573966796527799 ], [ 91.010742187499986, 46.579630646972596 ], [ 91.014862060546875, 46.610299556267449 ], [ 91.048164367675781, 46.71997550705079 ], [ 91.04844331741333, 46.719850466635805 ] ] ] } },
{ "type": "Feature", "properties": { "Aimag": "Khuvsgul" }, "geometry": { "type": "Polygon", "coordinates": [ [ [ 99.074277877807603, 48.296270779257405 ], [ 99.0966796875, 48.359899090021941 ], [ 99.063720703124986, 48.494767515307295 ], [ 99.1021728515625, 48.632908585895322 ], [ 99.212036132812486, 48.763431137917962 ], [ 99.16259765625, 48.886391777031939 ], [ 99.1461181640625, 49.052270256016072 ], [ 99.1021728515625, 49.1170290407793 ], [ 98.970336914062486, 49.106241774469055 ], [ 98.800048828125, 49.1170290407793 ], [ 98.767089843749986, 49.03786794532644 ], [ 98.54736328125, 48.935130721045326 ], [ 98.4649658203125, 48.969399998499519 ], [ 98.42926025390625, 49.000942983215012 ], [ 98.367462158203125, 49.019859190866413 ], [ 98.293304443359375, 49.016256657781589 ], [ 98.194427490234375, 49.015355983769666 ], [ 98.13812255859375, 48.998240081138718 ], [ 98.090057373046875, 48.986525810478312 ], [ 97.900543212890625, 48.997339081184442 ], [ 97.859344482421875, 49.009050809382046 ], [ 97.768707275390625, 49.065768634053612 ], [ 97.669830322265625, 49.113433545959573 ], [ 97.527008056640625, 49.157460400911745 ], [ 97.40478515625, 49.177214841305869 ], [ 97.27294921875, 49.182601048138054 ], [ 97.174072265625, 49.167338606291075 ], [ 97.119140625, 49.224772722794825 ], [ 97.02850341796875, 49.284827622643007 ], [ 96.933746337890625, 49.324226918610833 ], [ 96.878814697265625, 49.368066334821563 ], [ 96.881561279296875, 49.439556958940855 ], [ 96.875381469726562, 49.508714260218404 ], [ 96.931686401367188, 49.542587974015504 ], [ 96.974258422851548, 49.578219162819998 ], [ 97.036743164062486, 49.618273175968518 ], [ 97.0751953125, 49.647625211933047 ], [ 97.103347778320312, 49.68451251348889 ], [ 97.129440307617188, 49.74888708373188 ], [ 97.136306762695312, 49.783924217732988 ], [ 97.129719257354736, 49.792402501545013 ], [ 97.129708528518677, 49.792388649350478 ], [ 97.22900390625, 49.745781306155735 ], [ 97.3663330078125, 49.777716951563754 ], [ 97.5091552734375, 49.816720843571765 ], [ 97.575073242187486, 49.937079756975294 ], [ 97.7728271484375, 49.997146739553394 ], [ 97.8497314453125, 49.91232450346395 ], [ 97.88818359375, 49.92647191927194 ], [ 97.8826904296875, 49.986552130506176 ], [ 98.009033203125, 50.035973672195496 ], [ 98.0694580078125, 50.039501837628769 ], [ 98.118896484375, 50.138185230436896 ], [ 98.1793212890625, 50.169861746007314 ], [ 98.184814453125, 50.215579670037258 ], [ 98.300170898437486, 50.327929664466296 ], [ 98.2672119140625, 50.419018902737093 ], [ 98.3441162109375, 50.49595785216966 ], [ 98.228759765625, 50.558814840854467 ], [ 98.02001953125, 50.666872321810715 ], [ 97.943115234375, 50.805934726769081 ], [ 98.0364990234375, 50.86837814203458 ], [ 97.88818359375, 50.923813271912948 ], [ 97.833251953125, 51.017210463642172 ], [ 97.9541015625, 51.330611637698532 ], [ 98.06396484375, 51.457429806589651 ], [ 98.1243896484375, 51.471118826139481 ], [ 98.228759765625, 51.454006910059817 ], [ 98.23974609375, 51.600959780448605 ], [ 98.3660888671875, 51.740636164097701 ], [ 98.5308837890625, 51.80521825434942 ], [ 98.6846923828125, 51.835777520452481 ], [ 98.7615966796875, 51.873099590043672 ], [ 98.865966796875, 52.133488040771468 ], [ 98.9813232421875, 52.143602398455293 ], [ 99.063720703124986, 52.06262321411284 ], [ 99.266967773437486, 52.015317436633623 ], [ 99.283447265625, 51.957807388715544 ], [ 99.4482421875, 51.944264879028765 ], [ 99.755859375, 51.903612807883547 ], [ 99.86572265625, 51.77123920059794 ], [ 100.1513671875, 51.7508394806285 ], [ 100.65673828125, 51.727028157047741 ], [ 100.865478515624986, 51.597547657714578 ], [ 101.2554931640625, 51.542918822373899 ], [ 101.442260742187486, 51.44716034698012 ], [ 101.568603515625, 51.498484547170605 ], [ 101.6455078125, 51.471118826139481 ], [ 101.925659179687486, 51.406059404992746 ], [ 102.10693359375, 51.364921488259547 ], [ 102.183837890625, 51.299710805561539 ], [ 102.1234130859375, 51.275662434158527 ], [ 102.1563720703125, 51.103521942404157 ], [ 102.2332763671875, 50.968805734317804 ], [ 102.2113037109375, 50.823288501211799 ], [ 102.3431396484375, 50.719069112580804 ], [ 102.3101806640625, 50.666872321810715 ], [ 102.513427734375, 50.593699214130211 ], [ 102.6123046875, 50.492463341877247 ], [ 102.645092010498047, 50.411471276858748 ], [ 102.645263671875, 50.411143091933717 ], [ 102.501068115234375, 50.357728080484058 ], [ 102.41455078125, 50.299867016749118 ], [ 102.39532470703125, 50.269154528174198 ], [ 102.37884521484375, 50.217337177613686 ], [ 102.35687255859375, 50.183933461844973 ], [ 102.248382568359375, 50.110891413789858 ], [ 102.220916748046861, 50.087106698082337 ], [ 102.218170166015625, 50.073887864551338 ], [ 102.127532958984361, 50.004208515595614 ], [ 102.104187011718736, 49.969772559197047 ], [ 102.102813720703125, 49.929124097595469 ], [ 102.133026123046875, 49.903480260465741 ], [ 102.207183837890625, 49.878707752173398 ], [ 102.485961914062486, 49.802541245062912 ], [ 102.5628662109375, 49.786584231227586 ], [ 102.70843505859375, 49.742231602580716 ], [ 102.784824371337891, 49.691731151088192 ], [ 102.67822265625, 49.643623703140761 ], [ 102.643890380859375, 49.635619698841445 ], [ 102.572479248046861, 49.642734434299179 ], [ 102.534027099609375, 49.641845149215449 ], [ 102.5079345703125, 49.626724817659152 ], [ 102.48870849609375, 49.596470070892686 ], [ 102.409057617187486, 49.500242164537767 ], [ 102.299194335937486, 49.439556958940855 ], [ 102.1563720703125, 49.407399058898022 ], [ 102.002563476562486, 49.385948749418468 ], [ 101.8377685546875, 49.303635761871249 ], [ 101.788330078125, 49.242707208753828 ], [ 101.7169189453125, 49.235534195732498 ], [ 101.634521484375, 49.127813961593255 ], [ 101.632461547851562, 49.063519158955472 ], [ 101.665806770324707, 48.962750894091165 ], [ 101.666107177734375, 48.963089005540155 ], [ 101.605682373046861, 48.959482365237491 ], [ 101.537704467773438, 48.950915549215985 ], [ 101.449127197265611, 48.954071915755478 ], [ 101.360549926757812, 48.969399998499519 ], [ 101.28021240234375, 49.015355983769666 ], [ 101.14837646484375, 49.050920216584856 ], [ 100.948562622070312, 49.116130191506805 ], [ 100.886077880859375, 49.130959121699142 ], [ 100.702056884765625, 49.205037267231411 ], [ 100.644378662109375, 49.104443668707333 ], [ 100.535888671875, 49.034266715880854 ], [ 100.476837158203125, 48.999141064795197 ], [ 100.603179931640625, 48.959482365237491 ], [ 100.641632080078125, 48.923401616679705 ], [ 100.579833984375, 48.892712470496093 ], [ 100.48095703125, 48.866521538507754 ], [ 100.4315185546875, 48.823140892101684 ], [ 100.386199951171875, 48.750756296177379 ], [ 100.35736083984375, 48.675546901341384 ], [ 100.361480712890625, 48.629278127969414 ], [ 100.39581298828125, 48.582058402838243 ], [ 100.475463867187486, 48.509326449766327 ], [ 100.377960205078125, 48.4965876108066 ], [ 100.281829833984375, 48.490216990686299 ], [ 100.225524902343736, 48.476562966415798 ], [ 100.2117919921875, 48.455619656617088 ], [ 100.210418701171861, 48.412795581099964 ], [ 100.171966552734375, 48.390002110874164 ], [ 100.107421875, 48.389090159616018 ], [ 100.0469970703125, 48.405502781874681 ], [ 99.96185302734375, 48.443778310588051 ], [ 99.9041748046875, 48.463815894066066 ], [ 99.78607177734375, 48.486576276944774 ], [ 99.7833251953125, 48.420998730129426 ], [ 99.744873046875, 48.339820521006125 ], [ 99.702301025390625, 48.295985271707664 ], [ 99.611663818359375, 48.274967532852976 ], [ 99.35760498046875, 48.242052838067202 ], [ 99.26422119140625, 48.235650297553057 ], [ 99.220275878906236, 48.245711072889243 ], [ 99.1680908203125, 48.266740845839649 ], [ 99.074320793151855, 48.29617085179661 ], [ 99.074277877807603, 48.296270779257405 ] ] ] } },
{ "type": "Feature", "properties": { "Aimag": "Orkhon" }, "geometry": { "type": "Polygon", "coordinates": [ [ [ 104.378013610839844, 48.899258060699516 ], [ 104.346771240234375, 48.908059399650078 ], [ 104.30694580078125, 48.927913136732556 ], [ 104.245147705078125, 48.945955141189039 ], [ 104.1558837890625, 48.957678947281124 ], [ 103.999328613281236, 48.985624598646041 ], [ 103.999328613281236, 49.038768211951087 ], [ 104.058380126953125, 49.095452162534826 ], [ 104.102325439453125, 49.120624274988337 ], [ 104.2822265625, 49.080162863460984 ], [ 104.333038330078125, 49.118826690459883 ], [ 104.390716552734375, 49.131408413998599 ], [ 104.44427490234375, 49.127813961593255 ], [ 104.519462585449219, 49.106017014812096 ], [ 104.5184326171875, 49.105342729732754 ], [ 104.53765869140625, 49.069367582410393 ], [ 104.57061767578125, 49.026162996368946 ], [ 104.561004638671875, 48.994635983534081 ], [ 104.47723388671875, 48.942347261978476 ], [ 104.376983642578125, 48.899935141803262 ], [ 104.378013610839844, 48.899258060699516 ] ] ] } },
{ "type": "Feature", "properties": { "Aimag": "Selenge" }, "geometry": { "type": "Polygon", "coordinates": [ [ [ 104.519119262695312, 49.106017014812096 ], [ 104.536285400390625, 49.152969656170391 ], [ 104.54864501953125, 49.228360140901287 ], [ 104.5953369140625, 49.365383411439602 ], [ 104.61181640625, 49.399356290683897 ], [ 104.640655517578125, 49.435984899682005 ], [ 104.665374755859375, 49.487754296905671 ], [ 104.670867919921875, 49.544815685044512 ], [ 104.673614501953125, 49.644512955740211 ], [ 104.732666015625, 49.686289508355735 ], [ 104.688720703125, 49.737794107872091 ], [ 104.582977294921875, 49.812290165262212 ], [ 104.53216552734375, 49.853037105794357 ], [ 104.51568603515625, 49.900826671332233 ], [ 104.511566162109375, 49.983020075472226 ], [ 104.580230712890625, 49.98743510374161 ], [ 104.602203369140625, 49.993615462541136 ], [ 104.614562988281236, 50.008621598879401 ], [ 104.555511474609375, 50.050084778382583 ], [ 104.54864501953125, 50.100321886831068 ], [ 104.521179199218736, 50.149626392926649 ], [ 104.451141357421861, 50.215579670037258 ], [ 104.360675811767578, 50.26454594544213 ], [ 104.359130859375, 50.261253827584703 ], [ 104.3865966796875, 50.313900411073007 ], [ 104.512939453124986, 50.320915555362177 ], [ 104.556884765625, 50.310392450719149 ], [ 104.6502685546875, 50.334942738432993 ], [ 104.677734374999986, 50.366488762738264 ], [ 104.771118164062486, 50.345460408604801 ], [ 104.8590087890625, 50.373496144303502 ], [ 104.8974609375, 50.408517530697289 ], [ 105.018310546875, 50.394512080233739 ], [ 105.150146484375, 50.401515322782366 ], [ 105.27099609375, 50.440014664018136 ], [ 105.2764892578125, 50.474986912786306 ], [ 105.3314208984375, 50.481978259972912 ], [ 105.413818359375, 50.450509053586615 ], [ 105.523681640625, 50.461001115992318 ], [ 105.6170654296875, 50.440014664018136 ], [ 105.721435546874986, 50.433017111356605 ], [ 105.7928466796875, 50.447011182312195 ], [ 105.919189453125, 50.422518842819159 ], [ 106.0675048828125, 50.405016556066023 ], [ 106.094970703125, 50.348965781145068 ], [ 106.171875, 50.341954777309994 ], [ 106.2872314453125, 50.310392450719149 ], [ 106.4300537109375, 50.327929664466296 ], [ 106.4794921875, 50.317408112618686 ], [ 106.4959716796875, 50.345460408604801 ], [ 106.80908203125, 50.306884231551166 ], [ 107.017822265625, 50.205033264943317 ], [ 107.083740234375, 50.064191736659104 ], [ 107.281494140624986, 49.990083926193954 ], [ 107.3309326171875, 50.004208515595614 ], [ 107.468261718749986, 49.983020075472226 ], [ 107.7264404296875, 49.975955187343303 ], [ 107.803344726562486, 49.940615184019883 ], [ 107.9681396484375, 49.940615184019883 ], [ 107.9351806640625, 49.862775853413211 ], [ 107.9791259765625, 49.809631563563094 ], [ 107.9461669921875, 49.720927926703347 ], [ 108.017578125, 49.667627822621917 ], [ 108.292236328125, 49.539469007935338 ], [ 108.3636474609375, 49.421694060849241 ], [ 108.528442382812486, 49.325121991040007 ], [ 108.571186065673814, 49.331163304362519 ], [ 108.57152938842772, 49.331163304362519 ], [ 108.533935546875, 49.224772722794825 ], [ 108.521404266357422, 49.12410690961098 ], [ 108.522262573242188, 49.124668601968175 ], [ 108.444671630859375, 49.12511795127304 ], [ 108.3306884765625, 49.1170290407793 ], [ 108.238677978515625, 49.08915713896701 ], [ 108.16314697265625, 49.059469847170526 ], [ 108.087615966796875, 49.009951597470518 ], [ 107.990112304687486, 49.0549702248979 ], [ 107.91046142578125, 49.074765516185003 ], [ 107.85552978515625, 49.076564697109397 ], [ 107.7923583984375, 49.076564697109397 ], [ 107.672882080078125, 49.05677012268616 ], [ 107.59185791015625, 49.017157315497165 ], [ 107.53143310546875, 48.977512958700693 ], [ 107.595977783203125, 48.898129571811261 ], [ 107.631683349609361, 48.879167148960214 ], [ 107.705841064453125, 48.857487002645485 ], [ 107.730560302734375, 48.835797462430932 ], [ 107.73468017578125, 48.81048112472012 ], [ 107.71270751953125, 48.758904775845053 ], [ 107.670135498046875, 48.685520874402009 ], [ 107.650909423828125, 48.645613131628942 ], [ 107.626190185546875, 48.63018576693964 ], [ 107.5836181640625, 48.625647408828513 ], [ 107.523193359374986, 48.631093389583981 ], [ 107.468261718749986, 48.607489894751758 ], [ 107.25128173828125, 48.558431982894355 ], [ 107.20184326171875, 48.599316882708067 ], [ 107.142791748046875, 48.615661584266824 ], [ 107.093353271484375, 48.617477335672334 ], [ 106.983489990234375, 48.602041367006528 ], [ 106.8695068359375, 48.602041367006528 ], [ 106.824188232421875, 48.579332840844067 ], [ 106.7596435546875, 48.532975799741635 ], [ 106.688232421874986, 48.516604348867475 ], [ 106.578369140625, 48.52933815687993 ], [ 106.47674560546875, 48.56024979174331 ], [ 106.463012695312486, 48.582966890844183 ], [ 106.446533203124986, 48.592050872804194 ], [ 106.171875, 48.68733411186308 ], [ 106.111450195312486, 48.660128694538358 ], [ 106.0675048828125, 48.64833511799889 ], [ 106.013946533203125, 48.669198799260045 ], [ 105.98785400390625, 48.688240706111038 ], [ 106.009826660156236, 48.731738037020946 ], [ 106.026306152343736, 48.768862233977529 ], [ 106.019439697265625, 48.809576733280238 ], [ 105.9686279296875, 48.843932140920117 ], [ 105.829925537109375, 48.865618158309374 ], [ 105.651397705078111, 48.835797462430932 ], [ 105.57037353515625, 48.816811408054306 ], [ 105.445404052734375, 48.75799945448167 ], [ 105.49346923828125, 48.645613131628942 ], [ 105.31768798828125, 48.591142548088087 ], [ 105.2490234375, 48.56024979174331 ], [ 105.15838623046875, 48.545705491847464 ], [ 105.06500244140625, 48.511146022547344 ], [ 104.99359130859375, 48.507506811647325 ], [ 104.8809814453125, 48.538431774050437 ], [ 104.528045654296875, 48.625647408828513 ], [ 104.528217315673828, 48.625760872755635 ], [ 104.519805908203125, 48.661035778466022 ], [ 104.51568603515625, 48.732643831588348 ], [ 104.544525146484361, 48.786961645533275 ], [ 104.47723388671875, 48.839413038195012 ], [ 104.378013610839844, 48.89948375541988 ], [ 104.376983642578125, 48.899935141803262 ], [ 104.47723388671875, 48.942347261978476 ], [ 104.561004638671875, 48.994635983534081 ], [ 104.57061767578125, 49.026162996368946 ], [ 104.53765869140625, 49.069367582410393 ], [ 104.5184326171875, 49.105342729732754 ], [ 104.519119262695312, 49.106017014812096 ] ], [ [ 106.138916015625, 49.818493001314742 ], [ 106.138916015625, 49.733356207331582 ], [ 106.072998046874986, 49.678292519944563 ], [ 106.04278564453125, 49.617828312111172 ], [ 106.14990234375, 49.585787441122378 ], [ 106.24603271484375, 49.551943677794902 ], [ 106.380615234375, 49.521642525379747 ], [ 106.46026611328125, 49.560852206191882 ], [ 106.49871826171875, 49.608930182115287 ], [ 106.67449951171875, 49.560852206191882 ], [ 106.7596435546875, 49.528773898522147 ], [ 106.80084228515625, 49.471693785246742 ], [ 106.80084228515625, 49.371643338261421 ], [ 106.7816162109375, 49.266012306543971 ], [ 106.7926025390625, 49.2032427441791 ], [ 106.798095703124986, 49.133205542479068 ], [ 106.600341796875, 49.086459027368335 ], [ 106.454772949218736, 49.129611220370187 ], [ 106.38336181640625, 49.156562284533429 ], [ 106.353149414062486, 49.18349869228674 ], [ 106.20758056640625, 49.163746759588975 ], [ 106.14715576171875, 49.14219020768315 ], [ 106.094970703125, 49.104443668707333 ], [ 106.051025390625, 49.095452162534826 ], [ 105.80108642578125, 49.131408413998599 ], [ 105.823059082031236, 49.152969656170391 ], [ 105.89447021484375, 49.448485968856943 ], [ 105.893096923828111, 49.506484903584074 ], [ 105.8642578125, 49.54125129864412 ], [ 105.8587646484375, 49.577773933420914 ], [ 105.839538574218736, 49.607150361175158 ], [ 105.8367919921875, 49.683623991698084 ], [ 105.924682617187486, 49.742231602580716 ], [ 106.0235595703125, 49.786584231227586 ], [ 106.138916015625, 49.818493001314742 ] ] ] } },
{ "type": "Feature", "properties": { "Aimag": "Sukhbaatar" }, "geometry": { "type": "Polygon", "coordinates": [ [ [ 111.166877746582031, 46.231390521040908 ], [ 111.2200927734375, 46.324171617256937 ], [ 111.26129150390625, 46.432178253009411 ], [ 111.24755859375, 46.49082901981415 ], [ 111.225585937499986, 46.575854812407727 ], [ 111.24481201171875, 46.66074749832071 ], [ 111.29974365234375, 46.73233101286786 ], [ 111.390380859374986, 46.792538270359792 ], [ 111.37939453125, 46.854556538855746 ], [ 111.3848876953125, 46.908998382774477 ], [ 111.420593261718736, 46.967133749572511 ], [ 111.434326171875, 47.023333688184934 ], [ 111.46453857421875, 47.133687832776076 ], [ 111.54693603515625, 47.253135632244216 ], [ 111.670532226562486, 47.329515609509563 ], [ 111.796875, 47.379754384008159 ], [ 112.065353393554688, 47.316482934283322 ], [ 112.048873901367188, 47.381614160856806 ], [ 112.049560546875, 47.498647859705017 ], [ 112.0770263671875, 47.609866530037984 ], [ 112.1484375, 47.667237034505156 ], [ 112.2802734375, 47.711609647845975 ], [ 112.395629882812486, 47.761483716166687 ], [ 112.5494384765625, 47.79286140021344 ], [ 112.684020996093736, 47.79286140021344 ], [ 112.693634033203125, 47.79378398661931 ], [ 112.70050048828125, 47.724544549099676 ], [ 112.74169921875, 47.576525713746207 ], [ 112.87353515625, 47.60616304386874 ], [ 112.9669189453125, 47.613569753973955 ], [ 113.10150146484375, 47.587641679415128 ], [ 113.175659179687486, 47.559847339563092 ], [ 113.61785888671875, 47.513490654843267 ], [ 113.675537109375, 47.515345709130202 ], [ 113.8128662109375, 47.468949677672484 ], [ 113.9666748046875, 47.364873807434094 ], [ 114.071044921875, 47.323930570959412 ], [ 114.180908203124986, 47.253135632244216 ], [ 114.4720458984375, 47.126213417952272 ], [ 114.423980712890625, 47.000860805252117 ], [ 114.4171142578125, 46.896800703994309 ], [ 114.43634033203125, 46.825435656353896 ], [ 114.522857666015625, 46.767146538710271 ], [ 114.6807861328125, 46.705969179286761 ], [ 114.895019531249986, 46.498392258597633 ], [ 115.224609375, 46.545638670358571 ], [ 115.5596923828125, 46.543749602738565 ], [ 115.6805419921875, 46.581518465658014 ], [ 116.19415283203125, 46.592843997427394 ], [ 116.2847900390625, 46.573966796527799 ], [ 116.342468261718736, 46.511625395437925 ], [ 116.541595458984375, 46.236852581439919 ], [ 116.542282104492188, 46.237327517522289 ], [ 116.534042358398438, 46.224027753390807 ], [ 116.442031860351562, 46.141306975217049 ], [ 116.409072875976562, 46.12608040848373 ], [ 116.27655029296875, 45.97024259702345 ], [ 116.25457763671875, 45.939690782340001 ], [ 116.25457763671875, 45.905299857247961 ], [ 116.232604980468736, 45.878536621145138 ], [ 116.25457763671875, 45.865150166790585 ], [ 116.279296874999986, 45.8421944579529 ], [ 116.27105712890625, 45.817315080406246 ], [ 116.279296874999986, 45.77135470445036 ], [ 116.218872070312486, 45.745485335571558 ], [ 116.216125488281236, 45.723918366334765 ], [ 116.183853149414062, 45.693230996738237 ], [ 116.14471435546875, 45.680279709584589 ], [ 116.133041381835938, 45.680279709584589 ], [ 116.110382080078111, 45.673083254368258 ], [ 116.067123413085938, 45.684597138477933 ], [ 116.030044555664048, 45.679320235695378 ], [ 116.025238037109375, 45.654848092359742 ], [ 115.9332275390625, 45.635166650673128 ], [ 115.889282226562486, 45.585211978094009 ], [ 115.691528320312514, 45.454350939222067 ], [ 115.375671386718736, 45.390735154248894 ], [ 114.955444335937486, 45.375302350525523 ], [ 114.7412109375, 45.435080998384521 ], [ 114.5489501953125, 45.383019278990652 ], [ 114.524230957031236, 45.290346624736152 ], [ 114.38690185546875, 45.145241969752753 ], [ 114.19464111328125, 45.044418704364148 ], [ 114.142456054687486, 44.984227835166486 ], [ 114.05181884765625, 44.92202896709906 ], [ 113.900756835937486, 44.914249368747086 ], [ 113.85955810546875, 44.869496237721883 ], [ 113.79638671875, 44.851974663349871 ], [ 113.62884521484375, 44.746733240246783 ], [ 113.5052490234375, 44.772086681970812 ], [ 113.13720703125, 44.793530904744074 ], [ 112.933959960937486, 44.838343085666509 ], [ 112.84881591796875, 44.840290651397993 ], [ 112.58514404296875, 44.929807512153914 ], [ 112.51922607421875, 45.011418642277278 ], [ 112.41485595703125, 45.077399741226372 ], [ 112.3736572265625, 45.061881623213026 ], [ 112.107238769531236, 45.075460206883591 ], [ 112.060546874999986, 45.098730274149091 ], [ 111.97265625, 45.086126831109596 ], [ 111.95343017578125, 45.073035696380117 ], [ 111.95343017578125, 45.071944633095136 ], [ 111.939697265625, 45.087581216485262 ], [ 111.912231445312486, 45.172356281266751 ], [ 111.912231445312486, 45.216873210932668 ], [ 111.9232177734375, 45.27681919090837 ], [ 111.9012451171875, 45.321254361171476 ], [ 111.80511474609375, 45.410020234639752 ], [ 111.7529296875, 45.492871074059288 ], [ 111.68426513671875, 45.533288879467456 ], [ 111.7144775390625, 45.727273775260088 ], [ 111.70074462890625, 45.922497984579934 ], [ 111.61834716796875, 46.061796984662159 ], [ 111.57989501953125, 46.094186149226481 ], [ 111.5057373046875, 46.115133713265415 ], [ 111.36566162109375, 46.174124934404013 ], [ 111.166534423828125, 46.230203044669985 ], [ 111.166877746582031, 46.231390521040908 ] ] ] } },
{ "type": "Feature", "properties": { "Aimag": "Tuv" }, "geometry": { "type": "Polygon", "coordinates": [ [ [ 104.147644042968736, 47.29809208596965 ], [ 104.16961669921875, 47.329515609509563 ], [ 104.170989990234361, 47.35650163792198 ], [ 104.138031005859375, 47.386263315961884 ], [ 104.095458984375, 47.412291007553847 ], [ 104.07073974609375, 47.470806305936264 ], [ 104.15313720703125, 47.525547335516556 ], [ 104.289093017578125, 47.58486290927609 ], [ 104.38385009765625, 47.600607322920673 ], [ 104.4854736328125, 47.598755284818012 ], [ 104.51019287109375, 47.628380027447136 ], [ 104.52392578125, 47.653362850449867 ], [ 104.646148681640611, 47.655212954688331 ], [ 104.7601318359375, 47.661687803329173 ], [ 104.72991943359375, 47.7263921299974 ], [ 104.695587158203125, 47.828830133209628 ], [ 104.69146728515625, 47.897930761804936 ], [ 104.710693359375, 47.909898837712888 ], [ 104.709320068359375, 47.933826688535746 ], [ 104.68597412109375, 47.954064687296885 ], [ 104.665374755859375, 47.947626183528691 ], [ 104.550018310546875, 47.949465837887018 ], [ 104.44976806640625, 47.967858779992532 ], [ 104.393463134765625, 47.986245174262059 ], [ 104.37835693359375, 48.058807426879575 ], [ 104.33990478515625, 48.105597164021518 ], [ 104.286346435546875, 48.143181585289554 ], [ 104.333038330078125, 48.194471974688206 ], [ 104.363250732421875, 48.256684207548517 ], [ 104.398956298828125, 48.29781249243716 ], [ 104.436035156249986, 48.324299844427543 ], [ 104.503326416015625, 48.355336473558054 ], [ 104.534912109375, 48.421910109428751 ], [ 104.538345336914062, 48.534794523175222 ], [ 104.528388977050781, 48.625647408828513 ], [ 104.528045654296875, 48.625647408828513 ], [ 104.8809814453125, 48.538431774050437 ], [ 104.99359130859375, 48.507506811647325 ], [ 105.06500244140625, 48.511146022547344 ], [ 105.15838623046875, 48.545705491847464 ], [ 105.2490234375, 48.56024979174331 ], [ 105.31768798828125, 48.591142548088087 ], [ 105.49346923828125, 48.645613131628942 ], [ 105.445404052734375, 48.75799945448167 ], [ 105.57037353515625, 48.816811408054306 ], [ 105.651397705078111, 48.835797462430932 ], [ 105.829925537109375, 48.865618158309374 ], [ 105.9686279296875, 48.843932140920117 ], [ 106.019439697265625, 48.809576733280238 ], [ 106.026306152343736, 48.768862233977529 ], [ 106.009826660156236, 48.731738037020946 ], [ 105.98785400390625, 48.688240706111038 ], [ 106.013946533203125, 48.669198799260045 ], [ 106.0675048828125, 48.64833511799889 ], [ 106.111450195312486, 48.660128694538358 ], [ 106.171875, 48.68733411186308 ], [ 106.446533203124986, 48.592050872804194 ], [ 106.463012695312486, 48.582966890844183 ], [ 106.47674560546875, 48.56024979174331 ], [ 106.578369140625, 48.52933815687993 ], [ 106.688232421874986, 48.516604348867475 ], [ 106.7596435546875, 48.532975799741635 ], [ 106.824188232421875, 48.579332840844067 ], [ 106.8695068359375, 48.602041367006528 ], [ 106.983489990234375, 48.602041367006528 ], [ 107.093353271484375, 48.617477335672334 ], [ 107.142791748046875, 48.615661584266824 ], [ 107.20184326171875, 48.599316882708067 ], [ 107.25128173828125, 48.558431982894355 ], [ 107.468261718749986, 48.607489894751758 ], [ 107.523193359374986, 48.631093389583981 ], [ 107.5836181640625, 48.625647408828513 ], [ 107.626190185546875, 48.63018576693964 ], [ 107.650909423828125, 48.645613131628942 ], [ 107.670135498046875, 48.685520874402009 ], [ 107.71270751953125, 48.758904775845053 ], [ 107.73468017578125, 48.81048112472012 ], [ 107.730560302734375, 48.835797462430932 ], [ 107.705841064453125, 48.857487002645485 ], [ 107.631683349609361, 48.879167148960214 ], [ 107.595977783203125, 48.898129571811261 ], [ 107.53143310546875, 48.977512958700693 ], [ 107.59185791015625, 49.017157315497165 ], [ 107.672882080078125, 49.05677012268616 ], [ 107.7923583984375, 49.076564697109397 ], [ 107.85552978515625, 49.076564697109397 ], [ 107.91046142578125, 49.074765516185003 ], [ 107.990112304687486, 49.0549702248979 ], [ 108.087615966796875, 49.009951597470518 ], [ 108.16314697265625, 49.059469847170526 ], [ 108.238677978515625, 49.08915713896701 ], [ 108.3306884765625, 49.1170290407793 ], [ 108.444671630859375, 49.12511795127304 ], [ 108.522262573242188, 49.124668601968175 ], [ 108.520889282226548, 49.124668601968175 ], [ 108.7481689453125, 48.963990624864145 ], [ 108.8580322265625, 48.806863461085172 ], [ 108.87451171875, 48.747134325420042 ], [ 108.918457031249986, 48.66557095325139 ], [ 108.95965576171875, 48.525700252688765 ], [ 109.017333984375, 48.407326079729842 ], [ 109.04205322265625, 48.321560411095987 ], [ 109.003601074218736, 48.23930899024905 ], [ 108.96240234375, 48.217352909285538 ], [ 108.929443359375, 48.175244089902151 ], [ 108.8909912109375, 48.08358376568458 ], [ 108.775634765625, 48.028509034432986 ], [ 108.6712646484375, 47.960502388915089 ], [ 108.545951843261719, 47.922094221560471 ], [ 108.452224731445312, 47.904835758682552 ], [ 108.452911376953125, 47.905296059060888 ], [ 108.353347778320312, 47.918182807791972 ], [ 108.277130126953125, 47.868919717114395 ], [ 108.248291015624986, 47.842657628165348 ], [ 108.235244750976562, 47.82375912844477 ], [ 108.21258544921875, 47.782711868678575 ], [ 108.201599121093736, 47.750404718274311 ], [ 108.199539184570312, 47.714381682734256 ], [ 108.219451904296875, 47.660300403359599 ], [ 108.227005004882812, 47.620049764872412 ], [ 108.259963989257812, 47.588567903346608 ], [ 108.301849365234375, 47.572819867338708 ], [ 108.3526611328125, 47.563554103908089 ], [ 108.3526611328125, 47.564480754014248 ], [ 108.5064697265625, 47.349989032003215 ], [ 108.5394287109375, 47.264320080254777 ], [ 108.599853515625, 47.223298886857727 ], [ 108.643798828125, 47.103783870991613 ], [ 108.7261962890625, 47.021461309117271 ], [ 108.820953369140625, 46.98118927533914 ], [ 108.820953369140625, 46.98025235521883 ], [ 108.7591552734375, 46.894923891703606 ], [ 108.70697021484375, 46.861130037658121 ], [ 108.47900390625, 46.780314116560163 ], [ 108.201599121093736, 46.815098645992428 ], [ 108.04779052734375, 46.803819640791566 ], [ 108.003158569335938, 46.793478474902564 ], [ 107.956809997558594, 46.774671263140988 ], [ 107.9571533203125, 46.775141523511913 ], [ 107.856216430664062, 46.761972680830375 ], [ 107.850723266601548, 46.722917550837572 ], [ 107.840423583984375, 46.68336307047754 ], [ 107.835617065429688, 46.623505430109738 ], [ 107.818450927734375, 46.585765817371509 ], [ 107.782745361328125, 46.566414075685927 ], [ 107.748413085937486, 46.559804582205111 ], [ 107.674942016601562, 46.553666474384535 ], [ 107.63031005859375, 46.542332758884484 ], [ 107.602157592773438, 46.527689873863785 ], [ 107.53692626953125, 46.464822363804686 ], [ 107.369384765625, 46.418925787080759 ], [ 107.1002197265625, 46.403776166694634 ], [ 107.03704833984375, 46.432178253009411 ], [ 106.898345947265625, 46.526745036021474 ], [ 106.799468994140625, 46.559804582205111 ], [ 106.68548583984375, 46.574910812684244 ], [ 106.16363525390625, 46.575854812407727 ], [ 106.1224365234375, 46.617374532060765 ], [ 106.05926513671875, 46.634350702935663 ], [ 105.91094970703125, 46.6795944656402 ], [ 105.84228515625, 46.724800374667169 ], [ 105.7598876953125, 46.736095937701208 ], [ 105.65826416015625, 46.71350244599995 ], [ 105.4742431640625, 46.543749602738565 ], [ 105.394592285156236, 46.437856895024225 ], [ 105.22979736328125, 46.526745036021474 ], [ 104.966125488281236, 46.590956573124522 ], [ 104.856262207031236, 46.496501547514256 ], [ 104.776611328125, 46.460565545785428 ], [ 104.653530120849609, 46.380451731783644 ], [ 104.653186798095703, 46.380570155101864 ], [ 104.607696533203111, 46.417979059090115 ], [ 104.56512451171875, 46.443534945303284 ], [ 104.43878173828125, 46.505954445520509 ], [ 104.403076171875, 46.52863469527167 ], [ 104.39208984375, 46.569246469250054 ], [ 104.39208984375, 46.656977316216121 ], [ 104.3756103515625, 46.704085698322551 ], [ 104.34814453125, 46.73233101286786 ], [ 104.32342529296875, 46.769968433569822 ], [ 104.234161376953125, 46.853617401905105 ], [ 104.2657470703125, 46.879907028609189 ], [ 104.30145263671875, 46.896800703994309 ], [ 104.34539794921875, 46.903369029728054 ], [ 104.35638427734375, 46.958698660863789 ], [ 104.3536376953125, 46.997114405385986 ], [ 104.335784912109375, 47.034566583590426 ], [ 104.311065673828111, 47.056089692263662 ], [ 104.249267578125, 47.095370353510241 ], [ 104.201202392578111, 47.124344650121884 ], [ 104.170989990234361, 47.160773781516603 ], [ 104.15313720703125, 47.215837075237943 ], [ 104.1448974609375, 47.259194168186262 ], [ 104.148330688476562, 47.298790589497322 ], [ 104.147644042968736, 47.29809208596965 ] ], [ [ 106.35589599609375, 48.258512834399887 ], [ 106.585235595703125, 48.228332127214934 ], [ 106.785736083984375, 48.198133611135823 ], [ 106.875, 48.173412486580837 ], [ 106.928558349609375, 48.177075627796142 ], [ 107.098846435546875, 48.220097934544881 ], [ 107.14691162109375, 48.152344345643336 ], [ 107.197723388671875, 48.115683488677305 ], [ 107.260894775390625, 48.045955739960114 ], [ 107.33367919921875, 47.98532601005293 ], [ 107.384490966796875, 47.964180715412276 ], [ 107.447662353515625, 47.957743472157112 ], [ 107.538299560546861, 47.934746769467786 ], [ 107.574005126953125, 47.910819344324082 ], [ 107.565765380859375, 47.854638476529935 ], [ 107.543792724609375, 47.778097790047838 ], [ 107.51220703125, 47.669086647137576 ], [ 107.508087158203125, 47.650587571187337 ], [ 107.4078369140625, 47.63763431783611 ], [ 107.315826416015625, 47.636708962544567 ], [ 107.2320556640625, 47.651512680662222 ], [ 107.123565673828125, 47.711609647845975 ], [ 107.03704833984375, 47.732858147066494 ], [ 106.938171386718736, 47.737476239196262 ], [ 106.664886474609361, 47.711609647845975 ], [ 106.60858154296875, 47.7263921299974 ], [ 106.541290283203125, 47.737476239196262 ], [ 106.502838134765625, 47.769791416536378 ], [ 106.4959716796875, 47.814998953281084 ], [ 106.49871826171875, 47.862931288763463 ], [ 106.468505859375, 47.931066347509784 ], [ 106.4300537109375, 47.96601978044179 ], [ 106.42181396484375, 48.098260411732674 ], [ 106.392288208007798, 48.165169461958683 ], [ 106.375808715820312, 48.211862417203214 ], [ 106.35589599609375, 48.258512834399887 ] ], [ [ 107.559585571289062, 47.352780247239586 ], [ 107.543106079101562, 47.326723164050591 ], [ 107.484054565429673, 47.3136897998641 ], [ 107.438735961914062, 47.311827628230446 ], [ 107.4078369140625, 47.320206883852414 ], [ 107.390670776367173, 47.33789206010502 ], [ 107.381744384765625, 47.353245435426906 ], [ 107.3858642578125, 47.377894541555207 ], [ 107.408523559570312, 47.393701111292451 ], [ 107.4462890625, 47.404855836246135 ], [ 107.495040893554688, 47.408108852840932 ], [ 107.52593994140625, 47.397884409902872 ], [ 107.545166015625, 47.379754384008159 ], [ 107.559585571289062, 47.352780247239586 ] ] ] } },
{ "type": "Feature", "properties": { "Aimag": "Umnugovi" }, "geometry": { "type": "Polygon", "coordinates": [ [ [ 99.596879482269287, 42.57930224162034 ], [ 99.5965576171875, 42.73289174571287 ], [ 99.580078125, 42.859859815062791 ], [ 99.492187499999986, 43.203173782105814 ], [ 99.4482421875, 43.51668853502909 ], [ 99.445495605468736, 43.854335770789604 ], [ 99.415283203124986, 44.050089820756796 ], [ 99.453735351562486, 44.107309807340243 ], [ 99.55810546875, 44.125056482685146 ], [ 99.64324951171875, 44.140826830775552 ], [ 99.7833251953125, 44.14476875978378 ], [ 99.91790771484375, 44.073773767893471 ], [ 100.01678466796875, 44.04219306625442 ], [ 100.23101806640625, 43.850374499302603 ], [ 100.40130615234375, 43.810747313446996 ], [ 100.58258056640625, 43.832545521605887 ], [ 101.15936279296875, 43.836507977090953 ], [ 101.2774658203125, 43.848393764891568 ], [ 101.4093017578125, 43.897892391257969 ], [ 101.74713134765625, 43.996766298968247 ], [ 101.807727813720703, 44.048979403265193 ], [ 101.80755615234375, 44.050089820756796 ], [ 102.06298828125, 44.117169729420858 ], [ 102.3870849609375, 44.156592967556605 ], [ 102.996826171875, 44.154622430767311 ], [ 102.93365478515625, 44.264871151101985 ], [ 102.93365478515625, 44.314022698837775 ], [ 102.9638671875, 44.36902359940364 ], [ 103.03802490234375, 44.439663223436106 ], [ 103.079223632812486, 44.555249259710656 ], [ 103.2440185546875, 44.801326829048563 ], [ 103.31817626953125, 44.824708282300236 ], [ 103.35113525390625, 44.885066494014708 ], [ 103.5736083984375, 44.966741217055343 ], [ 103.710937499999986, 45.067701411201433 ], [ 103.7823486328125, 45.170419972626668 ], [ 103.7823486328125, 45.172356281266751 ], [ 104.01031494140625, 45.183972750675657 ], [ 104.10919189453125, 45.201393011268983 ], [ 104.168243408203125, 45.097760877277096 ], [ 104.209442138671861, 44.949249266611531 ], [ 104.267120361328125, 44.832499993490622 ], [ 104.359130859375, 44.774036485915239 ], [ 104.714813232421875, 44.715513732021336 ], [ 104.817810058593736, 44.685253763150662 ], [ 104.996337890624986, 44.669629526920133 ], [ 105.126800537109375, 44.687206496456966 ], [ 105.420684814453125, 44.687206496456966 ], [ 105.50445556640625, 44.677442171652508 ], [ 105.5731201171875, 44.559163415291842 ], [ 105.7159423828125, 44.411221411898957 ], [ 105.74066162109375, 44.346440187917892 ], [ 105.76263427734375, 44.312057426666179 ], [ 105.805206298828125, 44.288469027276506 ], [ 105.961761474609375, 44.193036028842151 ], [ 106.060638427734375, 44.178264529225757 ], [ 106.13067626953125, 44.182203957715657 ], [ 106.228179931640611, 44.197959039485312 ], [ 106.292724609375, 44.218631192937238 ], [ 106.3641357421875, 44.265854585146684 ], [ 106.423187255859361, 44.292401085290052 ], [ 106.50421142578125, 44.308126684886126 ], [ 106.576995849609375, 44.351350365612305 ], [ 106.681365966796861, 44.38865427337759 ], [ 106.788482666015625, 44.430837935246849 ], [ 106.931304931640625, 44.457309801319305 ], [ 107.18536376953125, 44.491607329696045 ], [ 107.247161865234375, 44.509238209455191 ], [ 107.296600341796861, 44.516093222849307 ], [ 107.337799072265625, 44.512176171071054 ], [ 107.413330078124986, 44.492586962886037 ], [ 107.450408935546875, 44.491607329696045 ], [ 107.491607666015611, 44.496505331093481 ], [ 107.578125, 44.520989167323734 ], [ 107.687301635742173, 44.554270679675696 ], [ 107.68798828125, 44.555249259710656 ], [ 107.648162841796861, 44.363133113807713 ], [ 107.64678955078125, 44.304195679857621 ], [ 107.7923583984375, 44.109281923355645 ], [ 107.83355712890625, 43.988862438849033 ], [ 107.85552978515625, 43.90778718292443 ], [ 107.95440673828125, 43.697665496666779 ], [ 107.9571533203125, 43.61619382369188 ], [ 107.93792724609375, 43.522663487526629 ], [ 107.9296875, 43.311189652385117 ], [ 107.951660156249986, 43.257205668363206 ], [ 108.00384521484375, 43.171132284744793 ], [ 108.017578125, 43.028745251348802 ], [ 108.0340576171875, 42.936317757652368 ], [ 108.0120849609375, 42.853819624121329 ], [ 108.00933837890625, 42.700604408080849 ], [ 107.9791259765625, 42.589488572714245 ], [ 107.983932495117188, 42.428778400247829 ], [ 107.9791259765625, 42.412304442420684 ], [ 107.977752685546875, 42.412304442420684 ], [ 107.953033447265625, 42.412304442420684 ], [ 107.917327880859375, 42.401150383624334 ], [ 107.82806396484375, 42.411290519028199 ], [ 107.563018798828125, 42.411290519028199 ], [ 107.4957275390625, 42.455887641971657 ], [ 107.4407958984375, 42.463992800170601 ], [ 107.2869873046875, 42.411290519028199 ], [ 107.24853515625, 42.362602921719954 ], [ 107.039794921874986, 42.313877566161864 ], [ 106.7706298828125, 42.293564192170095 ], [ 105.589599609374986, 41.898188430430444 ], [ 105.281982421875, 41.746725841769369 ], [ 105.216064453125, 41.742627286376717 ], [ 105.0018310546875, 41.582579601430346 ], [ 104.9139404296875, 41.648288312595348 ], [ 104.6722412109375, 41.640078384678937 ], [ 104.512939453124986, 41.65649719441145 ], [ 104.5184326171875, 41.87774145109676 ], [ 104.0679931640625, 41.808172774782349 ], [ 103.8482666015625, 41.795888098191426 ], [ 103.375854492187486, 41.89409955811395 ], [ 102.7056884765625, 42.143041562909417 ], [ 102.535400390625, 42.159331576017181 ], [ 102.4365234375, 42.143041562909417 ], [ 102.073974609375, 42.224449701009725 ], [ 101.7938232421875, 42.504502852990512 ], [ 101.629028320312486, 42.52069952914966 ], [ 100.8599853515625, 42.670319772519079 ], [ 100.327148437499986, 42.690511169982408 ], [ 100.2667236328125, 42.637999889074081 ], [ 99.9700927734375, 42.642040793044281 ], [ 99.5965576171875, 42.5808940890009 ], [ 99.596879482269287, 42.57930224162034 ] ] ] } },
{ "type": "Feature", "properties": { "Aimag": "Uvs" }, "geometry": { "type": "Polygon", "coordinates": [ [ [ 90.02523154020308, 50.000284668486437 ], [ 90.025226175785065, 50.00028811664734 ], [ 90.00823974609375, 50.027152124306234 ], [ 90.00274658203125, 50.055375373800004 ], [ 90.06591796875, 50.092393210938802 ], [ 90.17303466796875, 50.106487727673347 ], [ 90.238952636718736, 50.102964487233528 ], [ 90.285644531249986, 50.113533431099697 ], [ 90.332336425781236, 50.155785885384553 ], [ 90.39825439453125, 50.198001033269506 ], [ 90.46142578125, 50.194484528931746 ], [ 90.48614501953125, 50.212064460653728 ], [ 90.48614501953125, 50.230516420816933 ], [ 90.5438232421875, 50.242813762392373 ], [ 90.597381591796861, 50.238422218817277 ], [ 90.646820068359375, 50.22436656050062 ], [ 90.67291259765625, 50.210306758845149 ], [ 90.7305908203125, 50.244570266540819 ], [ 90.707244873046875, 50.313900411073007 ], [ 90.77728271484375, 50.339325384027653 ], [ 90.797882080078125, 50.327052957438326 ], [ 90.82672119140625, 50.356851923320505 ], [ 90.850067138671875, 50.345460408604801 ], [ 90.87890625, 50.354223354803878 ], [ 90.9063720703125, 50.347213127218872 ], [ 90.90362548828125, 50.394512080233739 ], [ 90.904998779296875, 50.412893385265612 ], [ 90.973663330078125, 50.433017111356605 ], [ 91.094512939453125, 50.437390702987599 ], [ 91.1590576171875, 50.419893912003751 ], [ 91.290893554687486, 50.467994531475725 ], [ 91.322479248046861, 50.469742723755154 ], [ 91.40899658203125, 50.447885674372401 ], [ 91.39801025390625, 50.474986912786306 ], [ 91.40625, 50.488094840494767 ], [ 91.443328857421875, 50.49595785216966 ], [ 91.454315185546861, 50.546599206214189 ], [ 91.503753662109375, 50.562304440805732 ], [ 91.52984619140625, 50.582364626580485 ], [ 91.634216308593736, 50.58410858688503 ], [ 91.646575927734375, 50.588468205090237 ], [ 91.65069580078125, 50.641623049601776 ], [ 91.724853515625, 50.697327508282626 ], [ 91.800384521484375, 50.726024296594694 ], [ 91.855316162109375, 50.735585989021082 ], [ 91.95281982421875, 50.725154955049604 ], [ 92.072296142578125, 50.696457634386299 ], [ 92.27142333984375, 50.73819338460293 ], [ 92.304382324218736, 50.764259357116465 ], [ 92.29339599609375, 50.797255421448618 ], [ 92.32086181640625, 50.84237020615857 ], [ 92.304382324218736, 50.877044231111014 ], [ 92.351074218749986, 50.883975942251269 ], [ 92.4005126953125, 50.863177715135819 ], [ 92.40325927734375, 50.831962970535031 ], [ 92.4224853515625, 50.821553413922551 ], [ 92.4224853515625, 50.80419899467617 ], [ 92.4884033203125, 50.785101685481862 ], [ 92.56256103515625, 50.797255421448618 ], [ 92.61199951171875, 50.76078473271486 ], [ 92.603759765625, 50.743407740292128 ], [ 92.592773437499986, 50.726024296594694 ], [ 92.65045166015625, 50.705155647356897 ], [ 92.76031494140625, 50.732978448277521 ], [ 92.75482177734375, 50.767733723505344 ], [ 92.779541015625, 50.807670394378007 ], [ 92.90313720703125, 50.802463198098472 ], [ 92.92510986328125, 50.790310816413196 ], [ 92.95257568359375, 50.798991411485481 ], [ 93.0157470703125, 50.792047064406844 ], [ 93.021240234375, 50.715591133433833 ], [ 92.95806884765625, 50.666872321810715 ], [ 93.0047607421875, 50.607645730090638 ], [ 93.0487060546875, 50.618102904924783 ], [ 93.1365966796875, 50.583236614805905 ], [ 93.1365966796875, 50.600672988728547 ], [ 93.197021484375, 50.598929641946818 ], [ 93.251953125, 50.590211939351917 ], [ 93.2574462890625, 50.612874608080858 ], [ 93.31512451171875, 50.612874608080858 ], [ 93.33709716796875, 50.623330620643436 ], [ 93.35357666015625, 50.612874608080858 ], [ 93.416748046875, 50.621588113305407 ], [ 93.411254882812486, 50.637268354996714 ], [ 93.51837158203125, 50.618102904924783 ], [ 93.521118164062486, 50.602416270933027 ], [ 93.64471435546875, 50.607645730090638 ], [ 93.69415283203125, 50.584980542818023 ], [ 93.76007080078125, 50.595442754648431 ], [ 93.902893066406236, 50.591955609031643 ], [ 93.949584960937486, 50.581492622208735 ], [ 93.98529052734375, 50.602416270933027 ], [ 94.0374755859375, 50.591955609031643 ], [ 94.237976074218736, 50.590211939351917 ], [ 94.331359863281236, 50.543108443488386 ], [ 94.38079833984375, 50.226123744371364 ], [ 94.41375732421875, 50.201517278604761 ], [ 94.4659423828125, 50.199759188312086 ], [ 94.51263427734375, 50.171620937147338 ], [ 94.537353515625, 50.113533431099697 ], [ 94.58953857421875, 50.064191736659104 ], [ 94.60052490234375, 50.037737787320182 ], [ 94.76531982421875, 50.060665385936673 ], [ 94.9932861328125, 50.044793599665226 ], [ 95.01251220703125, 49.981253950698701 ], [ 95.08941650390625, 49.961822298684112 ], [ 95.42999267578125, 49.956521395491166 ], [ 95.504665374755845, 49.90668648593428 ], [ 95.504772663116455, 49.90668648593428 ], [ 95.493164062499986, 49.891095595736878 ], [ 95.492477416992188, 49.864988931406209 ], [ 95.497283935546875, 49.847281468659482 ], [ 95.449905395507812, 49.766187061680363 ], [ 95.410079956054688, 49.716488483906119 ], [ 95.426559448242188, 49.628059153387824 ], [ 95.456771850585938, 49.544815685044512 ], [ 95.475311279296875, 49.50202588554 ], [ 95.504837036132812, 49.476155566842031 ], [ 95.528182983398438, 49.460983851109482 ], [ 95.576248168945312, 49.449378780418314 ], [ 95.631179809570312, 49.418567384918859 ], [ 95.665512084960938, 49.390865272800113 ], [ 95.725936889648438, 49.359122687528746 ], [ 95.66070556640625, 49.2337407796959 ], [ 95.586547851562486, 49.192474238240038 ], [ 95.548095703124986, 49.109837790524388 ], [ 95.526123046875, 48.917084803847189 ], [ 95.501403808593736, 48.853872731656558 ], [ 95.44921875, 48.821332549646634 ], [ 95.32562255859375, 48.823140892101684 ], [ 95.23223876953125, 48.770672468805088 ], [ 95.11962890625, 48.707275415126773 ], [ 95.0592041015625, 48.68733411186308 ], [ 94.89166259765625, 48.68733411186308 ], [ 94.72686767578125, 48.680080770292875 ], [ 94.7021484375, 48.718149160264801 ], [ 94.537353515625, 48.714524839668393 ], [ 94.37530517578125, 48.73445537176822 ], [ 94.2132568359375, 48.777912755501845 ], [ 94.097900390624986, 48.79058074474321 ], [ 94.01275634765625, 48.741700879765396 ], [ 93.90838623046875, 48.709087869182113 ], [ 93.790283203125, 48.68733411186308 ], [ 93.71063232421875, 48.654685848172562 ], [ 93.67767333984375, 48.600225060468915 ], [ 93.66668701171875, 48.531157010976706 ], [ 93.60076904296875, 48.515694668649466 ], [ 93.57330322265625, 48.510236244324055 ], [ 93.50738525390625, 48.484755822057728 ], [ 93.451080322265611, 48.449243890328724 ], [ 93.429504632949815, 48.424288162838621 ], [ 93.429504632949815, 48.424295282591977 ], [ 93.371772766113281, 48.432845386474767 ], [ 93.3343505859375, 48.439906502387387 ], [ 93.312034606933594, 48.447649823664435 ], [ 93.273239135742188, 48.463815894066066 ], [ 93.256759643554688, 48.476107768969563 ], [ 93.220710754394531, 48.517741426170339 ], [ 93.190155029296875, 48.571836787562248 ], [ 93.168525695800781, 48.594094543714029 ], [ 93.150672912597656, 48.607035873223509 ], [ 93.12835693359375, 48.61861214713695 ], [ 93.082695007324219, 48.631093389583981 ], [ 93.055915832519531, 48.635631257919989 ], [ 93.027076721191406, 48.636765661232268 ], [ 92.99892425537108, 48.635404374196476 ], [ 92.973518371582031, 48.630639580302542 ], [ 92.960128784179688, 48.625874336427671 ], [ 92.94158935546875, 48.615888556764013 ], [ 92.912750244140611, 48.590007119230734 ], [ 92.887687683105469, 48.573426952346587 ], [ 92.865715026855455, 48.564339622814806 ], [ 92.823143005371094, 48.557295819191374 ], [ 92.7685546875, 48.56024979174331 ], [ 92.649078369140625, 48.595684008383039 ], [ 92.592773437499986, 48.605673784147427 ], [ 92.473297119140625, 48.620200840329829 ], [ 92.36480712890625, 48.623831951301121 ], [ 92.23297119140625, 48.621108642562383 ], [ 92.171173095703125, 48.748945343432936 ], [ 92.151947021484375, 48.771577561745623 ], [ 92.12310791015625, 48.78243740444988 ], [ 92.080535888671875, 48.78243740444988 ], [ 92.03521728515625, 48.778817717921036 ], [ 91.992645263671861, 48.783342285295475 ], [ 91.959686279296875, 48.803245536446497 ], [ 91.94732666015625, 48.827661462789415 ], [ 91.93359375, 48.898129571811261 ], [ 91.93634033203125, 48.935130721045326 ], [ 91.94183349609375, 48.969399998499519 ], [ 91.82647705078125, 48.961285717990322 ], [ 91.731719970703125, 48.943249256234296 ], [ 91.663055419921875, 48.915279853443806 ], [ 91.59576416015625, 48.858390529620401 ], [ 91.549072265625, 48.806863461085172 ], [ 91.451568603515625, 48.738983936650705 ], [ 91.338272094726548, 48.671855747342164 ], [ 91.338229179382324, 48.671919512374565 ], [ 91.319775581359863, 48.773698809393927 ], [ 91.2744140625, 48.873747993006901 ], [ 91.20849609375, 48.942347261978476 ], [ 91.11785888671875, 48.976611583877137 ], [ 91.02447509765625, 49.04506962208049 ], [ 91.002502441406236, 49.099048960478989 ], [ 90.9393310546875, 49.1888842152458 ], [ 90.8953857421875, 49.283931817956159 ], [ 90.81298828125, 49.307217450936093 ], [ 90.74432373046875, 49.300053812446883 ], [ 90.6646728515625, 49.334071820460593 ], [ 90.620727539062486, 49.402037359796452 ], [ 90.59051513671875, 49.428840000635219 ], [ 90.59051513671875, 49.471693785246742 ], [ 90.5108642578125, 49.582226044621699 ], [ 90.40924072265625, 49.648069803718805 ], [ 90.3021240234375, 49.692508478893274 ], [ 90.21697998046875, 49.742231602580716 ], [ 90.16754150390625, 49.807859081298325 ], [ 90.129089355468736, 49.917630270866894 ], [ 90.07965087890625, 49.974188803210907 ], [ 90.046005249023438, 49.983461596534674 ], [ 90.02523154020308, 50.000284668486437 ] ] ] } },
{ "type": "Feature", "properties": { "Aimag": "Uvurkhangai" }, "geometry": { "type": "Polygon", "coordinates": [ [ [ 101.288495063781738, 46.826199106709744 ], [ 101.413421630859375, 46.847982235308962 ], [ 101.62628173828125, 46.851739078733658 ], [ 101.770477294921875, 46.862069043222895 ], [ 101.819915771484375, 46.872397020520069 ], [ 101.847381591796861, 46.884600249935552 ], [ 101.877593994140625, 46.92963428624288 ], [ 101.92291259765625, 46.961510504873075 ], [ 102.002563476562486, 46.98118927533914 ], [ 102.09869384765625, 46.995241106945961 ], [ 102.14263916015625, 47.011162050430713 ], [ 102.264862060546875, 47.026142133660507 ], [ 102.29644775390625, 47.026142133660507 ], [ 102.32940673828125, 47.011162050430713 ], [ 102.404937744140625, 46.957761346688663 ], [ 102.465362548828125, 46.930572093016316 ], [ 102.512054443359375, 46.953074529521054 ], [ 102.542266845703125, 47.001797364174308 ], [ 102.557373046875, 47.080409706315635 ], [ 102.586212158203125, 47.129016446603991 ], [ 102.642517089843736, 47.155170924515957 ], [ 102.687835693359375, 47.188779204735177 ], [ 102.726287841796875, 47.239151749814532 ], [ 102.726287841796875, 47.257796106032771 ], [ 102.720794677734361, 47.282023957935429 ], [ 102.687835693359375, 47.30903424774781 ], [ 102.65350341796875, 47.333238640473475 ], [ 102.6397705078125, 47.366734109127115 ], [ 102.650756835937486, 47.390912061047793 ], [ 102.680969238281236, 47.407644148484373 ], [ 102.71392822265625, 47.413220330169018 ], [ 102.755126953125, 47.379754384008159 ], [ 102.843017578125, 47.372314620566947 ], [ 102.886962890625, 47.357431944587034 ], [ 102.952880859375, 47.325792316090507 ], [ 103.03802490234375, 47.312758722249391 ], [ 103.13690185546875, 47.232624674638807 ], [ 103.1890869140625, 47.204642388766935 ], [ 103.347015380859375, 47.187379284343223 ], [ 103.445892333984361, 47.184579332792509 ], [ 103.520736694335938, 47.187379284343223 ], [ 103.592147827148438, 47.201843347946806 ], [ 103.637466430664062, 47.219101747038245 ], [ 103.677291870117188, 47.250805241535076 ], [ 103.677120208740234, 47.250688719307817 ], [ 103.77685546875, 47.263388133157051 ], [ 103.86474609375, 47.255931965737879 ], [ 103.93890380859375, 47.264320080254777 ], [ 104.04876708984375, 47.279229002570823 ], [ 104.147644042968736, 47.29809208596965 ], [ 104.148330688476562, 47.298790589497322 ], [ 104.1448974609375, 47.259194168186262 ], [ 104.15313720703125, 47.215837075237943 ], [ 104.170989990234361, 47.160773781516603 ], [ 104.201202392578111, 47.124344650121884 ], [ 104.249267578125, 47.095370353510241 ], [ 104.311065673828111, 47.056089692263662 ], [ 104.335784912109375, 47.034566583590426 ], [ 104.3536376953125, 46.997114405385986 ], [ 104.35638427734375, 46.958698660863789 ], [ 104.34539794921875, 46.903369029728054 ], [ 104.30145263671875, 46.896800703994309 ], [ 104.2657470703125, 46.879907028609189 ], [ 104.234161376953125, 46.853617401905105 ], [ 104.32342529296875, 46.769968433569822 ], [ 104.34814453125, 46.73233101286786 ], [ 104.3756103515625, 46.704085698322551 ], [ 104.39208984375, 46.656977316216121 ], [ 104.39208984375, 46.569246469250054 ], [ 104.403076171875, 46.52863469527167 ], [ 104.43878173828125, 46.505954445520509 ], [ 104.56512451171875, 46.443534945303284 ], [ 104.607696533203111, 46.417979059090115 ], [ 104.653186798095703, 46.380570155101864 ], [ 104.65576171875, 46.381043845806197 ], [ 104.6063232421875, 46.221652456379132 ], [ 104.5513916015625, 46.137976523476574 ], [ 104.436035156249986, 46.122749035824327 ], [ 104.3096923828125, 46.130363305891031 ], [ 104.2437744140625, 46.01603873833416 ], [ 104.1888427734375, 45.981695185122277 ], [ 104.12841796875, 45.813486496799712 ], [ 104.073486328125, 45.748360302167463 ], [ 103.8262939453125, 45.748360302167463 ], [ 103.710937499999986, 45.717686357907198 ], [ 103.623046875, 45.625563438215956 ], [ 103.623046875, 45.521743896993634 ], [ 103.6834716796875, 45.413876460821086 ], [ 103.77685546875, 45.371443491339221 ], [ 103.798828125, 45.33284041773058 ], [ 103.7823486328125, 45.274886437048941 ], [ 103.7823486328125, 45.168967697945575 ], [ 103.7823486328125, 45.170419972626668 ], [ 103.710937499999986, 45.067701411201433 ], [ 103.5736083984375, 44.966741217055343 ], [ 103.35113525390625, 44.885066494014708 ], [ 103.31817626953125, 44.824708282300236 ], [ 103.2440185546875, 44.801326829048563 ], [ 103.079223632812486, 44.555249259710656 ], [ 103.03802490234375, 44.439663223436106 ], [ 102.9638671875, 44.36902359940364 ], [ 102.93365478515625, 44.314022698837775 ], [ 102.93365478515625, 44.264871151101985 ], [ 102.996826171875, 44.154622430767311 ], [ 102.3870849609375, 44.156592967556605 ], [ 102.06298828125, 44.117169729420858 ], [ 101.80755615234375, 44.050089820756796 ], [ 101.807899475097642, 44.048917712794136 ], [ 101.7828369140625, 44.083146046165986 ], [ 101.683959960937486, 44.382765762252404 ], [ 101.62353515625, 44.535674532413196 ], [ 101.5960693359375, 44.574817404670306 ], [ 101.535644531249986, 44.649116323430768 ], [ 101.5521240234375, 44.766236875162335 ], [ 101.5850830078125, 44.809121700077355 ], [ 101.5576171875, 44.867549659447214 ], [ 101.3653564453125, 44.945361442369411 ], [ 101.1895751953125, 44.999767019181306 ], [ 101.129150390625, 45.089035564831036 ], [ 101.151123046875, 45.47939202177826 ], [ 101.2335205078125, 45.552525251340128 ], [ 101.2445068359375, 45.617879683569697 ], [ 101.3214111328125, 45.75985868785574 ], [ 101.293945312499986, 45.844107795602042 ], [ 101.27197265625, 45.966424541310253 ], [ 101.2994384765625, 46.061796984662159 ], [ 101.425781249999986, 46.115133713265415 ], [ 101.49169921875, 46.195042108660154 ], [ 101.4971923828125, 46.381043845806197 ], [ 101.524658203125, 46.460565545785428 ], [ 101.49993896484375, 46.50689964492765 ], [ 101.479339599609375, 46.546583179517739 ], [ 101.498565673828125, 46.580574564531695 ], [ 101.436767578125, 46.638122462379656 ], [ 101.288516521453857, 46.826169743435017 ], [ 101.288495063781738, 46.826199106709744 ] ] ] } },
{ "type": "Feature", "properties": { "Aimag": "Zavkhan" }, "geometry": { "type": "Polygon", "coordinates": [ [ [ 93.429504632949815, 48.424288162838621 ], [ 93.451080322265611, 48.449243890328724 ], [ 93.50738525390625, 48.484755822057728 ], [ 93.57330322265625, 48.510236244324055 ], [ 93.60076904296875, 48.515694668649466 ], [ 93.66668701171875, 48.531157010976706 ], [ 93.67767333984375, 48.600225060468915 ], [ 93.71063232421875, 48.654685848172562 ], [ 93.790283203125, 48.68733411186308 ], [ 93.90838623046875, 48.709087869182113 ], [ 94.01275634765625, 48.741700879765396 ], [ 94.097900390624986, 48.79058074474321 ], [ 94.2132568359375, 48.777912755501845 ], [ 94.37530517578125, 48.73445537176822 ], [ 94.537353515625, 48.714524839668393 ], [ 94.7021484375, 48.718149160264801 ], [ 94.72686767578125, 48.680080770292875 ], [ 94.89166259765625, 48.68733411186308 ], [ 95.0592041015625, 48.68733411186308 ], [ 95.11962890625, 48.707275415126773 ], [ 95.23223876953125, 48.770672468805088 ], [ 95.32562255859375, 48.823140892101684 ], [ 95.44921875, 48.821332549646634 ], [ 95.501403808593736, 48.853872731656558 ], [ 95.526123046875, 48.917084803847189 ], [ 95.548095703124986, 49.109837790524388 ], [ 95.586547851562486, 49.192474238240038 ], [ 95.66070556640625, 49.2337407796959 ], [ 95.725936889648438, 49.359122687528746 ], [ 95.665512084960938, 49.390865272800113 ], [ 95.631179809570312, 49.418567384918859 ], [ 95.576248168945312, 49.449378780418314 ], [ 95.528182983398438, 49.460983851109482 ], [ 95.504837036132812, 49.476155566842031 ], [ 95.475311279296875, 49.50202588554 ], [ 95.456771850585938, 49.544815685044512 ], [ 95.426559448242188, 49.628059153387824 ], [ 95.410079956054688, 49.716488483906119 ], [ 95.449905395507812, 49.766187061680363 ], [ 95.497283935546875, 49.847281468659482 ], [ 95.492477416992188, 49.864988931406209 ], [ 95.493164062499986, 49.891095595736878 ], [ 95.504772663116455, 49.90668648593428 ], [ 95.504794120788574, 49.906714124882555 ], [ 95.519256591796875, 49.902595746972025 ], [ 95.526809692382812, 49.895961378832851 ], [ 95.535736083984375, 49.897730632867848 ], [ 95.544662475585938, 49.910555784598827 ], [ 95.555648803710923, 49.916303883745705 ], [ 95.565948486328125, 49.948568946378046 ], [ 95.593414306640625, 49.949010783558371 ], [ 95.65521240234375, 49.960055395800424 ], [ 95.66070556640625, 49.972422354237082 ], [ 95.71563720703125, 49.970655840421081 ], [ 95.723876953125, 49.988318060767966 ], [ 95.7513427734375, 49.972422354237082 ], [ 95.781555175781236, 49.974188803210907 ], [ 95.77880859375, 49.986552130506176 ], [ 95.767822265625, 50.004208515595614 ], [ 95.77880859375, 50.039501837628769 ], [ 95.82550048828125, 50.041265823122011 ], [ 95.855712890625, 50.046557390716629 ], [ 95.9051513671875, 50.023623051413203 ], [ 95.90789794921875, 49.995381133463781 ], [ 95.9326171875, 49.986552130506176 ], [ 95.984802246093736, 49.968889261762229 ], [ 96.023254394531236, 50.004208515595614 ], [ 96.08642578125, 50.014799234787844 ], [ 96.141357421875, 49.98478613540783 ], [ 96.19903564453125, 49.983020075472226 ], [ 96.26220703125, 49.977721506634921 ], [ 96.28143310546875, 49.956521395491166 ], [ 96.319885253906236, 49.944150351645483 ], [ 96.33087158203125, 49.944150351645483 ], [ 96.3555908203125, 49.924703719314344 ], [ 96.34185791015625, 49.91232450346395 ], [ 96.4324951171875, 49.871627557099877 ], [ 96.46270751953125, 49.907018152268179 ], [ 96.50390625, 49.922935454495743 ], [ 96.51763916015625, 49.944150351645483 ], [ 96.55609130859375, 49.938847502925306 ], [ 96.58355712890625, 49.894634395734208 ], [ 96.608276367187486, 49.871627557099877 ], [ 96.646728515624986, 49.887556536242847 ], [ 96.64947509765625, 49.905249238801304 ], [ 96.690673828125, 49.914093157463206 ], [ 96.7291259765625, 49.924703719314344 ], [ 96.822509765625, 49.908787000867136 ], [ 96.866455078125, 49.892865028172288 ], [ 96.981811523437486, 49.894634395734208 ], [ 97.00927734375, 49.853922527596481 ], [ 97.01202392578125, 49.832667926832528 ], [ 97.044982910156236, 49.832667926832528 ], [ 97.1136474609375, 49.818493001314742 ], [ 97.129096984863281, 49.808523769753791 ], [ 97.125320434570312, 49.799882107880393 ], [ 97.129697799682617, 49.792374797151993 ], [ 97.129719257354736, 49.792402501545013 ], [ 97.136306762695312, 49.783924217732988 ], [ 97.129440307617188, 49.74888708373188 ], [ 97.103347778320312, 49.68451251348889 ], [ 97.0751953125, 49.647625211933047 ], [ 97.036743164062486, 49.618273175968518 ], [ 96.974258422851548, 49.578219162819998 ], [ 96.931686401367188, 49.542587974015504 ], [ 96.875381469726562, 49.508714260218404 ], [ 96.881561279296875, 49.439556958940855 ], [ 96.878814697265625, 49.368066334821563 ], [ 96.933746337890625, 49.324226918610833 ], [ 97.02850341796875, 49.284827622643007 ], [ 97.119140625, 49.224772722794825 ], [ 97.174072265625, 49.167338606291075 ], [ 97.27294921875, 49.182601048138054 ], [ 97.40478515625, 49.177214841305869 ], [ 97.527008056640625, 49.157460400911745 ], [ 97.669830322265625, 49.113433545959573 ], [ 97.768707275390625, 49.065768634053612 ], [ 97.859344482421875, 49.009050809382046 ], [ 97.900543212890625, 48.997339081184442 ], [ 98.090057373046875, 48.986525810478312 ], [ 98.13812255859375, 48.998240081138718 ], [ 98.194427490234375, 49.015355983769666 ], [ 98.293304443359375, 49.016256657781589 ], [ 98.367462158203125, 49.019859190866413 ], [ 98.42926025390625, 49.000942983215012 ], [ 98.4649658203125, 48.969399998499519 ], [ 98.54736328125, 48.935130721045326 ], [ 98.767089843749986, 49.03786794532644 ], [ 98.800048828125, 49.1170290407793 ], [ 98.970336914062486, 49.106241774469055 ], [ 99.1021728515625, 49.1170290407793 ], [ 99.1461181640625, 49.052270256016072 ], [ 99.16259765625, 48.886391777031939 ], [ 99.212036132812486, 48.763431137917962 ], [ 99.1021728515625, 48.632908585895322 ], [ 99.063720703124986, 48.494767515307295 ], [ 99.0966796875, 48.359899090021941 ], [ 99.074277877807603, 48.296270779257405 ], [ 99.074363708496094, 48.296099474919146 ], [ 98.953857421875, 48.275881527434969 ], [ 98.8385009765625, 48.23747967660676 ], [ 98.7066650390625, 48.206371336358906 ], [ 98.6627197265625, 48.166085419012532 ], [ 98.54736328125, 48.111099041065366 ], [ 98.4814453125, 48.100094697973795 ], [ 98.35784912109375, 48.105597164021518 ], [ 98.27545166015625, 48.094591642909919 ], [ 98.2232666015625, 48.056053763981225 ], [ 98.18756103515625, 47.984406829475262 ], [ 98.206787109374986, 47.914501207039869 ], [ 98.2012939453125, 47.851873911015922 ], [ 98.17108154296875, 47.787325537803106 ], [ 98.19305419921875, 47.706065135695745 ], [ 98.253479003906236, 47.654287910762719 ], [ 98.32489013671875, 47.630231016632251 ], [ 98.41651439666748, 47.614813746921477 ], [ 98.416643142700195, 47.614900536022752 ], [ 98.406257629394531, 47.563090772707994 ], [ 98.37432861328125, 47.524619996906488 ], [ 98.28369140625, 47.459665552541502 ], [ 98.272705078125, 47.420654320713211 ], [ 98.2781982421875, 47.359292508710745 ], [ 98.2562255859375, 47.279229002570823 ], [ 98.19580078125, 47.227029398867302 ], [ 98.13812255859375, 47.200910301521674 ], [ 98.052978515625, 47.172911278266604 ], [ 97.96234130859375, 47.189712464484209 ], [ 97.9046630859375, 47.184112659842015 ], [ 97.86895751953125, 47.152369274463929 ], [ 97.8607177734375, 47.08882558740757 ], [ 97.84423828125, 47.058896414051638 ], [ 97.753601074218736, 46.993367742834202 ], [ 97.734375, 46.944637224181697 ], [ 97.7288818359375, 46.850799892512768 ], [ 97.69866943359375, 46.758679967095574 ], [ 97.63824462890625, 46.672056467344987 ], [ 97.567691802978516, 46.597444318795134 ], [ 97.567691802978516, 46.597532782686486 ], [ 97.529067993164062, 46.600628927897176 ], [ 97.50640869140625, 46.604638910144061 ], [ 97.483749389648438, 46.61147878308617 ], [ 97.459373474121094, 46.623505430109738 ], [ 97.441520690917969, 46.636708083396243 ], [ 97.425384521484375, 46.648729126356557 ], [ 97.41302490234375, 46.663574962382093 ], [ 97.392082214355469, 46.693254407490997 ], [ 97.348136901855469, 46.675590034969908 ], [ 97.2344970703125, 46.600393037345469 ], [ 97.18231201171875, 46.578686712980669 ], [ 97.138366699218736, 46.576798795698281 ], [ 97.0751953125, 46.581518465658014 ], [ 97.0257568359375, 46.586237724798856 ], [ 96.9378662109375, 46.601336593390229 ], [ 96.92413330078125, 46.657919886387653 ], [ 96.900787353515625, 46.703143933197367 ], [ 96.856842041015625, 46.747389135158407 ], [ 96.81976318359375, 46.799119357222949 ], [ 96.749725341796875, 46.861130037658121 ], [ 96.730499267578125, 46.905245546429228 ], [ 96.693420410156236, 46.926820767399377 ], [ 96.645355224609375, 46.933385414813976 ], [ 96.590423583984375, 46.922131240913998 ], [ 96.526565551757812, 46.891639312134473 ], [ 96.494293212890625, 46.876621529397738 ], [ 96.402969360351562, 46.849860689868386 ], [ 96.34185791015625, 46.827314899264337 ], [ 96.30889892578125, 46.891639312134473 ], [ 96.293106079101562, 46.933385414813976 ], [ 96.280059814453125, 46.998987638154624 ], [ 96.288986206054673, 47.057025282608407 ], [ 96.2896728515625, 47.091163096201413 ], [ 96.267013549804688, 47.166376047719908 ], [ 96.239547729492188, 47.201376826785406 ], [ 96.19903564453125, 47.234023401287011 ], [ 96.155776977539048, 47.268047704581761 ], [ 96.107711791992188, 47.297393573214229 ], [ 96.055526733398438, 47.301584511330795 ], [ 96.021194458007812, 47.309499821414313 ], [ 95.983428955078125, 47.332773275955894 ], [ 95.916824340820312, 47.377894541555207 ], [ 95.802841186523438, 47.426693665221158 ], [ 95.750656127929673, 47.433196799847487 ], [ 95.594787597656236, 47.513490654843267 ], [ 95.530242919921875, 47.535746978239125 ], [ 95.24871826171875, 47.568187190520135 ], [ 95.0701904296875, 47.542236627183613 ], [ 95.0482177734375, 47.596903181154708 ], [ 95.016632080078125, 47.639484979254881 ], [ 94.971313476562486, 47.656137982226788 ], [ 94.7735595703125, 47.676484442213209 ], [ 94.674682617187486, 47.669086647137576 ], [ 94.470062255859375, 47.683881188581388 ], [ 94.3011474609375, 47.739323361368569 ], [ 94.23248291015625, 47.778097790047838 ], [ 94.185791015625, 47.785480119293616 ], [ 94.0869140625, 47.767022330510351 ], [ 93.88092041015625, 47.715305661595593 ], [ 93.654327392578125, 47.665387356326541 ], [ 93.614394664764404, 47.651599408835317 ], [ 93.614437580108643, 47.651599408835317 ], [ 93.511505126953125, 47.709761542666399 ], [ 93.393402099609375, 47.77348330190447 ], [ 93.2684326171875, 47.864773955792245 ], [ 93.182258605957031, 47.96601978044179 ], [ 93.240966796875, 48.000949575530228 ], [ 93.30413818359375, 48.056053763981225 ], [ 93.3892822265625, 48.109265147494867 ], [ 93.436660766601562, 48.199506657337537 ], [ 93.483352661132812, 48.300553200914798 ], [ 93.489189147949205, 48.324299844427543 ], [ 93.4881591796875, 48.350773448467265 ], [ 93.483009338378906, 48.365373690401981 ], [ 93.473052978515625, 48.377689389945736 ], [ 93.45245361328125, 48.396157354405076 ], [ 93.429509997367859, 48.424295282591977 ], [ 93.429504632949815, 48.424288162838621 ] ] ] } }
]
}
