Aimag,Year,Season,Seasonal_Temp_C
Arkhangai,1970,DJF,-20.777617235536905
Arkhangai,1970,JJA,13.049930073302491
Arkhangai,1970,MAM,-5.117010121286628
Arkhangai,1970,SON,-6.1633395724826165
Arkhangai,1971,DJF,-22.0472441119912
Arkhangai,1971,JJA,11.181597222222244
Arkhangai,1971,MAM,-3.3634585910373036
Arkhangai,1971,SON,-4.04911114728007
Arkhangai,1972,DJF,-22.30110100640189
Arkhangai,1972,JJA,12.307664207175948
Arkhangai,1972,MAM,-0.6134007583429557
Arkhangai,1972,SON,-4.989721491307366
Arkhangai,1973,DJF,-19.592369720082203
Arkhangai,1973,JJA,11.603894193672863
Arkhangai,1973,MAM,-2.319912832754607
Arkhangai,1973,SON,-3.47305832851078
Arkhangai,1974,DJF,-20.512200842963303
Arkhangai,1974,JJA,12.815989101080268
Arkhangai,1974,MAM,-2.810640010127292
Arkhangai,1974,SON,-4.854008173059511
Arkhangai,1975,DJF,-20.099115611888724
Arkhangai,1975,JJA,12.279970823688295
Arkhangai,1975,MAM,-3.055149860146582
Arkhangai,1975,SON,-4.075699869791644
Arkhangai,1976,DJF,-19.427863302348552
Arkhangai,1976,JJA,11.030311414930578
Arkhangai,1976,MAM,-4.799136390215062
Arkhangai,1976,SON,-5.454837450569036
Arkhangai,1977,DJF,-22.85524634843989
Arkhangai,1977,JJA,12.705091989776255
Arkhangai,1977,MAM,-3.3858021677276007
Arkhangai,1977,SON,-1.2328005943769063
Arkhangai,1978,DJF,-18.650549646071426
Arkhangai,1978,JJA,12.246939501350331
Arkhangai,1978,MAM,-1.0122945149739355
Arkhangai,1978,SON,-2.4262816629291826
Arkhangai,1979,DJF,-17.55192361525545
Arkhangai,1979,JJA,12.720171440972244
Arkhangai,1979,MAM,-3.6425450454523305
Arkhangai,1979,SON,-2.212251244062236
Arkhangai,1980,DJF,-18.66929963665242
Arkhangai,1980,JJA,12.771226972415144
Arkhangai,1980,MAM,-3.9645205650800315
Arkhangai,1980,SON,-3.734635416666644
Arkhangai,1981,DJF,-20.8228590035144
Arkhangai,1981,JJA,12.642356891396627
Arkhangai,1981,MAM,-0.3496889467592365
Arkhangai,1981,SON,-7.026854413821351
Arkhangai,1982,DJF,-19.746540097837073
Arkhangai,1982,JJA,11.89778826678243
Arkhangai,1982,MAM,-0.917279730902755
Arkhangai,1982,SON,-2.7417003301926375
Arkhangai,1983,DJF,-20.046674356342812
Arkhangai,1983,JJA,11.31674864969138
Arkhangai,1983,MAM,-2.497430193865718
Arkhangai,1983,SON,-2.443465696735124
Arkhangai,1984,DJF,-22.70824746025931
Arkhangai,1984,JJA,11.367424406828727
Arkhangai,1984,MAM,-2.1161349072868214
Arkhangai,1984,SON,-5.200478711540294
Arkhangai,1985,DJF,-21.478116334514834
Arkhangai,1985,JJA,11.31159155574848
Arkhangai,1985,MAM,-3.331939772617647
Arkhangai,1985,SON,-4.845329878065298
Arkhangai,1986,DJF,-20.74804261760945
Arkhangai,1986,JJA,12.535691550925948
Arkhangai,1986,MAM,-2.221292076581767
Arkhangai,1986,SON,-4.9150154490529525
Arkhangai,1987,DJF,-18.18946002913108
Arkhangai,1987,JJA,11.703087625385825
Arkhangai,1987,MAM,-2.480936008029491
Arkhangai,1987,SON,-5.300733618088688
Arkhangai,1988,DJF,-20.13953557897495
Arkhangai,1988,JJA,12.791695601851874
Arkhangai,1988,MAM,-3.1704814392843135
Arkhangai,1988,SON,-1.6480747552565358
Arkhangai,1989,DJF,-19.028914774200043
Arkhangai,1989,JJA,12.194364872685208
Arkhangai,1989,MAM,-0.5365228346836193
Arkhangai,1989,SON,-3.7031977900752087
Arkhangai,1990,DJF,-17.618261812940034
Arkhangai,1990,JJA,11.318858506944467
Arkhangai,1990,MAM,-1.615057749807076
Arkhangai,1990,SON,-1.1750931728033145
Arkhangai,1991,DJF,-17.865216836811562
Arkhangai,1991,JJA,13.040553264853417
Arkhangai,1991,MAM,-2.92386700665507
Arkhangai,1991,SON,-2.4799538883161905
Arkhangai,1992,DJF,-18.00971959431964
Arkhangai,1992,JJA,12.141362244405887
Arkhangai,1992,MAM,-1.0453878143687079
Arkhangai,1992,SON,-4.694071150414715
Arkhangai,1993,DJF,-18.741570677580636
Arkhangai,1993,JJA,11.588290292245393
Arkhangai,1993,MAM,-2.0868429301697304
Arkhangai,1993,SON,-4.104466125111498
Arkhangai,1994,DJF,-18.570268117645618
Arkhangai,1994,JJA,12.48031382619601
Arkhangai,1994,MAM,-0.36989761164156676
Arkhangai,1994,SON,-3.80246506679203
Arkhangai,1995,DJF,-19.283041899881223
Arkhangai,1995,JJA,12.306431447723789
Arkhangai,1995,MAM,-3.459543185763866
Arkhangai,1995,SON,-0.9208864565248616
Arkhangai,1996,DJF,-20.11508181536637
Arkhangai,1996,JJA,12.43442141685959
Arkhangai,1996,MAM,-2.180137285774114
Arkhangai,1996,SON,-3.7227086950231256
Arkhangai,1997,DJF,-16.487016305805703
Arkhangai,1997,JJA,12.986893566743849
Arkhangai,1997,MAM,1.853547574266998
Arkhangai,1997,SON,-3.7895806206596996
Arkhangai,1998,DJF,-17.67984270637416
Arkhangai,1998,JJA,13.569503520447553
Arkhangai,1998,MAM,-0.08150649836031677
Arkhangai,1998,SON,-1.5391144269778176
Arkhangai,1999,DJF,-16.77019555362652
Arkhangai,1999,JJA,14.161279296875021
Arkhangai,1999,MAM,-2.0362839687017518
Arkhangai,1999,SON,-3.0263887381847767
Arkhangai,2000,DJF,-20.144288126627583
Arkhangai,2000,JJA,14.612273341049404
Arkhangai,2000,MAM,0.01298345871915854
Arkhangai,2000,SON,-5.631000735435934
Arkhangai,2001,DJF,-20.090407694121918
Arkhangai,2001,JJA,14.81065719039354
Arkhangai,2001,MAM,-0.6150125385802242
Arkhangai,2001,SON,-1.39411712458102
Arkhangai,2002,DJF,-17.998719278971333
Arkhangai,2002,JJA,16.465855275848785
Arkhangai,2002,MAM,-0.44832778742281676
Arkhangai,2002,SON,-3.2293121714650623
Arkhangai,2003,DJF,-18.31086611335658
Arkhangai,2003,JJA,13.17664508584107
Arkhangai,2003,MAM,-1.7518205807532565
Arkhangai,2003,SON,-3.9320318245593184
Arkhangai,2004,DJF,-18.499156791781182
Arkhangai,2004,JJA,13.914356674382738
Arkhangai,2004,MAM,0.6181504237799225
Arkhangai,2004,SON,-2.6514104489926713
Arkhangai,2005,DJF,-22.12670519793473
Arkhangai,2005,JJA,14.134267095871936
Arkhangai,2005,MAM,-0.3908311631944217
Arkhangai,2005,SON,-1.6545855957784543
Arkhangai,2006,DJF,-19.54246132933061
Arkhangai,2006,JJA,13.284721016589527
Arkhangai,2006,MAM,-1.487128062307076
Arkhangai,2006,SON,-1.0829272611641363
Arkhangai,2007,DJF,-15.4934851846577
Arkhangai,2007,JJA,15.286071325231504
Arkhangai,2007,MAM,0.4868476019965505
Arkhangai,2007,SON,-2.2450471854504017
Arkhangai,2008,DJF,-20.333809821988307
Arkhangai,2008,JJA,14.056729841821008
Arkhangai,2008,MAM,0.8316773967978622
Arkhangai,2008,SON,-1.1264065212673384
Arkhangai,2009,DJF,-18.780417859112752
Arkhangai,2009,JJA,13.026836178626565
Arkhangai,2009,MAM,0.7792632679880629
Arkhangai,2009,SON,-3.541491218849442
Arkhangai,2010,DJF,-22.62848190495995
Arkhangai,2010,JJA,14.161170789930576
Arkhangai,2010,MAM,-3.7757709927028853
Arkhangai,2010,SON,-0.8127901807243214
Arkhangai,2011,DJF,-20.984811552071257
Arkhangai,2011,JJA,14.081020326967614
Arkhangai,2011,MAM,-1.6297578034577318
Arkhangai,2011,SON,-4.1125180091386735
Arkhangai,2012,DJF,-22.167534703384188
Arkhangai,2012,JJA,13.432802854938293
Arkhangai,2012,MAM,-0.7398377218363971
Arkhangai,2012,SON,-3.8044415509259033
Arkhangai,2013,DJF,-21.620606438907554
Arkhangai,2013,JJA,13.189723186728417
Arkhangai,2013,MAM,0.7107795621142202
Arkhangai,2013,SON,-1.797128823362728
Arkhangai,2014,DJF,-18.166963676170045
Arkhangai,2014,JJA,13.168229769483046
Arkhangai,2014,MAM,0.23692672164354125
Arkhangai,2014,SON,-1.6166951497395605
Arkhangai,2015,DJF,-16.870921174979483
Arkhangai,2015,JJA,14.456876326196008
Arkhangai,2015,MAM,-0.802141806520039
Arkhangai,2015,SON,-2.863774316104819
Arkhangai,2016,DJF,-19.300389494719308
Arkhangai,2016,JJA,14.180940152391997
Arkhangai,2016,MAM,-0.12180929301695258
Arkhangai,2016,SON,-3.464188639322894
Arkhangai,2017,DJF,-17.79020792643227
Arkhangai,2017,JJA,15.412319155092614
Arkhangai,2017,MAM,1.3867296006944672
Arkhangai,2017,SON,-2.67786631643034
Arkhangai,2018,DJF,-19.27494937284491
Arkhangai,2018,JJA,14.40586600597996
Arkhangai,2018,MAM,2.83552637924385
Arkhangai,2018,SON,-3.2793301052517134
Arkhangai,2019,DJF,-21.02082568510077
Arkhangai,2019,JJA,14.43126265914354
Arkhangai,2019,MAM,0.40066972897378816
Arkhangai,2019,SON,-0.7217241263683704
Arkhangai,2020,DJF,-17.14971639374154
Arkhangai,2020,JJA,13.853342616705268
Arkhangai,2020,MAM,1.8504551263503313
Arkhangai,2020,SON,-2.1377430480203286
Arkhangai,2021,DJF,-17.587389562159387
Arkhangai,2021,JJA,13.214417558834898
Arkhangai,2021,MAM,0.44481999903551656
Arkhangai,2021,SON,-1.11606972776811
Arkhangai,2022,DJF,-17.756354890046275
Arkhangai,2022,JJA,13.550116946373478
Arkhangai,2022,MAM,0.8203082802855166
Arkhangai,2022,SON,-2.4072946901674395
Arkhangai,2023,DJF,-18.315484063419273
Arkhangai,2023,JJA,14.694557773919774
Arkhangai,2023,MAM,-0.709027777777755
Arkhangai,2023,SON,-1.5151107976465823
Arkhangai,2024,DJF,-20.5987185537079
Arkhangai,2024,JJA,15.872075135030885
Arkhangai,2024,MAM,1.8901596257716278
Arkhangai,2024,SON,-0.3920149438174927
Arkhangai,2025,DJF,-16.92696284541375
Arkhangai,2025,JJA,14.852139998071008
Arkhangai,2025,MAM,1.3563145013503313
Arkhangai,2025,SON,-2.4896056375385576
Arkhangai,2026,DJF,-15.793217863859931
Bayan-Ulgii,1970,DJF,-21.64557565272537
Bayan-Ulgii,1970,JJA,8.506279932950214
Bayan-Ulgii,1970,MAM,-8.203037212269495
Bayan-Ulgii,1970,SON,-7.630371467911855
Bayan-Ulgii,1971,DJF,-23.8865931368422
Bayan-Ulgii,1971,JJA,7.992370465158069
Bayan-Ulgii,1971,MAM,-6.374600956357736
Bayan-Ulgii,1971,SON,-6.1654224848838375
Bayan-Ulgii,1972,DJF,-23.580399752211274
Bayan-Ulgii,1972,JJA,8.990389278017263
Bayan-Ulgii,1972,MAM,-4.981603068501534
Bayan-Ulgii,1972,SON,-7.167506683466513
Bayan-Ulgii,1973,DJF,-22.788675090453612
Bayan-Ulgii,1973,JJA,8.532140131106344
Bayan-Ulgii,1973,MAM,-5.73410317139605
Bayan-Ulgii,1973,SON,-5.239612705040686
Bayan-Ulgii,1974,DJF,-22.750731392929815
Bayan-Ulgii,1974,JJA,10.350834380986612
Bayan-Ulgii,1974,MAM,-4.247445316241596
Bayan-Ulgii,1974,SON,-8.687820633343788
Bayan-Ulgii,1975,DJF,-22.776322779162154
Bayan-Ulgii,1975,JJA,9.003075236470329
Bayan-Ulgii,1975,MAM,-7.929729967373062
Bayan-Ulgii,1975,SON,-7.192966294562657
Bayan-Ulgii,1976,DJF,-21.765320198380604
Bayan-Ulgii,1976,JJA,8.080144164571383
Bayan-Ulgii,1976,MAM,-7.145324262713999
Bayan-Ulgii,1976,SON,-8.985900785365759
Bayan-Ulgii,1977,DJF,-24.86770614682484
Bayan-Ulgii,1977,JJA,9.392982781070424
Bayan-Ulgii,1977,MAM,-6.088533739111867
Bayan-Ulgii,1977,SON,-5.1417125482668595
Bayan-Ulgii,1978,DJF,-22.656649090412454
Bayan-Ulgii,1978,JJA,9.383241476592456
Bayan-Ulgii,1978,MAM,-4.330090776348457
Bayan-Ulgii,1978,SON,-5.6269480036592805
Bayan-Ulgii,1979,DJF,-20.405686851296824
Bayan-Ulgii,1979,JJA,9.38590457375481
Bayan-Ulgii,1979,MAM,-7.430195915836005
Bayan-Ulgii,1979,SON,-6.520988984674307
Bayan-Ulgii,1980,DJF,-22.459446079064126
Bayan-Ulgii,1980,JJA,9.503809529154715
Bayan-Ulgii,1980,MAM,-6.875606399477648
Bayan-Ulgii,1980,SON,-4.463336251795955
Bayan-Ulgii,1981,DJF,-23.11916643047696
Bayan-Ulgii,1981,JJA,9.83809323365663
Bayan-Ulgii,1981,MAM,-3.1061706776819697
Bayan-Ulgii,1981,SON,-8.258871986126055
Bayan-Ulgii,1982,DJF,-20.932153600933887
Bayan-Ulgii,1982,JJA,9.37110553609916
Bayan-Ulgii,1982,MAM,-4.170742599078043
Bayan-Ulgii,1982,SON,-5.074904191174247
Bayan-Ulgii,1983,DJF,-20.992698722050086
Bayan-Ulgii,1983,JJA,8.286285844707876
Bayan-Ulgii,1983,MAM,-5.613709104106778
Bayan-Ulgii,1983,SON,-5.527280867419458
Bayan-Ulgii,1984,DJF,-24.461009257232526
Bayan-Ulgii,1984,JJA,8.166912303939199
Bayan-Ulgii,1984,MAM,-6.34211142821328
Bayan-Ulgii,1984,SON,-7.911094016590315
Bayan-Ulgii,1985,DJF,-25.036471452384138
Bayan-Ulgii,1985,JJA,8.162762848718891
Bayan-Ulgii,1985,MAM,-6.573360656504407
Bayan-Ulgii,1985,SON,-7.642933894482587
Bayan-Ulgii,1986,DJF,-21.927501248765243
Bayan-Ulgii,1986,JJA,9.408165334650405
Bayan-Ulgii,1986,MAM,-4.9405002170138665
Bayan-Ulgii,1986,SON,-6.1583907554889326
Bayan-Ulgii,1987,DJF,-20.3928090764188
Bayan-Ulgii,1987,JJA,9.095639143318987
Bayan-Ulgii,1987,MAM,-6.2649080356875375
Bayan-Ulgii,1987,SON,-8.371410115559874
Bayan-Ulgii,1988,DJF,-23.169530022281318
Bayan-Ulgii,1988,JJA,9.190584590517263
Bayan-Ulgii,1988,MAM,-6.279288128966094
Bayan-Ulgii,1988,SON,-5.872927751212262
Bayan-Ulgii,1989,DJF,-21.678552000549995
Bayan-Ulgii,1989,JJA,9.388209410919563
Bayan-Ulgii,1989,MAM,-4.101350537296434
Bayan-Ulgii,1989,SON,-6.585040587209628
Bayan-Ulgii,1990,DJF,-20.877835468862227
Bayan-Ulgii,1990,JJA,9.137288972701171
Bayan-Ulgii,1990,MAM,-4.740443344408503
Bayan-Ulgii,1990,SON,-4.139376199656497
Bayan-Ulgii,1991,DJF,-21.95540016145083
Bayan-Ulgii,1991,JJA,9.9396314131346
Bayan-Ulgii,1991,MAM,-5.801044005178378
Bayan-Ulgii,1991,SON,-4.874484089233844
Bayan-Ulgii,1992,DJF,-20.851567960424877
Bayan-Ulgii,1992,JJA,8.983494410021574
Bayan-Ulgii,1992,MAM,-5.315358737053977
Bayan-Ulgii,1992,SON,-7.889892718435681
Bayan-Ulgii,1993,DJF,-21.100043601551253
Bayan-Ulgii,1993,JJA,8.489518416247627
Bayan-Ulgii,1993,MAM,-6.91969026879787
Bayan-Ulgii,1993,SON,-7.644974655209808
Bayan-Ulgii,1994,DJF,-22.776932136857166
Bayan-Ulgii,1994,JJA,9.107429919480387
Bayan-Ulgii,1994,MAM,-4.971655858065411
Bayan-Ulgii,1994,SON,-5.334161774500098
Bayan-Ulgii,1995,DJF,-20.768896075135423
Bayan-Ulgii,1995,JJA,9.439339566870233
Bayan-Ulgii,1995,MAM,-5.38009926514605
Bayan-Ulgii,1995,SON,-4.256538969894913
Bayan-Ulgii,1996,DJF,-22.864841060711484
Bayan-Ulgii,1996,JJA,9.279613603029237
Bayan-Ulgii,1996,MAM,-7.392758038400212
Bayan-Ulgii,1996,SON,-7.222107541606778
Bayan-Ulgii,1997,DJF,-21.150164748151617
Bayan-Ulgii,1997,JJA,9.2371958063937
Bayan-Ulgii,1997,MAM,-1.143004108297391
Bayan-Ulgii,1997,SON,-4.8638423992756
Bayan-Ulgii,1998,DJF,-22.008382184843427
Bayan-Ulgii,1998,JJA,11.272310898587188
Bayan-Ulgii,1998,MAM,-5.902399780741118
Bayan-Ulgii,1998,SON,-4.512515972035119
Bayan-Ulgii,1999,DJF,-21.022725095785418
Bayan-Ulgii,1999,JJA,10.713815366080004
Bayan-Ulgii,1999,MAM,-6.374321971907904
Bayan-Ulgii,1999,SON,-6.264833787939992
Bayan-Ulgii,2000,DJF,-21.844079344299995
Bayan-Ulgii,2000,JJA,10.700262287476075
Bayan-Ulgii,2000,MAM,-3.1506566540948047
Bayan-Ulgii,2000,SON,-9.159644490092171
Bayan-Ulgii,2001,DJF,-22.725589585578284
Bayan-Ulgii,2001,JJA,11.075631772330004
Bayan-Ulgii,2001,MAM,-4.352786383500936
Bayan-Ulgii,2001,SON,-4.7746307489972235
Bayan-Ulgii,2002,DJF,-21.72046631560926
Bayan-Ulgii,2002,JJA,11.730937948994276
Bayan-Ulgii,2002,MAM,-5.434013185464537
Bayan-Ulgii,2002,SON,-5.267119566234113
Bayan-Ulgii,2003,DJF,-22.110187597749768
Bayan-Ulgii,2003,JJA,9.635681012033068
Bayan-Ulgii,2003,MAM,-6.371258872313495
Bayan-Ulgii,2003,SON,-6.9454234857668595
Bayan-Ulgii,2004,DJF,-21.889270323537755
Bayan-Ulgii,2004,JJA,10.436644665948299
Bayan-Ulgii,2004,MAM,-4.091491021050325
Bayan-Ulgii,2004,SON,-6.524505930933437
Bayan-Ulgii,2005,DJF,-25.413041938401708
Bayan-Ulgii,2005,JJA,10.47584467043824
Bayan-Ulgii,2005,MAM,-4.096921396072775
Bayan-Ulgii,2005,SON,-5.5436657668073295
Bayan-Ulgii,2006,DJF,-23.50522203701207
Bayan-Ulgii,2006,JJA,10.135204891044083
Bayan-Ulgii,2006,MAM,-5.837283921515782
Bayan-Ulgii,2006,SON,-4.730484441413711
Bayan-Ulgii,2007,DJF,-19.538864919143595
Bayan-Ulgii,2007,JJA,11.111037775383164
Bayan-Ulgii,2007,MAM,-3.7862330411128844
Bayan-Ulgii,2007,SON,-5.52292328465485
Bayan-Ulgii,2008,DJF,-24.154446387747672
Bayan-Ulgii,2008,JJA,11.017596458932015
Bayan-Ulgii,2008,MAM,-3.613660463062717
Bayan-Ulgii,2008,SON,-5.448948499891471
Bayan-Ulgii,2009,DJF,-22.90443516289135
Bayan-Ulgii,2009,JJA,9.324680465756728
Bayan-Ulgii,2009,MAM,-3.0990987843480378
Bayan-Ulgii,2009,SON,-6.448126980719416
Bayan-Ulgii,2010,DJF,-25.06749642909256
Bayan-Ulgii,2010,JJA,10.809892652957398
Bayan-Ulgii,2010,MAM,-8.800885454082833
Bayan-Ulgii,2010,SON,-4.309485915611508
Bayan-Ulgii,2011,DJF,-24.16361311989267
Bayan-Ulgii,2011,JJA,10.776670819863527
Bayan-Ulgii,2011,MAM,-4.4321036737083706
Bayan-Ulgii,2011,SON,-5.163956121101211
Bayan-Ulgii,2012,DJF,-24.483768004201817
Bayan-Ulgii,2012,JJA,10.91332876855845
Bayan-Ulgii,2012,MAM,-3.856630896791165
Bayan-Ulgii,2012,SON,-6.581133635656108
Bayan-Ulgii,2013,DJF,-23.47449492823573
Bayan-Ulgii,2013,JJA,9.534285949473203
Bayan-Ulgii,2013,MAM,-2.6325921186541916
Bayan-Ulgii,2013,SON,-5.420930089256293
Bayan-Ulgii,2014,DJF,-23.040538007363484
Bayan-Ulgii,2014,JJA,10.158396379609696
Bayan-Ulgii,2014,MAM,-4.47581548581176
Bayan-Ulgii,2014,SON,-6.59699616998546
Bayan-Ulgii,2015,DJF,-22.093840933028744
Bayan-Ulgii,2015,JJA,11.3534787700551
Bayan-Ulgii,2015,MAM,-4.0620822482638665
Bayan-Ulgii,2015,SON,-7.362461625022427
Bayan-Ulgii,2016,DJF,-22.1074859736066
Bayan-Ulgii,2016,JJA,10.974126332016306
Bayan-Ulgii,2016,MAM,-4.139969655471721
Bayan-Ulgii,2016,SON,-7.317598680518117
Bayan-Ulgii,2017,DJF,-20.414795822201995
Bayan-Ulgii,2017,JJA,11.490851367935846
Bayan-Ulgii,2017,MAM,-3.151363820043081
Bayan-Ulgii,2017,SON,-7.203979281721422
Bayan-Ulgii,2018,DJF,-23.17924022455323
Bayan-Ulgii,2018,JJA,11.07606018767962
Bayan-Ulgii,2018,MAM,-3.3696105723179848
Bayan-Ulgii,2018,SON,-6.418155386621446
Bayan-Ulgii,2019,DJF,-24.432694557160687
Bayan-Ulgii,2019,JJA,10.467873151640347
Bayan-Ulgii,2019,MAM,-3.2639313562619505
Bayan-Ulgii,2019,SON,-5.1300009891904415
Bayan-Ulgii,2020,DJF,-20.552037755739622
Bayan-Ulgii,2020,JJA,9.527125426544563
Bayan-Ulgii,2020,MAM,-0.7677234868893451
Bayan-Ulgii,2020,SON,-7.273108202470194
Bayan-Ulgii,2021,DJF,-21.841989942528713
Bayan-Ulgii,2021,JJA,10.292501608896096
Bayan-Ulgii,2021,MAM,-4.363963534183407
Bayan-Ulgii,2021,SON,-6.560423541891142
Bayan-Ulgii,2022,DJF,-21.770382842432927
Bayan-Ulgii,2022,JJA,10.11378412356324
Bayan-Ulgii,2022,MAM,-3.064553587464058
Bayan-Ulgii,2022,SON,-5.579597701149403
Bayan-Ulgii,2023,DJF,-22.56539258701132
Bayan-Ulgii,2023,JJA,11.057944204980865
Bayan-Ulgii,2023,MAM,-6.274087045019135
Bayan-Ulgii,2023,SON,-5.523786780112526
Bayan-Ulgii,2024,DJF,-22.580787828233486
Bayan-Ulgii,2024,JJA,12.056591609794083
Bayan-Ulgii,2024,MAM,-2.7508927502394407
Bayan-Ulgii,2024,SON,-5.049772848662723
Bayan-Ulgii,2025,DJF,-22.247133183387938
Bayan-Ulgii,2025,JJA,11.75017548192052
Bayan-Ulgii,2025,MAM,-3.197364216654671
Bayan-Ulgii,2025,SON,-7.089411031788771
Bayan-Ulgii,2026,DJF,-20.5925336465068
Bayankhongor,1970,DJF,-14.436768463422645
Bayankhongor,1970,JJA,18.454605812696563
Bayankhongor,1970,MAM,1.1828093522749834
Bayankhongor,1970,SON,-0.09088869874580077
Bayankhongor,1971,DJF,-15.350332569626119
Bayankhongor,1971,JJA,16.34890367040097
Bayankhongor,1971,MAM,2.8848215403047224
Bayankhongor,1971,SON,1.3683266693691265
Bayankhongor,1972,DJF,-16.864483273104277
Bayankhongor,1972,JJA,17.95412367334908
Bayankhongor,1972,MAM,5.370592647528521
Bayankhongor,1972,SON,1.264325378226057
Bayankhongor,1973,DJF,-14.124079515948962
Bayankhongor,1973,JJA,16.832495577830212
Bayankhongor,1973,MAM,3.640166506977224
Bayankhongor,1973,SON,1.462389138659614
Bayankhongor,1974,DJF,-15.531456219175304
Bayankhongor,1974,JJA,17.66269039897801
Bayankhongor,1974,MAM,3.2732607667551328
Bayankhongor,1974,SON,0.2615831147200134
Bayankhongor,1975,DJF,-15.065419044734524
Bayankhongor,1975,JJA,17.358859694378953
Bayankhongor,1975,MAM,1.560886829304268
Bayankhongor,1975,SON,0.8055577212159966
Bayankhongor,1976,DJF,-14.427130558805622
Bayankhongor,1976,JJA,15.999894666371878
Bayankhongor,1976,MAM,1.440181362703934
Bayankhongor,1976,SON,0.7439105339770274
Bayankhongor,1977,DJF,-17.03782527611688
Bayankhongor,1977,JJA,17.607912305915903
Bayankhongor,1977,MAM,2.652383518818812
Bayankhongor,1977,SON,2.9365044743760054
Bayankhongor,1978,DJF,-14.552107742597448
Bayankhongor,1978,JJA,17.37452001031842
Bayankhongor,1978,MAM,4.191708777085813
Bayankhongor,1978,SON,1.8374730140158442
Bayankhongor,1979,DJF,-11.60307797605884
Bayankhongor,1979,JJA,17.22848245872644
Bayankhongor,1979,MAM,2.5331430639111248
Bayankhongor,1979,SON,1.9860633178327296
Bayankhongor,1980,DJF,-13.846283256482755
Bayankhongor,1980,JJA,18.02564152171779
Bayankhongor,1980,MAM,2.0354430384606164
Bayankhongor,1980,SON,2.59469032527518
Bayankhongor,1981,DJF,-14.87356047720277
Bayankhongor,1981,JJA,17.722010428950494
Bayankhongor,1981,MAM,5.0681020292846135
Bayankhongor,1981,SON,-0.4142073721255669
Bayankhongor,1982,DJF,-13.507576334251524
Bayankhongor,1982,JJA,17.111459254618733
Bayankhongor,1982,MAM,4.648006645538545
Bayankhongor,1982,SON,2.3265072228773813
Bayankhongor,1983,DJF,-13.862602123524384
Bayankhongor,1983,JJA,16.922646422956
Bayankhongor,1983,MAM,3.29135250835301
Bayankhongor,1983,SON,2.238866688470443
Bayankhongor,1984,DJF,-17.50590280976683
Bayankhongor,1984,JJA,16.38695736291276
Bayankhongor,1984,MAM,2.837965517823824
Bayankhongor,1984,SON,1.1878931201479197
Bayankhongor,1985,DJF,-16.656253800302157
Bayankhongor,1985,JJA,16.904170044713073
Bayankhongor,1985,MAM,2.1997372033461313
Bayankhongor,1985,SON,1.1106645740053416
Bayankhongor,1986,DJF,-14.22801039113936
Bayankhongor,1986,JJA,17.79264384335694
Bayankhongor,1986,MAM,4.028257972189488
Bayankhongor,1986,SON,0.21788604544395945
Bayankhongor,1987,DJF,-13.055887603759743
Bayankhongor,1987,JJA,16.93813015919814
Bayankhongor,1987,MAM,3.554274495442731
Bayankhongor,1987,SON,0.05185825659796151
Bayankhongor,1988,DJF,-16.632260794009778
Bayankhongor,1988,JJA,18.48727152122644
Bayankhongor,1988,MAM,1.0915598743366972
Bayankhongor,1988,SON,2.3902713031888987
Bayankhongor,1989,DJF,-13.390250449510466
Bayankhongor,1989,JJA,17.780148142688702
Bayankhongor,1989,MAM,4.7460375515920035
Bayankhongor,1989,SON,1.2267961226169646
Bayankhongor,1990,DJF,-12.865673002806826
Bayankhongor,1990,JJA,16.63645219143084
Bayankhongor,1990,MAM,3.3086757443986077
Bayankhongor,1990,SON,2.9050057273241188
Bayankhongor,1991,DJF,-13.477846743025847
Bayankhongor,1991,JJA,18.79707061959515
Bayankhongor,1991,MAM,2.5138329463934976
Bayankhongor,1991,SON,2.0169415647878814
Bayankhongor,1992,DJF,-13.908702787963076
Bayankhongor,1992,JJA,17.676830594044834
Bayankhongor,1992,MAM,3.630412613970701
Bayankhongor,1992,SON,-0.6199204162981298
Bayankhongor,1993,DJF,-14.955252123178903
Bayankhongor,1993,JJA,16.11205809011402
Bayankhongor,1993,MAM,1.9397178409984503
Bayankhongor,1993,SON,0.7514744068841742
Bayankhongor,1994,DJF,-14.023718405669566
Bayankhongor,1994,JJA,17.624931517786973
Bayankhongor,1994,MAM,4.017426343234103
Bayankhongor,1994,SON,1.247347696172389
Bayankhongor,1995,DJF,-13.782614183725778
Bayankhongor,1995,JJA,17.80084788964232
Bayankhongor,1995,MAM,2.4459349818199914
Bayankhongor,1995,SON,2.9978503725064103
Bayankhongor,1996,DJF,-15.442850950229069
Bayankhongor,1996,JJA,17.465764114092003
Bayankhongor,1996,MAM,2.6880519459082874
Bayankhongor,1996,SON,1.09448917796779
Bayankhongor,1997,DJF,-13.287968459219279
Bayankhongor,1997,JJA,17.931616671580212
Bayankhongor,1997,MAM,6.500106562008671
Bayankhongor,1997,SON,1.150740559895856
Bayankhongor,1998,DJF,-13.587257250899766
Bayankhongor,1998,JJA,18.734077731918262
Bayankhongor,1998,MAM,4.577080723024787
Bayankhongor,1998,SON,3.8326072356986027
Bayankhongor,1999,DJF,-12.418889421187083
Bayankhongor,1999,JJA,19.59624269113603
Bayankhongor,1999,MAM,3.581963919393694
Bayankhongor,1999,SON,1.422140867605172
Bayankhongor,2000,DJF,-15.177553990202107
Bayankhongor,2000,JJA,19.3683888561321
Bayankhongor,2000,MAM,4.7764568592767525
Bayankhongor,2000,SON,-0.3227709500294584
Bayankhongor,2001,DJF,-13.968560666258206
Bayankhongor,2001,JJA,19.929803274862444
Bayankhongor,2001,MAM,4.687601955581783
Bayankhongor,2001,SON,2.898343298570188
Bayankhongor,2002,DJF,-14.185544725334095
Bayankhongor,2002,JJA,20.995566160573922
Bayankhongor,2002,MAM,2.8628396472091424
Bayankhongor,2002,SON,1.5178426490639967
Bayankhongor,2003,DJF,-15.241277044524164
Bayankhongor,2003,JJA,17.508877198801123
Bayankhongor,2003,MAM,2.1821043770268505
Bayankhongor,2003,SON,0.4913473213244012
Bayankhongor,2004,DJF,-14.087414589168118
Bayankhongor,2004,JJA,18.895066209709142
Bayankhongor,2004,MAM,5.654644698616866
Bayankhongor,2004,SON,1.2841956564465635
Bayankhongor,2005,DJF,-17.489862391633785
Bayankhongor,2005,JJA,19.429892332448922
Bayankhongor,2005,MAM,4.526840728183985
Bayankhongor,2005,SON,2.146573351014358
Bayankhongor,2006,DJF,-15.400560064735629
Bayankhongor,2006,JJA,18.964101193985872
Bayankhongor,2006,MAM,3.8491201724646453
Bayankhongor,2006,SON,3.887531438863525
Bayankhongor,2007,DJF,-11.702808293756426
Bayankhongor,2007,JJA,19.89605198506292
Bayankhongor,2007,MAM,4.575894951970345
Bayankhongor,2007,SON,2.1901974851980377
Bayankhongor,2008,DJF,-16.653958600122202
Bayankhongor,2008,JJA,19.488257296580212
Bayankhongor,2008,MAM,5.7315395907036395
Bayankhongor,2008,SON,3.330232670622075
Bayankhongor,2009,DJF,-13.896820101947881
Bayankhongor,2009,JJA,18.71907613502361
Bayankhongor,2009,MAM,6.194377625663348
Bayankhongor,2009,SON,1.5167624179672372
Bayankhongor,2010,DJF,-16.187962811547983
Bayankhongor,2010,JJA,19.842849289996092
Bayankhongor,2010,MAM,1.509622696210776
Bayankhongor,2010,SON,3.331776783301418
Bayankhongor,2011,DJF,-16.489110368452707
Bayankhongor,2011,JJA,19.1942582424332
Bayankhongor,2011,MAM,3.2673916030979986
Bayankhongor,2011,SON,1.621322190386717
Bayankhongor,2012,DJF,-16.644267661616464
Bayankhongor,2012,JJA,18.80215150845128
Bayankhongor,2012,MAM,4.24236622936323
Bayankhongor,2012,SON,0.2619742531446768
Bayankhongor,2013,DJF,-15.611804491918768
Bayankhongor,2013,JJA,18.406784959709142
Bayankhongor,2013,MAM,6.392102741745306
Bayankhongor,2013,SON,2.425339263340235
Bayankhongor,2014,DJF,-14.112969222158732
Bayankhongor,2014,JJA,18.004052734375023
Bayankhongor,2014,MAM,5.30564164455584
Bayankhongor,2014,SON,2.464273551125219
Bayankhongor,2015,DJF,-12.853673500684799
Bayankhongor,2015,JJA,18.562317892590432
Bayankhongor,2015,MAM,4.699795167551123
Bayankhongor,2015,SON,1.8801929449885373
Bayankhongor,2016,DJF,-15.03691586668384
Bayankhongor,2016,JJA,18.80420904579405
Bayankhongor,2016,MAM,5.2268563900354
Bayankhongor,2016,SON,2.090774814437793
Bayankhongor,2017,DJF,-12.684893539716589
Bayankhongor,2017,JJA,20.335726218553482
Bayankhongor,2017,MAM,5.728884753341218
Bayankhongor,2017,SON,2.0243860784566854
Bayankhongor,2018,DJF,-14.73046904749838
Bayankhongor,2018,JJA,19.64746922906842
Bayankhongor,2018,MAM,7.580858760809772
Bayankhongor,2018,SON,1.5330050870307814
Bayankhongor,2019,DJF,-16.945540479743983
Bayankhongor,2019,JJA,19.11215636055427
Bayankhongor,2019,MAM,5.209170781741375
Bayankhongor,2019,SON,3.5647063729148467
Bayankhongor,2020,DJF,-12.173313918203654
Bayankhongor,2020,JJA,18.660014064956783
Bayankhongor,2020,MAM,6.045224977889173
Bayankhongor,2020,SON,1.2618352926002585
Bayankhongor,2021,DJF,-14.385362694698287
Bayankhongor,2021,JJA,17.879967877849865
Bayankhongor,2021,MAM,5.209109362716218
Bayankhongor,2021,SON,2.2979608115910213
Bayankhongor,2022,DJF,-14.116133549528278
Bayankhongor,2022,JJA,19.52291298152518
Bayankhongor,2022,MAM,5.482301186615588
Bayankhongor,2022,SON,2.6178268240682963
Bayankhongor,2023,DJF,-13.883647904306065
Bayankhongor,2023,JJA,20.383144776926123
Bayankhongor,2023,MAM,3.7234583824685763
Bayankhongor,2023,SON,3.5434530390133876
Bayankhongor,2024,DJF,-15.162424421010504
Bayankhongor,2024,JJA,20.30964770047172
Bayankhongor,2024,MAM,6.77195177378147
Bayankhongor,2024,SON,3.133238057070581
Bayankhongor,2025,DJF,-14.275097694636868
Bayankhongor,2025,JJA,19.72819071835694
Bayankhongor,2025,MAM,5.3066059232508085
Bayankhongor,2025,SON,1.0469600653498654
Bayankhongor,2026,DJF,-13.172715442585472
Bulgan,1970,DJF,-20.00420757791268
Bulgan,1970,JJA,16.472799196105093
Bulgan,1970,MAM,-0.9921852001245244
Bulgan,1970,SON,-2.6287199600882927
Bulgan,1971,DJF,-20.93958373138868
Bulgan,1971,JJA,14.69060801630437
Bulgan,1971,MAM,0.010682567651743751
Bulgan,1971,SON,0.3757603742074503
Bulgan,1972,DJF,-20.25854483341823
Bulgan,1972,JJA,15.393435801630456
Bulgan,1972,MAM,2.7882563051970335
Bulgan,1972,SON,-2.2292581309442707
Bulgan,1973,DJF,-18.676195083839286
Bulgan,1973,JJA,14.92601619112321
Bulgan,1973,MAM,1.1672943557518343
Bulgan,1973,SON,-0.20403999660323813
Bulgan,1974,DJF,-18.441559634001337
Bulgan,1974,JJA,16.091677989130456
Bulgan,1974,MAM,0.932623910212885
Bulgan,1974,SON,-1.8716876486073142
Bulgan,1975,DJF,-17.838774882883243
Bulgan,1975,JJA,15.440395720108716
Bulgan,1975,MAM,1.3955693783967618
Bulgan,1975,SON,-0.753776572407133
Bulgan,1976,DJF,-18.03617634427718
Bulgan,1976,JJA,14.272692340353284
Bulgan,1976,MAM,-0.9655619303385189
Bulgan,1976,SON,-3.33476403277851
Bulgan,1977,DJF,-21.965776659094747
Bulgan,1977,JJA,16.06643950973734
Bulgan,1977,MAM,0.33032898833788504
Bulgan,1977,SON,1.381454335088338
Bulgan,1978,DJF,-16.318515965558458
Bulgan,1978,JJA,15.636829851675746
Bulgan,1978,MAM,2.1638830212579485
Bulgan,1978,SON,0.11185983851338324
Bulgan,1979,DJF,-17.8384932587112
Bulgan,1979,JJA,16.12265200407611
Bulgan,1979,MAM,0.29380342787592856
Bulgan,1979,SON,-0.4114507260529664
Bulgan,1980,DJF,-18.246660945726457
Bulgan,1980,JJA,16.663402258831542
Bulgan,1980,MAM,-1.4792992633321784
Bulgan,1980,SON,-0.6471056951992527
Bulgan,1981,DJF,-19.460551353122856
Bulgan,1981,JJA,15.643092589447486
Bulgan,1981,MAM,3.594183084239153
Bulgan,1981,SON,-3.4138072138247053
Bulgan,1982,DJF,-18.657500855819016
Bulgan,1982,JJA,15.180364724864152
Bulgan,1982,MAM,2.196258633378646
Bulgan,1982,SON,0.09163552989132709
Bulgan,1983,DJF,-18.958540952378403
Bulgan,1983,JJA,14.396422101449298
Bulgan,1983,MAM,1.4339383774909649
Bulgan,1983,SON,0.2603106070256115
Bulgan,1984,DJF,-20.599326833089172
Bulgan,1984,JJA,14.82461291326995
Bulgan,1984,MAM,1.1240394481714449
Bulgan,1984,SON,-0.8323416447293703
Bulgan,1985,DJF,-20.161222065358903
Bulgan,1985,JJA,14.690894616168501
Bulgan,1985,MAM,0.08380799224413506
Bulgan,1985,SON,-1.28588902570197
Bulgan,1986,DJF,-19.558684274424657
Bulgan,1986,JJA,15.974101279438427
Bulgan,1986,MAM,1.326240517436617
Bulgan,1986,SON,-1.521496007062364
Bulgan,1987,DJF,-17.56259207241775
Bulgan,1987,JJA,15.253001868206542
Bulgan,1987,MAM,1.3750965063122962
Bulgan,1987,SON,-2.310561216050277
Bulgan,1988,DJF,-17.968369713382423
Bulgan,1988,JJA,15.421451822916687
Bulgan,1988,MAM,0.6513252590013814
Bulgan,1988,SON,1.3773924012115264
Bulgan,1989,DJF,-16.955419037307497
Bulgan,1989,JJA,15.113353430706542
Bulgan,1989,MAM,3.295379727128646
Bulgan,1989,SON,-0.4750422823256113
Bulgan,1990,DJF,-15.855234472302403
Bulgan,1990,JJA,14.589215353260892
Bulgan,1990,MAM,3.001554715806182
Bulgan,1990,SON,0.8660982436028307
Bulgan,1991,DJF,-16.980613675324793
Bulgan,1991,JJA,16.17490871263589
Bulgan,1991,MAM,0.8006676715353488
Bulgan,1991,SON,0.15092631906705173
Bulgan,1992,DJF,-16.859400121716465
Bulgan,1992,JJA,15.138945737092412
Bulgan,1992,MAM,2.9431538015172327
Bulgan,1992,SON,-1.0205090508944519
Bulgan,1993,DJF,-17.856295234569583
Bulgan,1993,JJA,14.933478402400384
Bulgan,1993,MAM,2.0102128623188635
Bulgan,1993,SON,-0.9985381637794156
Bulgan,1994,DJF,-17.39145596269246
Bulgan,1994,JJA,15.804352779664876
Bulgan,1994,MAM,2.2761501146399685
Bulgan,1994,SON,0.17371896937275824
Bulgan,1995,DJF,-15.954202314736165
Bulgan,1995,JJA,15.894649428215601
Bulgan,1995,MAM,1.0057864866395154
Bulgan,1995,SON,1.2740753616112093
Bulgan,1996,DJF,-18.028529534823633
Bulgan,1996,JJA,15.653134199501833
Bulgan,1996,MAM,1.4460109544837183
Bulgan,1996,SON,-2.099363819067006
Bulgan,1997,DJF,-15.619337297522483
Bulgan,1997,JJA,16.14226817255437
Bulgan,1997,MAM,4.600442283740965
Bulgan,1997,SON,0.12029728543933434
Bulgan,1998,DJF,-15.629902184527833
Bulgan,1998,JJA,16.203076879529007
Bulgan,1998,MAM,3.2372229534646966
Bulgan,1998,SON,0.9026361880095336
Bulgan,1999,DJF,-14.924838654891284
Bulgan,1999,JJA,16.83048644134966
Bulgan,1999,MAM,1.0706084762794612
Bulgan,1999,SON,0.015429156759533607
Bulgan,2000,DJF,-18.80994992463483
Bulgan,2000,JJA,17.87671393795292
Bulgan,2000,MAM,3.5703846807065447
Bulgan,2000,SON,-2.6411277881566804
Bulgan,2001,DJF,-20.293205062202766
Bulgan,2001,JJA,17.921986101675746
Bulgan,2001,MAM,2.6093410326087185
Bulgan,2001,SON,0.9672750721807293
Bulgan,2002,DJF,-16.135735243645247
Bulgan,2002,JJA,19.234128736413066
Bulgan,2002,MAM,2.9906250000000227
Bulgan,2002,SON,-1.9157926255377944
Bulgan,2003,DJF,-18.6163737753163
Bulgan,2003,JJA,16.45525291553444
Bulgan,2003,MAM,1.4437212515568616
Bulgan,2003,SON,-1.380758058852021
Bulgan,2004,DJF,-17.134754534735176
Bulgan,2004,JJA,16.788115658967413
Bulgan,2004,MAM,2.5776642287987093
Bulgan,2004,SON,0.02811650815219665
Bulgan,2005,DJF,-20.693653681658294
Bulgan,2005,JJA,17.491463569972847
Bulgan,2005,MAM,2.1859304234601677
Bulgan,2005,SON,1.5071080304574502
Bulgan,2006,DJF,-18.242441724694274
Bulgan,2006,JJA,16.44171195652176
Bulgan,2006,MAM,1.1148288892663272
Bulgan,2006,SON,1.2322875091995245
Bulgan,2007,DJF,-13.867862225960971
Bulgan,2007,JJA,18.070137001811617
Bulgan,2007,MAM,3.5865253835484827
Bulgan,2007,SON,0.7256444074105752
Bulgan,2008,DJF,-17.982192020139813
Bulgan,2008,JJA,16.75481346240944
Bulgan,2008,MAM,3.757682999320675
Bulgan,2008,SON,1.8048826355865264
Bulgan,2009,DJF,-17.170265164582606
Bulgan,2009,JJA,16.26881793478263
Bulgan,2009,MAM,4.102130923063881
Bulgan,2009,SON,-0.5196704809216258
Bulgan,2010,DJF,-21.572911934230618
Bulgan,2010,JJA,17.362104421422124
Bulgan,2010,MAM,-0.24445500028303885
Bulgan,2010,SON,1.1458935723788723
Bulgan,2011,DJF,-19.319154733851313
Bulgan,2011,JJA,17.02720717278082
Bulgan,2011,MAM,1.2707263891247962
Bulgan,2011,SON,-0.6679810454879754
Bulgan,2012,DJF,-20.110585442142188
Bulgan,2012,JJA,16.00807574728263
Bulgan,2012,MAM,2.2347302423007473
Bulgan,2012,SON,-0.6074487658514265
Bulgan,2013,DJF,-21.143669150532133
Bulgan,2013,JJA,15.935647361865962
Bulgan,2013,MAM,2.3288836050724866
Bulgan,2013,SON,0.34034494593525827
Bulgan,2014,DJF,-16.701733376323293
Bulgan,2014,JJA,16.09399555593299
Bulgan,2014,MAM,3.761016049592414
Bulgan,2014,SON,0.21518749292348288
Bulgan,2015,DJF,-15.504994677115157
Bulgan,2015,JJA,18.155830361186617
Bulgan,2015,MAM,2.6556959069293704
Bulgan,2015,SON,-0.032732888926607695
Bulgan,2016,DJF,-17.811784296450387
Bulgan,2016,JJA,17.165500452898574
Bulgan,2016,MAM,3.3107641247735735
Bulgan,2016,SON,-1.6789785965629018
Bulgan,2017,DJF,-16.311833168803762
Bulgan,2017,JJA,18.182271852355093
Bulgan,2017,MAM,4.4135756340579935
Bulgan,2017,SON,0.028304478742097013
Bulgan,2018,DJF,-16.847201162144735
Bulgan,2018,JJA,17.128118631114152
Bulgan,2018,MAM,5.316910099637704
Bulgan,2018,SON,0.09568640667461513
Bulgan,2019,DJF,-18.696479819477446
Bulgan,2019,JJA,17.356053979846035
Bulgan,2019,MAM,3.697723477128646
Bulgan,2019,SON,0.8373241479846242
Bulgan,2020,DJF,-16.15247949793717
Bulgan,2020,JJA,16.983686452672124
Bulgan,2020,MAM,4.360809414628646
Bulgan,2020,SON,0.6101849099864358
Bulgan,2021,DJF,-16.54722901496332
Bulgan,2021,JJA,16.074704908288066
Bulgan,2021,MAM,3.014660467617776
Bulgan,2021,SON,0.9317207668138814
Bulgan,2022,DJF,-16.651776211503602
Bulgan,2022,JJA,15.920793704710166
Bulgan,2022,MAM,3.4398685178895154
Bulgan,2022,SON,0.06494282155799375
Bulgan,2023,DJF,-17.19643520410508
Bulgan,2023,JJA,17.086752717391324
Bulgan,2023,MAM,1.8537222599637908
Bulgan,2023,SON,1.0328613281250227
Bulgan,2024,DJF,-18.89313774661739
Bulgan,2024,JJA,18.360275135869585
Bulgan,2024,MAM,4.716727524909443
Bulgan,2024,SON,1.861854088824751
Bulgan,2025,DJF,-15.702719337352788
Bulgan,2025,JJA,17.78564594655799
Bulgan,2025,MAM,4.4441710541214
Bulgan,2025,SON,-0.42728359941120914
Bulgan,2026,DJF,-17.11520199983014
Darkhan-Uul,1970,DJF,-19.897472127278622
Darkhan-Uul,1970,JJA,17.71248553240743
Darkhan-Uul,1970,MAM,-0.24371609157983837
Darkhan-Uul,1970,SON,-0.949372920283542
Darkhan-Uul,1971,DJF,-20.530485817238112
Darkhan-Uul,1971,JJA,16.383691406250023
Darkhan-Uul,1971,MAM,0.4935659903067357
Darkhan-Uul,1971,SON,0.9753571686921524
Darkhan-Uul,1972,DJF,-18.95725719310617
Darkhan-Uul,1972,JJA,17.133673321759282
Darkhan-Uul,1972,MAM,2.815551305700254
Darkhan-Uul,1972,SON,-0.7189900716145606
Darkhan-Uul,1973,DJF,-18.480390647605592
Darkhan-Uul,1973,JJA,16.35262225115743
Darkhan-Uul,1973,MAM,1.915095124421319
Darkhan-Uul,1973,SON,0.3042914496528005
Darkhan-Uul,1974,DJF,-18.713083224826367
Darkhan-Uul,1974,JJA,17.930403645833355
Darkhan-Uul,1974,MAM,0.5727150245949302
Darkhan-Uul,1974,SON,-2.0952740704571533
Darkhan-Uul,1975,DJF,-19.227301025390602
Darkhan-Uul,1975,JJA,16.90166739004632
Darkhan-Uul,1975,MAM,2.186796513310208
Darkhan-Uul,1975,SON,1.1203427915220134
Darkhan-Uul,1976,DJF,-18.862595056604434
Darkhan-Uul,1976,JJA,16.663539858217614
Darkhan-Uul,1976,MAM,0.11183969003185144
Darkhan-Uul,1976,SON,-0.828740324797431
Darkhan-Uul,1977,DJF,-21.71826838740594
Darkhan-Uul,1977,JJA,18.10796621817132
Darkhan-Uul,1977,MAM,1.6858787254051153
Darkhan-Uul,1977,SON,1.599676739728032
Darkhan-Uul,1978,DJF,-17.888966200086784
Darkhan-Uul,1978,JJA,16.885436559606504
Darkhan-Uul,1978,MAM,1.6952973542390273
Darkhan-Uul,1978,SON,0.4726863154658792
Darkhan-Uul,1979,DJF,-18.827819146050324
Darkhan-Uul,1979,JJA,17.915393518518542
Darkhan-Uul,1979,MAM,1.352590603298634
Darkhan-Uul,1979,SON,-0.4638359917534495
Darkhan-Uul,1980,DJF,-20.85488541214552
Darkhan-Uul,1980,JJA,19.46683485243058
Darkhan-Uul,1980,MAM,-1.0674092610676855
Darkhan-Uul,1980,SON,-0.2511465567129402
Darkhan-Uul,1981,DJF,-20.211132925528045
Darkhan-Uul,1981,JJA,16.93044885706021
Darkhan-Uul,1981,MAM,3.491999421296319
Darkhan-Uul,1981,SON,-2.4526778609664124
Darkhan-Uul,1982,DJF,-18.746994470666934
Darkhan-Uul,1982,JJA,16.817493127893542
Darkhan-Uul,1982,MAM,2.4143717447916893
Darkhan-Uul,1982,SON,1.2969039351852079
Darkhan-Uul,1983,DJF,-17.77071284541375
Darkhan-Uul,1983,JJA,15.785564959490763
Darkhan-Uul,1983,MAM,2.111528862847245
Darkhan-Uul,1983,SON,1.5386788827401847
Darkhan-Uul,1984,DJF,-18.792254864727987
Darkhan-Uul,1984,JJA,16.80307978877317
Darkhan-Uul,1984,MAM,1.9383777759693515
Darkhan-Uul,1984,SON,0.00863828305847181
Darkhan-Uul,1985,DJF,-21.20248458297162
Darkhan-Uul,1985,JJA,16.757470703125023
Darkhan-Uul,1985,MAM,0.908270489728032
Darkhan-Uul,1985,SON,0.4047734013310413
Darkhan-Uul,1986,DJF,-19.606579702871795
Darkhan-Uul,1986,JJA,18.24860026041669
Darkhan-Uul,1986,MAM,2.7144476996528004
Darkhan-Uul,1986,SON,0.6268893771701616
Darkhan-Uul,1987,DJF,-19.41587253146699
Darkhan-Uul,1987,JJA,17.297319878472244
Darkhan-Uul,1987,MAM,1.3112189398871754
Darkhan-Uul,1987,SON,0.2310809100115968
Darkhan-Uul,1988,DJF,-17.905121866861958
Darkhan-Uul,1988,JJA,16.789236111111133
Darkhan-Uul,1988,MAM,0.37300573278358756
Darkhan-Uul,1988,SON,2.214097312644699
Darkhan-Uul,1989,DJF,-16.46804628725403
Darkhan-Uul,1989,JJA,17.08994502314817
Darkhan-Uul,1989,MAM,4.524397786458356
Darkhan-Uul,1989,SON,-0.8501342773437273
Darkhan-Uul,1990,DJF,-19.537458518699342
Darkhan-Uul,1990,JJA,16.713136574074095
Darkhan-Uul,1990,MAM,3.135671657986134
Darkhan-Uul,1990,SON,2.2613340024595137
Darkhan-Uul,1991,DJF,-18.271908682363982
Darkhan-Uul,1991,JJA,17.783403862847244
Darkhan-Uul,1991,MAM,1.2454219111690041
Darkhan-Uul,1991,SON,0.666288700810208
Darkhan-Uul,1992,DJF,-18.11788872612845
Darkhan-Uul,1992,JJA,16.782354962384282
Darkhan-Uul,1992,MAM,3.563148328993078
Darkhan-Uul,1992,SON,-0.8872436523437273
Darkhan-Uul,1993,DJF,-19.319530232747372
Darkhan-Uul,1993,JJA,17.066643156828725
Darkhan-Uul,1993,MAM,2.1996274594907637
Darkhan-Uul,1993,SON,-0.1653424298321532
Darkhan-Uul,1994,DJF,-16.64522965042677
Darkhan-Uul,1994,JJA,18.141820384837985
Darkhan-Uul,1994,MAM,3.4064575195312727
Darkhan-Uul,1994,SON,0.797331181278958
Darkhan-Uul,1995,DJF,-16.87342597113713
Darkhan-Uul,1995,JJA,17.362758608217614
Darkhan-Uul,1995,MAM,1.337530743634282
Darkhan-Uul,1995,SON,2.0039724844473605
Darkhan-Uul,1996,DJF,-18.019334468135103
Darkhan-Uul,1996,JJA,17.15995912905095
Darkhan-Uul,1996,MAM,2.39778826678243
Darkhan-Uul,1996,SON,-1.0553909866897921
Darkhan-Uul,1997,DJF,-17.258218157732905
Darkhan-Uul,1997,JJA,17.704980468750023
Darkhan-Uul,1997,MAM,5.132271773726875
Darkhan-Uul,1997,SON,0.30458532262733756
Darkhan-Uul,1998,DJF,-16.20967768916375
Darkhan-Uul,1998,JJA,17.38629557291669
Darkhan-Uul,1998,MAM,4.151843713831041
Darkhan-Uul,1998,SON,0.37298312717016163
Darkhan-Uul,1999,DJF,-16.67061631944442
Darkhan-Uul,1999,JJA,18.99493815104169
Darkhan-Uul,1999,MAM,1.8158270941840504
Darkhan-Uul,1999,SON,0.556486454716458
Darkhan-Uul,2000,DJF,-18.621320823386842
Darkhan-Uul,2000,JJA,19.928179253472244
Darkhan-Uul,2000,MAM,4.9241283275463195
Darkhan-Uul,2000,SON,-2.5078694661458107
Darkhan-Uul,2001,DJF,-22.098499326352698
Darkhan-Uul,2001,JJA,20.4893500434028
Darkhan-Uul,2001,MAM,2.746249276620393
Darkhan-Uul,2001,SON,2.334711823640069
Darkhan-Uul,2002,DJF,-16.698842253508367
Darkhan-Uul,2002,JJA,21.36189959490743
Darkhan-Uul,2002,MAM,3.956499565972245
Darkhan-Uul,2002,SON,-1.9897408944588892
Darkhan-Uul,2003,DJF,-19.24602582013163
Darkhan-Uul,2003,JJA,18.27107024016206
Darkhan-Uul,2003,MAM,2.881594735604768
Darkhan-Uul,2003,SON,-1.379205096209468
Darkhan-Uul,2004,DJF,-18.322694453486665
Darkhan-Uul,2004,JJA,18.74832899305558
Darkhan-Uul,2004,MAM,1.7464719419126384
Darkhan-Uul,2004,SON,1.4531720196759486
Darkhan-Uul,2005,DJF,-21.638762184425612
Darkhan-Uul,2005,JJA,19.488391565393542
Darkhan-Uul,2005,MAM,1.8628038194444672
Darkhan-Uul,2005,SON,2.32784197771993
Darkhan-Uul,2006,DJF,-18.32223442925345
Darkhan-Uul,2006,JJA,18.30547598379632
Darkhan-Uul,2006,MAM,1.7907642505787265
Darkhan-Uul,2006,SON,2.035966209129074
Darkhan-Uul,2007,DJF,-13.214381917317686
Darkhan-Uul,2007,JJA,19.698017939814836
Darkhan-Uul,2007,MAM,4.30298258463544
Darkhan-Uul,2007,SON,2.034171323423055
Darkhan-Uul,2008,DJF,-17.987353176540775
Darkhan-Uul,2008,JJA,18.553685619212985
Darkhan-Uul,2008,MAM,4.349773943865763
Darkhan-Uul,2008,SON,2.4051870840567355
Darkhan-Uul,2009,DJF,-17.29677881311485
Darkhan-Uul,2009,JJA,17.897706886574095
Darkhan-Uul,2009,MAM,4.730061396846088
Darkhan-Uul,2009,SON,-0.15110541449650505
Darkhan-Uul,2010,DJF,-21.13266545048464
Darkhan-Uul,2010,JJA,18.799770326967614
Darkhan-Uul,2010,MAM,0.5570063838252542
Darkhan-Uul,2010,SON,1.670813214337407
Darkhan-Uul,2011,DJF,-18.511371640805823
Darkhan-Uul,2011,JJA,18.761973741319466
Darkhan-Uul,2011,MAM,2.714986843533009
Darkhan-Uul,2011,SON,1.0464326081452773
Darkhan-Uul,2012,DJF,-19.976147008825208
Darkhan-Uul,2012,JJA,17.43342375578706
Darkhan-Uul,2012,MAM,3.1718677662037265
Darkhan-Uul,2012,SON,0.37902560763891163
Darkhan-Uul,2013,DJF,-22.199490469473357
Darkhan-Uul,2013,JJA,17.73711660879632
Darkhan-Uul,2013,MAM,2.8359483506944674
Darkhan-Uul,2013,SON,1.8935361508970134
Darkhan-Uul,2014,DJF,-16.837442920826078
Darkhan-Uul,2014,JJA,17.782174117476874
Darkhan-Uul,2014,MAM,4.606682219328726
Darkhan-Uul,2014,SON,1.147627766927106
Darkhan-Uul,2015,DJF,-16.54484772858794
Darkhan-Uul,2015,JJA,20.229928023726874
Darkhan-Uul,2015,MAM,3.0454119646990967
Darkhan-Uul,2015,SON,0.9465666594328931
Darkhan-Uul,2016,DJF,-16.467761456524862
Darkhan-Uul,2016,JJA,18.827412471064836
Darkhan-Uul,2016,MAM,3.918983289930578
Darkhan-Uul,2016,SON,-1.783318865740718
Darkhan-Uul,2017,DJF,-17.557781530309583
Darkhan-Uul,2017,JJA,20.012887008101874
Darkhan-Uul,2017,MAM,4.980877459490763
Darkhan-Uul,2017,SON,0.3616362395110181
Darkhan-Uul,2018,DJF,-17.138479049117453
Darkhan-Uul,2018,JJA,18.520003255208355
Darkhan-Uul,2018,MAM,5.0597077546296525
Darkhan-Uul,2018,SON,1.2204167118779163
Darkhan-Uul,2019,DJF,-18.28521491156682
Darkhan-Uul,2019,JJA,18.921786385995393
Darkhan-Uul,2019,MAM,4.311724175347245
Darkhan-Uul,2019,SON,1.2307734736690041
Darkhan-Uul,2020,DJF,-15.927698658130764
Darkhan-Uul,2020,JJA,18.299969256365763
Darkhan-Uul,2020,MAM,5.2586823640046525
Darkhan-Uul,2020,SON,1.6211543330440041
Darkhan-Uul,2021,DJF,-16.882306586371506
Darkhan-Uul,2021,JJA,17.184752965856504
Darkhan-Uul,2021,MAM,3.58649992766206
Darkhan-Uul,2021,SON,1.411683937355347
Darkhan-Uul,2022,DJF,-15.356090856481458
Darkhan-Uul,2022,JJA,17.14629629629632
Darkhan-Uul,2022,MAM,4.101925998263912
Darkhan-Uul,2022,SON,0.9506040219907634
Darkhan-Uul,2023,DJF,-18.080845472547722
Darkhan-Uul,2023,JJA,18.48078703703706
Darkhan-Uul,2023,MAM,2.6159866898148376
Darkhan-Uul,2023,SON,2.238952184606504
Darkhan-Uul,2024,DJF,-20.045574499059583
Darkhan-Uul,2024,JJA,19.968688512731504
Darkhan-Uul,2024,MAM,4.835206886574097
Darkhan-Uul,2024,SON,2.3951004593460876
Darkhan-Uul,2025,DJF,-18.036579160337073
Darkhan-Uul,2025,JJA,19.66848596643521
Darkhan-Uul,2025,MAM,5.10407805266206
Darkhan-Uul,2025,SON,0.3030074508102079
Darkhan-Uul,2026,DJF,-18.923390028211784
Dornod,1970,DJF,-21.040681012471495
Dornod,1970,JJA,19.903187391493077
Dornod,1970,MAM,0.32516411675349494
Dornod,1970,SON,0.11653510199655051
Dornod,1971,DJF,-19.64117194281682
Dornod,1971,JJA,18.734944661458357
Dornod,1971,MAM,1.129802788628495
Dornod,1971,SON,1.440310329861134
Dornod,1972,DJF,-20.26319058736163
Dornod,1972,JJA,17.924468315972245
Dornod,1972,MAM,2.1051798502604395
Dornod,1972,SON,-0.32713080512150505
Dornod,1973,DJF,-19.344620429144943
Dornod,1973,JJA,18.7206732855903
Dornod,1973,MAM,1.6013563368055783
Dornod,1973,SON,1.8505398220486338
Dornod,1974,DJF,-18.167887369791643
Dornod,1974,JJA,18.811572265625024
Dornod,1974,MAM,0.7184244791666894
Dornod,1974,SON,-0.6140258789062273
Dornod,1975,DJF,-18.520549752977136
Dornod,1975,JJA,18.741086154513912
Dornod,1975,MAM,3.432080078125023
Dornod,1975,SON,1.9178697374132172
Dornod,1976,DJF,-16.998593224419466
Dornod,1976,JJA,17.740540907118078
Dornod,1976,MAM,0.5386047363281478
Dornod,1976,SON,-0.09761691623261615
Dornod,1977,DJF,-21.70486145019529
Dornod,1977,JJA,18.63234592013891
Dornod,1977,MAM,2.4587049696180783
Dornod,1977,SON,1.5534790039062727
Dornod,1978,DJF,-19.136824968126064
Dornod,1978,JJA,18.442361111111133
Dornod,1978,MAM,1.9365363226996755
Dornod,1978,SON,1.05112236870662
Dornod,1979,DJF,-19.68846632639565
Dornod,1979,JJA,19.065011935763913
Dornod,1979,MAM,1.609478081597245
Dornod,1979,SON,0.24337700737849496
Dornod,1980,DJF,-19.037501949734136
Dornod,1980,JJA,19.73477918836808
Dornod,1980,MAM,-0.3149976942274078
Dornod,1980,SON,0.8147108289930783
Dornod,1981,DJF,-21.00760474734834
Dornod,1981,JJA,18.727162000868077
Dornod,1981,MAM,3.322561306423634
Dornod,1981,SON,-0.6815958658853939
Dornod,1982,DJF,-16.64396400451658
Dornod,1982,JJA,19.571172417534743
Dornod,1982,MAM,2.4777018229166896
Dornod,1982,SON,0.721025933159745
Dornod,1983,DJF,-18.257959471808515
Dornod,1983,JJA,17.597835286458356
Dornod,1983,MAM,2.3133761935764117
Dornod,1983,SON,1.1023254394531476
Dornod,1984,DJF,-20.22119562360973
Dornod,1984,JJA,17.567073567708356
Dornod,1984,MAM,0.23592461480036997
Dornod,1984,SON,0.27649129231773106
Dornod,1985,DJF,-21.194982231987826
Dornod,1985,JJA,17.886694335937523
Dornod,1985,MAM,1.8501315646701617
Dornod,1985,SON,0.30395236545141163
Dornod,1986,DJF,-18.471010907491024
Dornod,1986,JJA,19.260134548611134
Dornod,1986,MAM,2.7686957465278006
Dornod,1986,SON,0.3689982096354394
Dornod,1987,DJF,-19.781005096435525
Dornod,1987,JJA,17.386802842881966
Dornod,1987,MAM,0.8675855848524533
Dornod,1987,SON,-0.7897976345485884
Dornod,1988,DJF,-18.157942835489887
Dornod,1988,JJA,19.0004340277778
Dornod,1988,MAM,1.1178344726562728
Dornod,1988,SON,2.577412923177106
Dornod,1989,DJF,-16.121920797559927
Dornod,1989,JJA,17.437543402777802
Dornod,1989,MAM,4.172021484375023
Dornod,1989,SON,0.9809421115451616
Dornod,1990,DJF,-18.46535220675996
Dornod,1990,JJA,17.502587890625023
Dornod,1990,MAM,4.555050998263912
Dornod,1990,SON,2.2559149848090505
Dornod,1991,DJF,-17.778193643357994
Dornod,1991,JJA,18.777254231770858
Dornod,1991,MAM,1.8007052951389115
Dornod,1991,SON,1.2712103949653004
Dornod,1992,DJF,-16.09149180518254
Dornod,1992,JJA,17.889721679687522
Dornod,1992,MAM,3.3856852213541893
Dornod,1992,SON,-0.004162597656227262
Dornod,1993,DJF,-17.385662545098175
Dornod,1993,JJA,17.828987630208356
Dornod,1993,MAM,3.6051025390625226
Dornod,1993,SON,1.1389038085937728
Dornod,1994,DJF,-16.431434800889733
Dornod,1994,JJA,19.401147460937523
Dornod,1994,MAM,2.754121907552106
Dornod,1994,SON,1.9872762044271062
Dornod,1995,DJF,-16.44545016818574
Dornod,1995,JJA,19.237746853298635
Dornod,1995,MAM,1.0099256727430783
Dornod,1995,SON,2.89985283745662
Dornod,1996,DJF,-16.596883053249762
Dornod,1996,JJA,17.750664605034746
Dornod,1996,MAM,3.409090169270856
Dornod,1996,SON,-0.11475965711803282
Dornod,1997,DJF,-18.14612958696151
Dornod,1997,JJA,19.3652045355903
Dornod,1997,MAM,4.435918511284745
Dornod,1997,SON,0.4832438151041894
Dornod,1998,DJF,-15.648049778408451
Dornod,1998,JJA,17.522314453125023
Dornod,1998,MAM,5.463441297743079
Dornod,1998,SON,0.7084242078993283
Dornod,1999,DJF,-15.710226779513865
Dornod,1999,JJA,19.470521375868078
Dornod,1999,MAM,1.334661187065995
Dornod,1999,SON,1.0252726236979395
Dornod,2000,DJF,-18.93915303548175
Dornod,2000,JJA,20.854028320312523
Dornod,2000,MAM,4.484285481770856
Dornod,2000,SON,-0.3648518880208106
Dornod,2001,DJF,-22.810183715820294
Dornod,2001,JJA,21.410139973958355
Dornod,2001,MAM,2.1285047743055783
Dornod,2001,SON,2.8355970594618283
Dornod,2002,DJF,-16.331322903103278
Dornod,2002,JJA,20.085329861111134
Dornod,2002,MAM,4.978626844618078
Dornod,2002,SON,-1.2886305067274078
Dornod,2003,DJF,-19.118098004658993
Dornod,2003,JJA,18.347664388020856
Dornod,2003,MAM,2.527142333984398
Dornod,2003,SON,0.3014662000868283
Dornod,2004,DJF,-17.75594467586939
Dornod,2004,JJA,21.09841037326391
Dornod,2004,MAM,2.1872253417968976
Dornod,2004,SON,2.9146375868055783
Dornod,2005,DJF,-21.49557902018227
Dornod,2005,JJA,20.42360568576391
Dornod,2005,MAM,2.213411458333356
Dornod,2005,SON,3.0489366319444673
Dornod,2006,DJF,-19.56364610460067
Dornod,2006,JJA,19.119316948784746
Dornod,2006,MAM,2.1135199652778005
Dornod,2006,SON,2.432191975911481
Dornod,2007,DJF,-15.33254044850665
Dornod,2007,JJA,22.135663519965302
Dornod,2007,MAM,3.4468356662326616
Dornod,2007,SON,2.932110595703148
Dornod,2008,DJF,-18.52178785536022
Dornod,2008,JJA,19.990874565972245
Dornod,2008,MAM,4.754709201388912
Dornod,2008,SON,2.1948499891493283
Dornod,2009,DJF,-18.258636813693553
Dornod,2009,JJA,18.581334092881967
Dornod,2009,MAM,4.309270562065995
Dornod,2009,SON,-0.13028293185761616
Dornod,2010,DJF,-21.79389411078557
Dornod,2010,JJA,20.476733398437524
Dornod,2010,MAM,-0.12079942491317171
Dornod,2010,SON,1.7666022406684254
Dornod,2011,DJF,-20.09169209798175
Dornod,2011,JJA,20.097591145833356
Dornod,2011,MAM,3.255421956380231
Dornod,2011,SON,0.738979085286481
Dornod,2012,DJF,-21.706405639648416
Dornod,2012,JJA,18.749538845486136
Dornod,2012,MAM,2.5817111545139118
Dornod,2012,SON,0.9890597873264116
Dornod,2013,DJF,-22.82916259765623
Dornod,2013,JJA,18.1584174262153
Dornod,2013,MAM,1.4354383680555782
Dornod,2013,SON,2.176216634114606
Dornod,2014,DJF,-16.744223997327992
Dornod,2014,JJA,18.5259467230903
Dornod,2014,MAM,4.859532335069467
Dornod,2014,SON,1.8574503580729393
Dornod,2015,DJF,-15.704977650112554
Dornod,2015,JJA,19.721986219618078
Dornod,2015,MAM,3.6519748263889116
Dornod,2015,SON,1.1895968967014117
Dornod,2016,DJF,-19.298912896050325
Dornod,2016,JJA,20.962383355034746
Dornod,2016,MAM,3.6996744791666893
Dornod,2016,SON,-1.5937666363186078
Dornod,2017,DJF,-18.15797233581541
Dornod,2017,JJA,20.251076931423633
Dornod,2017,MAM,4.529611545138912
Dornod,2017,SON,0.52274102105037
Dornod,2018,DJF,-19.080651919047014
Dornod,2018,JJA,20.0499457465278
Dornod,2018,MAM,4.969542100694468
Dornod,2018,SON,1.9129007975260643
Dornod,2019,DJF,-16.48445220523408
Dornod,2019,JJA,19.35671115451391
Dornod,2019,MAM,4.177926974826412
Dornod,2019,SON,2.224321831597245
Dornod,2020,DJF,-16.794662475585916
Dornod,2020,JJA,19.506377495659745
Dornod,2020,MAM,5.073394097222245
Dornod,2020,SON,2.2455783420139115
Dornod,2021,DJF,-17.747407976786274
Dornod,2021,JJA,19.123025173611133
Dornod,2021,MAM,4.122767469618078
Dornod,2021,SON,2.5880520290798836
Dornod,2022,DJF,-16.636420355902754
Dornod,2022,JJA,18.887481011284745
Dornod,2022,MAM,3.8911024305555784
Dornod,2022,SON,2.063631184895856
Dornod,2023,DJF,-17.259523752000575
Dornod,2023,JJA,19.52437879774308
Dornod,2023,MAM,3.8584228515625227
Dornod,2023,SON,2.221139865451412
Dornod,2024,DJF,-19.651310454474533
Dornod,2024,JJA,20.7166937934028
Dornod,2024,MAM,4.330330403645856
Dornod,2024,SON,3.133668348524328
Dornod,2025,DJF,-16.04132673475475
Dornod,2025,JJA,19.83681369357641
Dornod,2025,MAM,4.588623046875023
Dornod,2025,SON,2.206005859375023
Dornod,2026,DJF,-18.393835449218727
Dornogovi,1970,DJF,-14.003787292787155
Dornogovi,1970,JJA,22.256691661432182
Dornogovi,1970,MAM,3.898546872546348
Dornogovi,1970,SON,3.21152124964015
Dornogovi,1971,DJF,-15.445555383116734
Dornogovi,1971,JJA,21.308805256752535
Dornogovi,1971,MAM,4.922703503683806
Dornogovi,1971,SON,3.4243171014578326
Dornogovi,1972,DJF,-15.67756350723341
Dornogovi,1972,JJA,21.811007838672552
Dornogovi,1972,MAM,7.317263788833513
Dornogovi,1972,SON,3.2825377497840993
Dornogovi,1973,DJF,-13.656104691344067
Dornogovi,1973,JJA,20.488334085793575
Dornogovi,1973,MAM,6.43442317381179
Dornogovi,1973,SON,4.439391864923599
Dornogovi,1974,DJF,-13.840241776918424
Dornogovi,1974,JJA,21.13054497749165
Dornogovi,1974,MAM,5.21124367769841
Dornogovi,1974,SON,2.9977765413984208
Dornogovi,1975,DJF,-14.890238566694125
Dornogovi,1975,JJA,22.099819245969453
Dornogovi,1975,MAM,6.229564243744788
Dornogovi,1975,SON,5.807755186250284
Dornogovi,1976,DJF,-12.507757721714016
Dornogovi,1976,JJA,20.07201052462837
Dornogovi,1976,MAM,4.032213404669856
Dornogovi,1976,SON,2.7872821341407783
Dornogovi,1977,DJF,-17.951440905086937
Dornogovi,1977,JJA,21.128544005836496
Dornogovi,1977,MAM,6.13181863909393
Dornogovi,1977,SON,4.387829017319694
Dornogovi,1978,DJF,-14.041274482560894
Dornogovi,1978,JJA,21.151972509029545
Dornogovi,1978,MAM,6.032389353587622
Dornogovi,1978,SON,4.627707660617563
Dornogovi,1979,DJF,-11.977429843308316
Dornogovi,1979,JJA,20.792361547319956
Dornogovi,1979,MAM,5.3836748439463165
Dornogovi,1979,SON,3.9302448726379517
Dornogovi,1980,DJF,-14.317909810690802
Dornogovi,1980,JJA,22.61724401630551
Dornogovi,1980,MAM,4.3055296522488975
Dornogovi,1980,SON,4.150945646199771
Dornogovi,1981,DJF,-15.693144034380866
Dornogovi,1981,JJA,21.475958159940348
Dornogovi,1981,MAM,7.400068048576237
Dornogovi,1981,SON,1.4886415107765616
Dornogovi,1982,DJF,-13.40338343839148
Dornogovi,1982,JJA,21.16313591067318
Dornogovi,1982,MAM,6.649253837547133
Dornogovi,1982,SON,5.076667190117275
Dornogovi,1983,DJF,-14.65698101101207
Dornogovi,1983,JJA,20.48168299178185
Dornogovi,1983,MAM,6.103669470398892
Dornogovi,1983,SON,5.1293376162224105
Dornogovi,1984,DJF,-15.00817070582402
Dornogovi,1984,JJA,20.608563733380468
Dornogovi,1984,MAM,4.979544256520254
Dornogovi,1984,SON,4.039561853456759
Dornogovi,1985,DJF,-15.479264169561981
Dornogovi,1985,JJA,20.82956947825065
Dornogovi,1985,MAM,4.623951033651352
Dornogovi,1985,SON,3.1886948168577485
Dornogovi,1986,DJF,-15.696856162935424
Dornogovi,1986,JJA,21.214883499528916
Dornogovi,1986,MAM,6.34138228577787
Dornogovi,1986,SON,2.238052833339899
Dornogovi,1987,DJF,-15.888636010455903
Dornogovi,1987,JJA,20.42123262798369
Dornogovi,1987,MAM,5.477782006958644
Dornogovi,1987,SON,3.164662300761643
Dornogovi,1988,DJF,-14.711977495100808
Dornogovi,1988,JJA,21.753148555276404
Dornogovi,1988,MAM,3.9207556949788227
Dornogovi,1988,SON,5.201854385043731
Dornogovi,1989,DJF,-12.216318173304652
Dornogovi,1989,JJA,21.1657421220687
Dornogovi,1989,MAM,7.286960600528707
Dornogovi,1989,SON,3.7341903405373444
Dornogovi,1990,DJF,-14.148800357582159
Dornogovi,1990,JJA,20.11412007956451
Dornogovi,1990,MAM,6.635034793106178
Dornogovi,1990,SON,5.716389953511067
Dornogovi,1991,DJF,-13.471397356451833
Dornogovi,1991,JJA,22.204139267300064
Dornogovi,1991,MAM,4.494163812225211
Dornogovi,1991,SON,4.378281462651823
Dornogovi,1992,DJF,-14.172630087694309
Dornogovi,1992,JJA,21.094687385495206
Dornogovi,1992,MAM,6.53500522632697
Dornogovi,1992,SON,3.4778598600097066
Dornogovi,1993,DJF,-13.615360069594368
Dornogovi,1993,JJA,20.421866902873766
Dornogovi,1993,MAM,5.867714712887376
Dornogovi,1993,SON,3.6498704255326335
Dornogovi,1994,DJF,-13.499632633790675
Dornogovi,1994,JJA,22.34861244700065
Dornogovi,1994,MAM,7.09899573142407
Dornogovi,1994,SON,5.023506182442182
Dornogovi,1995,DJF,-12.795737179959017
Dornogovi,1995,JJA,22.14131211068365
Dornogovi,1995,MAM,4.811206995262795
Dornogovi,1995,SON,5.767647267506173
Dornogovi,1996,DJF,-14.097178110605086
Dornogovi,1996,JJA,19.978805240394703
Dornogovi,1996,MAM,6.077574640782058
Dornogovi,1996,SON,3.019833951659361
Dornogovi,1997,DJF,-13.004284570844106
Dornogovi,1997,JJA,22.268972302920876
Dornogovi,1997,MAM,7.617999748089428
Dornogovi,1997,SON,3.880231929504315
Dornogovi,1998,DJF,-11.930208875186457
Dornogovi,1998,JJA,20.44840952810932
Dornogovi,1998,MAM,8.524022169768134
Dornogovi,1998,SON,5.973687386313098
Dornogovi,1999,DJF,-12.868573335427113
Dornogovi,1999,JJA,23.380214140363297
Dornogovi,1999,MAM,6.177018903927211
Dornogovi,1999,SON,4.893210948132612
Dornogovi,2000,DJF,-15.53653382983437
Dornogovi,2000,JJA,23.564128094901612
Dornogovi,2000,MAM,7.621874509265098
Dornogovi,2000,SON,3.174441829917841
Dornogovi,2001,DJF,-14.902466914242414
Dornogovi,2001,JJA,23.41053583346422
Dornogovi,2001,MAM,6.82073993011937
Dornogovi,2001,SON,6.1421765198060845
Dornogovi,2002,DJF,-11.289072079554652
Dornogovi,2002,JJA,23.62705748796066
Dornogovi,2002,MAM,7.364688514185533
Dornogovi,2002,SON,2.433216630434094
Dornogovi,2003,DJF,-15.02150090663275
Dornogovi,2003,JJA,21.272719473016146
Dornogovi,2003,MAM,6.605223004262873
Dornogovi,2003,SON,4.667930902068961
Dornogovi,2004,DJF,-12.621285233745201
Dornogovi,2004,JJA,22.638364020623975
Dornogovi,2004,MAM,7.388157656364528
Dornogovi,2004,SON,5.3662752237751485
Dornogovi,2005,DJF,-15.430016108373879
Dornogovi,2005,JJA,23.538382913918575
Dornogovi,2005,MAM,6.4061466185092355
Dornogovi,2005,SON,6.231714276133293
Dornogovi,2006,DJF,-14.437807956612467
Dornogovi,2006,JJA,22.67317675617674
Dornogovi,2006,MAM,5.946563137955424
Dornogovi,2006,SON,6.528548841620233
Dornogovi,2007,DJF,-11.095808730133392
Dornogovi,2007,JJA,24.14855985657456
Dornogovi,2007,MAM,7.139793592801269
Dornogovi,2007,SON,6.238837958101075
Dornogovi,2008,DJF,-14.194360903639268
Dornogovi,2008,JJA,22.529240113327074
Dornogovi,2008,MAM,7.921284564096547
Dornogovi,2008,SON,6.162541201286403
Dornogovi,2009,DJF,-12.996423764124964
Dornogovi,2009,JJA,22.36001589981158
Dornogovi,2009,MAM,8.271278041411508
Dornogovi,2009,SON,3.773869939705058
Dornogovi,2010,DJF,-16.419383416103933
Dornogovi,2010,JJA,23.786869814567652
Dornogovi,2010,MAM,3.901307460970238
Dornogovi,2010,SON,5.682298956125049
Dornogovi,2011,DJF,-14.461323948641295
Dornogovi,2011,JJA,22.949069157637165
Dornogovi,2011,MAM,5.824290959599452
Dornogovi,2011,SON,4.548454072527373
Dornogovi,2012,DJF,-17.04825339772591
Dornogovi,2012,JJA,21.830598794755048
Dornogovi,2012,MAM,6.920049138923808
Dornogovi,2012,SON,4.176481855894076
Dornogovi,2013,DJF,-15.437704978955628
Dornogovi,2013,JJA,22.837209812081262
Dornogovi,2013,MAM,7.55287063573076
Dornogovi,2013,SON,5.787682083104346
Dornogovi,2014,DJF,-11.659216359711948
Dornogovi,2014,JJA,22.965370553941604
Dornogovi,2014,MAM,9.08219163853122
Dornogovi,2014,SON,6.304041345235314
Dornogovi,2015,DJF,-11.214253866173292
Dornogovi,2015,JJA,22.187340592938675
Dornogovi,2015,MAM,7.235866915960031
Dornogovi,2015,SON,4.921601701541585
Dornogovi,2016,DJF,-15.193377746888718
Dornogovi,2016,JJA,23.423856424047344
Dornogovi,2016,MAM,7.54832683927452
Dornogovi,2016,SON,4.311860081658314
Dornogovi,2017,DJF,-11.4014617766567
Dornogovi,2017,JJA,23.4884960283187
Dornogovi,2017,MAM,8.873737666195584
Dornogovi,2017,SON,4.810354803395254
Dornogovi,2018,DJF,-13.753903254472208
Dornogovi,2018,JJA,23.436264247670668
Dornogovi,2018,MAM,10.271089824120626
Dornogovi,2018,SON,4.420036410486701
Dornogovi,2019,DJF,-14.805954511121667
Dornogovi,2019,JJA,22.58775984414261
Dornogovi,2019,MAM,7.955933721341103
Dornogovi,2019,SON,6.152414374934591
Dornogovi,2020,DJF,-12.250392557268743
Dornogovi,2020,JJA,22.68284137157142
Dornogovi,2020,MAM,8.189275724324771
Dornogovi,2020,SON,4.310461691596023
Dornogovi,2021,DJF,-14.487611545070708
Dornogovi,2021,JJA,22.043841522063463
Dornogovi,2021,MAM,8.10667603970375
Dornogovi,2021,SON,5.560112349671558
Dornogovi,2022,DJF,-13.078450847989927
Dornogovi,2022,JJA,22.457654156197677
Dornogovi,2022,MAM,8.04701166967653
Dornogovi,2022,SON,5.657776676350525
Dornogovi,2023,DJF,-12.956684203283649
Dornogovi,2023,JJA,23.37022809359299
Dornogovi,2023,MAM,7.454919126884445
Dornogovi,2023,SON,5.964986144917317
Dornogovi,2024,DJF,-15.55081912349015
Dornogovi,2024,JJA,23.110561433469453
Dornogovi,2024,MAM,9.153766554124813
Dornogovi,2024,SON,6.209973798844505
Dornogovi,2025,DJF,-12.42771900886265
Dornogovi,2025,JJA,23.19187293891334
Dornogovi,2025,MAM,8.18814130875735
Dornogovi,2025,SON,5.427443287400567
Dornogovi,2026,DJF,-12.86418340481703
Dundgovi,1970,DJF,-15.363702279550035
Dundgovi,1970,JJA,20.72974054783953
Dundgovi,1970,MAM,1.9741706753954702
Dundgovi,1970,SON,0.8928435149016432
Dundgovi,1971,DJF,-16.80140053077978
Dundgovi,1971,JJA,18.292458767361133
Dundgovi,1971,MAM,2.988502332899328
Dundgovi,1971,SON,1.5513795452353623
Dundgovi,1972,DJF,-17.6023789770809
Dundgovi,1972,JJA,19.626150173611133
Dundgovi,1972,MAM,5.938332941502723
Dundgovi,1972,SON,1.3144348898051925
Dundgovi,1973,DJF,-15.411338485906132
Dundgovi,1973,JJA,18.017461178626565
Dundgovi,1973,MAM,4.360306351273171
Dundgovi,1973,SON,3.1643608940972445
Dundgovi,1974,DJF,-14.77710899070455
Dundgovi,1974,JJA,19.016958429783973
Dundgovi,1974,MAM,3.567371660397399
Dundgovi,1974,SON,0.9932483060860567
Dundgovi,1975,DJF,-15.818486493899476
Dundgovi,1975,JJA,19.329348717206813
Dundgovi,1975,MAM,4.100222439236133
Dundgovi,1975,SON,3.9603794427565813
Dundgovi,1976,DJF,-12.96752824194635
Dundgovi,1976,JJA,17.56951979648922
Dundgovi,1976,MAM,2.2779710557725923
Dundgovi,1976,SON,1.0578771520544208
Dundgovi,1977,DJF,-19.20360307104791
Dundgovi,1977,JJA,19.171734543788602
Dundgovi,1977,MAM,3.711510476948325
Dundgovi,1977,SON,3.349753900221859
Dundgovi,1978,DJF,-14.823844476393688
Dundgovi,1978,JJA,19.070004460841073
Dundgovi,1978,MAM,4.507522469979768
Dundgovi,1978,SON,2.773887125651064
Dundgovi,1979,DJF,-12.813239806375364
Dundgovi,1979,JJA,19.217418981481504
Dundgovi,1979,MAM,3.681950171199868
Dundgovi,1979,SON,1.8483023184317358
Dundgovi,1980,DJF,-15.234423149956575
Dundgovi,1980,JJA,20.45848705150465
Dundgovi,1980,MAM,2.012297529055771
Dundgovi,1980,SON,2.96014781057101
Dundgovi,1981,DJF,-15.982530758704646
Dundgovi,1981,JJA,19.561776017554035
Dundgovi,1981,MAM,5.696339699074096
Dundgovi,1981,SON,-0.2677723825713507
Dundgovi,1982,DJF,-15.283708850248338
Dundgovi,1982,JJA,18.872011839313295
Dundgovi,1982,MAM,5.078974368248479
Dundgovi,1982,SON,3.727348572530887
Dundgovi,1983,DJF,-15.494486829969595
Dundgovi,1983,JJA,18.354339072145084
Dundgovi,1983,MAM,4.572369912229961
Dundgovi,1983,SON,3.5004410355179623
Dundgovi,1984,DJF,-16.434334498275923
Dundgovi,1984,JJA,18.453398075810206
Dundgovi,1984,MAM,3.719719404055771
Dundgovi,1984,SON,2.57012555157699
Dundgovi,1985,DJF,-16.79524596414446
Dundgovi,1985,JJA,18.658618465470703
Dundgovi,1985,MAM,2.9323108060860563
Dundgovi,1985,SON,2.144096317997708
Dundgovi,1986,DJF,-15.913220026463616
Dundgovi,1986,JJA,19.453065923996935
Dundgovi,1986,MAM,4.9922833478009485
Dundgovi,1986,SON,0.6623012213059641
Dundgovi,1987,DJF,-16.442010724102985
Dundgovi,1987,JJA,18.177161699459898
Dundgovi,1987,MAM,3.485186918282237
Dundgovi,1987,SON,-0.1780481409143291
Dundgovi,1988,DJF,-17.408399077992357
Dundgovi,1988,JJA,19.786627121913604
Dundgovi,1988,MAM,1.4919679241416122
Dundgovi,1988,SON,3.4053829993730935
Dundgovi,1989,DJF,-13.554345477068843
Dundgovi,1989,JJA,19.038633294753108
Dundgovi,1989,MAM,5.671070240162059
Dundgovi,1989,SON,2.0763028368538037
Dundgovi,1990,DJF,-14.224404229058138
Dundgovi,1990,JJA,17.673659336419774
Dundgovi,1990,MAM,4.76009295428243
Dundgovi,1990,SON,3.913701865113834
Dundgovi,1991,DJF,-14.761438704125652
Dundgovi,1991,JJA,20.22188765914354
Dundgovi,1991,MAM,3.281875421971473
Dundgovi,1991,SON,2.677674696180578
Dundgovi,1992,DJF,-14.424987303180437
Dundgovi,1992,JJA,18.88771761670527
Dundgovi,1992,MAM,4.9557409215856705
Dundgovi,1992,SON,1.3379444263599765
Dundgovi,1993,DJF,-14.738351967893978
Dundgovi,1993,JJA,17.99627760898922
Dundgovi,1993,MAM,4.3259536554784175
Dundgovi,1993,SON,1.1762133186246368
Dundgovi,1994,DJF,-15.917309796368611
Dundgovi,1994,JJA,19.55600344810959
Dundgovi,1994,MAM,5.256766161506581
Dundgovi,1994,SON,3.1075887044271058
Dundgovi,1995,DJF,-14.26198210539639
Dundgovi,1995,JJA,19.913409649884283
Dundgovi,1995,MAM,2.949447217399714
Dundgovi,1995,SON,4.138159405743656
Dundgovi,1996,DJF,-15.475941599151213
Dundgovi,1996,JJA,18.52237714602626
Dundgovi,1996,MAM,4.1349410445602075
Dundgovi,1996,SON,1.4890486352237882
Dundgovi,1997,DJF,-13.185387731481459
Dundgovi,1997,JJA,19.917610677083356
Dundgovi,1997,MAM,6.567047043788603
Dundgovi,1997,SON,2.27999041521993
Dundgovi,1998,DJF,-13.466062720027947
Dundgovi,1998,JJA,18.946664014274713
Dundgovi,1998,MAM,6.024379400559436
Dundgovi,1998,SON,4.42855315031831
Dundgovi,1999,DJF,-13.060098379629608
Dundgovi,1999,JJA,21.499394169560208
Dundgovi,1999,MAM,4.468407148196396
Dundgovi,1999,SON,3.1368732216917663
Dundgovi,2000,DJF,-16.321132744683137
Dundgovi,2000,JJA,21.737211853780888
Dundgovi,2000,MAM,5.948110773533973
Dundgovi,2000,SON,1.2184181495949302
Dundgovi,2001,DJF,-15.421541341145812
Dundgovi,2001,JJA,21.390343484760827
Dundgovi,2001,MAM,5.347044994212985
Dundgovi,2001,SON,4.406051522714143
Dundgovi,2002,DJF,-13.505477377809102
Dundgovi,2002,JJA,22.28169608410496
Dundgovi,2002,MAM,5.226001880787059
Dundgovi,2002,SON,0.9798675160349378
Dundgovi,2003,DJF,-14.934154632945097
Dundgovi,2003,JJA,19.262978033371937
Dundgovi,2003,MAM,4.771390260296126
Dundgovi,2003,SON,2.0685331368152235
Dundgovi,2004,DJF,-13.905979787567492
Dundgovi,2004,JJA,20.616100019290148
Dundgovi,2004,MAM,5.808446286048441
Dundgovi,2004,SON,3.217152536651257
Dundgovi,2005,DJF,-17.38606782136138
Dundgovi,2005,JJA,21.413729142554036
Dundgovi,2005,MAM,4.8400077160494055
Dundgovi,2005,SON,4.325493405189066
Dundgovi,2006,DJF,-15.349775903018882
Dundgovi,2006,JJA,20.67219569830249
Dundgovi,2006,MAM,4.397660469714529
Dundgovi,2006,SON,4.931433030116728
Dundgovi,2007,DJF,-11.897857289255379
Dundgovi,2007,JJA,22.558198302469158
Dundgovi,2007,MAM,5.522002646363834
Dundgovi,2007,SON,4.4450027277440425
Dundgovi,2008,DJF,-15.697335815429666
Dundgovi,2008,JJA,21.231376591435208
Dundgovi,2008,MAM,6.422666497878109
Dundgovi,2008,SON,4.626078287760439
Dundgovi,2009,DJF,-14.174701153790487
Dundgovi,2009,JJA,20.623560474537058
Dundgovi,2009,MAM,6.836788827401643
Dundgovi,2009,SON,1.9260406117380628
Dundgovi,2010,DJF,-18.41267508047596
Dundgovi,2010,JJA,21.83168101369601
Dundgovi,2010,MAM,2.309562325183279
Dundgovi,2010,SON,4.2738514087818515
Dundgovi,2011,DJF,-16.25099355438607
Dundgovi,2011,JJA,20.8253851996528
Dundgovi,2011,MAM,4.090715045693503
Dundgovi,2011,SON,2.833363549503302
Dundgovi,2012,DJF,-17.984888298128837
Dundgovi,2012,JJA,19.83018783757718
Dundgovi,2012,MAM,5.468573977623479
Dundgovi,2012,SON,2.443715036651257
Dundgovi,2013,DJF,-17.05544516480997
Dundgovi,2013,JJA,19.973796778549406
Dundgovi,2013,MAM,6.056738281250023
Dundgovi,2013,SON,3.9560457959587416
Dundgovi,2014,DJF,-13.505305311414908
Dundgovi,2014,JJA,20.525552782600332
Dundgovi,2014,MAM,6.814687620563294
Dundgovi,2014,SON,4.264554850260439
Dundgovi,2015,DJF,-12.234206663532
Dundgovi,2015,JJA,20.69380244502317
Dundgovi,2015,MAM,5.530886501736133
Dundgovi,2015,SON,3.137485833815609
Dundgovi,2016,DJF,-16.647622567635974
Dundgovi,2016,JJA,21.325724585262368
Dundgovi,2016,MAM,5.975860218942923
Dundgovi,2016,SON,2.352155671296319
Dundgovi,2017,DJF,-12.937552143614946
Dundgovi,2017,JJA,21.54436366705249
Dundgovi,2017,MAM,7.102612606095701
Dundgovi,2017,SON,2.8549184540171906
Dundgovi,2018,DJF,-15.267209126036821
Dundgovi,2018,JJA,20.94873107156638
Dundgovi,2018,MAM,8.785812114197553
Dundgovi,2018,SON,2.48271416558162
Dundgovi,2019,DJF,-16.787654697747854
Dundgovi,2019,JJA,21.026295452353416
Dundgovi,2019,MAM,6.051244815779343
Dundgovi,2019,SON,4.548086359471473
Dundgovi,2020,DJF,-13.124433503327523
Dundgovi,2020,JJA,20.755765938464528
Dundgovi,2020,MAM,6.685042317708356
Dundgovi,2020,SON,2.9542224271798063
Dundgovi,2021,DJF,-14.880582795319711
Dundgovi,2021,JJA,20.074215735918234
Dundgovi,2021,MAM,6.464272882908973
Dundgovi,2021,SON,3.6961843231578158
Dundgovi,2022,DJF,-14.340533371913558
Dundgovi,2022,JJA,20.19351851851854
Dundgovi,2022,MAM,6.148371793016998
Dundgovi,2022,SON,3.5615945698302696
Dundgovi,2023,DJF,-14.38924737624178
Dundgovi,2023,JJA,21.133574459876566
Dundgovi,2023,MAM,5.139843750000022
Dundgovi,2023,SON,4.366956621334899
Dundgovi,2024,DJF,-16.88350879056952
Dundgovi,2024,JJA,21.255363859953725
Dundgovi,2024,MAM,7.338741801697553
Dundgovi,2024,SON,4.7144291630497905
Dundgovi,2025,DJF,-13.938101422345174
Dundgovi,2025,JJA,21.688504292052492
Dundgovi,2025,MAM,6.76996829185959
Dundgovi,2025,SON,2.635897111304035
Dundgovi,2026,DJF,-14.41501329210067
Govi-Altai,1970,DJF,-13.031218520583787
Govi-Altai,1970,JJA,18.855925239137505
Govi-Altai,1970,MAM,2.556303498779003
Govi-Altai,1970,SON,0.8721752359709615
Govi-Altai,1971,DJF,-14.068284118098177
Govi-Altai,1971,JJA,17.535946492988025
Govi-Altai,1971,MAM,4.261142707953371
Govi-Altai,1971,SON,2.9479385474931323
Govi-Altai,1972,DJF,-15.026727310754579
Govi-Altai,1972,JJA,18.904519039802228
Govi-Altai,1972,MAM,6.639030913712936
Govi-Altai,1972,SON,2.439164921900355
Govi-Altai,1973,DJF,-12.614867598042547
Govi-Altai,1973,JJA,18.027311957887505
Govi-Altai,1973,MAM,4.768814534188577
Govi-Altai,1973,SON,2.7726580865961643
Govi-Altai,1974,DJF,-14.112628553813511
Govi-Altai,1974,JJA,19.26019298192285
Govi-Altai,1974,MAM,5.2543736637180025
Govi-Altai,1974,SON,1.262074622167865
Govi-Altai,1975,DJF,-13.909296224274966
Govi-Altai,1975,JJA,18.645925669787633
Govi-Altai,1975,MAM,3.2310161189810542
Govi-Altai,1975,SON,2.289464445398653
Govi-Altai,1976,DJF,-13.15453833197803
Govi-Altai,1976,JJA,17.17436662765485
Govi-Altai,1976,MAM,3.037011837495463
Govi-Altai,1976,SON,1.1247657864938214
Govi-Altai,1977,DJF,-16.53350854618847
Govi-Altai,1977,JJA,18.769681534229107
Govi-Altai,1977,MAM,3.4169703700044813
Govi-Altai,1977,SON,3.751858081149707
Govi-Altai,1978,DJF,-13.60864678171356
Govi-Altai,1978,JJA,18.33622647890323
Govi-Altai,1978,MAM,5.549429681483587
Govi-Altai,1978,SON,2.8743491879078737
Govi-Altai,1979,DJF,-9.873212651550825
Govi-Altai,1979,JJA,17.863385619325573
Govi-Altai,1979,MAM,3.374669444360026
Govi-Altai,1979,SON,2.708861465553079
Govi-Altai,1980,DJF,-13.041228464326949
Govi-Altai,1980,JJA,19.111524007478135
Govi-Altai,1980,MAM,3.5754551196067634
Govi-Altai,1980,SON,3.790855904466625
Govi-Altai,1981,DJF,-13.785121307175116
Govi-Altai,1981,JJA,18.8940507584509
Govi-Altai,1981,MAM,6.2074953388456775
Govi-Altai,1981,SON,-0.07573177273323764
Govi-Altai,1982,DJF,-12.733329553270133
Govi-Altai,1982,JJA,18.333915534310172
Govi-Altai,1982,MAM,5.758494130492078
Govi-Altai,1982,SON,3.2508998054474936
Govi-Altai,1983,DJF,-12.961840408661619
Govi-Altai,1983,JJA,17.73625580111059
Govi-Altai,1983,MAM,4.295695968608162
Govi-Altai,1983,SON,3.2719052009236407
Govi-Altai,1984,DJF,-16.773677215378243
Govi-Altai,1984,JJA,16.76564925573527
Govi-Altai,1984,MAM,3.922771915975116
Govi-Altai,1984,SON,2.667616859762608
Govi-Altai,1985,DJF,-15.430465132222235
Govi-Altai,1985,JJA,18.22808769809908
Govi-Altai,1985,MAM,3.804415129625712
Govi-Altai,1985,SON,1.719547684368943
Govi-Altai,1986,DJF,-12.756707858668205
Govi-Altai,1986,JJA,18.87697959731682
Govi-Altai,1986,MAM,5.240848241427552
Govi-Altai,1986,SON,1.1227255815043595
Govi-Altai,1987,DJF,-11.104019548982631
Govi-Altai,1987,JJA,17.719297052326546
Govi-Altai,1987,MAM,4.869006276409009
Govi-Altai,1987,SON,1.3378697574680027
Govi-Altai,1988,DJF,-14.605237303262532
Govi-Altai,1988,JJA,19.345987354085626
Govi-Altai,1988,MAM,3.004098728442184
Govi-Altai,1988,SON,3.943126903093611
Govi-Altai,1989,DJF,-12.031964617975314
Govi-Altai,1989,JJA,18.765172057393016
Govi-Altai,1989,MAM,5.890663188533583
Govi-Altai,1989,SON,2.650683957902706
Govi-Altai,1990,DJF,-11.037023767453976
Govi-Altai,1990,JJA,18.213238184987052
Govi-Altai,1990,MAM,5.244268110104595
Govi-Altai,1990,SON,4.402876315382845
Govi-Altai,1991,DJF,-11.868116018094883
Govi-Altai,1991,JJA,19.666462931156797
Govi-Altai,1991,MAM,4.00474731603642
Govi-Altai,1991,SON,3.2566334686081615
Govi-Altai,1992,DJF,-12.06815987078594
Govi-Altai,1992,JJA,18.481084516354592
Govi-Altai,1992,MAM,5.157871936051012
Govi-Altai,1992,SON,0.7048850765797487
Govi-Altai,1993,DJF,-12.648708583965353
Govi-Altai,1993,JJA,17.175282392489482
Govi-Altai,1993,MAM,3.4850778463440566
Govi-Altai,1993,SON,1.409314851476393
Govi-Altai,1994,DJF,-12.848707847743626
Govi-Altai,1994,JJA,18.473665301252453
Govi-Altai,1994,MAM,5.016909144855527
Govi-Altai,1994,SON,2.31840207586031
Govi-Altai,1995,DJF,-12.335251792581143
Govi-Altai,1995,JJA,18.335072589879235
Govi-Altai,1995,MAM,3.813094867157124
Govi-Altai,1995,SON,3.99196353818349
Govi-Altai,1996,DJF,-13.809600719249026
Govi-Altai,1996,JJA,18.699477330070547
Govi-Altai,1996,MAM,3.6445434728639983
Govi-Altai,1996,SON,1.8960108498500554
Govi-Altai,1997,DJF,-12.006727768320342
Govi-Altai,1997,JJA,18.78926883207687
Govi-Altai,1997,MAM,8.183966959002131
Govi-Altai,1997,SON,2.3872985760680354
Govi-Altai,1998,DJF,-12.157657992391403
Govi-Altai,1998,JJA,19.644619786600217
Govi-Altai,1998,MAM,5.259145963795013
Govi-Altai,1998,SON,4.849222217366876
Govi-Altai,1999,DJF,-10.886941168125789
Govi-Altai,1999,JJA,20.176702904608486
Govi-Altai,1999,MAM,4.48426364844259
Govi-Altai,1999,SON,2.6290200397971613
Govi-Altai,2000,DJF,-13.213707660917466
Govi-Altai,2000,JJA,19.776771111989323
Govi-Altai,2000,MAM,6.040977499797364
Govi-Altai,2000,SON,0.6444438850215046
Govi-Altai,2001,DJF,-12.60230973338955
Govi-Altai,2001,JJA,20.69394600913994
Govi-Altai,2001,MAM,5.534659609071035
Govi-Altai,2001,SON,3.67114443055389
Govi-Altai,2002,DJF,-12.841774182746361
Govi-Altai,2002,JJA,21.259668602059037
Govi-Altai,2002,MAM,4.066777242420581
Govi-Altai,2002,SON,2.974655598641702
Govi-Altai,2003,DJF,-13.845973061092765
Govi-Altai,2003,JJA,18.1082732323079
Govi-Altai,2003,MAM,2.8276306152343977
Govi-Altai,2003,SON,1.2999957212059952
Govi-Altai,2004,DJF,-13.184196608725204
Govi-Altai,2004,JJA,19.452078013537633
Govi-Altai,2004,MAM,6.324354032721833
Govi-Altai,2004,SON,1.886258840993862
Govi-Altai,2005,DJF,-15.883418723179341
Govi-Altai,2005,JJA,19.61984062145349
Govi-Altai,2005,MAM,5.745547077658907
Govi-Altai,2005,SON,2.6727398151244555
Govi-Altai,2006,DJF,-14.556901595812032
Govi-Altai,2006,JJA,19.535277085359944
Govi-Altai,2006,MAM,4.604808398690847
Govi-Altai,2006,SON,4.591081544552045
Govi-Altai,2007,DJF,-10.52225280445062
Govi-Altai,2007,JJA,20.478044949740617
Govi-Altai,2007,MAM,5.842939316963585
Govi-Altai,2007,SON,2.6818339346602653
Govi-Altai,2008,DJF,-15.233006941700083
Govi-Altai,2008,JJA,19.9806940813473
Govi-Altai,2008,MAM,6.74964300370868
Govi-Altai,2008,SON,3.859017449563293
Govi-Altai,2009,DJF,-12.874065718793043
Govi-Altai,2009,JJA,18.878039123297686
Govi-Altai,2009,MAM,6.973070228269924
Govi-Altai,2009,SON,2.147976878521221
Govi-Altai,2010,DJF,-15.046757331185127
Govi-Altai,2010,JJA,19.929811185250507
Govi-Altai,2010,MAM,2.2215912933943565
Govi-Altai,2010,SON,3.979801867691637
Govi-Altai,2011,DJF,-15.625732093345928
Govi-Altai,2011,JJA,19.950243000668795
Govi-Altai,2011,MAM,4.36167809947767
Govi-Altai,2011,SON,2.9007878601628594
Govi-Altai,2012,DJF,-15.693777188747598
Govi-Altai,2012,JJA,19.77127778959957
Govi-Altai,2012,MAM,5.294500597843732
Govi-Altai,2012,SON,1.1897633197552109
Govi-Altai,2013,DJF,-14.343276569846363
Govi-Altai,2013,JJA,18.788930011754235
Govi-Altai,2013,MAM,7.49766676292966
Govi-Altai,2013,SON,3.24098242377495
Govi-Altai,2014,DJF,-13.201798344276892
Govi-Altai,2014,JJA,19.014182512058227
Govi-Altai,2014,MAM,5.713122606091949
Govi-Altai,2014,SON,3.1738163612850827
Govi-Altai,2015,DJF,-12.08190356698634
Govi-Altai,2015,JJA,19.25286844651834
Govi-Altai,2015,MAM,5.791017081610756
Govi-Altai,2015,SON,2.6368216943802922
Govi-Altai,2016,DJF,-13.707929685916707
Govi-Altai,2016,JJA,19.75069904648997
Govi-Altai,2016,MAM,5.84284519141134
Govi-Altai,2016,SON,2.6950951483463266
Govi-Altai,2017,DJF,-10.786315173830637
Govi-Altai,2017,JJA,20.782453160465327
Govi-Altai,2017,MAM,6.944100219884913
Govi-Altai,2017,SON,2.7666488944324765
Govi-Altai,2018,DJF,-14.600841149158184
Govi-Altai,2018,JJA,20.109059168794605
Govi-Altai,2018,MAM,7.786045922503265
Govi-Altai,2018,SON,2.223200175363289
Govi-Altai,2019,DJF,-16.03082193060451
Govi-Altai,2019,JJA,19.986131989198302
Govi-Altai,2019,MAM,5.92342806369571
Govi-Altai,2019,SON,4.355267389398937
Govi-Altai,2020,DJF,-11.45018029911816
Govi-Altai,2020,JJA,18.520672662836436
Govi-Altai,2020,MAM,7.206070710218084
Govi-Altai,2020,SON,2.1833585073666733
Govi-Altai,2021,DJF,-12.82856670137198
Govi-Altai,2021,JJA,18.592019356456735
Govi-Altai,2021,MAM,5.9024946675381225
Govi-Altai,2021,SON,2.9910809033266683
Govi-Altai,2022,DJF,-12.960501276750952
Govi-Altai,2022,JJA,20.07278544503893
Govi-Altai,2022,MAM,6.444098636612377
Govi-Altai,2022,SON,3.548645605342111
Govi-Altai,2023,DJF,-12.912171843017873
Govi-Altai,2023,JJA,20.62016202577823
Govi-Altai,2023,MAM,4.2419194836251854
Govi-Altai,2023,SON,4.307043599525801
Govi-Altai,2024,DJF,-13.782583301509534
Govi-Altai,2024,JJA,21.15352664457687
Govi-Altai,2024,MAM,7.646377219114809
Govi-Altai,2024,SON,4.330842956463828
Govi-Altai,2025,DJF,-13.35349162654652
Govi-Altai,2025,JJA,20.699193290977647
Govi-Altai,2025,MAM,6.162951865981703
Govi-Altai,2025,SON,2.063659145488836
Govi-Altai,2026,DJF,-11.237697069932493
Govisumber,1970,DJF,-16.534686787923153
Govisumber,1970,JJA,18.962901475694466
Govisumber,1970,MAM,-0.03690185546872726
Govisumber,1970,SON,-1.4185750325520605
Govisumber,1971,DJF,-20.130565388997372
Govisumber,1971,JJA,16.674055989583355
Govisumber,1971,MAM,0.3474433051215505
Govisumber,1971,SON,0.33569064670141163
Govisumber,1972,DJF,-19.123366631401886
Govisumber,1972,JJA,17.56598307291669
Govisumber,1972,MAM,2.9414374457465504
Govisumber,1972,SON,0.15953640407988384
Govisumber,1973,DJF,-17.655755954318554
Govisumber,1973,JJA,16.545041232638912
Govisumber,1973,MAM,2.599647352430578
Govisumber,1973,SON,1.765120442708356
Govisumber,1974,DJF,-15.917567952473936
Govisumber,1974,JJA,17.61822916666669
Govisumber,1974,MAM,1.535479058159745
Govisumber,1974,SON,-0.9629679361978939
Govisumber,1975,DJF,-17.669774542914475
Govisumber,1975,JJA,17.6331488715278
Govisumber,1975,MAM,2.4803439670139116
Govisumber,1975,SON,1.7347995334201616
Govisumber,1976,DJF,-15.147404734293596
Govisumber,1976,JJA,16.154497612847244
Govisumber,1976,MAM,0.15515204535592553
Govisumber,1976,SON,-1.8513821072048384
Govisumber,1977,DJF,-22.243839857313347
Govisumber,1977,JJA,17.557383897569466
Govisumber,1977,MAM,1.6089111328125227
Govisumber,1977,SON,1.7646796332465504
Govisumber,1978,DJF,-16.99622149997285
Govisumber,1978,JJA,16.90851236979169
Govisumber,1978,MAM,2.472297498914953
Govisumber,1978,SON,1.3316996256510645
Govisumber,1979,DJF,-16.405459255642338
Govisumber,1979,JJA,17.361230468750023
Govisumber,1979,MAM,1.8269287109375227
Govisumber,1979,SON,0.1664808485243283
Govisumber,1980,DJF,-17.117376708984352
Govisumber,1980,JJA,18.675981987847244
Govisumber,1980,MAM,0.27324829101564774
Govisumber,1980,SON,0.6194769965278005
Govisumber,1981,DJF,-18.362106068929013
Govisumber,1981,JJA,17.743798828125023
Govisumber,1981,MAM,4.2775173611111335
Govisumber,1981,SON,-1.219369845920116
Govisumber,1982,DJF,-16.45902947319876
Govisumber,1982,JJA,17.416704644097244
Govisumber,1982,MAM,3.2688096788194674
Govisumber,1982,SON,1.8167426215278004
Govisumber,1983,DJF,-16.720986005994988
Govisumber,1983,JJA,16.612912326388912
Govisumber,1983,MAM,3.127967664930578
Govisumber,1983,SON,1.3692633734809254
Govisumber,1984,DJF,-19.205249108208527
Govisumber,1984,JJA,16.744612630208355
Govisumber,1984,MAM,1.4348151312934254
Govisumber,1984,SON,0.60112236870662
Govisumber,1985,DJF,-19.787318929036434
Govisumber,1985,JJA,16.670339626736133
Govisumber,1985,MAM,0.7432495117187727
Govisumber,1985,SON,-0.4712212456596995
Govisumber,1986,DJF,-19.00744264390731
Govisumber,1986,JJA,17.552636718750023
Govisumber,1986,MAM,2.7282823350694674
Govisumber,1986,SON,-1.6539808485242828
Govisumber,1987,DJF,-19.358635118272545
Govisumber,1987,JJA,16.520138888888912
Govisumber,1987,MAM,0.7112840440538422
Govisumber,1987,SON,-2.7046468098958107
Govisumber,1988,DJF,-19.90197347005206
Govisumber,1988,JJA,18.111935763888912
Govisumber,1988,MAM,-0.013640679253449485
Govisumber,1988,SON,2.353872341579884
Govisumber,1989,DJF,-15.35065985785588
Govisumber,1989,JJA,17.65360243055558
Govisumber,1989,MAM,4.341509331597245
Govisumber,1989,SON,0.5351196289062727
Govisumber,1990,DJF,-16.506063842773415
Govisumber,1990,JJA,15.974457465277801
Govisumber,1990,MAM,3.8580566406250227
Govisumber,1990,SON,1.6608384874132172
Govisumber,1991,DJF,-17.7277278476291
Govisumber,1991,JJA,18.60257703993058
Govisumber,1991,MAM,1.4525797526041895
Govisumber,1991,SON,1.0192979600694672
Govisumber,1992,DJF,-15.974659983317034
Govisumber,1992,JJA,17.14261610243058
Govisumber,1992,MAM,3.4677164713541893
Govisumber,1992,SON,0.5090779622396061
Govisumber,1993,DJF,-15.878346082899283
Govisumber,1993,JJA,16.595578342013912
Govisumber,1993,MAM,2.890798611111134
Govisumber,1993,SON,0.13981526692710608
Govisumber,1994,DJF,-17.46447516547307
Govisumber,1994,JJA,18.3550726996528
Govisumber,1994,MAM,3.658681911892384
Govisumber,1994,SON,1.7839124891493283
Govisumber,1995,DJF,-15.330294460720463
Govisumber,1995,JJA,18.352468532986133
Govisumber,1995,MAM,1.3962510850694672
Govisumber,1995,SON,2.5094882541232866
Govisumber,1996,DJF,-16.600846354166645
Govisumber,1996,JJA,16.661821831597244
Govisumber,1996,MAM,2.790511067708356
Govisumber,1996,SON,-1.0174316406249773
Govisumber,1997,DJF,-16.264040798611088
Govisumber,1997,JJA,18.10037977430558
Govisumber,1997,MAM,4.964610460069467
Govisumber,1997,SON,0.591387261284745
Govisumber,1998,DJF,-15.077425808376713
Govisumber,1998,JJA,17.24371744791669
Govisumber,1998,MAM,4.922875976562523
Govisumber,1998,SON,1.7006198459201616
Govisumber,1999,DJF,-17.245377604166645
Govisumber,1999,JJA,19.061778428819466
Govisumber,1999,MAM,2.2457858615451616
Govisumber,1999,SON,1.570574273003495
Govisumber,2000,DJF,-17.864611477322025
Govisumber,2000,JJA,20.44830729166669
Govisumber,2000,MAM,4.650781250000023
Govisumber,2000,SON,-0.9672878689235884
Govisumber,2001,DJF,-20.838444349500847
Govisumber,2001,JJA,20.433468967013912
Govisumber,2001,MAM,3.140907118055578
Govisumber,2001,SON,2.8957831488715504
Govisumber,2002,DJF,-14.794943237304665
Govisumber,2002,JJA,20.781911892361133
Govisumber,2002,MAM,4.3299262152778
Govisumber,2002,SON,-0.6418314615885189
Govisumber,2003,DJF,-16.607697550455708
Govisumber,2003,JJA,18.094710286458355
Govisumber,2003,MAM,2.89409111870662
Govisumber,2003,SON,0.9063490125868283
Govisumber,2004,DJF,-15.725272878011046
Govisumber,2004,JJA,19.559472656250023
Govisumber,2004,MAM,3.63762139214412
Govisumber,2004,SON,2.0922960069444674
Govisumber,2005,DJF,-18.855971611870636
Govisumber,2005,JJA,19.978390842013912
Govisumber,2005,MAM,2.9881835937500227
Govisumber,2005,SON,2.744924587673634
Govisumber,2006,DJF,-16.709821234809006
Govisumber,2006,JJA,19.468760850694466
Govisumber,2006,MAM,2.3698838975694674
Govisumber,2006,SON,3.11644219292537
Govisumber,2007,DJF,-13.309671359591992
Govisumber,2007,JJA,21.771386718750023
Govisumber,2007,MAM,4.197730848524328
Govisumber,2007,SON,3.2820373535156477
Govisumber,2008,DJF,-16.842062377929665
Govisumber,2008,JJA,20.169661458333355
Govisumber,2008,MAM,5.0018825954861335
Govisumber,2008,SON,2.803389485677106
Govisumber,2009,DJF,-16.346890513102192
Govisumber,2009,JJA,18.83280164930558
Govisumber,2009,MAM,5.1347561306423835
Govisumber,2009,SON,0.30375569661460605
Govisumber,2010,DJF,-20.080781046549458
Govisumber,2010,JJA,20.2486273871528
Govisumber,2010,MAM,0.007816569010439403
Govisumber,2010,SON,2.558309597439259
Govisumber,2011,DJF,-17.016344875759525
Govisumber,2011,JJA,19.19073893229169
Govisumber,2011,MAM,2.8050476074218977
Govisumber,2011,SON,1.2683112250434254
Govisumber,2012,DJF,-19.979113430447025
Govisumber,2012,JJA,18.023339843750023
Govisumber,2012,MAM,3.6186631944444674
Govisumber,2012,SON,0.7805555555555783
Govisumber,2013,DJF,-19.645815700954838
Govisumber,2013,JJA,18.43778211805558
Govisumber,2013,MAM,4.0353298611111335
Govisumber,2013,SON,2.4681708441840504
Govisumber,2014,DJF,-15.079426405164908
Govisumber,2014,JJA,18.966726345486133
Govisumber,2014,MAM,5.3422146267361335
Govisumber,2014,SON,2.7935153537326616
Govisumber,2015,DJF,-13.834889051649283
Govisumber,2015,JJA,19.685476345486133
Govisumber,2015,MAM,3.574907769097245
Govisumber,2015,SON,1.656599934895856
Govisumber,2016,DJF,-18.46919013129338
Govisumber,2016,JJA,20.52643229166669
Govisumber,2016,MAM,4.122596571180578
Govisumber,2016,SON,0.33985460069446716
Govisumber,2017,DJF,-14.850046115451367
Govisumber,2017,JJA,20.262380642361133
Govisumber,2017,MAM,5.942827690972245
Govisumber,2017,SON,0.8789611816406477
Govisumber,2018,DJF,-16.953910997178795
Govisumber,2018,JJA,19.674571397569466
Govisumber,2018,MAM,6.706011284722245
Govisumber,2018,SON,1.315016682942731
Govisumber,2019,DJF,-17.684357706705708
Govisumber,2019,JJA,19.357297092013912
Govisumber,2019,MAM,4.531016710069467
Govisumber,2019,SON,2.8700059678819674
Govisumber,2020,DJF,-14.839269595675976
Govisumber,2020,JJA,18.999224175347244
Govisumber,2020,MAM,5.17511393229169
Govisumber,2020,SON,1.2546359592014116
Govisumber,2021,DJF,-16.99840901692706
Govisumber,2021,JJA,18.761593967013912
Govisumber,2021,MAM,4.504106987847245
Govisumber,2021,SON,2.2760864257812727
Govisumber,2022,DJF,-15.613812934027756
Govisumber,2022,JJA,18.393294270833355
Govisumber,2022,MAM,4.292681206597245
Govisumber,2022,SON,1.7149088541666895
Govisumber,2023,DJF,-16.595114135742165
Govisumber,2023,JJA,19.263357204861133
Govisumber,2023,MAM,3.6715060763889116
Govisumber,2023,SON,2.474593098958356
Govisumber,2024,DJF,-18.82168807983396
Govisumber,2024,JJA,19.6316840277778
Govisumber,2024,MAM,5.1678168402778
Govisumber,2024,SON,3.153582085503495
Govisumber,2025,DJF,-15.485561116536436
Govisumber,2025,JJA,19.782237413194466
Govisumber,2025,MAM,5.094764539930578
Govisumber,2025,SON,1.3513834635416895
Govisumber,2026,DJF,-15.912919108072893
Khentii,1970,DJF,-19.96226836578753
Khentii,1970,JJA,17.126783359704664
Khentii,1970,MAM,-1.6037242776733687
Khentii,1970,SON,-2.8158850883129554
Khentii,1971,DJF,-21.43332036658176
Khentii,1971,JJA,15.724746588212048
Khentii,1971,MAM,-1.0805808795655099
Khentii,1971,SON,-0.19440629532566292
Khentii,1972,DJF,-20.452672985736807
Khentii,1972,JJA,15.683506395042217
Khentii,1972,MAM,0.9166532234803761
Khentii,1972,SON,-2.3251551889668813
Khentii,1973,DJF,-19.33972388802699
Khentii,1973,JJA,15.692730172072807
Khentii,1973,MAM,0.40929526799844046
Khentii,1973,SON,0.3874915529404236
Khentii,1974,DJF,-18.32199417307405
Khentii,1974,JJA,16.1905112737342
Khentii,1974,MAM,-0.4802620030656418
Khentii,1974,SON,-2.8524021068202567
Khentii,1975,DJF,-19.302635051228304
Khentii,1975,JJA,15.84055371505804
Khentii,1975,MAM,0.9273431319224911
Khentii,1975,SON,-0.5880766148305416
Khentii,1976,DJF,-17.738430316136334
Khentii,1976,JJA,15.096317288040634
Khentii,1976,MAM,-1.508382341730924
Khentii,1976,SON,-2.9267573489418286
Khentii,1977,DJF,-22.818599768529943
Khentii,1977,JJA,16.127441612275867
Khentii,1977,MAM,0.35856500939480124
Khentii,1977,SON,0.33330546833797103
Khentii,1978,DJF,-18.79434334799205
Khentii,1978,JJA,15.34322277986553
Khentii,1978,MAM,0.27580996485201376
Khentii,1978,SON,-0.5823093076295263
Khentii,1979,DJF,-20.208694960195785
Khentii,1979,JJA,16.009661787974707
Khentii,1979,MAM,-0.05751345348758275
Khentii,1979,SON,-1.7459403766358224
Khentii,1980,DJF,-20.25055323089726
Khentii,1980,JJA,17.131891770503714
Khentii,1980,MAM,-1.724981946985407
Khentii,1980,SON,-1.1086979990769814
Khentii,1981,DJF,-19.841756236402272
Khentii,1981,JJA,16.0818686956092
Khentii,1981,MAM,2.842208102584411
Khentii,1981,SON,-2.2269962359078095
Khentii,1982,DJF,-17.85649722457433
Khentii,1982,JJA,16.174592686906667
Khentii,1982,MAM,1.0519970085047696
Khentii,1982,SON,-1.373146591508416
Khentii,1983,DJF,-19.573214103602133
Khentii,1983,JJA,15.230198032041162
Khentii,1983,MAM,0.8613654156777654
Khentii,1983,SON,-0.4080611474403122
Khentii,1984,DJF,-20.758698011953598
Khentii,1984,JJA,15.077634864517428
Khentii,1984,MAM,-0.5047938865951117
Khentii,1984,SON,-1.9068329758784714
Khentii,1985,DJF,-21.982546958440444
Khentii,1985,JJA,15.360388853177765
Khentii,1985,MAM,-0.9465723995417757
Khentii,1985,SON,-1.5956848917127937
Khentii,1986,DJF,-19.471039513696574
Khentii,1986,JJA,16.309369643328083
Khentii,1986,MAM,1.4193349073708033
Khentii,1986,SON,-1.9565661659723368
Khentii,1987,DJF,-20.646919527335488
Khentii,1987,JJA,15.140486138581245
Khentii,1987,MAM,-0.1510343785024166
Khentii,1987,SON,-3.8398882580205633
Khentii,1988,DJF,-20.210433271062
Khentii,1988,JJA,16.419508999208883
Khentii,1988,MAM,-0.843200992632493
Khentii,1988,SON,0.713927913617507
Khentii,1989,DJF,-16.97367606505058
Khentii,1989,JJA,15.741321367352343
Khentii,1989,MAM,2.6156466327136303
Khentii,1989,SON,-1.0171923931137694
Khentii,1990,DJF,-19.021863224335338
Khentii,1990,JJA,14.915334915611837
Khentii,1990,MAM,2.3871866346914783
Khentii,1990,SON,0.13967207896560818
Khentii,1991,DJF,-20.881045622362848
Khentii,1991,JJA,16.798181409876076
Khentii,1991,MAM,-1.127628168677456
Khentii,1991,SON,-0.5181218272019815
Khentii,1992,DJF,-17.10031306914637
Khentii,1992,JJA,15.584384271162996
Khentii,1992,MAM,2.0892284538172694
Khentii,1992,SON,-2.0567246320378203
Khentii,1993,DJF,-18.97302933705002
Khentii,1993,JJA,15.335538015888735
Khentii,1993,MAM,1.7558400085706978
Khentii,1993,SON,-1.4436710727868476
Khentii,1994,DJF,-18.61179669215204
Khentii,1994,JJA,17.09970641317249
Khentii,1994,MAM,1.6312399562401334
Khentii,1994,SON,-0.43268110701804163
Khentii,1995,DJF,-18.4574179218791
Khentii,1995,JJA,16.529878073905614
Khentii,1995,MAM,-0.5410998895701249
Khentii,1995,SON,1.0243955974337648
Khentii,1996,DJF,-18.021872463306774
Khentii,1996,JJA,15.07890398371574
Khentii,1996,MAM,1.1582259938686936
Khentii,1996,SON,-2.329637023668226
Khentii,1997,DJF,-18.88327511171749
Khentii,1997,JJA,16.862965206355508
Khentii,1997,MAM,3.3018012839530817
Khentii,1997,SON,-1.2550500024722875
Khentii,1998,DJF,-17.093272007165556
Khentii,1998,JJA,15.617695559731034
Khentii,1998,MAM,3.468562207443324
Khentii,1998,SON,-0.9222221084787648
Khentii,1999,DJF,-18.404244132383944
Khentii,1999,JJA,17.29063880373156
Khentii,1999,MAM,-0.308111185967145
Khentii,1999,SON,-0.928120209899107
Khentii,2000,DJF,-19.831256579950367
Khentii,2000,JJA,18.931864369066478
Khentii,2000,MAM,3.4149208036656344
Khentii,2000,SON,-3.075849753593068
Khentii,2001,DJF,-23.682735510717443
Khentii,2001,JJA,18.757767380340212
Khentii,2001,MAM,1.0586567939082505
Khentii,2001,SON,1.188155110677106
Khentii,2002,DJF,-17.65706662206205
Khentii,2002,JJA,18.78350721914559
Khentii,2002,MAM,3.0926180940137358
Khentii,2002,SON,-3.789609678888097
Khentii,2003,DJF,-20.797573028435664
Khentii,2003,JJA,16.29444410106806
Khentii,2003,MAM,0.4689396210360855
Khentii,2003,SON,-1.3399910456017377
Khentii,2004,DJF,-19.18722101525413
Khentii,2004,JJA,18.275319752109727
Khentii,2004,MAM,0.9552219052858217
Khentii,2004,SON,0.4041044468618371
Khentii,2005,DJF,-21.82676882200601
Khentii,2005,JJA,17.870881749406667
Khentii,2005,MAM,0.7986418776371536
Khentii,2005,SON,1.2392884073378392
Khentii,2006,DJF,-18.879391492368782
Khentii,2006,JJA,17.350469738924073
Khentii,2006,MAM,0.3787148519910565
Khentii,2006,SON,1.0808629031925991
Khentii,2007,DJF,-15.768621922746467
Khentii,2007,JJA,20.074572290348122
Khentii,2007,MAM,2.277097497610123
Khentii,2007,SON,1.420865808156998
Khentii,2008,DJF,-18.929446179353715
Khentii,2008,JJA,18.218211448444116
Khentii,2008,MAM,3.5204874159414783
Khentii,2008,SON,0.8821758286359669
Khentii,2009,DJF,-18.43141575422969
Khentii,2009,JJA,16.69553418380804
Khentii,2009,MAM,3.1677147716409775
Khentii,2009,SON,-1.9928849811795164
Khentii,2010,DJF,-22.752905305629017
Khentii,2010,JJA,18.359772835904558
Khentii,2010,MAM,-2.2982348220760587
Khentii,2010,SON,0.6860545484325781
Khentii,2011,DJF,-19.124224814885757
Khentii,2011,JJA,17.892905912117637
Khentii,2011,MAM,1.5956264576328683
Khentii,2011,SON,-1.3308565678978543
Khentii,2012,DJF,-22.74327427344984
Khentii,2012,JJA,16.438061626450445
Khentii,2012,MAM,1.297261504483145
Khentii,2012,SON,-1.1917841013976567
Khentii,2013,DJF,-22.36757652186138
Khentii,2013,JJA,16.216647712289053
Khentii,2013,MAM,1.3247927380010776
Khentii,2013,SON,0.14141866305711662
Khentii,2014,DJF,-17.905813566441253
Khentii,2014,JJA,16.289363503757933
Khentii,2014,MAM,3.4155502126186934
Khentii,2014,SON,0.6432929831718318
Khentii,2015,DJF,-15.592371867377022
Khentii,2015,JJA,18.15968465684338
Khentii,2015,MAM,2.0033501862473857
Khentii,2015,SON,-0.18000505664678304
Khentii,2016,DJF,-18.447533381337333
Khentii,2016,JJA,18.5760783392669
Khentii,2016,MAM,2.3890697109045584
Khentii,2016,SON,-2.8859786214707546
Khentii,2017,DJF,-18.950483252931726
Khentii,2017,JJA,18.231916287579136
Khentii,2017,MAM,3.6414256164293475
Khentii,2017,SON,-1.2899346846568207
Khentii,2018,DJF,-18.68227208133486
Khentii,2018,JJA,17.8162436956092
Khentii,2018,MAM,4.5847293644514995
Khentii,2018,SON,0.09577840169273107
Khentii,2019,DJF,-18.74353863036077
Khentii,2019,JJA,17.42211419600477
Khentii,2019,MAM,2.945877216838103
Khentii,2019,SON,0.26407640674448474
Khentii,2020,DJF,-19.001520940724284
Khentii,2020,JJA,17.03992801457017
Khentii,2020,MAM,3.3106851183412673
Khentii,2020,SON,-0.10113839580034646
Khentii,2021,DJF,-19.480983705158454
Khentii,2021,JJA,16.835523594079664
Khentii,2021,MAM,2.5861231292853604
Khentii,2021,SON,0.44752053047536555
Khentii,2022,DJF,-17.265222013449346
Khentii,2022,JJA,16.38817246835445
Khentii,2022,MAM,2.675672262328609
Khentii,2022,SON,-0.2274843883916571
Khentii,2023,DJF,-18.771054025641956
Khentii,2023,JJA,17.248643525843903
Khentii,2023,MAM,1.9068960970464361
Khentii,2023,SON,0.2192817527030818
Khentii,2024,DJF,-20.718150838216122
Khentii,2024,JJA,18.196364467958883
Khentii,2024,MAM,3.1065186577004447
Khentii,2024,SON,1.3148089831388676
Khentii,2025,DJF,-17.069524567036666
Khentii,2025,JJA,17.68803690334918
Khentii,2025,MAM,3.5736750477980186
Khentii,2025,SON,-0.3383931220332051
Khentii,2026,DJF,-19.803233009048633
Khovd,1970,DJF,-16.99416626192997
Khovd,1970,JJA,15.638420692966925
Khovd,1970,MAM,-1.0440263752677816
Khovd,1970,SON,-1.8214298978764734
Khovd,1971,DJF,-18.846730160544084
Khovd,1971,JJA,14.836040697030164
Khovd,1971,MAM,0.7584074773405406
Khovd,1971,SON,-0.20159072334882477
Khovd,1972,DJF,-19.022747074064046
Khovd,1972,JJA,16.126039358008295
Khovd,1972,MAM,2.801263788462272
Khovd,1972,SON,-0.40844795822249497
Khovd,1973,DJF,-16.31521964287361
Khovd,1973,JJA,15.617851701019525
Khovd,1973,MAM,1.3189595107491363
Khovd,1973,SON,0.4414257581634388
Khovd,1974,DJF,-17.436718923149357
Khovd,1974,JJA,17.055380559249432
Khovd,1974,MAM,2.5167177457336223
Khovd,1974,SON,-2.2179957252303812
Khovd,1975,DJF,-17.89637273693759
Khovd,1975,JJA,16.408964289672006
Khovd,1975,MAM,-0.28299546117757773
Khovd,1975,SON,-0.4161372335807988
Khovd,1976,DJF,-17.016513804622836
Khovd,1976,JJA,14.792149060837788
Khovd,1976,MAM,-0.34034491644963005
Khovd,1976,SON,-1.798518447334862
Khovd,1977,DJF,-20.760150528855895
Khovd,1977,JJA,16.334193193151616
Khovd,1977,MAM,0.03440152792786331
Khovd,1977,SON,1.07648703572882
Khovd,1978,DJF,-18.171248026097054
Khovd,1978,JJA,15.988036416777504
Khovd,1978,MAM,2.5094103369025422
Khovd,1978,SON,0.724471677956029
Khovd,1979,DJF,-14.006072572387962
Khovd,1979,JJA,15.760036199763615
Khovd,1979,MAM,0.04370105644210311
Khovd,1979,SON,-0.8917233153719483
Khovd,1980,DJF,-17.656192867919323
Khovd,1980,JJA,16.42450329214689
Khovd,1980,MAM,-0.18286988459014422
Khovd,1980,SON,1.4535237053043963
Khovd,1981,DJF,-18.409778502985073
Khovd,1981,JJA,16.38011240857715
Khovd,1981,MAM,3.2613706043144437
Khovd,1981,SON,-2.9618909470578227
Khovd,1982,DJF,-17.11184678675151
Khovd,1982,JJA,15.789670716053509
Khovd,1982,MAM,2.4167819841533915
Khovd,1982,SON,0.8120733599291008
Khovd,1983,DJF,-16.77027147081161
Khovd,1983,JJA,14.812226885712198
Khovd,1983,MAM,1.362978700317694
Khovd,1983,SON,0.4154319240128404
Khovd,1984,DJF,-20.608097525522194
Khovd,1984,JJA,14.493801136783414
Khovd,1984,MAM,0.34917891121363825
Khovd,1984,SON,-0.5409870986397157
Khovd,1985,DJF,-19.773421959843173
Khovd,1985,JJA,15.490465125406345
Khovd,1985,MAM,0.49620574879028573
Khovd,1985,SON,-0.7987982278737952
Khovd,1986,DJF,-17.079660950428465
Khovd,1986,JJA,16.230989814199194
Khovd,1986,MAM,2.249276120161075
Khovd,1986,SON,-1.6722562965771604
Khovd,1987,DJF,-15.680537201721314
Khovd,1987,JJA,15.3523259733304
Khovd,1987,MAM,1.1044508769439132
Khovd,1987,SON,-2.032912060893151
Khovd,1988,DJF,-19.020798097434596
Khovd,1988,JJA,16.283616836583946
Khovd,1988,MAM,0.18586434438721244
Khovd,1988,SON,1.135818402085203
Khovd,1989,DJF,-16.28802101369725
Khovd,1989,JJA,16.217376809988203
Khovd,1989,MAM,2.9625765320257322
Khovd,1989,SON,0.3470667052212846
Khovd,1990,DJF,-14.648649254476467
Khovd,1990,JJA,16.002306811465743
Khovd,1990,MAM,2.0576390043218313
Khovd,1990,SON,2.232551188728229
Khovd,1991,DJF,-15.954568459801617
Khovd,1991,JJA,16.892312513851973
Khovd,1991,MAM,1.3320504695811397
Khovd,1991,SON,1.279783886487907
Khovd,1992,DJF,-16.33002279655869
Khovd,1992,JJA,15.72166802877514
Khovd,1992,MAM,2.1665948024596675
Khovd,1992,SON,-1.6791134809489283
Khovd,1993,DJF,-16.249027340575573
Khovd,1993,JJA,14.9098513916593
Khovd,1993,MAM,0.7758655160313466
Khovd,1993,SON,-1.5282859423481598
Khovd,1994,DJF,-17.547205145364654
Khovd,1994,JJA,15.445585960586605
Khovd,1994,MAM,2.084533575973353
Khovd,1994,SON,0.133053206495664
Khovd,1995,DJF,-15.72463329847257
Khovd,1995,JJA,15.842588629395708
Khovd,1995,MAM,0.972899698027505
Khovd,1995,SON,1.7232319283992914
Khovd,1996,DJF,-17.145527804038746
Khovd,1996,JJA,16.038877691895706
Khovd,1996,MAM,0.3055637368637565
Khovd,1996,SON,-0.8640986305038189
Khovd,1997,DJF,-16.21386218059709
Khovd,1997,JJA,15.792894180333946
Khovd,1997,MAM,5.409312319924668
Khovd,1997,SON,0.08159970403001683
Khovd,1998,DJF,-16.620061173675733
Khovd,1998,JJA,17.344910562573897
Khovd,1998,MAM,1.6831645126884092
Khovd,1998,SON,2.067155149924299
Khovd,1999,DJF,-14.97492058215128
Khovd,1999,JJA,17.218744112921122
Khovd,1999,MAM,0.830191566701781
Khovd,1999,SON,0.0018789882073956688
Khovd,2000,DJF,-17.290054472794747
Khovd,2000,JJA,17.256733663933236
Khovd,2000,MAM,3.545015837396595
Khovd,2000,SON,-2.1885081334034937
Khovd,2001,DJF,-17.423667680456262
Khovd,2001,JJA,18.062843874667575
Khovd,2001,MAM,2.563263473330401
Khovd,2001,SON,1.061631396138099
Khovd,2002,DJF,-16.556036088370803
Khovd,2002,JJA,18.512056275856995
Khovd,2002,MAM,1.6363117335254365
Khovd,2002,SON,0.8026706993157364
Khovd,2003,DJF,-17.127827103707222
Khovd,2003,JJA,15.644175601174668
Khovd,2003,MAM,-0.2867634081107559
Khovd,2003,SON,-1.3680844931455705
Khovd,2004,DJF,-16.983902597990983
Khovd,2004,JJA,16.800730921247066
Khovd,2004,MAM,3.053714357200267
Khovd,2004,SON,-0.7463483589478754
Khovd,2005,DJF,-20.352705257046
Khovd,2005,JJA,16.89237138464098
Khovd,2005,MAM,2.8411162825059333
Khovd,2005,SON,0.29874078556721395
Khovd,2006,DJF,-18.286621064891747
Khovd,2006,JJA,16.732320755762434
Khovd,2006,MAM,1.1225169224660392
Khovd,2006,SON,2.157007629538845
Khovd,2007,DJF,-13.626356416165667
Khovd,2007,JJA,17.897521424349904
Khovd,2007,MAM,3.5224944419049433
Khovd,2007,SON,0.5009605028950803
Khovd,2008,DJF,-18.836861042717086
Khovd,2008,JJA,17.521582954713377
Khovd,2008,MAM,3.9808888103945264
Khovd,2008,SON,1.2264984635878626
Khovd,2009,DJF,-17.523637170092695
Khovd,2009,JJA,15.940450927157233
Khovd,2009,MAM,3.5987941588634245
Khovd,2009,SON,-0.663591540902478
Khovd,2010,DJF,-20.12491007775559
Khovd,2010,JJA,17.0254216764554
Khovd,2010,MAM,-2.229909737228479
Khovd,2010,SON,1.2607893274185733
Khovd,2011,DJF,-19.567662888835766
Khovd,2011,JJA,17.223839321993225
Khovd,2011,MAM,1.5048989298214248
Khovd,2011,SON,0.738172844059383
Khovd,2012,DJF,-19.68371366315979
Khovd,2012,JJA,17.234175762780755
Khovd,2012,MAM,2.3820649564125524
Khovd,2012,SON,-1.3069275912381568
Khovd,2013,DJF,-18.58331350051481
Khovd,2013,JJA,16.14400995493501
Khovd,2013,MAM,4.3848872912973045
Khovd,2013,SON,0.953886020380859
Khovd,2014,DJF,-17.9065279841141
Khovd,2014,JJA,16.742919229277504
Khovd,2014,MAM,2.388914168698309
Khovd,2014,SON,0.7918498370664567
Khovd,2015,DJF,-16.20580045370907
Khovd,2015,JJA,17.123735894097244
Khovd,2015,MAM,2.9475125360150938
Khovd,2015,SON,-0.06995560305617925
Khovd,2016,DJF,-17.42631949927506
Khovd,2016,JJA,17.471498919547894
Khovd,2016,MAM,2.6941569010416897
Khovd,2016,SON,-0.4733925388777846
Khovd,2017,DJF,-14.799313671932694
Khovd,2017,JJA,18.12294691009163
Khovd,2017,MAM,3.5290099087618434
Khovd,2017,SON,0.44412306476712526
Khovd,2018,DJF,-18.52762476422824
Khovd,2018,JJA,17.677486078789915
Khovd,2018,MAM,4.356034833037848
Khovd,2018,SON,-0.3715263781536046
Khovd,2019,DJF,-19.745860871299197
Khovd,2019,JJA,17.391042751736133
Khovd,2019,MAM,2.690358003656938
Khovd,2019,SON,1.3303768726105614
Khovd,2020,DJF,-15.630328643293787
Khovd,2020,JJA,15.801665350731405
Khovd,2020,MAM,4.9282502447178125
Khovd,2020,SON,0.09734590859561966
Khovd,2021,DJF,-15.812080985716308
Khovd,2021,JJA,16.519830105828923
Khovd,2021,MAM,3.3539795499039826
Khovd,2021,SON,0.45237788928600087
Khovd,2022,DJF,-16.927916297281303
Khovd,2022,JJA,17.206419917257705
Khovd,2022,MAM,3.741622917590153
Khovd,2022,SON,1.1591188615659396
Khovd,2023,DJF,-17.140467369133678
Khovd,2023,JJA,18.063029144503567
Khovd,2023,MAM,1.2182402482269732
Khovd,2023,SON,1.856678371564739
Khovd,2024,DJF,-16.90605020004523
Khovd,2024,JJA,18.798146378176735
Khovd,2024,MAM,4.47751874630617
Khovd,2024,SON,1.6170256341884832
Khovd,2025,DJF,-17.342353124595963
Khovd,2025,JJA,18.592745041001795
Khovd,2025,MAM,3.5483685865470087
Khovd,2025,SON,-0.4525733460771049
Khovd,2026,DJF,-15.247862730634951
Khuvsgul,1970,DJF,-22.303207056730674
Khuvsgul,1970,JJA,12.228571247977369
Khuvsgul,1970,MAM,-5.632832529012417
Khuvsgul,1970,SON,-5.987414269308419
Khuvsgul,1971,DJF,-23.67320229737116
Khuvsgul,1971,JJA,10.794937993021867
Khuvsgul,1971,MAM,-3.9499049066339658
Khuvsgul,1971,SON,-3.5178476278064097
Khuvsgul,1972,DJF,-23.818422563176302
Khuvsgul,1972,JJA,11.599478534587401
Khuvsgul,1972,MAM,-1.670784544713266
Khuvsgul,1972,SON,-6.139952729357848
Khuvsgul,1973,DJF,-21.99496393790135
Khuvsgul,1973,JJA,11.088425048038049
Khuvsgul,1973,MAM,-3.4693256662115473
Khuvsgul,1973,SON,-3.9539961632786995
Khuvsgul,1974,DJF,-22.443325479748157
Khuvsgul,1974,JJA,11.973577821601964
Khuvsgul,1974,MAM,-3.6670649556280117
Khuvsgul,1974,SON,-6.318744380420058
Khuvsgul,1975,DJF,-21.71063968695481
Khuvsgul,1975,JJA,11.330536698523485
Khuvsgul,1975,MAM,-4.392859874342615
Khuvsgul,1975,SON,-5.059693424755679
Khuvsgul,1976,DJF,-21.598138314157605
Khuvsgul,1976,JJA,10.76277068795512
Khuvsgul,1976,MAM,-5.880123772976059
Khuvsgul,1976,SON,-6.838145313448097
Khuvsgul,1977,DJF,-24.65994502687915
Khuvsgul,1977,JJA,11.897882376365313
Khuvsgul,1977,MAM,-4.411043610310455
Khuvsgul,1977,SON,-2.2796839050490267
Khuvsgul,1978,DJF,-19.873343636225705
Khuvsgul,1978,JJA,11.79743075571402
Khuvsgul,1978,MAM,-2.8070852335216703
Khuvsgul,1978,SON,-3.791284041420133
Khuvsgul,1979,DJF,-20.215735431164962
Khuvsgul,1979,JJA,12.36413329288028
Khuvsgul,1979,MAM,-4.177908448648276
Khuvsgul,1979,SON,-3.691538769373208
Khuvsgul,1980,DJF,-20.909450375455076
Khuvsgul,1980,JJA,12.197668101486673
Khuvsgul,1980,MAM,-5.323749016326586
Khuvsgul,1980,SON,-4.636942822107583
Khuvsgul,1981,DJF,-22.64212918080942
Khuvsgul,1981,JJA,11.408867914391204
Khuvsgul,1981,MAM,-0.9051988521439902
Khuvsgul,1981,SON,-7.7188130894139135
Khuvsgul,1982,DJF,-21.760853818627986
Khuvsgul,1982,JJA,11.030242939674375
Khuvsgul,1982,MAM,-2.4906298986144595
Khuvsgul,1982,SON,-3.0571092574727348
Khuvsgul,1983,DJF,-21.100910944768888
Khuvsgul,1983,JJA,10.298885328175588
Khuvsgul,1983,MAM,-3.682794643760091
Khuvsgul,1983,SON,-2.9110616838275964
Khuvsgul,1984,DJF,-23.303716843490825
Khuvsgul,1984,JJA,10.696304390422757
Khuvsgul,1984,MAM,-3.132848429757006
Khuvsgul,1984,SON,-5.2550532566304895
Khuvsgul,1985,DJF,-23.89705579442883
Khuvsgul,1985,JJA,10.71272897072211
Khuvsgul,1985,MAM,-4.609758869652587
Khuvsgul,1985,SON,-5.827209996096888
Khuvsgul,1986,DJF,-22.541643388371615
Khuvsgul,1986,JJA,11.849805635618955
Khuvsgul,1986,MAM,-3.0515955261427767
Khuvsgul,1986,SON,-5.3571367035405695
Khuvsgul,1987,DJF,-20.591828335758915
Khuvsgul,1987,JJA,10.906910838895653
Khuvsgul,1987,MAM,-3.3230989622838063
Khuvsgul,1987,SON,-6.3489945840681035
Khuvsgul,1988,DJF,-22.660682905376127
Khuvsgul,1988,JJA,11.289329869538857
Khuvsgul,1988,MAM,-3.9817154078807424
Khuvsgul,1988,SON,-2.5963856521161786
Khuvsgul,1989,DJF,-20.27594920531829
Khuvsgul,1989,JJA,10.998254197006494
Khuvsgul,1989,MAM,-1.1172575027811262
Khuvsgul,1989,SON,-4.93953557184211
Khuvsgul,1990,DJF,-20.118927599465554
Khuvsgul,1990,JJA,10.971096910396463
Khuvsgul,1990,MAM,-1.8714908538126795
Khuvsgul,1990,SON,-3.2314111456515877
Khuvsgul,1991,DJF,-20.7873218672175
Khuvsgul,1991,JJA,12.38386443795512
Khuvsgul,1991,MAM,-4.270068596404711
Khuvsgul,1991,SON,-3.6958271063647
Khuvsgul,1992,DJF,-20.341513407191776
Khuvsgul,1992,JJA,11.385627939168712
Khuvsgul,1992,MAM,-1.8313565349887262
Khuvsgul,1992,SON,-5.505651065369618
Khuvsgul,1993,DJF,-21.663748243017082
Khuvsgul,1993,JJA,11.204085286458355
Khuvsgul,1993,MAM,-3.09489058707522
Khuvsgul,1993,SON,-5.317066580269307
Khuvsgul,1994,DJF,-20.959188126746096
Khuvsgul,1994,JJA,11.949899341373404
Khuvsgul,1994,MAM,-2.058594816633776
Khuvsgul,1994,SON,-3.385866114545386
Khuvsgul,1995,DJF,-20.763243794364044
Khuvsgul,1995,JJA,11.862740348149295
Khuvsgul,1995,MAM,-3.7056616922026477
Khuvsgul,1995,SON,-2.4239732859589678
Khuvsgul,1996,DJF,-21.232803053377495
Khuvsgul,1996,JJA,11.57526752755868
Khuvsgul,1996,MAM,-3.8241247825251974
Khuvsgul,1996,SON,-4.831491296268181
Khuvsgul,1997,DJF,-19.076315036020596
Khuvsgul,1997,JJA,11.930560085457142
Khuvsgul,1997,MAM,0.9010301312196829
Khuvsgul,1997,SON,-3.9357326273007462
Khuvsgul,1998,DJF,-19.679207075298002
Khuvsgul,1998,JJA,12.348557279025103
Khuvsgul,1998,MAM,-2.080924400156733
Khuvsgul,1998,SON,-3.332781108374712
Khuvsgul,1999,DJF,-19.32014942354367
Khuvsgul,1999,JJA,12.669155004803825
Khuvsgul,1999,MAM,-3.4561229125581288
Khuvsgul,1999,SON,-4.531608191431511
Khuvsgul,2000,DJF,-22.129013930632436
Khuvsgul,2000,JJA,13.689440799453905
Khuvsgul,2000,MAM,-0.9946933783373559
Khuvsgul,2000,SON,-7.101622626542251
Khuvsgul,2001,DJF,-23.07675462741294
Khuvsgul,2001,JJA,13.567195875050588
Khuvsgul,2001,MAM,-1.627777672431207
Khuvsgul,2001,SON,-2.772608468756298
Khuvsgul,2002,DJF,-19.9329956746024
Khuvsgul,2002,JJA,14.509483085558275
Khuvsgul,2002,MAM,-1.8358739760315306
Khuvsgul,2002,SON,-4.90185307870017
Khuvsgul,2003,DJF,-21.832482327458134
Khuvsgul,2003,JJA,12.20518826481596
Khuvsgul,2003,MAM,-3.6714244262300038
Khuvsgul,2003,SON,-5.031916749824576
Khuvsgul,2004,DJF,-19.681313109166393
Khuvsgul,2004,JJA,12.477490392394845
Khuvsgul,2004,MAM,-1.746462113957552
Khuvsgul,2004,SON,-4.3735638516620305
Khuvsgul,2005,DJF,-24.556313059785197
Khuvsgul,2005,JJA,12.940787918436511
Khuvsgul,2005,MAM,-2.4329629348705275
Khuvsgul,2005,SON,-3.655663850160842
Khuvsgul,2006,DJF,-22.332111721594334
Khuvsgul,2006,JJA,11.882220241707142
Khuvsgul,2006,MAM,-4.200756756927567
Khuvsgul,2006,SON,-2.84766729163504
Khuvsgul,2007,DJF,-17.687020760446668
Khuvsgul,2007,JJA,13.557103939118145
Khuvsgul,2007,MAM,-1.1713932173151573
Khuvsgul,2007,SON,-3.6487057188953558
Khuvsgul,2008,DJF,-22.32607077194261
Khuvsgul,2008,JJA,12.659173682746786
Khuvsgul,2008,MAM,-1.0341833219558834
Khuvsgul,2008,SON,-2.941751404796195
Khuvsgul,2009,DJF,-21.529167328374648
Khuvsgul,2009,JJA,11.397930572411026
Khuvsgul,2009,MAM,-0.8519079757739584
Khuvsgul,2009,SON,-5.074846439299823
Khuvsgul,2010,DJF,-25.246283107127937
Khuvsgul,2010,JJA,12.813032052740718
Khuvsgul,2010,MAM,-5.638175895221774
Khuvsgul,2010,SON,-3.0095625497762213
Khuvsgul,2011,DJF,-23.37233245750845
Khuvsgul,2011,JJA,12.707825615645248
Khuvsgul,2011,MAM,-3.141282540231824
Khuvsgul,2011,SON,-4.156442369380793
Khuvsgul,2012,DJF,-23.987936080389403
Khuvsgul,2012,JJA,12.418743363167499
Khuvsgul,2012,MAM,-2.997896440129427
Khuvsgul,2012,SON,-5.25041369589399
Khuvsgul,2013,DJF,-24.432980909625282
Khuvsgul,2013,JJA,11.917869513551802
Khuvsgul,2013,MAM,-1.519575179510495
Khuvsgul,2013,SON,-4.313454839712572
Khuvsgul,2014,DJF,-21.160026925590024
Khuvsgul,2014,JJA,11.849757439573242
Khuvsgul,2014,MAM,-1.4159813346986019
Khuvsgul,2014,SON,-3.923559051809937
Khuvsgul,2015,DJF,-20.08162057623506
Khuvsgul,2015,JJA,13.910188960103177
Khuvsgul,2015,MAM,-2.3019321083636504
Khuvsgul,2015,SON,-4.616352296107001
Khuvsgul,2016,DJF,-21.516732501674987
Khuvsgul,2016,JJA,12.982656060376236
Khuvsgul,2016,MAM,-1.757195116555398
Khuvsgul,2016,SON,-6.356089056811264
Khuvsgul,2017,DJF,-20.65186184386217
Khuvsgul,2017,JJA,13.411111005764585
Khuvsgul,2017,MAM,-0.4169950318567734
Khuvsgul,2017,SON,-4.824660000600453
Khuvsgul,2018,DJF,-21.689067438119416
Khuvsgul,2018,JJA,12.953154549706738
Khuvsgul,2018,MAM,-0.359588010720042
Khuvsgul,2018,SON,-4.716231736859049
Khuvsgul,2019,DJF,-23.611843990585157
Khuvsgul,2019,JJA,12.816317284840233
Khuvsgul,2019,MAM,-1.4412739874089577
Khuvsgul,2019,SON,-3.6535903584995477
Khuvsgul,2020,DJF,-20.030593457268257
Khuvsgul,2020,JJA,12.371361909637967
Khuvsgul,2020,MAM,-0.47871046344051127
Khuvsgul,2020,SON,-3.647979741266222
Khuvsgul,2021,DJF,-20.373363067725695
Khuvsgul,2021,JJA,12.291996454035216
Khuvsgul,2021,MAM,-2.0851636769316118
Khuvsgul,2021,SON,-3.789428592422611
Khuvsgul,2022,DJF,-20.285381902305804
Khuvsgul,2022,JJA,11.83699812904533
Khuvsgul,2022,MAM,-1.2804177095974691
Khuvsgul,2022,SON,-4.213119314249257
Khuvsgul,2023,DJF,-21.523580142518057
Khuvsgul,2023,JJA,13.275547380663452
Khuvsgul,2023,MAM,-3.5110120853559645
Khuvsgul,2023,SON,-2.661670553954265
Khuvsgul,2024,DJF,-22.47344336648587
Khuvsgul,2024,JJA,14.664442063612482
Khuvsgul,2024,MAM,0.1270182291666894
Khuvsgul,2024,SON,-2.532770797581326
Khuvsgul,2025,DJF,-19.702789188125735
Khuvsgul,2025,JJA,13.37166609779533
Khuvsgul,2025,MAM,-0.6766476726840388
Khuvsgul,2025,SON,-4.749586462125786
Khuvsgul,2026,DJF,-19.72098981246205
Orkhon,1970,DJF,-19.794933064778622
Orkhon,1970,JJA,16.999956597222244
Orkhon,1970,MAM,-0.7751831054687273
Orkhon,1970,SON,-2.755868869357616
Orkhon,1971,DJF,-20.774120076497372
Orkhon,1971,JJA,15.124793836805578
Orkhon,1971,MAM,-0.10069037543400504
Orkhon,1971,SON,0.8969428168403005
Orkhon,1972,DJF,-19.542474704318554
Orkhon,1972,JJA,15.832964409722244
Orkhon,1972,MAM,2.7589830186632174
Orkhon,1972,SON,-1.847245279947894
Orkhon,1973,DJF,-18.487624443901886
Orkhon,1973,JJA,15.239485677083357
Orkhon,1973,MAM,1.290456814236134
Orkhon,1973,SON,0.13415256076391163
Orkhon,1974,DJF,-17.861303710937477
Orkhon,1974,JJA,16.493771701388912
Orkhon,1974,MAM,0.9628336588541894
Orkhon,1974,SON,-1.9935668945312273
Orkhon,1975,DJF,-17.536257595486088
Orkhon,1975,JJA,15.908756510416689
Orkhon,1975,MAM,1.9080783420139116
Orkhon,1975,SON,-0.3636705186631717
Orkhon,1976,DJF,-18.023330010308136
Orkhon,1976,JJA,14.716563585069467
Orkhon,1976,MAM,-1.0894768608940746
Orkhon,1976,SON,-2.705548773871505
Orkhon,1977,DJF,-21.549720933702233
Orkhon,1977,JJA,16.548215060763912
Orkhon,1977,MAM,0.7113416883680783
Orkhon,1977,SON,1.250356716579884
Orkhon,1978,DJF,-16.896124267578102
Orkhon,1978,JJA,15.981863064236133
Orkhon,1978,MAM,2.1496520996093977
Orkhon,1978,SON,0.1598246256510644
Orkhon,1979,DJF,-18.119268798828102
Orkhon,1979,JJA,16.55182291666669
Orkhon,1979,MAM,0.13731282552085608
Orkhon,1979,SON,-1.0810234917534496
Orkhon,1980,DJF,-19.67266608344182
Orkhon,1980,JJA,17.735281032986133
Orkhon,1980,MAM,-1.954996066623241
Orkhon,1980,SON,-0.8157443576388661
Orkhon,1981,DJF,-19.644437323676193
Orkhon,1981,JJA,16.004812282986133
Orkhon,1981,MAM,3.530555555555578
Orkhon,1981,SON,-3.1633260091145607
Orkhon,1982,DJF,-18.208654785156227
Orkhon,1982,JJA,15.753401692708357
Orkhon,1982,MAM,2.0467502170139116
Orkhon,1982,SON,0.665972222222245
Orkhon,1983,DJF,-18.55116712782116
Orkhon,1983,JJA,14.969520399305578
Orkhon,1983,MAM,2.1690375434028004
Orkhon,1983,SON,0.8759908040364811
Orkhon,1984,DJF,-19.792757839626713
Orkhon,1984,JJA,15.366303168402801
Orkhon,1984,MAM,1.43736504448787
Orkhon,1984,SON,-0.3614427354600467
Orkhon,1985,DJF,-19.980624050564213
Orkhon,1985,JJA,15.353173828125023
Orkhon,1985,MAM,0.23798692491321718
Orkhon,1985,SON,-0.514569769965255
Orkhon,1986,DJF,-19.476733059353275
Orkhon,1986,JJA,16.3440863715278
Orkhon,1986,MAM,1.7318088107639116
Orkhon,1986,SON,-0.5642998589409495
Orkhon,1987,DJF,-17.917174614800324
Orkhon,1987,JJA,15.733951822916689
Orkhon,1987,MAM,1.24785088433162
Orkhon,1987,SON,-2.198895941840255
Orkhon,1988,DJF,-18.336979505750847
Orkhon,1988,JJA,15.715885416666689
Orkhon,1988,MAM,0.8036336263021061
Orkhon,1988,SON,1.6579630533854395
Orkhon,1989,DJF,-16.374151611328102
Orkhon,1989,JJA,15.547916666666689
Orkhon,1989,MAM,3.9668891059028004
Orkhon,1989,SON,-0.41502143012150505
Orkhon,1990,DJF,-16.234579467773415
Orkhon,1990,JJA,15.012760416666689
Orkhon,1990,MAM,3.2229112413194674
Orkhon,1990,SON,1.1165134006076616
Orkhon,1991,DJF,-16.122315470377583
Orkhon,1991,JJA,16.719601779513912
Orkhon,1991,MAM,1.0970567491319672
Orkhon,1991,SON,0.21113823784724495
Orkhon,1992,DJF,-16.833600531684006
Orkhon,1992,JJA,15.605126953125023
Orkhon,1992,MAM,3.266707356770856
Orkhon,1992,SON,-0.987287055121505
Orkhon,1993,DJF,-17.705814954969597
Orkhon,1993,JJA,15.584293619791689
Orkhon,1993,MAM,2.2889648437500227
Orkhon,1993,SON,-0.6751803927951161
Orkhon,1994,DJF,-17.06565789116751
Orkhon,1994,JJA,16.256982421875023
Orkhon,1994,MAM,2.613271755642384
Orkhon,1994,SON,0.5965209960937727
Orkhon,1995,DJF,-15.904241943359352
Orkhon,1995,JJA,16.391476779513912
Orkhon,1995,MAM,1.1978461371528004
Orkhon,1995,SON,0.89018486870662
Orkhon,1996,DJF,-18.316719224717858
Orkhon,1996,JJA,16.033946397569466
Orkhon,1996,MAM,1.9044433593750227
Orkhon,1996,SON,-2.6019042968749773
Orkhon,1997,DJF,-16.292795138888867
Orkhon,1997,JJA,16.572384982638912
Orkhon,1997,MAM,4.7242133246528
Orkhon,1997,SON,0.4181559244791894
Orkhon,1998,DJF,-15.077154541015602
Orkhon,1998,JJA,16.548838975694466
Orkhon,1998,MAM,3.7314154730903004
Orkhon,1998,SON,1.196767849392384
Orkhon,1999,DJF,-14.012413194444422
Orkhon,1999,JJA,17.23343641493058
Orkhon,1999,MAM,1.467302788628495
Orkhon,1999,SON,0.27885335286460605
Orkhon,2000,DJF,-17.395481703016472
Orkhon,2000,JJA,18.51932508680558
Orkhon,2000,MAM,4.2806098090278
Orkhon,2000,SON,-2.0534423828124773
Orkhon,2001,DJF,-20.127289835611958
Orkhon,2001,JJA,18.5713812934028
Orkhon,2001,MAM,2.648882378472245
Orkhon,2001,SON,1.4496568467882172
Orkhon,2002,DJF,-15.366015285915775
Orkhon,2002,JJA,20.069292534722244
Orkhon,2002,MAM,3.6014648437500227
Orkhon,2002,SON,-2.285820176866297
Orkhon,2003,DJF,-19.44401482476126
Orkhon,2003,JJA,17.072140842013912
Orkhon,2003,MAM,1.5092712402343977
Orkhon,2003,SON,-0.6788289388020606
Orkhon,2004,DJF,-16.915648735894074
Orkhon,2004,JJA,17.116601562500023
Orkhon,2004,MAM,2.5029100206163424
Orkhon,2004,SON,0.40745442708335605
Orkhon,2005,DJF,-19.870240275065083
Orkhon,2005,JJA,18.252642144097244
Orkhon,2005,MAM,2.5707031250000227
Orkhon,2005,SON,1.9683946397569672
Orkhon,2006,DJF,-17.634083387586784
Orkhon,2006,JJA,17.055403645833355
Orkhon,2006,MAM,1.268050130208356
Orkhon,2006,SON,1.57445000542537
Orkhon,2007,DJF,-13.393709988064213
Orkhon,2007,JJA,18.546614583333355
Orkhon,2007,MAM,3.869605848524328
Orkhon,2007,SON,1.36265801323787
Orkhon,2008,DJF,-16.920078870985222
Orkhon,2008,JJA,17.134776475694466
Orkhon,2008,MAM,3.991411675347245
Orkhon,2008,SON,2.0361911349826616
Orkhon,2009,DJF,-17.238980780707443
Orkhon,2009,JJA,16.88678385416669
Orkhon,2009,MAM,4.32605387369794
Orkhon,2009,SON,-0.22706027560761616
Orkhon,2010,DJF,-20.68662957085501
Orkhon,2010,JJA,17.988427734375023
Orkhon,2010,MAM,-0.10264350043400504
Orkhon,2010,SON,1.2064758300781477
Orkhon,2011,DJF,-18.620674302842858
Orkhon,2011,JJA,17.5699164496528
Orkhon,2011,MAM,1.51555107964412
Orkhon,2011,SON,-0.1877977159287967
Orkhon,2012,DJF,-19.189182874891472
Orkhon,2012,JJA,16.19391276041669
Orkhon,2012,MAM,2.7641710069444674
Orkhon,2012,SON,0.28853081597224495
Orkhon,2013,DJF,-20.172291395399284
Orkhon,2013,JJA,16.288476562500023
Orkhon,2013,MAM,2.4854709201389116
Orkhon,2013,SON,0.37328152126738384
Orkhon,2014,DJF,-16.299532741970463
Orkhon,2014,JJA,16.60697157118058
Orkhon,2014,MAM,4.308577473958356
Orkhon,2014,SON,0.577532280815995
Orkhon,2015,DJF,-13.777488878038172
Orkhon,2015,JJA,18.625254991319466
Orkhon,2015,MAM,3.3565375434028004
Orkhon,2015,SON,0.37415635850696716
Orkhon,2016,DJF,-17.01796400282116
Orkhon,2016,JJA,17.479177517361133
Orkhon,2016,MAM,3.5695909288194674
Orkhon,2016,SON,-1.9184461805555328
Orkhon,2017,DJF,-17.395237562391472
Orkhon,2017,JJA,18.627180989583355
Orkhon,2017,MAM,4.035058593750023
Orkhon,2017,SON,0.018609619140647737
Orkhon,2018,DJF,-17.31751776801213
Orkhon,2018,JJA,17.71661783854169
Orkhon,2018,MAM,5.5242621527778
Orkhon,2018,SON,0.9933478461371755
Orkhon,2019,DJF,-18.232697550455708
Orkhon,2019,JJA,17.764089626736133
Orkhon,2019,MAM,4.209727647569467
Orkhon,2019,SON,0.975420464409745
Orkhon,2020,DJF,-15.34740295410154
Orkhon,2020,JJA,17.447466362847244
Orkhon,2020,MAM,4.564816623263912
Orkhon,2020,SON,1.0129367404514116
Orkhon,2021,DJF,-16.66637776692706
Orkhon,2021,JJA,16.25687391493058
Orkhon,2021,MAM,3.197249348958356
Orkhon,2021,SON,1.0687296549479395
Orkhon,2022,DJF,-15.390885416666643
Orkhon,2022,JJA,16.0437934027778
Orkhon,2022,MAM,3.5593912760416893
Orkhon,2022,SON,0.4138563368055783
Orkhon,2023,DJF,-16.544604153103275
Orkhon,2023,JJA,17.265581597222244
Orkhon,2023,MAM,2.108680555555578
Orkhon,2023,SON,1.8104220920139116
Orkhon,2024,DJF,-17.872469753689213
Orkhon,2024,JJA,18.451182725694466
Orkhon,2024,MAM,4.8435980902778
Orkhon,2024,SON,2.0414401584201616
Orkhon,2025,DJF,-15.133727349175324
Orkhon,2025,JJA,18.20291883680558
Orkhon,2025,MAM,4.744124348958356
Orkhon,2025,SON,-0.3209798177083106
Orkhon,2026,DJF,-18.15038655598956
Selenge,1970,DJF,-20.751947182103184
Selenge,1970,JJA,17.08941200657897
Selenge,1970,MAM,-0.9298911646792536
Selenge,1970,SON,-1.800196811609078
Selenge,1971,DJF,-21.49928626344913
Selenge,1971,JJA,15.584246504934233
Selenge,1971,MAM,-0.3538799085114904
Selenge,1971,SON,0.2904660944353298
Selenge,1972,DJF,-20.371229887845203
Selenge,1972,JJA,16.12809758771932
Selenge,1972,MAM,2.1173243472450887
Selenge,1972,SON,-1.6522497344435079
Selenge,1973,DJF,-19.45552352102177
Selenge,1973,JJA,15.690092173793882
Selenge,1973,MAM,0.9771972656250227
Selenge,1973,SON,-0.13120973821269655
Selenge,1974,DJF,-19.550097227933094
Selenge,1974,JJA,16.990710663377214
Selenge,1974,MAM,-0.17685761033440708
Selenge,1974,SON,-2.8641809296189464
Selenge,1975,DJF,-20.026285753752035
Selenge,1975,JJA,16.110827850877214
Selenge,1975,MAM,1.5660473204495842
Selenge,1975,SON,-0.05741823430644656
Selenge,1976,DJF,-19.716825063605036
Selenge,1976,JJA,15.609932668585548
Selenge,1976,MAM,-0.8627144796806242
Selenge,1976,SON,-2.1451589483963587
Selenge,1977,DJF,-22.810440277634985
Selenge,1977,JJA,17.12703107867327
Selenge,1977,MAM,0.5653684381853298
Selenge,1977,SON,0.6408132452714043
Selenge,1978,DJF,-19.034633917557546
Selenge,1978,JJA,16.003375993695197
Selenge,1978,MAM,0.9176756741708012
Selenge,1978,SON,-0.4431941517612163
Selenge,1979,DJF,-19.718586516798567
Selenge,1979,JJA,16.911986019736865
Selenge,1979,MAM,0.44902472245068065
Selenge,1979,SON,-1.272024268434736
Selenge,1980,DJF,-21.40284643340527
Selenge,1980,JJA,18.38319027549344
Selenge,1980,MAM,-2.009363756681721
Selenge,1980,SON,-1.2042677494517315
Selenge,1981,DJF,-20.76607360839842
Selenge,1981,JJA,16.08039593612941
Selenge,1981,MAM,3.022568873355286
Selenge,1981,SON,-3.080909273917192
Selenge,1982,DJF,-19.540765675327215
Selenge,1982,JJA,16.08016464501099
Selenge,1982,MAM,1.6181820518092334
Selenge,1982,SON,0.06629146107458414
Selenge,1983,DJF,-18.91843964426139
Selenge,1983,JJA,15.100137061403531
Selenge,1983,MAM,1.2488101356908121
Selenge,1983,SON,0.7451399953742004
Selenge,1984,DJF,-19.728435596666817
Selenge,1984,JJA,15.933209121436427
Selenge,1984,MAM,0.9062064187568758
Selenge,1984,SON,-0.8768906978138479
Selenge,1985,DJF,-21.872331264562753
Selenge,1985,JJA,15.952577611019759
Selenge,1985,MAM,0.11418050130210607
Selenge,1985,SON,-0.6278196100602843
Selenge,1986,DJF,-20.58113387258427
Selenge,1986,JJA,17.173807565789495
Selenge,1986,MAM,1.7760596559758999
Selenge,1986,SON,-0.5105346679687273
Selenge,1987,DJF,-19.937748102556174
Selenge,1987,JJA,16.158962102521954
Selenge,1987,MAM,0.5138585140830819
Selenge,1987,SON,-1.1803012111730515
Selenge,1988,DJF,-18.81353018242014
Selenge,1988,JJA,16.02117256030704
Selenge,1988,MAM,-0.1263194301671922
Selenge,1988,SON,1.2443288702714044
Selenge,1989,DJF,-17.782707696211943
Selenge,1989,JJA,16.07341865405704
Selenge,1989,MAM,3.5967233758223913
Selenge,1989,SON,-1.6408929122121483
Selenge,1990,DJF,-19.623860489694675
Selenge,1990,JJA,15.832044956140374
Selenge,1990,MAM,2.765951377467128
Selenge,1990,SON,0.8451889305784218
Selenge,1991,DJF,-19.469219957318202
Selenge,1991,JJA,17.067383669133793
Selenge,1991,MAM,0.41664396587173325
Selenge,1991,SON,-0.21790107593199481
Selenge,1992,DJF,-18.779155744586053
Selenge,1992,JJA,16.08880807976976
Selenge,1992,MAM,2.676769377055944
Selenge,1992,SON,-1.5484706945586395
Selenge,1993,DJF,-20.097405229535
Selenge,1993,JJA,16.191407106633793
Selenge,1993,MAM,1.5909453810307246
Selenge,1993,SON,-0.9633920368395126
Selenge,1994,DJF,-17.87965414482248
Selenge,1994,JJA,17.212745853892567
Selenge,1994,MAM,2.471527420847062
Selenge,1994,SON,-0.14368767989306938
Selenge,1995,DJF,-18.062642094126897
Selenge,1995,JJA,16.65912057976976
Selenge,1995,MAM,0.4759722793311631
Selenge,1995,SON,0.907948597690538
Selenge,1996,DJF,-19.533955302991345
Selenge,1996,JJA,16.239258669133793
Selenge,1996,MAM,1.2499323259320403
Selenge,1996,SON,-2.240027926260942
Selenge,1997,DJF,-18.151071796082594
Selenge,1997,JJA,16.87407997532897
Selenge,1997,MAM,4.203519908168882
Selenge,1997,SON,-0.6624447471216878
Selenge,1998,DJF,-17.899485417416198
Selenge,1998,JJA,16.58293585526318
Selenge,1998,MAM,3.2910314727248036
Selenge,1998,SON,-0.42130769428451675
Selenge,1999,DJF,-17.510368695175416
Selenge,1999,JJA,17.81048776726976
Selenge,1999,MAM,0.9106850071957464
Selenge,1999,SON,-0.5300059536046922
Selenge,2000,DJF,-19.751924160070566
Selenge,2000,JJA,18.85576514528511
Selenge,2000,MAM,3.8304430509868648
Selenge,2000,SON,-3.262246864720372
Selenge,2001,DJF,-22.909070948550553
Selenge,2001,JJA,19.247319592927653
Selenge,2001,MAM,1.8880174067982685
Selenge,2001,SON,1.1543095103481587
Selenge,2002,DJF,-17.744076323927473
Selenge,2002,JJA,20.037440035635985
Selenge,2002,MAM,3.091904810855286
Selenge,2002,SON,-2.9176332707990453
Selenge,2003,DJF,-20.17944062885483
Selenge,2003,JJA,17.307523814418882
Selenge,2003,MAM,1.8758762292694855
Selenge,2003,SON,-1.839002321477499
Selenge,2004,DJF,-19.04735332288238
Selenge,2004,JJA,17.65958744517546
Selenge,2004,MAM,1.283974416632424
Selenge,2004,SON,0.5162469161184438
Selenge,2005,DJF,-22.437379013864597
Selenge,2005,JJA,18.28162777549344
Selenge,2005,MAM,1.2388774671052858
Selenge,2005,SON,1.4155774568256807
Selenge,2006,DJF,-19.25709314179
Selenge,2006,JJA,17.403119860197393
Selenge,2006,MAM,0.8611233895285315
Selenge,2006,SON,1.0379459849575337
Selenge,2007,DJF,-14.960534493964992
Selenge,2007,JJA,18.75040775767546
Selenge,2007,MAM,3.445140959087194
Selenge,2007,SON,0.9865672329016126
Selenge,2008,DJF,-18.651641256767387
Selenge,2008,JJA,17.688918585526338
Selenge,2008,MAM,3.589587616502216
Selenge,2008,SON,1.3833733809621938
Selenge,2009,DJF,-18.59907820852177
Selenge,2009,JJA,16.978614994517567
Selenge,2009,MAM,3.8629919219435536
Selenge,2009,SON,-1.0658303779467975
Selenge,2010,DJF,-22.402087241724896
Selenge,2010,JJA,18.000549102247827
Selenge,2010,MAM,-0.49530157791938517
Selenge,2010,SON,0.8972738701000775
Selenge,2011,DJF,-19.4174322295607
Selenge,2011,JJA,17.83425078810309
Selenge,2011,MAM,1.9424259654262837
Selenge,2011,SON,-0.12806749845803647
Selenge,2012,DJF,-20.663026722690496
Selenge,2012,JJA,16.564492530153533
Selenge,2012,MAM,2.1003940515351105
Selenge,2012,SON,-0.49830729166664395
Selenge,2013,DJF,-22.80962406626917
Selenge,2013,JJA,16.689680989583355
Selenge,2013,MAM,1.744599780701777
Selenge,2013,SON,0.8001792506167991
Selenge,2014,DJF,-18.48290053250495
Selenge,2014,JJA,16.7142706620066
Selenge,2014,MAM,3.8764657003837946
Selenge,2014,SON,0.2650979560718429
Selenge,2015,DJF,-17.01142670480826
Selenge,2015,JJA,19.10242855674344
Selenge,2015,MAM,2.415451103344321
Selenge,2015,SON,-0.021982507538354457
Selenge,2016,DJF,-17.915901799787534
Selenge,2016,JJA,17.94759628563599
Selenge,2016,MAM,3.0654648094846717
Selenge,2016,SON,-2.4898694490131352
Selenge,2017,DJF,-18.615013336717016
Selenge,2017,JJA,18.949797834429845
Selenge,2017,MAM,4.095348478618444
Selenge,2017,SON,-0.3737714800918084
Selenge,2018,DJF,-18.15488515485795
Selenge,2018,JJA,17.763424307839934
Selenge,2018,MAM,4.40448190789476
Selenge,2018,SON,0.29183617307431003
Selenge,2019,DJF,-19.660620384885533
Selenge,2019,JJA,18.05154451069081
Selenge,2019,MAM,3.590281489857479
Selenge,2019,SON,0.3729385108278736
Selenge,2020,DJF,-17.26468438934859
Selenge,2020,JJA,17.447703364857478
Selenge,2020,MAM,4.281242290296075
Selenge,2020,SON,0.7108591180098912
Selenge,2021,DJF,-18.409893049273553
Selenge,2021,JJA,16.505166358278533
Selenge,2021,MAM,2.6423990885416893
Selenge,2021,SON,0.6116127415707464
Selenge,2022,DJF,-16.75725054824559
Selenge,2022,JJA,16.285606839364057
Selenge,2022,MAM,3.202363452576777
Selenge,2022,SON,0.0488932291666894
Selenge,2023,DJF,-19.003180199338658
Selenge,2023,JJA,17.694555235745636
Selenge,2023,MAM,1.6426860608552858
Selenge,2023,SON,1.2489214980811632
Selenge,2024,DJF,-20.720968360231613
Selenge,2024,JJA,18.993220600328968
Selenge,2024,MAM,4.07341865405704
Selenge,2024,SON,1.4993937174479395
Selenge,2025,DJF,-18.23186360409383
Selenge,2025,JJA,18.54385622258774
Selenge,2025,MAM,4.287966865405725
Selenge,2025,SON,-0.29777360882673165
Selenge,2026,DJF,-19.782899234169385
Sukhbaatar,1970,DJF,-19.140658815445416
Sukhbaatar,1970,JJA,19.137247983870992
Sukhbaatar,1970,MAM,-0.012657903855824037
Sukhbaatar,1970,SON,0.02900036227320822
Sukhbaatar,1971,DJF,-19.67882877472906
Sukhbaatar,1971,JJA,18.341986937164002
Sukhbaatar,1971,MAM,1.0361683835265685
Sukhbaatar,1971,SON,0.8187870148689743
Sukhbaatar,1972,DJF,-19.281134755124306
Sukhbaatar,1972,JJA,18.212888524865615
Sukhbaatar,1972,MAM,2.662413238197267
Sukhbaatar,1972,SON,0.1436023342994179
Sukhbaatar,1973,DJF,-17.52632689117101
Sukhbaatar,1973,JJA,17.938402007728516
Sukhbaatar,1973,MAM,2.0165936869959906
Sukhbaatar,1973,SON,1.5493967363911518
Sukhbaatar,1974,DJF,-17.52701704784104
Sukhbaatar,1974,JJA,18.142479418682818
Sukhbaatar,1974,MAM,0.8378714612735443
Sukhbaatar,1974,SON,-0.4985526136172488
Sukhbaatar,1975,DJF,-17.95994758195772
Sukhbaatar,1975,JJA,18.561948714717765
Sukhbaatar,1975,MAM,3.1517079343078183
Sukhbaatar,1975,SON,3.0219365601898747
Sukhbaatar,1976,DJF,-15.401446730090703
Sukhbaatar,1976,JJA,17.10838006132395
Sukhbaatar,1976,MAM,0.5079721758442768
Sukhbaatar,1976,SON,-0.7631834624915768
Sukhbaatar,1977,DJF,-22.18481277958037
Sukhbaatar,1977,JJA,18.067361286122335
Sukhbaatar,1977,MAM,2.775124170446931
Sukhbaatar,1977,SON,1.6152830718666222
Sukhbaatar,1978,DJF,-18.197204228883123
Sukhbaatar,1978,JJA,17.876115696404593
Sukhbaatar,1978,MAM,1.9199267971900429
Sukhbaatar,1978,SON,1.5791164603284837
Sukhbaatar,1979,DJF,-17.414704156691005
Sukhbaatar,1979,JJA,18.183938172043035
Sukhbaatar,1979,MAM,1.6249472341230067
Sukhbaatar,1979,SON,0.10665991998490176
Sukhbaatar,1980,DJF,-19.113317838279126
Sukhbaatar,1980,JJA,19.158108093918035
Sukhbaatar,1980,MAM,-0.18237901913220173
Sukhbaatar,1980,SON,0.4809360299059367
Sukhbaatar,1981,DJF,-19.374493769163703
Sukhbaatar,1981,JJA,18.39308793262771
Sukhbaatar,1981,MAM,3.452373151881743
Sukhbaatar,1981,SON,-1.97256660051241
Sukhbaatar,1982,DJF,-16.839414469401017
Sukhbaatar,1982,JJA,18.60417454217072
Sukhbaatar,1982,MAM,2.5027790028562054
Sukhbaatar,1982,SON,1.6343329973118508
Sukhbaatar,1983,DJF,-18.261659158686133
Sukhbaatar,1983,JJA,17.450280367943574
Sukhbaatar,1983,MAM,2.7087076822916893
Sukhbaatar,1983,SON,1.9060563282300294
Sukhbaatar,1984,DJF,-18.630597186344904
Sukhbaatar,1984,JJA,17.34901346186158
Sukhbaatar,1984,MAM,1.397178272534465
Sukhbaatar,1984,SON,0.9550615208123547
Sukhbaatar,1985,DJF,-20.044802758001488
Sukhbaatar,1985,JJA,17.588414083501366
Sukhbaatar,1985,MAM,1.4270144226730739
Sukhbaatar,1985,SON,0.16670263146843672
Sukhbaatar,1986,DJF,-19.51553987892723
Sukhbaatar,1986,JJA,18.55079700100809
Sukhbaatar,1986,MAM,2.626631279401904
Sukhbaatar,1986,SON,-0.4330218571488348
Sukhbaatar,1987,DJF,-19.65466413600468
Sukhbaatar,1987,JJA,17.11938109038981
Sukhbaatar,1987,MAM,0.7428413637223009
Sukhbaatar,1987,SON,-0.29346359417000417
Sukhbaatar,1988,DJF,-18.13064263456609
Sukhbaatar,1988,JJA,18.968733198924756
Sukhbaatar,1988,MAM,0.6598248225386653
Sukhbaatar,1988,SON,2.7194759902133963
Sukhbaatar,1989,DJF,-14.946077441143709
Sukhbaatar,1989,JJA,17.58199344758067
Sukhbaatar,1989,MAM,4.171789419522872
Sukhbaatar,1989,SON,0.7839635049143373
Sukhbaatar,1990,DJF,-17.82728780110675
Sukhbaatar,1990,JJA,16.96650285618282
Sukhbaatar,1990,MAM,3.9456374957997538
Sukhbaatar,1990,SON,2.314847293976837
Sukhbaatar,1991,DJF,-18.203951862294165
Sukhbaatar,1991,JJA,18.461030430947606
Sukhbaatar,1991,MAM,1.2345175466230065
Sukhbaatar,1991,SON,1.0326576150873883
Sukhbaatar,1992,DJF,-16.98270631195394
Sukhbaatar,1992,JJA,17.392169123823948
Sukhbaatar,1992,MAM,3.4726003339213936
Sukhbaatar,1992,SON,0.6479714014197135
Sukhbaatar,1993,DJF,-16.74515197097612
Sukhbaatar,1993,JJA,17.315841838877713
Sukhbaatar,1993,MAM,3.23079532090056
Sukhbaatar,1993,SON,0.785566695018504
Sukhbaatar,1994,DJF,-17.922085702547438
Sukhbaatar,1994,JJA,19.14639774445567
Sukhbaatar,1994,MAM,2.8207846364667564
Sukhbaatar,1994,SON,2.4161740538894714
Sukhbaatar,1995,DJF,-17.07574311943462
Sukhbaatar,1995,JJA,19.28295163390459
Sukhbaatar,1995,MAM,1.4794643607191087
Sukhbaatar,1995,SON,2.8789421491725697
Sukhbaatar,1996,DJF,-16.819014781008462
Sukhbaatar,1996,JJA,17.189745568716422
Sukhbaatar,1996,MAM,3.1268937962029795
Sukhbaatar,1996,SON,-0.8367077242943322
Sukhbaatar,1997,DJF,-18.232243265131444
Sukhbaatar,1997,JJA,19.026208627352172
Sukhbaatar,1997,MAM,4.068789377520184
Sukhbaatar,1997,SON,0.7047696677587593
Sukhbaatar,1998,DJF,-14.769455448273666
Sukhbaatar,1998,JJA,16.809136634744647
Sukhbaatar,1998,MAM,5.202982453377039
Sukhbaatar,1998,SON,2.015285434517832
Sukhbaatar,1999,DJF,-16.37490339381718
Sukhbaatar,1999,JJA,19.31107138356857
Sukhbaatar,1999,MAM,1.6540229387181007
Sukhbaatar,1999,SON,1.8227335611979394
Sukhbaatar,2000,DJF,-18.32542261923511
Sukhbaatar,2000,JJA,20.79816553259411
Sukhbaatar,2000,MAM,4.77601751512099
Sukhbaatar,2000,SON,-0.3334701045866708
Sukhbaatar,2001,DJF,-21.46886366977484
Sukhbaatar,2001,JJA,20.612004893313195
Sukhbaatar,2001,MAM,2.7139711441532484
Sukhbaatar,2001,SON,3.284169055569579
Sukhbaatar,2002,DJF,-14.997830889301891
Sukhbaatar,2002,JJA,19.66818506384411
Sukhbaatar,2002,MAM,4.626620253696259
Sukhbaatar,2002,SON,-0.5379399125293791
Sukhbaatar,2003,DJF,-17.708843600365398
Sukhbaatar,2003,JJA,18.039753969254054
Sukhbaatar,2003,MAM,2.936278968729021
Sukhbaatar,2003,SON,1.307389979208692
Sukhbaatar,2004,DJF,-16.556852837019047
Sukhbaatar,2004,JJA,20.120192792338734
Sukhbaatar,2004,MAM,3.1407068396127578
Sukhbaatar,2004,SON,2.9175182711693775
Sukhbaatar,2005,DJF,-19.86237658428887
Sukhbaatar,2005,JJA,19.97368269069223
Sukhbaatar,2005,MAM,2.4095598118279793
Sukhbaatar,2005,SON,3.4534780850974687
Sukhbaatar,2006,DJF,-17.83372356455811
Sukhbaatar,2006,JJA,19.16325814852153
Sukhbaatar,2006,MAM,2.317886319724485
Sukhbaatar,2006,SON,3.0325747254074487
Sukhbaatar,2007,DJF,-14.899513162592383
Sukhbaatar,2007,JJA,22.038831485215077
Sukhbaatar,2007,MAM,3.5337285523773745
Sukhbaatar,2007,SON,3.5335893528436046
Sukhbaatar,2008,DJF,-17.041728456558698
Sukhbaatar,2008,JJA,19.62698357694895
Sukhbaatar,2008,MAM,4.652379977318571
Sukhbaatar,2008,SON,2.8535900485131274
Sukhbaatar,2009,DJF,-17.182216947822138
Sukhbaatar,2009,JJA,18.826320984543035
Sukhbaatar,2009,MAM,4.668493389826971
Sukhbaatar,2009,SON,0.4689228673135308
Sukhbaatar,2010,DJF,-19.981485674458142
Sukhbaatar,2010,JJA,20.591506531418034
Sukhbaatar,2010,MAM,0.624008605300762
Sukhbaatar,2010,SON,2.4173293247018033
Sukhbaatar,2011,DJF,-19.25685401834465
Sukhbaatar,2011,JJA,19.86652963289653
Sukhbaatar,2011,MAM,2.9281910886046933
Sukhbaatar,2011,SON,1.619234934160809
Sukhbaatar,2012,DJF,-20.35843358193672
Sukhbaatar,2012,JJA,18.240073714717767
Sukhbaatar,2012,MAM,3.081462113575291
Sukhbaatar,2012,SON,0.9147082913306679
Sukhbaatar,2013,DJF,-20.84823798723116
Sukhbaatar,2013,JJA,18.23276839717744
Sukhbaatar,2013,MAM,2.604860761088732
Sukhbaatar,2013,SON,2.784158817414337
Sukhbaatar,2014,DJF,-15.372943738711754
Sukhbaatar,2014,JJA,18.757653414818574
Sukhbaatar,2014,MAM,5.4380255586357755
Sukhbaatar,2014,SON,2.8650798838625895
Sukhbaatar,2015,DJF,-14.441822831348682
Sukhbaatar,2015,JJA,19.259762999832013
Sukhbaatar,2015,MAM,3.847106539818571
Sukhbaatar,2015,SON,1.6322992796539206
Sukhbaatar,2016,DJF,-19.426903574953773
Sukhbaatar,2016,JJA,20.69475071404572
Sukhbaatar,2016,MAM,3.826599777385775
Sukhbaatar,2016,SON,0.011626344086044243
Sukhbaatar,2017,DJF,-15.798800856067265
Sukhbaatar,2017,JJA,20.104881762432818
Sukhbaatar,2017,MAM,5.355497101814539
Sukhbaatar,2017,SON,0.9773209766675295
Sukhbaatar,2018,DJF,-18.246771666824152
Sukhbaatar,2018,JJA,20.21399267053094
Sukhbaatar,2018,MAM,5.919224630376367
Sukhbaatar,2018,SON,1.9306154312626236
Sukhbaatar,2019,DJF,-16.523813358429916
Sukhbaatar,2019,JJA,19.00135721186158
Sukhbaatar,2019,MAM,4.683776986727173
Sukhbaatar,2019,SON,3.1566676642305334
Sukhbaatar,2020,DJF,-15.920363067298783
Sukhbaatar,2020,JJA,19.247413159442228
Sukhbaatar,2020,MAM,4.992581800235238
Sukhbaatar,2020,SON,1.810279370379727
Sukhbaatar,2021,DJF,-19.115046281712004
Sukhbaatar,2021,JJA,18.961155388944917
Sukhbaatar,2021,MAM,4.4956532468078185
Sukhbaatar,2021,SON,3.0388027396253583
Sukhbaatar,2022,DJF,-15.995648521505354
Sukhbaatar,2022,JJA,18.917397513440882
Sukhbaatar,2022,MAM,4.495299374159969
Sukhbaatar,2022,SON,2.8179445984543237
Sukhbaatar,2023,DJF,-16.88283314038346
Sukhbaatar,2023,JJA,19.76512936827959
Sukhbaatar,2023,MAM,4.353637432795721
Sukhbaatar,2023,SON,2.470722551243302
Sukhbaatar,2024,DJF,-19.586283037739392
Sukhbaatar,2024,JJA,20.478760290658627
Sukhbaatar,2024,MAM,4.754529989919377
Sukhbaatar,2024,SON,3.8939953219506274
Sukhbaatar,2025,DJF,-15.56155575988111
Sukhbaatar,2025,JJA,19.782788348454325
Sukhbaatar,2025,MAM,4.943200289818571
Sukhbaatar,2025,SON,2.572106539818571
Sukhbaatar,2026,DJF,-16.360992234753002
Tuv,1970,DJF,-19.77910071953191
Tuv,1970,JJA,16.501893028846176
Tuv,1970,MAM,-2.261757078370825
Tuv,1970,SON,-3.298146444823058
Tuv,1971,DJF,-21.25793508960926
Tuv,1971,JJA,14.50529506300993
Tuv,1971,MAM,-1.6330680082449875
Tuv,1971,SON,-0.2841347861123024
Tuv,1972,DJF,-20.031430494757497
Tuv,1972,JJA,15.338747905740115
Tuv,1972,MAM,1.615802414545113
Tuv,1972,SON,-2.781053008677498
Tuv,1973,DJF,-18.6539233939075
Tuv,1973,JJA,14.79126397690853
Tuv,1973,MAM,0.37026481005975465
Tuv,1973,SON,0.20275019576779663
Tuv,1974,DJF,-18.079972259592598
Tuv,1974,JJA,15.806195822406782
Tuv,1974,MAM,-0.2582200270432465
Tuv,1974,SON,-2.800138979469401
Tuv,1975,DJF,-19.00840900127702
Tuv,1975,JJA,15.308573490311794
Tuv,1975,MAM,0.3009220434513631
Tuv,1975,SON,-0.392829293915697
Tuv,1976,DJF,-17.87396032515659
Tuv,1976,JJA,14.01594107390008
Tuv,1976,MAM,-2.0066321882056517
Tuv,1976,SON,-3.3843970523291587
Tuv,1977,DJF,-22.752216138150562
Tuv,1977,JJA,16.157104435278285
Tuv,1977,MAM,-0.6152748374671976
Tuv,1977,SON,0.49405420832425057
Tuv,1978,DJF,-18.383598224488704
Tuv,1978,JJA,15.177533713031782
Tuv,1978,MAM,0.7470033161012393
Tuv,1978,SON,-0.7183941607708471
Tuv,1979,DJF,-18.843773496401038
Tuv,1979,JJA,15.685386618589765
Tuv,1979,MAM,-0.6899972342110786
Tuv,1979,SON,-1.1089840193172484
Tuv,1980,DJF,-19.919481241008317
Tuv,1980,JJA,16.970392059112786
Tuv,1980,MAM,-2.4314280547739795
Tuv,1980,SON,-0.6974110850087185
Tuv,1981,DJF,-19.862744901786016
Tuv,1981,JJA,15.831697420418147
Tuv,1981,MAM,2.2245857007575984
Tuv,1981,SON,-2.822922272226449
Tuv,1982,DJF,-18.273416429355127
Tuv,1982,JJA,15.304724718640756
Tuv,1982,MAM,1.5194261955492652
Tuv,1982,SON,-0.8135844624125647
Tuv,1983,DJF,-19.011904117610882
Tuv,1983,JJA,14.384340171547226
Tuv,1983,MAM,1.0154994582240904
Tuv,1983,SON,0.0031442495493015834
Tuv,1984,DJF,-20.98184547691076
Tuv,1984,JJA,14.90570105350381
Tuv,1984,MAM,-0.24193850786255738
Tuv,1984,SON,-1.579722285770847
Tuv,1985,DJF,-21.07720433659762
Tuv,1985,JJA,14.765392468859288
Tuv,1985,MAM,-1.2005480644030222
Tuv,1985,SON,-2.004980539886523
Tuv,1986,DJF,-20.13603194799176
Tuv,1986,JJA,15.989685997596176
Tuv,1986,MAM,0.6231865302666312
Tuv,1986,SON,-2.0109743985262556
Tuv,1987,DJF,-19.701285145721766
Tuv,1987,JJA,14.822921447042564
Tuv,1987,MAM,-0.34298384517498454
Tuv,1987,SON,-2.9602476391202974
Tuv,1988,DJF,-19.73738800973601
Tuv,1988,JJA,15.629078343531491
Tuv,1988,MAM,-1.0714437702596655
Tuv,1988,SON,0.3313495627094487
Tuv,1989,DJF,-17.08536391180432
Tuv,1989,JJA,15.341795964452237
Tuv,1989,MAM,2.2380305079035776
Tuv,1989,SON,-1.322043878159578
Tuv,1990,DJF,-17.816051904638307
Tuv,1990,JJA,14.275658326048973
Tuv,1990,MAM,1.8752398155230414
Tuv,1990,SON,0.3230544723831084
Tuv,1991,DJF,-19.055166697113087
Tuv,1991,JJA,16.264884838468845
Tuv,1991,MAM,-0.34532530457821153
Tuv,1991,SON,-0.8071485612775668
Tuv,1992,DJF,-17.437420810797253
Tuv,1992,JJA,15.036221249453694
Tuv,1992,MAM,1.8573114141717886
Tuv,1992,SON,-2.112918368252818
Tuv,1993,DJF,-18.581614482319416
Tuv,1993,JJA,14.654200926027121
Tuv,1993,MAM,1.012804805871235
Tuv,1993,SON,-2.5302282515661196
Tuv,1994,DJF,-18.876315549481422
Tuv,1994,JJA,15.999320162259638
Tuv,1994,MAM,1.4697679070604102
Tuv,1994,SON,-0.5515841539645023
Tuv,1995,DJF,-16.918100907474663
Tuv,1995,JJA,15.706063451522459
Tuv,1995,MAM,-0.5255264104384971
Tuv,1995,SON,0.8309461473585236
Tuv,1996,DJF,-18.367756862684818
Tuv,1996,JJA,15.086915997414067
Tuv,1996,MAM,0.7331829791302675
Tuv,1996,SON,-2.054487520942576
Tuv,1997,DJF,-16.238942414397105
Tuv,1997,JJA,16.305058775859578
Tuv,1997,MAM,3.4942347528773534
Tuv,1997,SON,-0.8308697893902744
Tuv,1998,DJF,-17.068161458902402
Tuv,1998,JJA,15.863463587194078
Tuv,1998,MAM,3.030706459881287
Tuv,1998,SON,-0.13777383301917162
Tuv,1999,DJF,-16.780786531177135
Tuv,1999,JJA,17.292018024293437
Tuv,1999,MAM,0.46927108942492074
Tuv,1999,SON,-0.49502121007245686
Tuv,2000,DJF,-19.85945739746091
Tuv,2000,JJA,18.244295645760513
Tuv,2000,MAM,2.7961331311917474
Tuv,2000,SON,-3.4603707409127105
Tuv,2001,DJF,-21.838181345835128
Tuv,2001,JJA,18.239676323025954
Tuv,2001,MAM,1.5574876620775286
Tuv,2001,SON,1.0853132910384113
Tuv,2002,DJF,-17.105123616820983
Tuv,2002,JJA,19.172882521124734
Tuv,2002,MAM,2.4821512146707683
Tuv,2002,SON,-2.8010111490885192
Tuv,2003,DJF,-18.71201371057326
Tuv,2003,JJA,16.192188979640175
Tuv,2003,MAM,1.3041612460619036
Tuv,2003,SON,-1.852530689728543
Tuv,2004,DJF,-18.718075077794904
Tuv,2004,JJA,17.325604148455735
Tuv,2004,MAM,1.2161360307173523
Tuv,2004,SON,-0.09010530485137587
Tuv,2005,DJF,-21.10702996954215
Tuv,2005,JJA,17.79041318382141
Tuv,2005,MAM,1.0877440268065495
Tuv,2005,SON,0.9858665341819866
Tuv,2006,DJF,-18.659721378068525
Tuv,2006,JJA,16.95155567089163
Tuv,2006,MAM,0.3055646989729248
Tuv,2006,SON,1.0687651520842667
Tuv,2007,DJF,-14.933208780355365
Tuv,2007,JJA,18.8610586028555
Tuv,2007,MAM,2.210284267327747
Tuv,2007,SON,0.8871851354212421
Tuv,2008,DJF,-18.455596304940155
Tuv,2008,JJA,17.55372254698429
Tuv,2008,MAM,3.1177516981716424
Tuv,2008,SON,1.0821525520378288
Tuv,2009,DJF,-18.483733867654134
Tuv,2009,JJA,16.626444584061794
Tuv,2009,MAM,3.292354500154816
Tuv,2009,SON,-1.559954506756242
Tuv,2010,DJF,-22.317308353877543
Tuv,2010,JJA,17.775172890260805
Tuv,2010,MAM,-1.3574312152284338
Tuv,2010,SON,0.8959107441224368
Tuv,2011,DJF,-19.21986786102079
Tuv,2011,JJA,17.19829306435754
Tuv,2011,MAM,0.690837598680639
Tuv,2011,SON,-0.7912754014377322
Tuv,2012,DJF,-21.168987837927023
Tuv,2012,JJA,16.027869818983124
Tuv,2012,MAM,1.3875487143065495
Tuv,2012,SON,-1.0861307637674598
Tuv,2013,DJF,-21.737765851498736
Tuv,2013,JJA,16.08446833114804
Tuv,2013,MAM,1.5791313829399993
Tuv,2013,SON,0.20584392414228672
Tuv,2014,DJF,-17.17853525157295
Tuv,2014,JJA,16.218706407524788
Tuv,2014,MAM,3.084314107116864
Tuv,2014,SON,0.6566831646543788
Tuv,2015,DJF,-15.357750155931285
Tuv,2015,JJA,18.1080486733319
Tuv,2015,MAM,1.7313402580492652
Tuv,2015,SON,-0.1120229369832414
Tuv,2016,DJF,-19.141139872090775
Tuv,2016,JJA,17.752026196459813
Tuv,2016,MAM,2.2796436798878434
Tuv,2016,SON,-1.9070576701130673
Tuv,2017,DJF,-17.055352754748483
Tuv,2017,JJA,18.389646388767506
Tuv,2017,MAM,3.888483163971468
Tuv,2017,SON,-1.3148785073162288
Tuv,2018,DJF,-19.321454085058797
Tuv,2018,JJA,17.412667882247984
Tuv,2018,MAM,4.726083551864824
Tuv,2018,SON,-0.3907773602536559
Tuv,2019,DJF,-19.48659014223892
Tuv,2019,JJA,17.329979899657655
Tuv,2019,MAM,2.736168437682132
Tuv,2019,SON,0.6800312460163762
Tuv,2020,DJF,-16.496478371075515
Tuv,2020,JJA,16.89765181107957
Tuv,2020,MAM,3.2253249517409897
Tuv,2020,SON,-0.4121873975633514
Tuv,2021,DJF,-19.232079053758717
Tuv,2021,JJA,16.29520949428178
Tuv,2021,MAM,2.236170714051596
Tuv,2021,SON,0.16861219428360374
Tuv,2022,DJF,-17.96185351107224
Tuv,2022,JJA,15.979443473193495
Tuv,2022,MAM,2.399476321204859
Tuv,2022,SON,-0.6876003950069884
Tuv,2023,DJF,-19.62492202011853
Tuv,2023,JJA,17.08325047348487
Tuv,2023,MAM,1.1823362835081812
Tuv,2023,SON,0.18710357025788987
Tuv,2024,DJF,-20.868448167636377
Tuv,2024,JJA,18.11674611196098
Tuv,2024,MAM,3.0448048696095795
Tuv,2024,SON,1.3958769542632075
Tuv,2025,DJF,-18.256778907331253
Tuv,2025,JJA,17.904042149257016
Tuv,2025,MAM,3.2316088696460015
Tuv,2025,SON,-1.3169005636290565
Tuv,2026,DJF,-19.799734603775107
Umnugovi,1970,DJF,-11.863226291868399
Umnugovi,1970,JJA,22.593428548177105
Umnugovi,1970,MAM,4.938243272569467
Umnugovi,1970,SON,3.788236942997708
Umnugovi,1971,DJF,-12.173837619357617
Umnugovi,1971,JJA,20.77219599971067
Umnugovi,1971,MAM,6.40375162760419
Umnugovi,1971,SON,5.419955331307893
Umnugovi,1972,DJF,-13.158174295778606
Umnugovi,1972,JJA,22.553913935908586
Umnugovi,1972,MAM,8.819670048466458
Umnugovi,1972,SON,4.867953378182893
Umnugovi,1973,DJF,-10.874139178240718
Umnugovi,1973,JJA,21.000198477285902
Umnugovi,1973,MAM,7.221272334346088
Umnugovi,1973,SON,5.333384874131967
Umnugovi,1974,DJF,-12.114884440104143
Umnugovi,1974,JJA,21.45836905020257
Umnugovi,1974,MAM,6.5593008535879855
Umnugovi,1974,SON,3.9585453739872913
Umnugovi,1975,DJF,-12.611598237355528
Umnugovi,1975,JJA,21.657332356770855
Umnugovi,1975,MAM,6.158998390480347
Umnugovi,1975,SON,5.994736961082198
Umnugovi,1976,DJF,-10.90122296368632
Umnugovi,1976,JJA,20.21189100477433
Umnugovi,1976,MAM,5.11584088360824
Umnugovi,1976,SON,4.308927860966458
Umnugovi,1977,DJF,-14.216079545904066
Umnugovi,1977,JJA,21.251568377459513
Umnugovi,1977,MAM,6.431520363136597
Umnugovi,1977,SON,6.018583622685208
Umnugovi,1978,DJF,-10.947913727936898
Umnugovi,1978,JJA,21.587245912905114
Umnugovi,1978,MAM,7.395185230396435
Umnugovi,1978,SON,5.402344428168425
Umnugovi,1979,DJF,-9.054952437789328
Umnugovi,1979,JJA,20.827880407262754
Umnugovi,1979,MAM,6.179286928530115
Umnugovi,1979,SON,5.1869457103588195
Umnugovi,1980,DJF,-11.466197148075787
Umnugovi,1980,JJA,22.216423430266225
Umnugovi,1980,MAM,5.7634532787181945
Umnugovi,1980,SON,5.994524468315995
Umnugovi,1981,DJF,-11.955864122178797
Umnugovi,1981,JJA,21.894912832754652
Umnugovi,1981,MAM,8.257043457031273
Umnugovi,1981,SON,2.806870750144699
Umnugovi,1982,DJF,-10.596693702980302
Umnugovi,1982,JJA,21.45865614149308
Umnugovi,1982,MAM,7.912088577835671
Umnugovi,1982,SON,6.2759960033275695
Umnugovi,1983,DJF,-11.698703794126134
Umnugovi,1983,JJA,20.73109221281831
Umnugovi,1983,MAM,6.8678335684317355
Umnugovi,1983,SON,6.256052200882546
Umnugovi,1984,DJF,-13.27623705687344
Umnugovi,1984,JJA,20.810984971788216
Umnugovi,1984,MAM,6.74716141312213
Umnugovi,1984,SON,5.347358534071203
Umnugovi,1985,DJF,-13.34351874457463
Umnugovi,1985,JJA,21.538747829861133
Umnugovi,1985,MAM,5.851977991174791
Umnugovi,1985,SON,4.6686916775173835
Umnugovi,1986,DJF,-12.087618679470463
Umnugovi,1986,JJA,21.846493869357662
Umnugovi,1986,MAM,7.326221155237291
Umnugovi,1986,SON,3.2141967773437727
Umnugovi,1987,DJF,-10.020091191044537
Umnugovi,1987,JJA,21.112934932002336
Umnugovi,1987,MAM,7.307267478660323
Umnugovi,1987,SON,4.746439163773171
Umnugovi,1988,DJF,-12.250153075324143
Umnugovi,1988,JJA,22.42902922453706
Umnugovi,1988,MAM,5.236094835069467
Umnugovi,1988,SON,5.996445945457198
Umnugovi,1989,DJF,-10.139039668330417
Umnugovi,1989,JJA,21.782467990451412
Umnugovi,1989,MAM,7.828468153211828
Umnugovi,1989,SON,4.865062120225717
Umnugovi,1990,DJF,-10.005876640037231
Umnugovi,1990,JJA,21.022227647569466
Umnugovi,1990,MAM,7.2652741608796525
Umnugovi,1990,SON,6.82996012369794
Umnugovi,1991,DJF,-10.409808575665487
Umnugovi,1991,JJA,22.650146032262754
Umnugovi,1991,MAM,6.181090856481505
Umnugovi,1991,SON,5.539821596498865
Umnugovi,1992,DJF,-11.319153284143496
Umnugovi,1992,JJA,21.736110658998864
Umnugovi,1992,MAM,7.54317400896993
Umnugovi,1992,SON,3.803161168981504
Umnugovi,1993,DJF,-11.08435098506784
Umnugovi,1993,JJA,20.339355016637754
Umnugovi,1993,MAM,6.9382025824653
Umnugovi,1993,SON,4.709644006799791
Umnugovi,1994,DJF,-11.086070230272059
Umnugovi,1994,JJA,22.276081904658586
Umnugovi,1994,MAM,7.840250198929421
Umnugovi,1994,SON,5.487957537615763
Umnugovi,1995,DJF,-10.494187418619768
Umnugovi,1995,JJA,22.012077727141225
Umnugovi,1995,MAM,5.878686523437523
Umnugovi,1995,SON,6.6176968044705085
Umnugovi,1996,DJF,-11.977442310474514
Umnugovi,1996,JJA,21.074315502025485
Umnugovi,1996,MAM,6.325529423466458
Umnugovi,1996,SON,5.077209020544005
Umnugovi,1997,DJF,-9.925679976851828
Umnugovi,1997,JJA,22.441692889178263
Umnugovi,1997,MAM,9.280381492332198
Umnugovi,1997,SON,5.003871889467615
Umnugovi,1998,DJF,-10.271540210865139
Umnugovi,1998,JJA,21.919256817853032
Umnugovi,1998,MAM,8.507732928240763
Umnugovi,1998,SON,8.05733416521993
Umnugovi,1999,DJF,-9.204416232638867
Umnugovi,1999,JJA,23.805148202401643
Umnugovi,1999,MAM,7.801490614149328
Umnugovi,1999,SON,5.775469292534745
Umnugovi,2000,DJF,-11.8862753373605
Umnugovi,2000,JJA,23.280575900607662
Umnugovi,2000,MAM,8.257140661169004
Umnugovi,2000,SON,4.376283546730347
Umnugovi,2001,DJF,-10.281319399233196
Umnugovi,2001,JJA,23.56827754267942
Umnugovi,2001,MAM,7.938277180989606
Umnugovi,2001,SON,6.886973741319467
Umnugovi,2002,DJF,-9.722127801400621
Umnugovi,2002,JJA,24.198650896990763
Umnugovi,2002,MAM,7.685962366174791
Umnugovi,2002,SON,4.419565384476296
Umnugovi,2003,DJF,-12.38019273192792
Umnugovi,2003,JJA,21.536290599681735
Umnugovi,2003,MAM,7.06564285843463
Umnugovi,2003,SON,5.2727611400463195
Umnugovi,2004,DJF,-10.600666639539908
Umnugovi,2004,JJA,22.121889015480345
Umnugovi,2004,MAM,9.004738814742499
Umnugovi,2004,SON,5.5451000072338195
Umnugovi,2005,DJF,-13.606681834326828
Umnugovi,2005,JJA,23.554137731481504
Umnugovi,2005,MAM,7.938250054253495
Umnugovi,2005,SON,6.741339337384282
Umnugovi,2006,DJF,-12.338903808593727
Umnugovi,2006,JJA,23.18900282118058
Umnugovi,2006,MAM,7.573352502893541
Umnugovi,2006,SON,7.6949062771267585
Umnugovi,2007,DJF,-9.114763500072316
Umnugovi,2007,JJA,23.550434932002336
Umnugovi,2007,MAM,8.022718189380809
Umnugovi,2007,SON,6.4389858669705085
Umnugovi,2008,DJF,-13.052886002152032
Umnugovi,2008,JJA,22.757439055266225
Umnugovi,2008,MAM,8.962112539785902
Umnugovi,2008,SON,7.286998155381967
Umnugovi,2009,DJF,-10.456663230613403
Umnugovi,2009,JJA,23.06556486906831
Umnugovi,2009,MAM,9.489836064091458
Umnugovi,2009,SON,5.354674840856505
Umnugovi,2010,DJF,-12.861540381113665
Umnugovi,2010,JJA,24.115249746817152
Umnugovi,2010,MAM,5.257061541522013
Umnugovi,2010,SON,6.769816758897592
Umnugovi,2011,DJF,-13.204373511561618
Umnugovi,2011,JJA,23.608226182725716
Umnugovi,2011,MAM,6.646984637225138
Umnugovi,2011,SON,5.740662299262175
Umnugovi,2012,DJF,-13.584660734953681
Umnugovi,2012,JJA,22.48423213252317
Umnugovi,2012,MAM,7.961341688368078
Umnugovi,2012,SON,4.646608253761597
Umnugovi,2013,DJF,-12.12857892071757
Umnugovi,2013,JJA,22.97129267939817
Umnugovi,2013,MAM,9.418124276620393
Umnugovi,2013,SON,6.383404314959513
Umnugovi,2014,DJF,-9.956099220558427
Umnugovi,2014,JJA,22.390240252459513
Umnugovi,2014,MAM,9.217078993055578
Umnugovi,2014,SON,6.716981788917847
Umnugovi,2015,DJF,-9.683980758101828
Umnugovi,2015,JJA,21.925312861689836
Umnugovi,2015,MAM,8.139950900607662
Umnugovi,2015,SON,5.963055193865763
Umnugovi,2016,DJF,-12.08997870551213
Umnugovi,2016,JJA,23.056728334780114
Umnugovi,2016,MAM,8.773479998553263
Umnugovi,2016,SON,6.142209201388912
Umnugovi,2017,DJF,-9.022065791377292
Umnugovi,2017,JJA,23.730588107638912
Umnugovi,2017,MAM,9.341335268373866
Umnugovi,2017,SON,6.069978615089722
Umnugovi,2018,DJF,-11.811005090784121
Umnugovi,2018,JJA,23.329605215567152
Umnugovi,2018,MAM,11.177693232783588
Umnugovi,2018,SON,4.965061442057315
Umnugovi,2019,DJF,-13.640821131953464
Umnugovi,2019,JJA,22.953569878472244
Umnugovi,2019,MAM,8.742749927662059
Umnugovi,2019,SON,7.11169840494794
Umnugovi,2020,DJF,-8.928180157696737
Umnugovi,2020,JJA,22.838830566406273
Umnugovi,2020,MAM,9.067592592592616
Umnugovi,2020,SON,5.440788664641226
Umnugovi,2021,DJF,-10.56020960277979
Umnugovi,2021,JJA,22.099398690682893
Umnugovi,2021,MAM,9.058975332754652
Umnugovi,2021,SON,6.084103732638912
Umnugovi,2022,DJF,-10.851468008535857
Umnugovi,2022,JJA,23.49039442274308
Umnugovi,2022,MAM,9.308107277199097
Umnugovi,2022,SON,6.7106228298611335
Umnugovi,2023,DJF,-10.497251609519653
Umnugovi,2023,JJA,24.115575267650485
Umnugovi,2023,MAM,8.181095377604189
Umnugovi,2023,SON,7.48352457682294
Umnugovi,2024,DJF,-11.702035861545117
Umnugovi,2024,JJA,23.65683955439817
Umnugovi,2024,MAM,10.691319896556736
Umnugovi,2024,SON,7.27028582537618
Umnugovi,2025,DJF,-10.564839002821158
Umnugovi,2025,JJA,23.762767198350716
Umnugovi,2025,MAM,9.050181749131967
Umnugovi,2025,SON,5.9409943757234025
Umnugovi,2026,DJF,-9.886226399739561
Uvs,1970,DJF,-18.69798779384693
Uvs,1970,JJA,15.992793577637913
Uvs,1970,MAM,-1.2109407493536193
Uvs,1970,SON,-2.367570023570964
Uvs,1971,DJF,-20.47471116612567
Uvs,1971,JJA,15.121579220998225
Uvs,1971,MAM,0.08605862624355916
Uvs,1971,SON,-0.6379495817408346
Uvs,1972,DJF,-21.436217266421213
Uvs,1972,JJA,16.38016571118108
Uvs,1972,MAM,2.1819883643866382
Uvs,1972,SON,-1.2669142322860234
Uvs,1973,DJF,-18.97413832117897
Uvs,1973,JJA,16.288941424985037
Uvs,1973,MAM,0.7482577609787397
Uvs,1973,SON,-0.10232700558301083
Uvs,1974,DJF,-20.490701755002224
Uvs,1974,JJA,17.21252014013791
Uvs,1974,MAM,1.1062127056167794
Uvs,1974,SON,-2.3387781522828384
Uvs,1975,DJF,-20.276996522898845
Uvs,1975,JJA,16.948413847047387
Uvs,1975,MAM,-0.14847485293013313
Uvs,1975,SON,-1.014250055034075
Uvs,1976,DJF,-19.766318919961662
Uvs,1976,JJA,15.758100667903202
Uvs,1976,MAM,-0.6477505544392383
Uvs,1976,SON,-3.037384867496605
Uvs,1977,DJF,-22.09697219519304
Uvs,1977,JJA,16.693526936263513
Uvs,1977,MAM,0.18832416488686327
Uvs,1977,SON,0.429881846475967
Uvs,1978,DJF,-19.795949695321845
Uvs,1978,JJA,16.76421999119457
Uvs,1978,MAM,1.330679152966712
Uvs,1978,SON,-0.13942503711871976
Uvs,1979,DJF,-17.16259995421629
Uvs,1979,JJA,16.777865520083957
Uvs,1979,MAM,-0.04773757166139812
Uvs,1979,SON,-0.3362068450707956
Uvs,1980,DJF,-19.53427661191357
Uvs,1980,JJA,16.989591646994928
Uvs,1980,MAM,-1.4844646792331533
Uvs,1980,SON,-0.05149950352215952
Uvs,1981,DJF,-21.363390761999753
Uvs,1981,JJA,16.814573848733538
Uvs,1981,MAM,3.0631763339328764
Uvs,1981,SON,-3.471259349941899
Uvs,1982,DJF,-19.322618765339268
Uvs,1982,JJA,16.028174062312672
Uvs,1982,MAM,1.9955411842401307
Uvs,1982,SON,0.8010032598921091
Uvs,1983,DJF,-18.74086060009412
Uvs,1983,JJA,15.117539484037794
Uvs,1983,MAM,0.25505622845475895
Uvs,1983,SON,0.6363044281372005
Uvs,1984,DJF,-23.17072125258775
Uvs,1984,JJA,15.196804392423585
Uvs,1984,MAM,-0.001227831211570488
Uvs,1984,SON,-1.0770608659556502
Uvs,1985,DJF,-21.87061362140754
Uvs,1985,JJA,15.025357955822866
Uvs,1985,MAM,-0.6190821073609635
Uvs,1985,SON,-1.432409009315962
Uvs,1986,DJF,-19.68995845071987
Uvs,1986,JJA,16.197950155500624
Uvs,1986,MAM,1.555089248913392
Uvs,1986,SON,-2.433235508760937
Uvs,1987,DJF,-17.933772383948288
Uvs,1987,JJA,15.828273240782398
Uvs,1987,MAM,0.5275396333324193
Uvs,1987,SON,-1.9166683791638337
Uvs,1988,DJF,-20.29012328955193
Uvs,1988,JJA,16.154439261091152
Uvs,1988,MAM,0.4358044521414346
Uvs,1988,SON,0.6308347560233291
Uvs,1989,DJF,-18.583756473824824
Uvs,1989,JJA,16.276558752997627
Uvs,1989,MAM,2.5798908919739434
Uvs,1989,SON,-0.376845720689051
Uvs,1990,DJF,-18.660039039081212
Uvs,1990,JJA,16.154781175059977
Uvs,1990,MAM,1.874202708146006
Uvs,1990,SON,0.5786249613590605
Uvs,1991,DJF,-19.107602484906582
Uvs,1991,JJA,16.96790469967778
Uvs,1991,MAM,-0.11440845370576264
Uvs,1991,SON,0.4784899814523609
Uvs,1992,DJF,-19.007954834862556
Uvs,1992,JJA,16.171191289156198
Uvs,1992,MAM,1.5336438076101846
Uvs,1992,SON,-1.6271267458689072
Uvs,1993,DJF,-18.24507337977272
Uvs,1993,JJA,15.48529313268138
Uvs,1993,MAM,0.15185265849822419
Uvs,1993,SON,-1.6367863277736958
Uvs,1994,DJF,-18.945981757074787
Uvs,1994,JJA,16.056859707546487
Uvs,1994,MAM,1.1143084263058531
Uvs,1994,SON,0.1093966330841804
Uvs,1995,DJF,-18.035780462544004
Uvs,1995,JJA,16.39099279170416
Uvs,1995,MAM,0.08243065703689324
Uvs,1995,SON,1.6269610727433905
Uvs,1996,DJF,-19.062593814108844
Uvs,1996,JJA,16.268735129084256
Uvs,1996,MAM,-0.7462422688801856
Uvs,1996,SON,-0.6332948094649054
Uvs,1997,DJF,-17.047011150844927
Uvs,1997,JJA,15.66988979129199
Uvs,1997,MAM,4.436463836743128
Uvs,1997,SON,0.26934840799237886
Uvs,1998,DJF,-17.521133854635018
Uvs,1998,JJA,17.933634264463453
Uvs,1998,MAM,1.6972865262477745
Uvs,1998,SON,1.5082905062668843
Uvs,1999,DJF,-16.516522407074316
Uvs,1999,JJA,17.916035648044087
Uvs,1999,MAM,0.6857374159266564
Uvs,1999,SON,-0.20604154371812775
Uvs,2000,DJF,-18.94901543852806
Uvs,2000,JJA,17.706870363084555
Uvs,2000,MAM,2.7235257887440274
Uvs,2000,SON,-2.8420458750187128
Uvs,2001,DJF,-19.16139571741042
Uvs,2001,JJA,18.921573015025505
Uvs,2001,MAM,2.2210293483963057
Uvs,2001,SON,1.0947798109169142
Uvs,2002,DJF,-18.642381473239354
Uvs,2002,JJA,19.50260838204439
Uvs,2002,MAM,1.879581412994627
Uvs,2002,SON,0.207602272674071
Uvs,2003,DJF,-19.13271252382857
Uvs,2003,JJA,16.86146407093078
Uvs,2003,MAM,0.050436745330321
Uvs,2003,SON,-1.0790136250374474
Uvs,2004,DJF,-18.39882346320207
Uvs,2004,JJA,17.65940169739211
Uvs,2004,MAM,2.0929661007522333
Uvs,2004,SON,-1.1650734880845097
Uvs,2005,DJF,-22.94601871481328
Uvs,2005,JJA,18.017862780088453
Uvs,2005,MAM,1.356398006594747
Uvs,2005,SON,0.3478223475907002
Uvs,2006,DJF,-19.56578802387775
Uvs,2006,JJA,17.14062921537772
Uvs,2006,MAM,0.25854211162322416
Uvs,2006,SON,1.2413305634789271
Uvs,2007,DJF,-16.01022982151386
Uvs,2007,JJA,18.980198965827363
Uvs,2007,MAM,2.775582629599468
Uvs,2007,SON,-0.23984279861264962
Uvs,2008,DJF,-20.640691443427265
Uvs,2008,JJA,18.24051376086633
Uvs,2008,MAM,3.0851413790842552
Uvs,2008,SON,1.2347572820649957
Uvs,2009,DJF,-19.52153910904477
Uvs,2009,JJA,16.590901809802183
Uvs,2009,MAM,2.557220502894582
Uvs,2009,SON,-1.5008809407551855
Uvs,2010,DJF,-22.648970855054213
Uvs,2010,JJA,17.75896599126951
Uvs,2010,MAM,-2.145000166858678
Uvs,2010,SON,0.9599933285793468
Uvs,2011,DJF,-21.490860966012324
Uvs,2011,JJA,18.02487904207886
Uvs,2011,MAM,0.8032818325418019
Uvs,2011,SON,-0.000978421364448186
Uvs,2012,DJF,-22.639177347087152
Uvs,2012,JJA,18.29746585544067
Uvs,2012,MAM,0.8966103679556582
Uvs,2012,SON,-0.5439375843075313
Uvs,2013,DJF,-21.051735630538513
Uvs,2013,JJA,17.073984093974843
Uvs,2013,MAM,3.196982960506617
Uvs,2013,SON,-0.279130923776581
Uvs,2014,DJF,-20.139478022074503
Uvs,2014,JJA,17.73107541310704
Uvs,2014,MAM,1.7990647716202266
Uvs,2014,SON,0.7058233979223099
Uvs,2015,DJF,-18.92663321003351
Uvs,2015,JJA,18.89509693026831
Uvs,2015,MAM,2.172987508430778
Uvs,2015,SON,-0.41038475859934775
Uvs,2016,DJF,-20.411069830658885
Uvs,2016,JJA,18.207900788744027
Uvs,2016,MAM,1.779864897144807
Uvs,2016,SON,-1.3815884962927867
Uvs,2017,DJF,-17.391297513746792
Uvs,2017,JJA,18.707287217101342
Uvs,2017,MAM,3.604471813174483
Uvs,2017,SON,-0.8175011797202635
Uvs,2018,DJF,-21.457115220909188
Uvs,2018,JJA,18.23294540149133
Uvs,2018,MAM,3.184110836330958
Uvs,2018,SON,-0.29728683361901953
Uvs,2019,DJF,-22.785019755191918
Uvs,2019,JJA,17.6004830120279
Uvs,2019,MAM,2.2343985358588356
Uvs,2019,SON,1.0825410179668993
Uvs,2020,DJF,-17.881941278032237
Uvs,2020,JJA,16.85630491700392
Uvs,2020,MAM,3.9651682169889315
Uvs,2020,SON,-0.060112632550187096
Uvs,2021,DJF,-18.34925043851635
Uvs,2021,JJA,17.442470749962553
Uvs,2021,MAM,2.281795774318068
Uvs,2021,SON,-0.03545106297772007
Uvs,2022,DJF,-20.189961780575516
Uvs,2022,JJA,17.118177645383717
Uvs,2022,MAM,2.581077052420586
Uvs,2022,SON,-0.4792151435101691
Uvs,2023,DJF,-20.178945117831493
Uvs,2023,JJA,18.7578565272782
Uvs,2023,MAM,0.10687106564750475
Uvs,2023,SON,1.1833924657149508
Uvs,2024,DJF,-20.607867007175486
Uvs,2024,JJA,19.60315333670566
Uvs,2024,MAM,3.5704338092026604
Uvs,2024,SON,1.3157800614976995
Uvs,2025,DJF,-19.92490399038189
Uvs,2025,JJA,18.926931813923886
Uvs,2025,MAM,2.431872587867229
Uvs,2025,SON,-1.1223184343150252
Uvs,2026,DJF,-17.91107019657709
Uvurkhangai,1970,DJF,-16.188536136433207
Uvurkhangai,1970,JJA,17.631056894420926
Uvurkhangai,1970,MAM,-0.44320702849132615
Uvurkhangai,1970,SON,-0.6974386700128877
Uvurkhangai,1971,DJF,-16.301478093896186
Uvurkhangai,1971,JJA,15.53665309410313
Uvurkhangai,1971,MAM,1.5081586417505524
Uvurkhangai,1971,SON,0.7894124348958561
Uvurkhangai,1972,DJF,-17.408968159303804
Uvurkhangai,1972,JJA,16.985593220339005
Uvurkhangai,1972,MAM,4.22731002548996
Uvurkhangai,1972,SON,0.3266931910973038
Uvurkhangai,1973,DJF,-14.375302442992453
Uvurkhangai,1973,JJA,15.754735500529684
Uvurkhangai,1973,MAM,2.304036734198469
Uvurkhangai,1973,SON,1.724794480490842
Uvurkhangai,1974,DJF,-14.962773149565766
Uvurkhangai,1974,JJA,16.566681011652566
Uvurkhangai,1974,MAM,1.9628171069474099
Uvurkhangai,1974,SON,-0.309106928076425
Uvurkhangai,1975,DJF,-15.459724883171102
Uvurkhangai,1975,JJA,16.256054135769798
Uvurkhangai,1975,MAM,1.4048819849046839
Uvurkhangai,1975,SON,1.419431455795397
Uvurkhangai,1976,DJF,-13.595495907196195
Uvurkhangai,1976,JJA,14.779622671698469
Uvurkhangai,1976,MAM,0.36860451563605734
Uvurkhangai,1976,SON,-0.08928450244965946
Uvurkhangai,1977,DJF,-18.388297543283215
Uvurkhangai,1977,JJA,16.372768527101012
Uvurkhangai,1977,MAM,1.5642540883209972
Uvurkhangai,1977,SON,2.432501255186287
Uvurkhangai,1978,DJF,-14.269362998143405
Uvurkhangai,1978,JJA,16.471983414989428
Uvurkhangai,1978,MAM,3.0591683425472507
Uvurkhangai,1978,SON,1.096706687797957
Uvurkhangai,1979,DJF,-13.02828456210549
Uvurkhangai,1979,JJA,16.680977445268383
Uvurkhangai,1979,MAM,1.640446653204472
Uvurkhangai,1979,SON,0.7715449963586033
Uvurkhangai,1980,DJF,-14.927165385962857
Uvurkhangai,1980,JJA,17.440498929643383
Uvurkhangai,1980,MAM,0.15869530284474379
Uvurkhangai,1980,SON,1.4722165210099099
Uvurkhangai,1981,DJF,-15.725928122310293
Uvurkhangai,1981,JJA,16.876211323711182
Uvurkhangai,1981,MAM,4.160728945974599
Uvurkhangai,1981,SON,-1.7550952976032612
Uvurkhangai,1982,DJF,-14.529976132495234
Uvurkhangai,1982,JJA,15.904029561705531
Uvurkhangai,1982,MAM,3.666391077418808
Uvurkhangai,1982,SON,1.6701800847457855
Uvurkhangai,1983,DJF,-15.009617028532707
Uvurkhangai,1983,JJA,15.679363634357367
Uvurkhangai,1983,MAM,2.367325708421633
Uvurkhangai,1983,SON,1.8533146917483454
Uvurkhangai,1984,DJF,-17.51501398463705
Uvurkhangai,1984,JJA,15.823799710893384
Uvurkhangai,1984,MAM,1.8924468476893765
Uvurkhangai,1984,SON,1.0530372404109514
Uvurkhangai,1985,DJF,-16.921530065159317
Uvurkhangai,1985,JJA,15.825377659339711
Uvurkhangai,1985,MAM,1.0935513081523887
Uvurkhangai,1985,SON,0.6911410056938787
Uvurkhangai,1986,DJF,-15.775649231301841
Uvurkhangai,1986,JJA,17.28716068591104
Uvurkhangai,1986,MAM,2.9637488413665483
Uvurkhangai,1986,SON,-0.8288468872759748
Uvurkhangai,1987,DJF,-14.557074664272136
Uvurkhangai,1987,JJA,15.717245431673751
Uvurkhangai,1987,MAM,1.9504057630980982
Uvurkhangai,1987,SON,-1.043155372748918
Uvurkhangai,1988,DJF,-16.84674579167768
Uvurkhangai,1988,JJA,17.44204515360172
Uvurkhangai,1988,MAM,-0.21803833697473007
Uvurkhangai,1988,SON,2.0360417080464566
Uvurkhangai,1989,DJF,-13.939344528974091
Uvurkhangai,1989,JJA,16.68355402542375
Uvurkhangai,1989,MAM,3.501605810822763
Uvurkhangai,1989,SON,0.8847483144641823
Uvurkhangai,1990,DJF,-13.666040608034274
Uvurkhangai,1990,JJA,15.421614583333355
Uvurkhangai,1990,MAM,2.633764510504966
Uvurkhangai,1990,SON,2.761837303032332
Uvurkhangai,1991,DJF,-13.8438980016331
Uvurkhangai,1991,JJA,17.54217453433971
Uvurkhangai,1991,MAM,1.5699244957185963
Uvurkhangai,1991,SON,1.3190162098340623
Uvurkhangai,1992,DJF,-14.322987167444584
Uvurkhangai,1992,JJA,16.30984093617587
Uvurkhangai,1992,MAM,3.012558345471421
Uvurkhangai,1992,SON,-0.39878584867141087
Uvurkhangai,1993,DJF,-14.80126059149616
Uvurkhangai,1993,JJA,15.364120155808639
Uvurkhangai,1993,MAM,2.3603587349929604
Uvurkhangai,1993,SON,-0.21941106763934431
Uvurkhangai,1994,DJF,-15.165598663502472
Uvurkhangai,1994,JJA,16.56324787032135
Uvurkhangai,1994,MAM,3.1938758634578264
Uvurkhangai,1994,SON,1.5339492711643943
Uvurkhangai,1995,DJF,-14.112056693384181
Uvurkhangai,1995,JJA,16.941401008562874
Uvurkhangai,1995,MAM,1.1869733734993164
Uvurkhangai,1995,SON,2.7155328265691434
Uvurkhangai,1996,DJF,-16.01515877071745
Uvurkhangai,1996,JJA,16.283319264212594
Uvurkhangai,1996,MAM,1.8550524695445143
Uvurkhangai,1996,SON,0.37436026880298884
Uvurkhangai,1997,DJF,-13.466191075211842
Uvurkhangai,1997,JJA,17.52284328654663
Uvurkhangai,1997,MAM,5.2468526549258705
Uvurkhangai,1997,SON,0.8202624304820143
Uvurkhangai,1998,DJF,-13.611273236463276
Uvurkhangai,1998,JJA,17.26072177348166
Uvurkhangai,1998,MAM,4.117462951315348
Uvurkhangai,1998,SON,3.398642260880143
Uvurkhangai,1999,DJF,-12.381677039194892
Uvurkhangai,1999,JJA,18.73607184631005
Uvurkhangai,1999,MAM,2.622061277917572
Uvurkhangai,1999,SON,1.4923177772996343
Uvurkhangai,2000,DJF,-15.935480003572431
Uvurkhangai,2000,JJA,18.805268471927988
Uvurkhangai,2000,MAM,4.048156669314994
Uvurkhangai,2000,SON,-0.41914021120230777
Uvurkhangai,2001,DJF,-14.840512576345647
Uvurkhangai,2001,JJA,18.950675593661746
Uvurkhangai,2001,MAM,3.9575184277895707
Uvurkhangai,2001,SON,2.859974937654507
Uvurkhangai,2002,DJF,-13.770251370015096
Uvurkhangai,2002,JJA,20.363533942443524
Uvurkhangai,2002,MAM,3.187104409427989
Uvurkhangai,2002,SON,0.33542621849622684
Uvurkhangai,2003,DJF,-14.290862373308924
Uvurkhangai,2003,JJA,16.648134324240843
Uvurkhangai,2003,MAM,2.5294866357146235
Uvurkhangai,2003,SON,0.22800020551953193
Uvurkhangai,2004,DJF,-14.170910532461026
Uvurkhangai,2004,JJA,17.928296036370078
Uvurkhangai,2004,MAM,4.62179317151088
Uvurkhangai,2004,SON,1.53958829890539
Uvurkhangai,2005,DJF,-17.737002985894996
Uvurkhangai,2005,JJA,18.60757939397954
Uvurkhangai,2005,MAM,3.616441560734486
Uvurkhangai,2005,SON,1.9932684774452911
Uvurkhangai,2006,DJF,-15.437224203853262
Uvurkhangai,2006,JJA,17.826330773305106
Uvurkhangai,2006,MAM,2.8176561948270002
Uvurkhangai,2006,SON,3.6509731486692494
Uvurkhangai,2007,DJF,-11.44095062428273
Uvurkhangai,2007,JJA,19.29942289018364
Uvurkhangai,2007,MAM,4.053523280256909
Uvurkhangai,2007,SON,2.2983961547162126
Uvurkhangai,2008,DJF,-16.196080206747087
Uvurkhangai,2008,JJA,18.60255175229522
Uvurkhangai,2008,MAM,4.570770711952706
Uvurkhangai,2008,SON,3.203142862266089
Uvurkhangai,2009,DJF,-14.588494278212703
Uvurkhangai,2009,JJA,17.989493953036746
Uvurkhangai,2009,MAM,5.1510891844324025
Uvurkhangai,2009,SON,0.48962231652213606
Uvurkhangai,2010,DJF,-17.804709508863525
Uvurkhangai,2010,JJA,19.17981191516598
Uvurkhangai,2010,MAM,0.4285164267330074
Uvurkhangai,2010,SON,2.952845445191142
Uvurkhangai,2011,DJF,-17.33966338594079
Uvurkhangai,2011,JJA,18.332828776041687
Uvurkhangai,2011,MAM,2.1654598602467563
Uvurkhangai,2011,SON,1.2779876536568906
Uvurkhangai,2012,DJF,-18.032833793338387
Uvurkhangai,2012,JJA,17.510346596927988
Uvurkhangai,2012,MAM,3.2063073799435258
Uvurkhangai,2012,SON,0.08534328654663291
Uvurkhangai,2013,DJF,-17.108184840315456
Uvurkhangai,2013,JJA,17.412025512005673
Uvurkhangai,2013,MAM,4.747745078566407
Uvurkhangai,2013,SON,2.343992002670397
Uvurkhangai,2014,DJF,-13.84001670880504
Uvurkhangai,2014,JJA,17.20922741216457
Uvurkhangai,2014,MAM,4.477914514918808
Uvurkhangai,2014,SON,2.309593692068349
Uvurkhangai,2015,DJF,-12.336056578900159
Uvurkhangai,2015,JJA,17.963500562764853
Uvurkhangai,2015,MAM,3.4363416423905595
Uvurkhangai,2015,SON,1.7818758000088504
Uvurkhangai,2016,DJF,-15.324470373466168
Uvurkhangai,2016,JJA,17.85879182115115
Uvurkhangai,2016,MAM,4.531457174699882
Uvurkhangai,2016,SON,1.2852158368644295
Uvurkhangai,2017,DJF,-13.23424972275554
Uvurkhangai,2017,JJA,19.439267191913864
Uvurkhangai,2017,MAM,4.744721596927989
Uvurkhangai,2017,SON,1.5029459980248285
Uvurkhangai,2018,DJF,-15.469029382393163
Uvurkhangai,2018,JJA,18.469084072651857
Uvurkhangai,2018,MAM,6.818727930790983
Uvurkhangai,2018,SON,1.3477204920882113
Uvurkhangai,2019,DJF,-17.431517847783127
Uvurkhangai,2019,JJA,18.404799225370784
Uvurkhangai,2019,MAM,4.026450222899034
Uvurkhangai,2019,SON,3.2943738689530595
Uvurkhangai,2020,DJF,-12.842805705097414
Uvurkhangai,2020,JJA,18.313923739848185
Uvurkhangai,2020,MAM,5.172567697298752
Uvurkhangai,2020,SON,1.7732357046698675
Uvurkhangai,2021,DJF,-14.36103189759333
Uvurkhangai,2021,JJA,17.089190225547338
Uvurkhangai,2021,MAM,4.609264929819938
Uvurkhangai,2021,SON,2.2095863816428545
Uvurkhangai,2022,DJF,-14.811679025423707
Uvurkhangai,2022,JJA,18.330413576977424
Uvurkhangai,2022,MAM,4.311934752383498
Uvurkhangai,2022,SON,2.1756284207274237
Uvurkhangai,2023,DJF,-14.606368958209172
Uvurkhangai,2023,JJA,18.891010107697763
Uvurkhangai,2023,MAM,3.2811937235169717
Uvurkhangai,2023,SON,3.2211006466278476
Uvurkhangai,2024,DJF,-15.589250407245851
Uvurkhangai,2024,JJA,19.24565402100991
Uvurkhangai,2024,MAM,5.82571835275426
Uvurkhangai,2024,SON,3.5495928920595214
Uvurkhangai,2025,DJF,-13.64116891117417
Uvurkhangai,2025,JJA,18.843470272775445
Uvurkhangai,2025,MAM,4.904909571415983
Uvurkhangai,2025,SON,0.7443836621645707
Uvurkhangai,2026,DJF,-13.665917761851142
Zavkhan,1970,DJF,-20.455285634873764
Zavkhan,1970,JJA,14.170600936181456
Zavkhan,1970,MAM,-3.5578835274096554
Zavkhan,1970,SON,-4.4627805492545765
Zavkhan,1971,DJF,-21.868682880643025
Zavkhan,1971,JJA,12.601666749077026
Zavkhan,1971,MAM,-1.9044002291522222
Zavkhan,1971,SON,-3.0787557481210217
Zavkhan,1972,DJF,-22.523991406919563
Zavkhan,1972,JJA,14.141271097046436
Zavkhan,1972,MAM,0.5275157300732031
Zavkhan,1972,SON,-3.8909312252253696
Zavkhan,1973,DJF,-20.18005749666236
Zavkhan,1973,JJA,13.458198592431456
Zavkhan,1973,MAM,-1.7219431945543022
Zavkhan,1973,SON,-2.3909276519646396
Zavkhan,1974,DJF,-21.78210367452241
Zavkhan,1974,JJA,14.780552808544327
Zavkhan,1974,MAM,-1.6886612646690173
Zavkhan,1974,SON,-4.854053629299737
Zavkhan,1975,DJF,-21.533813077387403
Zavkhan,1975,JJA,14.046723777030612
Zavkhan,1975,MAM,-2.9549955086365807
Zavkhan,1975,SON,-3.4345016028810424
Zavkhan,1976,DJF,-20.83728045371009
Zavkhan,1976,JJA,12.69024859078325
Zavkhan,1976,MAM,-3.5772032146212194
Zavkhan,1976,SON,-4.363379678846893
Zavkhan,1977,DJF,-23.64564931362488
Zavkhan,1977,JJA,14.216807382318061
Zavkhan,1977,MAM,-2.841856931533469
Zavkhan,1977,SON,-1.6380239752274297
Zavkhan,1978,DJF,-20.79822510023155
Zavkhan,1978,JJA,13.710888259823335
Zavkhan,1978,MAM,-0.9932680282914461
Zavkhan,1978,SON,-2.679718326616868
Zavkhan,1979,DJF,-17.237974999021354
Zavkhan,1979,JJA,13.793540677742639
Zavkhan,1979,MAM,-2.7475889053022584
Zavkhan,1979,SON,-2.4153395898231245
Zavkhan,1980,DJF,-20.79086485915041
Zavkhan,1980,JJA,14.288990596980508
Zavkhan,1980,MAM,-3.8247437811098797
Zavkhan,1980,SON,-2.4441904832541965
Zavkhan,1981,DJF,-22.637938216969914
Zavkhan,1981,JJA,14.09119754582017
Zavkhan,1981,MAM,0.6335080432489679
Zavkhan,1981,SON,-6.539075943186291
Zavkhan,1982,DJF,-20.655219954478568
Zavkhan,1982,JJA,13.39785465288768
Zavkhan,1982,MAM,-0.16250885911126417
Zavkhan,1982,SON,-1.6893052885803768
Zavkhan,1983,DJF,-20.454931672816517
Zavkhan,1983,JJA,12.422300649393483
Zavkhan,1983,MAM,-2.276997420556412
Zavkhan,1983,SON,-1.6865833652673163
Zavkhan,1984,DJF,-24.824273977802754
Zavkhan,1984,JJA,12.16311498714401
Zavkhan,1984,MAM,-2.539175479422116
Zavkhan,1984,SON,-3.690015498294083
Zavkhan,1985,DJF,-23.292537563661963
Zavkhan,1985,JJA,12.709858130603925
Zavkhan,1985,MAM,-2.912767679077641
Zavkhan,1985,SON,-4.469574026115814
Zavkhan,1986,DJF,-20.66452977949052
Zavkhan,1986,JJA,13.809052363528503
Zavkhan,1986,MAM,-0.9635558824498718
Zavkhan,1986,SON,-4.4575967780648185
Zavkhan,1987,DJF,-19.122925757557006
Zavkhan,1987,JJA,12.715916320543272
Zavkhan,1987,MAM,-1.7257764341458766
Zavkhan,1987,SON,-4.484951022506241
Zavkhan,1988,DJF,-22.0480212956038
Zavkhan,1988,JJA,13.792930841244749
Zavkhan,1988,MAM,-2.9838177515987376
Zavkhan,1988,SON,-1.52050477361878
Zavkhan,1989,DJF,-19.641358406936043
Zavkhan,1989,JJA,13.637451377900867
Zavkhan,1989,MAM,0.24847561478114089
Zavkhan,1989,SON,-3.1199951686939382
Zavkhan,1990,DJF,-18.77571330010134
Zavkhan,1990,JJA,13.13427033887133
Zavkhan,1990,MAM,-0.6031466327135848
Zavkhan,1990,SON,-1.5748178216475248
Zavkhan,1991,DJF,-20.320529908771736
Zavkhan,1991,JJA,14.798692353968905
Zavkhan,1991,MAM,-2.5564256370318867
Zavkhan,1991,SON,-2.6054513858843227
Zavkhan,1992,DJF,-20.013979098163052
Zavkhan,1992,JJA,13.801692090255823
Zavkhan,1992,MAM,-0.587644346856847
Zavkhan,1992,SON,-4.194370498335289
Zavkhan,1993,DJF,-19.94057543790791
Zavkhan,1993,JJA,12.48421038535076
Zavkhan,1993,MAM,-2.0057716079904835
Zavkhan,1993,SON,-3.6433270482574107
Zavkhan,1994,DJF,-19.638250024208013
Zavkhan,1994,JJA,13.300021220661941
Zavkhan,1994,MAM,-0.3950365798885585
Zavkhan,1994,SON,-2.42722554267205
Zavkhan,1995,DJF,-20.088270697613787
Zavkhan,1995,JJA,13.529128139833883
Zavkhan,1995,MAM,-2.5002573262789856
Zavkhan,1995,SON,-1.1786140280936612
Zavkhan,1996,DJF,-20.64741048048315
Zavkhan,1996,JJA,13.634057102122913
Zavkhan,1996,MAM,-2.480803883226589
Zavkhan,1996,SON,-3.5753764092167493
Zavkhan,1997,DJF,-18.310020498283784
Zavkhan,1997,JJA,13.77636018262133
Zavkhan,1997,MAM,2.904917218815951
Zavkhan,1997,SON,-2.371232096354144
Zavkhan,1998,DJF,-18.327592281550775
Zavkhan,1998,JJA,14.880984226661415
Zavkhan,1998,MAM,0.29723523618805014
Zavkhan,1998,SON,-0.6701120175389573
Zavkhan,1999,DJF,-18.329745187236263
Zavkhan,1999,JJA,15.954281011010043
Zavkhan,1999,MAM,-0.8828779647118707
Zavkhan,1999,SON,-3.2841287476100773
Zavkhan,2000,DJF,-21.073365790129692
Zavkhan,2000,JJA,15.765716887526393
Zavkhan,2000,MAM,0.5272419732331451
Zavkhan,2000,SON,-5.745120586926402
Zavkhan,2001,DJF,-21.029657407350157
Zavkhan,2001,JJA,16.598179761669325
Zavkhan,2001,MAM,-0.08359993077529372
Zavkhan,2001,SON,-1.161075080195537
Zavkhan,2002,DJF,-19.71315097728357
Zavkhan,2002,JJA,17.593835706751076
Zavkhan,2002,MAM,-0.41745244923520936
Zavkhan,2002,SON,-2.6545803408079283
Zavkhan,2003,DJF,-20.244138197758005
Zavkhan,2003,JJA,14.121337066521647
Zavkhan,2003,MAM,-1.877768910082058
Zavkhan,2003,SON,-3.750218084794034
Zavkhan,2004,DJF,-19.93987050760645
Zavkhan,2004,JJA,15.38469063159285
Zavkhan,2004,MAM,0.7230967075010116
Zavkhan,2004,SON,-3.640557030786419
Zavkhan,2005,DJF,-24.252731600089394
Zavkhan,2005,JJA,15.333393286853925
Zavkhan,2005,MAM,-0.5115259098101038
Zavkhan,2005,SON,-2.4719823072731018
Zavkhan,2006,DJF,-21.560290424330805
Zavkhan,2006,JJA,14.599509658491584
Zavkhan,2006,MAM,-1.9707049792325722
Zavkhan,2006,SON,-1.166013745014152
Zavkhan,2007,DJF,-17.489250266803445
Zavkhan,2007,JJA,16.823978935917744
Zavkhan,2007,MAM,0.9464095361122327
Zavkhan,2007,SON,-2.8807601478029174
Zavkhan,2008,DJF,-22.398336276927555
Zavkhan,2008,JJA,15.78800888383441
Zavkhan,2008,MAM,1.2099735050764995
Zavkhan,2008,SON,-1.3134416861875926
Zavkhan,2009,DJF,-20.814158237634306
Zavkhan,2009,JJA,14.278640888713102
Zavkhan,2009,MAM,1.2781199008603867
Zavkhan,2009,SON,-3.9082687828610996
Zavkhan,2010,DJF,-23.56342745752775
Zavkhan,2010,JJA,15.305328446400338
Zavkhan,2010,MAM,-4.264140506535117
Zavkhan,2010,SON,-1.4081981546264937
Zavkhan,2011,DJF,-23.157951245529215
Zavkhan,2011,JJA,15.405617706685149
Zavkhan,2011,MAM,-1.6946186307110136
Zavkhan,2011,SON,-2.3729806119379386
Zavkhan,2012,DJF,-24.10500208858697
Zavkhan,2012,JJA,15.782821153085465
Zavkhan,2012,MAM,-0.9607405392932262
Zavkhan,2012,SON,-3.6395359473892177
Zavkhan,2013,DJF,-22.514724782951753
Zavkhan,2013,JJA,14.56380125922998
Zavkhan,2013,MAM,1.4287945839926388
Zavkhan,2013,SON,-2.760344158446213
Zavkhan,2014,DJF,-21.537569862075976
Zavkhan,2014,JJA,15.284678476068061
Zavkhan,2014,MAM,-0.038580193499449834
Zavkhan,2014,SON,-1.172247829517712
Zavkhan,2015,DJF,-19.5377721215099
Zavkhan,2015,JJA,15.859958259164053
Zavkhan,2015,MAM,-0.171742937434049
Zavkhan,2015,SON,-2.50117414128426
Zavkhan,2016,DJF,-21.981062027170665
Zavkhan,2016,JJA,15.865660024393483
Zavkhan,2016,MAM,-0.24376751219670723
Zavkhan,2016,SON,-3.2826941639058975
Zavkhan,2017,DJF,-18.750275997371087
Zavkhan,2017,JJA,16.754970579509514
Zavkhan,2017,MAM,1.5523894877373645
Zavkhan,2017,SON,-2.9955938025365674
Zavkhan,2018,DJF,-22.654709750791117
Zavkhan,2018,JJA,15.841172822718905
Zavkhan,2018,MAM,2.386309994725761
Zavkhan,2018,SON,-3.2542759891300537
Zavkhan,2019,DJF,-24.131526499559083
Zavkhan,2019,JJA,15.765159587618694
Zavkhan,2019,MAM,0.3018321878296641
Zavkhan,2019,SON,-1.1947053547146727
Zavkhan,2020,DJF,-19.527512388591504
Zavkhan,2020,JJA,14.476995360298018
Zavkhan,2020,MAM,1.489536153415107
Zavkhan,2020,SON,-2.576835361915276
Zavkhan,2021,DJF,-20.21532999030646
Zavkhan,2021,JJA,14.703366256263207
Zavkhan,2021,MAM,0.6328662727452758
Zavkhan,2021,SON,-1.6270154993242125
Zavkhan,2022,DJF,-20.738236748417698
Zavkhan,2022,JJA,15.016514207542217
Zavkhan,2022,MAM,0.7648114039425333
Zavkhan,2022,SON,-1.9904973991812305
Zavkhan,2023,DJF,-21.18643064861054
Zavkhan,2023,JJA,16.48143624736289
Zavkhan,2023,MAM,-1.2249645635548296
Zavkhan,2023,SON,-1.208386694026876
Zavkhan,2024,DJF,-21.144812526783337
Zavkhan,2024,JJA,17.32860421611289
Zavkhan,2024,MAM,2.1201822916666893
Zavkhan,2024,SON,-0.5214622787282209
Zavkhan,2025,DJF,-21.035619312399024
Zavkhan,2025,JJA,16.33202012460445
Zavkhan,2025,MAM,0.6095771113528708
Zavkhan,2025,SON,-3.4399061758306733
Zavkhan,2026,DJF,-19.649467680725845
