Aimag,Year,Species,Thousand_head
Arkhangai,1970,Camel,3.1
Arkhangai,1970,Cattle,233.9
Arkhangai,1970,Goat,165.6
Arkhangai,1970,Horse,205.3
Arkhangai,1970,Sheep,871.4
Arkhangai,1971,Camel,3.0
Arkhangai,1971,Cattle,235.0
Arkhangai,1971,Goat,169.2
Arkhangai,1971,Horse,199.6
Arkhangai,1971,Sheep,904.2
Arkhangai,1972,Camel,2.8
Arkhangai,1972,Cattle,231.4
Arkhangai,1972,Goat,174.0
Arkhangai,1972,Horse,193.5
Arkhangai,1972,Sheep,898.0
Arkhangai,1973,Camel,2.7
Arkhangai,1973,Cattle,232.4
Arkhangai,1973,Goat,172.8
Arkhangai,1973,Horse,185.2
Arkhangai,1973,Sheep,898.9
Arkhangai,1974,Camel,2.7
Arkhangai,1974,Cattle,241.7
Arkhangai,1974,Goat,176.5
Arkhangai,1974,Horse,189.9
Arkhangai,1974,Sheep,938.3
Arkhangai,1975,Camel,2.6
Arkhangai,1975,Cattle,248.5
Arkhangai,1975,Goat,171.1
Arkhangai,1975,Horse,192.1
Arkhangai,1975,Sheep,936.0
Arkhangai,1976,Camel,2.2
Arkhangai,1976,Cattle,247.5
Arkhangai,1976,Goat,163.2
Arkhangai,1976,Horse,186.4
Arkhangai,1976,Sheep,891.0
Arkhangai,1977,Camel,2.0
Arkhangai,1977,Cattle,241.5
Arkhangai,1977,Goat,148.3
Arkhangai,1977,Horse,179.8
Arkhangai,1977,Sheep,821.7
Arkhangai,1978,Camel,2.0
Arkhangai,1978,Cattle,254.1
Arkhangai,1978,Goat,161.8
Arkhangai,1978,Horse,175.9
Arkhangai,1978,Sheep,832.2
Arkhangai,1979,Camel,2.1
Arkhangai,1979,Cattle,254.8
Arkhangai,1979,Goat,165.1
Arkhangai,1979,Horse,173.5
Arkhangai,1979,Sheep,832.5
Arkhangai,1980,Camel,2.1
Arkhangai,1980,Cattle,247.7
Arkhangai,1980,Goat,171.2
Arkhangai,1980,Horse,170.1
Arkhangai,1980,Sheep,860.9
Arkhangai,1981,Camel,2.1
Arkhangai,1981,Cattle,249.4
Arkhangai,1981,Goat,176.1
Arkhangai,1981,Horse,174.3
Arkhangai,1981,Sheep,910.5
Arkhangai,1982,Camel,2.3
Arkhangai,1982,Cattle,256.2
Arkhangai,1982,Goat,186.4
Arkhangai,1982,Horse,180.9
Arkhangai,1982,Sheep,901.8
Arkhangai,1983,Camel,2.1
Arkhangai,1983,Cattle,254.0
Arkhangai,1983,Goat,164.1
Arkhangai,1983,Horse,176.5
Arkhangai,1983,Sheep,789.7
Arkhangai,1984,Camel,2.1
Arkhangai,1984,Cattle,253.8
Arkhangai,1984,Goat,156.8
Arkhangai,1984,Horse,179.8
Arkhangai,1984,Sheep,722.8
Arkhangai,1985,Camel,2.1
Arkhangai,1985,Cattle,249.5
Arkhangai,1985,Goat,136.3
Arkhangai,1985,Horse,176.3
Arkhangai,1985,Sheep,638.3
Arkhangai,1986,Camel,2.1
Arkhangai,1986,Cattle,257.0
Arkhangai,1986,Goat,136.7
Arkhangai,1986,Horse,181.3
Arkhangai,1986,Sheep,633.8
Arkhangai,1987,Camel,2.2
Arkhangai,1987,Cattle,259.1
Arkhangai,1987,Goat,141.6
Arkhangai,1987,Horse,180.5
Arkhangai,1987,Sheep,659.8
Arkhangai,1988,Camel,2.2
Arkhangai,1988,Cattle,259.5
Arkhangai,1988,Goat,154.6
Arkhangai,1988,Horse,183.6
Arkhangai,1988,Sheep,696.7
Arkhangai,1989,Camel,2.3
Arkhangai,1989,Cattle,272.8
Arkhangai,1989,Goat,174.7
Arkhangai,1989,Horse,186.2
Arkhangai,1989,Sheep,746.2
Arkhangai,1990,Camel,2.3
Arkhangai,1990,Cattle,294.9
Arkhangai,1990,Goat,190.7
Arkhangai,1990,Horse,194.4
Arkhangai,1990,Sheep,814.0
Arkhangai,1991,Camel,1.7
Arkhangai,1991,Cattle,289.5
Arkhangai,1991,Goat,197.3
Arkhangai,1991,Horse,192.4
Arkhangai,1991,Sheep,823.0
Arkhangai,1992,Camel,1.2
Arkhangai,1992,Cattle,283.0
Arkhangai,1992,Goat,212.7
Arkhangai,1992,Horse,184.3
Arkhangai,1992,Sheep,814.7
Arkhangai,1993,Camel,1.0
Arkhangai,1993,Cattle,284.1
Arkhangai,1993,Goat,235.0
Arkhangai,1993,Horse,189.4
Arkhangai,1993,Sheep,785.2
Arkhangai,1994,Camel,1.0
Arkhangai,1994,Cattle,315.4
Arkhangai,1994,Goat,283.2
Arkhangai,1994,Horse,210.6
Arkhangai,1994,Sheep,816.2
Arkhangai,1995,Camel,0.9
Arkhangai,1995,Cattle,336.1
Arkhangai,1995,Goat,307.9
Arkhangai,1995,Horse,223.4
Arkhangai,1995,Sheep,758.1
Arkhangai,1996,Camel,0.8
Arkhangai,1996,Cattle,369.4
Arkhangai,1996,Goat,357.4
Arkhangai,1996,Horse,239.8
Arkhangai,1996,Sheep,757.7
Arkhangai,1997,Camel,0.8
Arkhangai,1997,Cattle,403.2
Arkhangai,1997,Goat,433.9
Arkhangai,1997,Horse,252.6
Arkhangai,1997,Sheep,833.7
Arkhangai,1998,Camel,0.8
Arkhangai,1998,Cattle,428.1
Arkhangai,1998,Goat,504.6
Arkhangai,1998,Horse,271.6
Arkhangai,1998,Sheep,914.2
Arkhangai,1999,Camel,0.8
Arkhangai,1999,Cattle,464.0
Arkhangai,1999,Goat,551.2
Arkhangai,1999,Horse,298.1
Arkhangai,1999,Sheep,1021.5
Arkhangai,2000,Camel,0.8
Arkhangai,2000,Cattle,428.6
Arkhangai,2000,Goat,542.9
Arkhangai,2000,Horse,273.3
Arkhangai,2000,Sheep,970.6
Arkhangai,2001,Camel,0.6
Arkhangai,2001,Cattle,277.3
Arkhangai,2001,Goat,509.9
Arkhangai,2001,Horse,216.7
Arkhangai,2001,Sheep,831.6
Arkhangai,2002,Camel,0.7
Arkhangai,2002,Cattle,253.4
Arkhangai,2002,Goat,527.1
Arkhangai,2002,Horse,197.7
Arkhangai,2002,Sheep,770.0
Arkhangai,2003,Camel,0.7
Arkhangai,2003,Cattle,230.9
Arkhangai,2003,Goat,606.7
Arkhangai,2003,Horse,192.6
Arkhangai,2003,Sheep,806.6
Arkhangai,2004,Camel,0.7
Arkhangai,2004,Cattle,231.7
Arkhangai,2004,Goat,663.6
Arkhangai,2004,Horse,191.2
Arkhangai,2004,Sheep,861.1
Arkhangai,2005,Camel,0.7
Arkhangai,2005,Cattle,253.2
Arkhangai,2005,Goat,755.1
Arkhangai,2005,Horse,194.4
Arkhangai,2005,Sheep,991.6
Arkhangai,2006,Camel,0.8
Arkhangai,2006,Cattle,281.4
Arkhangai,2006,Goat,880.8
Arkhangai,2006,Horse,205.2
Arkhangai,2006,Sheep,1162.4
Arkhangai,2007,Camel,0.8
Arkhangai,2007,Cattle,316.3
Arkhangai,2007,Goat,1017.6
Arkhangai,2007,Horse,219.7
Arkhangai,2007,Sheep,1358.1
Arkhangai,2008,Camel,0.7
Arkhangai,2008,Cattle,352.8
Arkhangai,2008,Goat,1175.0
Arkhangai,2008,Horse,236.2
Arkhangai,2008,Sheep,1614.5
Arkhangai,2009,Camel,0.8
Arkhangai,2009,Cattle,385.9
Arkhangai,2009,Goat,1195.1
Arkhangai,2009,Horse,251.2
Arkhangai,2009,Sheep,1786.1
Arkhangai,2010,Camel,0.9
Arkhangai,2010,Cattle,302.0
Arkhangai,2010,Goat,852.8
Arkhangai,2010,Horse,196.1
Arkhangai,2010,Sheep,1327.5
Arkhangai,2011,Camel,0.9
Arkhangai,2011,Cattle,335.9
Arkhangai,2011,Goat,964.2
Arkhangai,2011,Horse,218.7
Arkhangai,2011,Sheep,1464.6
Arkhangai,2012,Camel,1.1
Arkhangai,2012,Cattle,371.1
Arkhangai,2012,Goat,1045.7
Arkhangai,2012,Horse,238.6
Arkhangai,2012,Sheep,1746.8
Arkhangai,2013,Camel,1.1
Arkhangai,2013,Cattle,427.2
Arkhangai,2013,Goat,1131.8
Arkhangai,2013,Horse,268.2
Arkhangai,2013,Sheep,1944.1
Arkhangai,2014,Camel,1.2
Arkhangai,2014,Cattle,502.6
Arkhangai,2014,Goat,1256.0
Arkhangai,2014,Horse,303.9
Arkhangai,2014,Sheep,2229.5
Arkhangai,2015,Camel,1.1
Arkhangai,2015,Cattle,544.2
Arkhangai,2015,Goat,1270.6
Arkhangai,2015,Horse,324.2
Arkhangai,2015,Sheep,2317.0
Arkhangai,2016,Camel,1.2
Arkhangai,2016,Cattle,581.2
Arkhangai,2016,Goat,1402.3
Arkhangai,2016,Horse,356.8
Arkhangai,2016,Sheep,2668.0
Arkhangai,2017,Camel,1.4
Arkhangai,2017,Cattle,628.8
Arkhangai,2017,Goat,1435.4
Arkhangai,2017,Horse,381.1
Arkhangai,2017,Sheep,2845.1
Arkhangai,2018,Camel,1.3
Arkhangai,2018,Cattle,621.2
Arkhangai,2018,Goat,1499.3
Arkhangai,2018,Horse,378.4
Arkhangai,2018,Sheep,2981.8
Arkhangai,2019,Camel,1.4
Arkhangai,2019,Cattle,710.1
Arkhangai,2019,Goat,1708.4
Arkhangai,2019,Horse,425.9
Arkhangai,2019,Sheep,3321.3
Arkhangai,2020,Camel,1.3
Arkhangai,2020,Cattle,679.0
Arkhangai,2020,Goat,1489.3
Arkhangai,2020,Horse,387.8
Arkhangai,2020,Sheep,2842.6
Arkhangai,2021,Camel,1.7
Arkhangai,2021,Cattle,722.2
Arkhangai,2021,Goat,1487.0
Arkhangai,2021,Horse,416.3
Arkhangai,2021,Sheep,2935.1
Arkhangai,2022,Camel,1.7
Arkhangai,2022,Cattle,814.5
Arkhangai,2022,Goat,1526.9
Arkhangai,2022,Horse,468.0
Arkhangai,2022,Sheep,3075.0
Arkhangai,2023,Camel,1.5
Arkhangai,2023,Cattle,741.0
Arkhangai,2023,Goat,1264.5
Arkhangai,2023,Horse,448.5
Arkhangai,2023,Sheep,2392.0
Arkhangai,2024,Camel,1.6
Arkhangai,2024,Cattle,665.0
Arkhangai,2024,Goat,1165.0
Arkhangai,2024,Horse,444.9
Arkhangai,2024,Sheep,1805.9
Bayan-Ulgii,1970,Camel,14.6
Bayan-Ulgii,1970,Cattle,76.4
Bayan-Ulgii,1970,Goat,279.5
Bayan-Ulgii,1970,Horse,65.6
Bayan-Ulgii,1970,Sheep,637.8
Bayan-Ulgii,1971,Camel,14.5
Bayan-Ulgii,1971,Cattle,85.1
Bayan-Ulgii,1971,Goat,290.8
Bayan-Ulgii,1971,Horse,69.3
Bayan-Ulgii,1971,Sheep,646.6
Bayan-Ulgii,1972,Camel,14.4
Bayan-Ulgii,1972,Cattle,84.2
Bayan-Ulgii,1972,Goat,290.0
Bayan-Ulgii,1972,Horse,70.5
Bayan-Ulgii,1972,Sheep,648.4
Bayan-Ulgii,1973,Camel,14.6
Bayan-Ulgii,1973,Cattle,89.2
Bayan-Ulgii,1973,Goat,317.6
Bayan-Ulgii,1973,Horse,72.4
Bayan-Ulgii,1973,Sheep,684.7
Bayan-Ulgii,1974,Camel,14.4
Bayan-Ulgii,1974,Cattle,94.7
Bayan-Ulgii,1974,Goat,308.3
Bayan-Ulgii,1974,Horse,75.4
Bayan-Ulgii,1974,Sheep,662.4
Bayan-Ulgii,1975,Camel,13.3
Bayan-Ulgii,1975,Cattle,82.5
Bayan-Ulgii,1975,Goat,298.5
Bayan-Ulgii,1975,Horse,67.2
Bayan-Ulgii,1975,Sheep,631.1
Bayan-Ulgii,1976,Camel,12.9
Bayan-Ulgii,1976,Cattle,79.3
Bayan-Ulgii,1976,Goat,308.8
Bayan-Ulgii,1976,Horse,68.7
Bayan-Ulgii,1976,Sheep,632.2
Bayan-Ulgii,1977,Camel,12.3
Bayan-Ulgii,1977,Cattle,73.5
Bayan-Ulgii,1977,Goat,286.3
Bayan-Ulgii,1977,Horse,62.9
Bayan-Ulgii,1977,Sheep,590.3
Bayan-Ulgii,1978,Camel,11.4
Bayan-Ulgii,1978,Cattle,73.9
Bayan-Ulgii,1978,Goat,285.1
Bayan-Ulgii,1978,Horse,60.9
Bayan-Ulgii,1978,Sheep,588.1
Bayan-Ulgii,1979,Camel,11.2
Bayan-Ulgii,1979,Cattle,76.6
Bayan-Ulgii,1979,Goat,297.8
Bayan-Ulgii,1979,Horse,62.1
Bayan-Ulgii,1979,Sheep,630.9
Bayan-Ulgii,1980,Camel,11.0
Bayan-Ulgii,1980,Cattle,82.6
Bayan-Ulgii,1980,Goat,296.3
Bayan-Ulgii,1980,Horse,63.5
Bayan-Ulgii,1980,Sheep,652.4
Bayan-Ulgii,1981,Camel,11.1
Bayan-Ulgii,1981,Cattle,87.7
Bayan-Ulgii,1981,Goat,291.9
Bayan-Ulgii,1981,Horse,65.9
Bayan-Ulgii,1981,Sheep,678.7
Bayan-Ulgii,1982,Camel,11.0
Bayan-Ulgii,1982,Cattle,91.5
Bayan-Ulgii,1982,Goat,302.5
Bayan-Ulgii,1982,Horse,68.8
Bayan-Ulgii,1982,Sheep,697.3
Bayan-Ulgii,1983,Camel,10.5
Bayan-Ulgii,1983,Cattle,91.0
Bayan-Ulgii,1983,Goat,296.6
Bayan-Ulgii,1983,Horse,67.7
Bayan-Ulgii,1983,Sheep,672.0
Bayan-Ulgii,1984,Camel,10.4
Bayan-Ulgii,1984,Cattle,95.0
Bayan-Ulgii,1984,Goat,296.5
Bayan-Ulgii,1984,Horse,71.1
Bayan-Ulgii,1984,Sheep,688.4
Bayan-Ulgii,1985,Camel,10.7
Bayan-Ulgii,1985,Cattle,104.0
Bayan-Ulgii,1985,Goat,304.7
Bayan-Ulgii,1985,Horse,77.2
Bayan-Ulgii,1985,Sheep,702.1
Bayan-Ulgii,1986,Camel,10.7
Bayan-Ulgii,1986,Cattle,106.4
Bayan-Ulgii,1986,Goat,308.4
Bayan-Ulgii,1986,Horse,80.6
Bayan-Ulgii,1986,Sheep,729.9
Bayan-Ulgii,1987,Camel,10.6
Bayan-Ulgii,1987,Cattle,109.1
Bayan-Ulgii,1987,Goat,305.0
Bayan-Ulgii,1987,Horse,80.9
Bayan-Ulgii,1987,Sheep,735.5
Bayan-Ulgii,1988,Camel,10.4
Bayan-Ulgii,1988,Cattle,109.9
Bayan-Ulgii,1988,Goat,292.7
Bayan-Ulgii,1988,Horse,81.4
Bayan-Ulgii,1988,Sheep,741.0
Bayan-Ulgii,1989,Camel,10.5
Bayan-Ulgii,1989,Cattle,111.6
Bayan-Ulgii,1989,Goat,308.3
Bayan-Ulgii,1989,Horse,83.4
Bayan-Ulgii,1989,Sheep,770.3
Bayan-Ulgii,1990,Camel,10.4
Bayan-Ulgii,1990,Cattle,117.7
Bayan-Ulgii,1990,Goat,309.9
Bayan-Ulgii,1990,Horse,83.1
Bayan-Ulgii,1990,Sheep,797.3
Bayan-Ulgii,1991,Camel,8.9
Bayan-Ulgii,1991,Cattle,96.0
Bayan-Ulgii,1991,Goat,277.1
Bayan-Ulgii,1991,Horse,73.6
Bayan-Ulgii,1991,Sheep,704.3
Bayan-Ulgii,1992,Camel,7.6
Bayan-Ulgii,1992,Cattle,85.9
Bayan-Ulgii,1992,Goat,268.5
Bayan-Ulgii,1992,Horse,66.3
Bayan-Ulgii,1992,Sheep,605.2
Bayan-Ulgii,1993,Camel,7.2
Bayan-Ulgii,1993,Cattle,82.1
Bayan-Ulgii,1993,Goat,294.6
Bayan-Ulgii,1993,Horse,62.3
Bayan-Ulgii,1993,Sheep,559.1
Bayan-Ulgii,1994,Camel,7.9
Bayan-Ulgii,1994,Cattle,99.1
Bayan-Ulgii,1994,Goat,366.4
Bayan-Ulgii,1994,Horse,70.2
Bayan-Ulgii,1994,Sheep,613.1
Bayan-Ulgii,1995,Camel,8.5
Bayan-Ulgii,1995,Cattle,119.4
Bayan-Ulgii,1995,Goat,451.4
Bayan-Ulgii,1995,Horse,80.1
Bayan-Ulgii,1995,Sheep,694.9
Bayan-Ulgii,1996,Camel,8.4
Bayan-Ulgii,1996,Cattle,128.6
Bayan-Ulgii,1996,Goat,483.3
Bayan-Ulgii,1996,Horse,84.3
Bayan-Ulgii,1996,Sheep,701.2
Bayan-Ulgii,1997,Camel,8.5
Bayan-Ulgii,1997,Cattle,133.3
Bayan-Ulgii,1997,Goat,543.6
Bayan-Ulgii,1997,Horse,87.7
Bayan-Ulgii,1997,Sheep,746.2
Bayan-Ulgii,1998,Camel,8.2
Bayan-Ulgii,1998,Cattle,115.1
Bayan-Ulgii,1998,Goat,492.2
Bayan-Ulgii,1998,Horse,79.8
Bayan-Ulgii,1998,Sheep,650.6
Bayan-Ulgii,1999,Camel,8.0
Bayan-Ulgii,1999,Cattle,114.0
Bayan-Ulgii,1999,Goat,516.3
Bayan-Ulgii,1999,Horse,79.4
Bayan-Ulgii,1999,Sheep,644.7
Bayan-Ulgii,2000,Camel,7.0
Bayan-Ulgii,2000,Cattle,96.3
Bayan-Ulgii,2000,Goat,521.3
Bayan-Ulgii,2000,Horse,68.8
Bayan-Ulgii,2000,Sheep,617.1
Bayan-Ulgii,2001,Camel,6.4
Bayan-Ulgii,2001,Cattle,85.6
Bayan-Ulgii,2001,Goat,546.9
Bayan-Ulgii,2001,Horse,66.6
Bayan-Ulgii,2001,Sheep,592.4
Bayan-Ulgii,2002,Camel,5.9
Bayan-Ulgii,2002,Cattle,84.3
Bayan-Ulgii,2002,Goat,542.8
Bayan-Ulgii,2002,Horse,60.6
Bayan-Ulgii,2002,Sheep,540.6
Bayan-Ulgii,2003,Camel,5.6
Bayan-Ulgii,2003,Cattle,87.5
Bayan-Ulgii,2003,Goat,614.3
Bayan-Ulgii,2003,Horse,62.1
Bayan-Ulgii,2003,Sheep,546.2
Bayan-Ulgii,2004,Camel,4.8
Bayan-Ulgii,2004,Cattle,86.0
Bayan-Ulgii,2004,Goat,640.8
Bayan-Ulgii,2004,Horse,60.8
Bayan-Ulgii,2004,Sheep,554.3
Bayan-Ulgii,2005,Camel,4.3
Bayan-Ulgii,2005,Cattle,80.5
Bayan-Ulgii,2005,Goat,620.6
Bayan-Ulgii,2005,Horse,57.6
Bayan-Ulgii,2005,Sheep,557.5
Bayan-Ulgii,2006,Camel,4.3
Bayan-Ulgii,2006,Cattle,88.8
Bayan-Ulgii,2006,Goat,712.4
Bayan-Ulgii,2006,Horse,61.8
Bayan-Ulgii,2006,Sheep,603.0
Bayan-Ulgii,2007,Camel,4.3
Bayan-Ulgii,2007,Cattle,94.8
Bayan-Ulgii,2007,Goat,791.6
Bayan-Ulgii,2007,Horse,65.7
Bayan-Ulgii,2007,Sheep,641.0
Bayan-Ulgii,2008,Camel,4.0
Bayan-Ulgii,2008,Cattle,82.2
Bayan-Ulgii,2008,Goat,778.7
Bayan-Ulgii,2008,Horse,59.7
Bayan-Ulgii,2008,Sheep,605.0
Bayan-Ulgii,2009,Camel,3.9
Bayan-Ulgii,2009,Cattle,70.7
Bayan-Ulgii,2009,Goat,651.6
Bayan-Ulgii,2009,Horse,51.0
Bayan-Ulgii,2009,Sheep,524.3
Bayan-Ulgii,2010,Camel,3.8
Bayan-Ulgii,2010,Cattle,66.1
Bayan-Ulgii,2010,Goat,553.8
Bayan-Ulgii,2010,Horse,43.5
Bayan-Ulgii,2010,Sheep,459.8
Bayan-Ulgii,2011,Camel,4.0
Bayan-Ulgii,2011,Cattle,80.8
Bayan-Ulgii,2011,Goat,662.5
Bayan-Ulgii,2011,Horse,48.5
Bayan-Ulgii,2011,Sheep,506.9
Bayan-Ulgii,2012,Camel,4.2
Bayan-Ulgii,2012,Cattle,87.2
Bayan-Ulgii,2012,Goat,693.1
Bayan-Ulgii,2012,Horse,51.7
Bayan-Ulgii,2012,Sheep,574.4
Bayan-Ulgii,2013,Camel,4.3
Bayan-Ulgii,2013,Cattle,105.1
Bayan-Ulgii,2013,Goat,773.4
Bayan-Ulgii,2013,Horse,58.4
Bayan-Ulgii,2013,Sheep,662.8
Bayan-Ulgii,2014,Camel,4.7
Bayan-Ulgii,2014,Cattle,127.4
Bayan-Ulgii,2014,Goat,882.1
Bayan-Ulgii,2014,Horse,69.6
Bayan-Ulgii,2014,Sheep,799.9
Bayan-Ulgii,2015,Camel,4.7
Bayan-Ulgii,2015,Cattle,144.8
Bayan-Ulgii,2015,Goat,943.7
Bayan-Ulgii,2015,Horse,77.3
Bayan-Ulgii,2015,Sheep,850.6
Bayan-Ulgii,2016,Camel,4.9
Bayan-Ulgii,2016,Cattle,155.6
Bayan-Ulgii,2016,Goat,983.3
Bayan-Ulgii,2016,Horse,85.8
Bayan-Ulgii,2016,Sheep,937.7
Bayan-Ulgii,2017,Camel,5.3
Bayan-Ulgii,2017,Cattle,161.0
Bayan-Ulgii,2017,Goat,971.2
Bayan-Ulgii,2017,Horse,93.4
Bayan-Ulgii,2017,Sheep,995.2
Bayan-Ulgii,2018,Camel,5.6
Bayan-Ulgii,2018,Cattle,155.9
Bayan-Ulgii,2018,Goat,930.4
Bayan-Ulgii,2018,Horse,95.3
Bayan-Ulgii,2018,Sheep,979.6
Bayan-Ulgii,2019,Camel,5.9
Bayan-Ulgii,2019,Cattle,158.6
Bayan-Ulgii,2019,Goat,933.3
Bayan-Ulgii,2019,Horse,99.0
Bayan-Ulgii,2019,Sheep,995.9
Bayan-Ulgii,2020,Camel,5.4
Bayan-Ulgii,2020,Cattle,159.5
Bayan-Ulgii,2020,Goat,1022.6
Bayan-Ulgii,2020,Horse,99.8
Bayan-Ulgii,2020,Sheep,937.4
Bayan-Ulgii,2021,Camel,5.9
Bayan-Ulgii,2021,Cattle,181.9
Bayan-Ulgii,2021,Goat,1063.8
Bayan-Ulgii,2021,Horse,113.4
Bayan-Ulgii,2021,Sheep,1014.0
Bayan-Ulgii,2022,Camel,6.1
Bayan-Ulgii,2022,Cattle,186.3
Bayan-Ulgii,2022,Goat,967.4
Bayan-Ulgii,2022,Horse,116.7
Bayan-Ulgii,2022,Sheep,979.2
Bayan-Ulgii,2023,Camel,6.2
Bayan-Ulgii,2023,Cattle,175.5
Bayan-Ulgii,2023,Goat,871.8
Bayan-Ulgii,2023,Horse,115.8
Bayan-Ulgii,2023,Sheep,876.7
Bayan-Ulgii,2024,Camel,6.7
Bayan-Ulgii,2024,Cattle,183.9
Bayan-Ulgii,2024,Goat,903.7
Bayan-Ulgii,2024,Horse,124.9
Bayan-Ulgii,2024,Sheep,905.9
Bayankhongor,1970,Camel,57.6
Bayankhongor,1970,Cattle,119.8
Bayankhongor,1970,Goat,464.6
Bayankhongor,1970,Horse,143.8
Bayankhongor,1970,Sheep,807.6
Bayankhongor,1971,Camel,54.9
Bayankhongor,1971,Cattle,123.8
Bayankhongor,1971,Goat,463.6
Bayankhongor,1971,Horse,134.6
Bayankhongor,1971,Sheep,816.5
Bayankhongor,1972,Camel,54.8
Bayankhongor,1972,Cattle,124.7
Bayankhongor,1972,Goat,503.8
Bayankhongor,1972,Horse,134.9
Bayankhongor,1972,Sheep,851.7
Bayankhongor,1973,Camel,56.5
Bayankhongor,1973,Cattle,126.5
Bayankhongor,1973,Goat,503.4
Bayankhongor,1973,Horse,131.4
Bayankhongor,1973,Sheep,846.7
Bayankhongor,1974,Camel,56.6
Bayankhongor,1974,Cattle,125.1
Bayankhongor,1974,Goat,510.9
Bayankhongor,1974,Horse,131.7
Bayankhongor,1974,Sheep,862.3
Bayankhongor,1975,Camel,57.8
Bayankhongor,1975,Cattle,129.6
Bayankhongor,1975,Goat,510.9
Bayankhongor,1975,Horse,130.9
Bayankhongor,1975,Sheep,892.4
Bayankhongor,1976,Camel,58.6
Bayankhongor,1976,Cattle,131.5
Bayankhongor,1976,Goat,515.6
Bayankhongor,1976,Horse,130.3
Bayankhongor,1976,Sheep,858.6
Bayankhongor,1977,Camel,58.9
Bayankhongor,1977,Cattle,139.3
Bayankhongor,1977,Goat,532.2
Bayankhongor,1977,Horse,132.3
Bayankhongor,1977,Sheep,920.9
Bayankhongor,1978,Camel,58.3
Bayankhongor,1978,Cattle,140.8
Bayankhongor,1978,Goat,550.4
Bayankhongor,1978,Horse,130.3
Bayankhongor,1978,Sheep,941.5
Bayankhongor,1979,Camel,57.8
Bayankhongor,1979,Cattle,138.1
Bayankhongor,1979,Goat,530.7
Bayankhongor,1979,Horse,128.4
Bayankhongor,1979,Sheep,935.7
Bayankhongor,1980,Camel,55.5
Bayankhongor,1980,Cattle,136.1
Bayankhongor,1980,Goat,553.4
Bayankhongor,1980,Horse,127.8
Bayankhongor,1980,Sheep,959.9
Bayankhongor,1981,Camel,55.9
Bayankhongor,1981,Cattle,135.2
Bayankhongor,1981,Goat,570.1
Bayankhongor,1981,Horse,130.1
Bayankhongor,1981,Sheep,996.6
Bayankhongor,1982,Camel,56.5
Bayankhongor,1982,Cattle,139.1
Bayankhongor,1982,Goat,599.5
Bayankhongor,1982,Horse,135.5
Bayankhongor,1982,Sheep,1007.9
Bayankhongor,1983,Camel,56.8
Bayankhongor,1983,Cattle,134.1
Bayankhongor,1983,Goat,579.7
Bayankhongor,1983,Horse,132.0
Bayankhongor,1983,Sheep,944.6
Bayankhongor,1984,Camel,52.8
Bayankhongor,1984,Cattle,121.9
Bayankhongor,1984,Goat,458.9
Bayankhongor,1984,Horse,119.7
Bayankhongor,1984,Sheep,733.6
Bayankhongor,1985,Camel,50.4
Bayankhongor,1985,Cattle,111.1
Bayankhongor,1985,Goat,452.6
Bayankhongor,1985,Horse,108.7
Bayankhongor,1985,Sheep,677.1
Bayankhongor,1986,Camel,49.4
Bayankhongor,1986,Cattle,112.4
Bayankhongor,1986,Goat,460.3
Bayankhongor,1986,Horse,107.7
Bayankhongor,1986,Sheep,686.6
Bayankhongor,1987,Camel,48.3
Bayankhongor,1987,Cattle,117.7
Bayankhongor,1987,Goat,466.1
Bayankhongor,1987,Horse,108.7
Bayankhongor,1987,Sheep,713.0
Bayankhongor,1988,Camel,46.8
Bayankhongor,1988,Cattle,112.3
Bayankhongor,1988,Goat,433.7
Bayankhongor,1988,Horse,95.8
Bayankhongor,1988,Sheep,651.1
Bayankhongor,1989,Camel,46.2
Bayankhongor,1989,Cattle,118.9
Bayankhongor,1989,Goat,507.3
Bayankhongor,1989,Horse,99.6
Bayankhongor,1989,Sheep,703.5
Bayankhongor,1990,Camel,45.4
Bayankhongor,1990,Cattle,128.2
Bayankhongor,1990,Goat,548.6
Bayankhongor,1990,Horse,103.9
Bayankhongor,1990,Sheep,773.0
Bayankhongor,1991,Camel,41.8
Bayankhongor,1991,Cattle,130.5
Bayankhongor,1991,Goat,600.3
Bayankhongor,1991,Horse,103.8
Bayankhongor,1991,Sheep,798.2
Bayankhongor,1992,Camel,37.7
Bayankhongor,1992,Cattle,132.8
Bayankhongor,1992,Goat,658.6
Bayankhongor,1992,Horse,103.5
Bayankhongor,1992,Sheep,829.4
Bayankhongor,1993,Camel,35.7
Bayankhongor,1993,Cattle,125.1
Bayankhongor,1993,Goat,712.9
Bayankhongor,1993,Horse,99.9
Bayankhongor,1993,Sheep,739.9
Bayankhongor,1994,Camel,37.9
Bayankhongor,1994,Cattle,145.0
Bayankhongor,1994,Goat,879.0
Bayankhongor,1994,Horse,114.9
Bayankhongor,1994,Sheep,818.4
Bayankhongor,1995,Camel,39.7
Bayankhongor,1995,Cattle,169.8
Bayankhongor,1995,Goat,1031.9
Bayankhongor,1995,Horse,132.6
Bayankhongor,1995,Sheep,853.3
Bayankhongor,1996,Camel,38.7
Bayankhongor,1996,Cattle,181.5
Bayankhongor,1996,Goat,1053.6
Bayankhongor,1996,Horse,140.8
Bayankhongor,1996,Sheep,818.5
Bayankhongor,1997,Camel,38.8
Bayankhongor,1997,Cattle,192.1
Bayankhongor,1997,Goat,1191.4
Bayankhongor,1997,Horse,149.2
Bayankhongor,1997,Sheep,856.4
Bayankhongor,1998,Camel,38.7
Bayankhongor,1998,Cattle,196.9
Bayankhongor,1998,Goat,1252.3
Bayankhongor,1998,Horse,157.4
Bayankhongor,1998,Sheep,866.0
Bayankhongor,1999,Camel,39.5
Bayankhongor,1999,Cattle,198.4
Bayankhongor,1999,Goat,1199.3
Bayankhongor,1999,Horse,159.6
Bayankhongor,1999,Sheep,878.2
Bayankhongor,2000,Camel,37.1
Bayankhongor,2000,Cattle,158.1
Bayankhongor,2000,Goat,1190.0
Bayankhongor,2000,Horse,141.9
Bayankhongor,2000,Sheep,848.6
Bayankhongor,2001,Camel,28.2
Bayankhongor,2001,Cattle,109.0
Bayankhongor,2001,Goat,802.7
Bayankhongor,2001,Horse,85.3
Bayankhongor,2001,Sheep,556.5
Bayankhongor,2002,Camel,19.4
Bayankhongor,2002,Cattle,82.6
Bayankhongor,2002,Goat,412.1
Bayankhongor,2002,Horse,54.1
Bayankhongor,2002,Sheep,294.1
Bayankhongor,2003,Camel,20.7
Bayankhongor,2003,Cattle,85.3
Bayankhongor,2003,Goat,599.3
Bayankhongor,2003,Horse,61.7
Bayankhongor,2003,Sheep,332.1
Bayankhongor,2004,Camel,21.0
Bayankhongor,2004,Cattle,90.6
Bayankhongor,2004,Goat,764.2
Bayankhongor,2004,Horse,66.2
Bayankhongor,2004,Sheep,381.6
Bayankhongor,2005,Camel,22.8
Bayankhongor,2005,Cattle,96.7
Bayankhongor,2005,Goat,916.1
Bayankhongor,2005,Horse,70.8
Bayankhongor,2005,Sheep,447.1
Bayankhongor,2006,Camel,23.1
Bayankhongor,2006,Cattle,108.9
Bayankhongor,2006,Goat,1136.4
Bayankhongor,2006,Horse,78.4
Bayankhongor,2006,Sheep,531.7
Bayankhongor,2007,Camel,25.2
Bayankhongor,2007,Cattle,118.4
Bayankhongor,2007,Goat,1427.1
Bayankhongor,2007,Horse,86.0
Bayankhongor,2007,Sheep,628.1
Bayankhongor,2008,Camel,27.4
Bayankhongor,2008,Cattle,122.4
Bayankhongor,2008,Goat,1696.9
Bayankhongor,2008,Horse,91.6
Bayankhongor,2008,Sheep,705.2
Bayankhongor,2009,Camel,29.7
Bayankhongor,2009,Cattle,127.2
Bayankhongor,2009,Goat,1713.3
Bayankhongor,2009,Horse,89.6
Bayankhongor,2009,Sheep,724.8
Bayankhongor,2010,Camel,30.1
Bayankhongor,2010,Cattle,101.5
Bayankhongor,2010,Goat,1213.3
Bayankhongor,2010,Horse,74.4
Bayankhongor,2010,Sheep,543.8
Bayankhongor,2011,Camel,30.3
Bayankhongor,2011,Cattle,110.9
Bayankhongor,2011,Goat,1397.0
Bayankhongor,2011,Horse,82.1
Bayankhongor,2011,Sheep,617.6
Bayankhongor,2012,Camel,34.5
Bayankhongor,2012,Cattle,127.9
Bayankhongor,2012,Goat,1596.3
Bayankhongor,2012,Horse,93.5
Bayankhongor,2012,Sheep,788.6
Bayankhongor,2013,Camel,37.2
Bayankhongor,2013,Cattle,145.7
Bayankhongor,2013,Goat,1860.6
Bayankhongor,2013,Horse,108.0
Bayankhongor,2013,Sheep,835.4
Bayankhongor,2014,Camel,41.7
Bayankhongor,2014,Cattle,170.8
Bayankhongor,2014,Goat,2138.1
Bayankhongor,2014,Horse,126.3
Bayankhongor,2014,Sheep,989.0
Bayankhongor,2015,Camel,44.5
Bayankhongor,2015,Cattle,189.0
Bayankhongor,2015,Goat,2314.4
Bayankhongor,2015,Horse,141.3
Bayankhongor,2015,Sheep,1082.6
Bayankhongor,2016,Camel,49.7
Bayankhongor,2016,Cattle,213.8
Bayankhongor,2016,Goat,2569.1
Bayankhongor,2016,Horse,159.1
Bayankhongor,2016,Sheep,1244.6
Bayankhongor,2017,Camel,54.3
Bayankhongor,2017,Cattle,240.3
Bayankhongor,2017,Goat,2731.8
Bayankhongor,2017,Horse,180.1
Bayankhongor,2017,Sheep,1381.1
Bayankhongor,2018,Camel,57.4
Bayankhongor,2018,Cattle,239.8
Bayankhongor,2018,Goat,2478.9
Bayankhongor,2018,Horse,175.9
Bayankhongor,2018,Sheep,1297.5
Bayankhongor,2019,Camel,58.1
Bayankhongor,2019,Cattle,257.6
Bayankhongor,2019,Goat,2733.7
Bayankhongor,2019,Horse,189.5
Bayankhongor,2019,Sheep,1406.0
Bayankhongor,2020,Camel,55.5
Bayankhongor,2020,Cattle,245.8
Bayankhongor,2020,Goat,2219.2
Bayankhongor,2020,Horse,163.3
Bayankhongor,2020,Sheep,1156.2
Bayankhongor,2021,Camel,45.5
Bayankhongor,2021,Cattle,197.9
Bayankhongor,2021,Goat,1795.3
Bayankhongor,2021,Horse,136.6
Bayankhongor,2021,Sheep,951.8
Bayankhongor,2022,Camel,45.5
Bayankhongor,2022,Cattle,223.0
Bayankhongor,2022,Goat,2182.7
Bayankhongor,2022,Horse,160.4
Bayankhongor,2022,Sheep,1108.0
Bayankhongor,2023,Camel,48.9
Bayankhongor,2023,Cattle,238.2
Bayankhongor,2023,Goat,2389.3
Bayankhongor,2023,Horse,177.3
Bayankhongor,2023,Sheep,1218.4
Bayankhongor,2024,Camel,52.6
Bayankhongor,2024,Cattle,221.5
Bayankhongor,2024,Goat,2391.0
Bayankhongor,2024,Horse,176.9
Bayankhongor,2024,Sheep,1185.1
Bulgan,1970,Camel,4.1
Bulgan,1970,Cattle,132.7
Bulgan,1970,Goat,88.1
Bulgan,1970,Horse,107.3
Bulgan,1970,Sheep,573.7
Bulgan,1971,Camel,4.2
Bulgan,1971,Cattle,131.6
Bulgan,1971,Goat,93.2
Bulgan,1971,Horse,105.9
Bulgan,1971,Sheep,612.1
Bulgan,1972,Camel,4.1
Bulgan,1972,Cattle,130.6
Bulgan,1972,Goat,97.4
Bulgan,1972,Horse,102.2
Bulgan,1972,Sheep,624.3
Bulgan,1973,Camel,3.9
Bulgan,1973,Cattle,131.6
Bulgan,1973,Goat,103.1
Bulgan,1973,Horse,96.6
Bulgan,1973,Sheep,645.3
Bulgan,1974,Camel,4.0
Bulgan,1974,Cattle,139.7
Bulgan,1974,Goat,105.8
Bulgan,1974,Horse,100.5
Bulgan,1974,Sheep,661.5
Bulgan,1975,Camel,4.1
Bulgan,1975,Cattle,146.5
Bulgan,1975,Goat,104.2
Bulgan,1975,Horse,102.7
Bulgan,1975,Sheep,655.3
Bulgan,1976,Camel,3.9
Bulgan,1976,Cattle,146.7
Bulgan,1976,Goat,100.3
Bulgan,1976,Horse,96.7
Bulgan,1976,Sheep,600.5
Bulgan,1977,Camel,3.7
Bulgan,1977,Cattle,145.2
Bulgan,1977,Goat,93.8
Bulgan,1977,Horse,88.6
Bulgan,1977,Sheep,538.7
Bulgan,1978,Camel,4.0
Bulgan,1978,Cattle,153.1
Bulgan,1978,Goat,103.9
Bulgan,1978,Horse,90.2
Bulgan,1978,Sheep,575.6
Bulgan,1979,Camel,4.1
Bulgan,1979,Cattle,153.5
Bulgan,1979,Goat,106.7
Bulgan,1979,Horse,89.6
Bulgan,1979,Sheep,572.9
Bulgan,1980,Camel,4.1
Bulgan,1980,Cattle,146.8
Bulgan,1980,Goat,103.7
Bulgan,1980,Horse,90.3
Bulgan,1980,Sheep,592.5
Bulgan,1981,Camel,4.2
Bulgan,1981,Cattle,149.1
Bulgan,1981,Goat,111.4
Bulgan,1981,Horse,92.5
Bulgan,1981,Sheep,604.9
Bulgan,1982,Camel,4.3
Bulgan,1982,Cattle,154.8
Bulgan,1982,Goat,117.4
Bulgan,1982,Horse,96.7
Bulgan,1982,Sheep,633.8
Bulgan,1983,Camel,4.1
Bulgan,1983,Cattle,156.4
Bulgan,1983,Goat,117.9
Bulgan,1983,Horse,97.2
Bulgan,1983,Sheep,616.9
Bulgan,1984,Camel,4.2
Bulgan,1984,Cattle,156.6
Bulgan,1984,Goat,118.3
Bulgan,1984,Horse,100.9
Bulgan,1984,Sheep,603.8
Bulgan,1985,Camel,4.1
Bulgan,1985,Cattle,155.4
Bulgan,1985,Goat,105.1
Bulgan,1985,Horse,103.1
Bulgan,1985,Sheep,566.9
Bulgan,1986,Camel,4.0
Bulgan,1986,Cattle,154.9
Bulgan,1986,Goat,93.5
Bulgan,1986,Horse,107.6
Bulgan,1986,Sheep,512.2
Bulgan,1987,Camel,4.1
Bulgan,1987,Cattle,152.9
Bulgan,1987,Goat,87.3
Bulgan,1987,Horse,108.0
Bulgan,1987,Sheep,494.4
Bulgan,1988,Camel,4.2
Bulgan,1988,Cattle,155.8
Bulgan,1988,Goat,88.9
Bulgan,1988,Horse,114.2
Bulgan,1988,Sheep,526.4
Bulgan,1989,Camel,4.4
Bulgan,1989,Cattle,165.0
Bulgan,1989,Goat,99.3
Bulgan,1989,Horse,120.2
Bulgan,1989,Sheep,554.2
Bulgan,1990,Camel,4.4
Bulgan,1990,Cattle,175.0
Bulgan,1990,Goat,102.3
Bulgan,1990,Horse,122.5
Bulgan,1990,Sheep,594.1
Bulgan,1991,Camel,3.7
Bulgan,1991,Cattle,176.9
Bulgan,1991,Goat,107.7
Bulgan,1991,Horse,124.9
Bulgan,1991,Sheep,608.2
Bulgan,1992,Camel,3.1
Bulgan,1992,Cattle,180.4
Bulgan,1992,Goat,119.8
Bulgan,1992,Horse,128.7
Bulgan,1992,Sheep,634.1
Bulgan,1993,Camel,1.8
Bulgan,1993,Cattle,173.2
Bulgan,1993,Goat,133.5
Bulgan,1993,Horse,132.2
Bulgan,1993,Sheep,596.2
Bulgan,1994,Camel,1.5
Bulgan,1994,Cattle,188.6
Bulgan,1994,Goat,157.0
Bulgan,1994,Horse,149.3
Bulgan,1994,Sheep,582.5
Bulgan,1995,Camel,1.3
Bulgan,1995,Cattle,206.5
Bulgan,1995,Goat,186.6
Bulgan,1995,Horse,164.4
Bulgan,1995,Sheep,578.3
Bulgan,1996,Camel,1.1
Bulgan,1996,Cattle,220.3
Bulgan,1996,Goat,216.5
Bulgan,1996,Horse,170.0
Bulgan,1996,Sheep,594.7
Bulgan,1997,Camel,1.1
Bulgan,1997,Cattle,232.1
Bulgan,1997,Goat,256.1
Bulgan,1997,Horse,178.5
Bulgan,1997,Sheep,642.1
Bulgan,1998,Camel,1.0
Bulgan,1998,Cattle,247.9
Bulgan,1998,Goat,304.6
Bulgan,1998,Horse,194.8
Bulgan,1998,Sheep,710.6
Bulgan,1999,Camel,1.0
Bulgan,1999,Cattle,264.4
Bulgan,1999,Goat,335.6
Bulgan,1999,Horse,210.0
Bulgan,1999,Sheep,798.2
Bulgan,2000,Camel,1.0
Bulgan,2000,Cattle,225.8
Bulgan,2000,Goat,341.5
Bulgan,2000,Horse,190.2
Bulgan,2000,Sheep,764.5
Bulgan,2001,Camel,0.9
Bulgan,2001,Cattle,160.0
Bulgan,2001,Goat,376.7
Bulgan,2001,Horse,174.5
Bulgan,2001,Sheep,745.6
Bulgan,2002,Camel,0.7
Bulgan,2002,Cattle,141.1
Bulgan,2002,Goat,400.7
Bulgan,2002,Horse,156.7
Bulgan,2002,Sheep,688.4
Bulgan,2003,Camel,0.6
Bulgan,2003,Cattle,85.2
Bulgan,2003,Goat,353.3
Bulgan,2003,Horse,128.3
Bulgan,2003,Sheep,540.5
Bulgan,2004,Camel,0.5
Bulgan,2004,Cattle,84.5
Bulgan,2004,Goat,406.2
Bulgan,2004,Horse,128.7
Bulgan,2004,Sheep,593.3
Bulgan,2005,Camel,0.4
Bulgan,2005,Cattle,98.1
Bulgan,2005,Goat,475.3
Bulgan,2005,Horse,136.4
Bulgan,2005,Sheep,689.1
Bulgan,2006,Camel,0.4
Bulgan,2006,Cattle,114.9
Bulgan,2006,Goat,584.1
Bulgan,2006,Horse,147.8
Bulgan,2006,Sheep,825.4
Bulgan,2007,Camel,0.4
Bulgan,2007,Cattle,138.5
Bulgan,2007,Goat,720.4
Bulgan,2007,Horse,158.9
Bulgan,2007,Sheep,989.9
Bulgan,2008,Camel,0.5
Bulgan,2008,Cattle,162.2
Bulgan,2008,Goat,874.2
Bulgan,2008,Horse,177.7
Bulgan,2008,Sheep,1199.7
Bulgan,2009,Camel,0.8
Bulgan,2009,Cattle,183.9
Bulgan,2009,Goat,908.7
Bulgan,2009,Horse,185.5
Bulgan,2009,Sheep,1332.7
Bulgan,2010,Camel,0.9
Bulgan,2010,Cattle,176.1
Bulgan,2010,Goat,753.7
Bulgan,2010,Horse,182.9
Bulgan,2010,Sheep,1179.8
Bulgan,2011,Camel,1.0
Bulgan,2011,Cattle,180.9
Bulgan,2011,Goat,785.0
Bulgan,2011,Horse,186.0
Bulgan,2011,Sheep,1188.0
Bulgan,2012,Camel,1.0
Bulgan,2012,Cattle,195.1
Bulgan,2012,Goat,842.3
Bulgan,2012,Horse,199.3
Bulgan,2012,Sheep,1340.8
Bulgan,2013,Camel,1.1
Bulgan,2013,Cattle,221.0
Bulgan,2013,Goat,859.8
Bulgan,2013,Horse,225.7
Bulgan,2013,Sheep,1449.6
Bulgan,2014,Camel,1.2
Bulgan,2014,Cattle,259.3
Bulgan,2014,Goat,970.1
Bulgan,2014,Horse,253.4
Bulgan,2014,Sheep,1648.8
Bulgan,2015,Camel,1.2
Bulgan,2015,Cattle,281.6
Bulgan,2015,Goat,978.9
Bulgan,2015,Horse,264.3
Bulgan,2015,Sheep,1697.8
Bulgan,2016,Camel,1.3
Bulgan,2016,Cattle,293.6
Bulgan,2016,Goat,1055.2
Bulgan,2016,Horse,274.3
Bulgan,2016,Sheep,1861.3
Bulgan,2017,Camel,1.4
Bulgan,2017,Cattle,283.9
Bulgan,2017,Goat,1020.1
Bulgan,2017,Horse,261.9
Bulgan,2017,Sheep,1794.4
Bulgan,2018,Camel,1.4
Bulgan,2018,Cattle,255.3
Bulgan,2018,Goat,1026.6
Bulgan,2018,Horse,244.0
Bulgan,2018,Sheep,1778.2
Bulgan,2019,Camel,1.5
Bulgan,2019,Cattle,282.4
Bulgan,2019,Goat,1162.0
Bulgan,2019,Horse,272.0
Bulgan,2019,Sheep,1923.8
Bulgan,2020,Camel,1.4
Bulgan,2020,Cattle,269.8
Bulgan,2020,Goat,1104.0
Bulgan,2020,Horse,255.1
Bulgan,2020,Sheep,1765.7
Bulgan,2021,Camel,1.5
Bulgan,2021,Cattle,293.7
Bulgan,2021,Goat,1122.5
Bulgan,2021,Horse,285.7
Bulgan,2021,Sheep,1918.9
Bulgan,2022,Camel,1.6
Bulgan,2022,Cattle,332.2
Bulgan,2022,Goat,1189.5
Bulgan,2022,Horse,331.8
Bulgan,2022,Sheep,2037.8
Bulgan,2023,Camel,2.0
Bulgan,2023,Cattle,347.2
Bulgan,2023,Goat,1056.0
Bulgan,2023,Horse,351.1
Bulgan,2023,Sheep,1866.6
Bulgan,2024,Camel,2.3
Bulgan,2024,Cattle,358.0
Bulgan,2024,Goat,905.8
Bulgan,2024,Horse,357.2
Bulgan,2024,Sheep,1415.5
Central region,1970,Camel,11.2
Central region,1970,Cattle,227.3
Central region,1970,Goat,176.9
Central region,1970,Horse,199.5
Central region,1970,Sheep,1061.5
Central region,1971,Camel,11.1
Central region,1971,Cattle,228.9
Central region,1971,Goat,171.0
Central region,1971,Horse,198.3
Central region,1971,Sheep,1055.9
Central region,1972,Camel,11.1
Central region,1972,Cattle,230.3
Central region,1972,Goat,183.7
Central region,1972,Horse,188.5
Central region,1972,Sheep,1117.9
Central region,1973,Camel,10.7
Central region,1973,Cattle,229.7
Central region,1973,Goat,195.9
Central region,1973,Horse,179.9
Central region,1973,Sheep,1180.7
Central region,1974,Camel,11.0
Central region,1974,Cattle,250.1
Central region,1974,Goat,211.9
Central region,1974,Horse,189.9
Central region,1974,Sheep,1297.5
Central region,1975,Camel,11.2
Central region,1975,Cattle,271.6
Central region,1975,Goat,216.3
Central region,1975,Horse,201.4
Central region,1975,Sheep,1284.3
Central region,1976,Camel,10.6
Central region,1976,Cattle,260.6
Central region,1976,Goat,186.1
Central region,1976,Horse,189.1
Central region,1976,Sheep,1122.0
Central region,1977,Camel,9.8
Central region,1977,Cattle,247.4
Central region,1977,Goat,147.6
Central region,1977,Horse,178.2
Central region,1977,Sheep,1022.8
Central region,1978,Camel,9.9
Central region,1978,Cattle,255.5
Central region,1978,Goat,172.2
Central region,1978,Horse,178.0
Central region,1978,Sheep,1124.1
Central region,1979,Camel,12.2
Central region,1979,Cattle,253.9
Central region,1979,Goat,203.2
Central region,1979,Horse,184.6
Central region,1979,Sheep,1149.3
Central region,1980,Camel,10.5
Central region,1980,Cattle,235.1
Central region,1980,Goat,169.1
Central region,1980,Horse,176.3
Central region,1980,Sheep,1137.9
Central region,1981,Camel,10.6
Central region,1981,Cattle,233.0
Central region,1981,Goat,171.5
Central region,1981,Horse,177.4
Central region,1981,Sheep,1198.0
Central region,1982,Camel,10.9
Central region,1982,Cattle,247.2
Central region,1982,Goat,186.8
Central region,1982,Horse,183.1
Central region,1982,Sheep,1261.8
Central region,1983,Camel,11.1
Central region,1983,Cattle,256.1
Central region,1983,Goat,174.4
Central region,1983,Horse,183.0
Central region,1983,Sheep,1284.5
Central region,1984,Camel,10.4
Central region,1984,Cattle,256.0
Central region,1984,Goat,171.0
Central region,1984,Horse,180.7
Central region,1984,Sheep,1243.9
Central region,1985,Camel,9.9
Central region,1985,Cattle,254.4
Central region,1985,Goat,166.6
Central region,1985,Horse,184.8
Central region,1985,Sheep,1218.4
Central region,1986,Camel,9.7
Central region,1986,Cattle,265.1
Central region,1986,Goat,169.3
Central region,1986,Horse,192.3
Central region,1986,Sheep,1230.1
Central region,1987,Camel,9.6
Central region,1987,Cattle,271.8
Central region,1987,Goat,164.0
Central region,1987,Horse,201.0
Central region,1987,Sheep,1250.9
Central region,1988,Camel,9.6
Central region,1988,Cattle,277.1
Central region,1988,Goat,167.9
Central region,1988,Horse,211.7
Central region,1988,Sheep,1307.5
Central region,1989,Camel,10.0
Central region,1989,Cattle,303.2
Central region,1989,Goat,195.1
Central region,1989,Horse,230.2
Central region,1989,Sheep,1408.8
Central region,1990,Camel,9.8
Central region,1990,Cattle,325.7
Central region,1990,Goat,212.3
Central region,1990,Horse,244.9
Central region,1990,Sheep,1540.5
Central region,1991,Camel,7.2
Central region,1991,Cattle,324.1
Central region,1991,Goat,220.2
Central region,1991,Horse,254.0
Central region,1991,Sheep,1485.3
Central region,1992,Camel,5.9
Central region,1992,Cattle,322.3
Central region,1992,Goat,247.2
Central region,1992,Horse,250.6
Central region,1992,Sheep,1489.3
Central region,1993,Camel,5.1
Central region,1993,Cattle,296.3
Central region,1993,Goat,270.3
Central region,1993,Horse,255.2
Central region,1993,Sheep,1380.4
Central region,1994,Camel,4.6
Central region,1994,Cattle,310.5
Central region,1994,Goat,312.7
Central region,1994,Horse,269.5
Central region,1994,Sheep,1368.6
Central region,1995,Camel,4.7
Central region,1995,Cattle,341.9
Central region,1995,Goat,389.9
Central region,1995,Horse,300.0
Central region,1995,Sheep,1373.3
Central region,1996,Camel,4.6
Central region,1996,Cattle,362.7
Central region,1996,Goat,454.9
Central region,1996,Horse,313.7
Central region,1996,Sheep,1375.8
Central region,1997,Camel,4.5
Central region,1997,Cattle,371.1
Central region,1997,Goat,543.5
Central region,1997,Horse,332.7
Central region,1997,Sheep,1455.9
Central region,1998,Camel,4.6
Central region,1998,Cattle,398.1
Central region,1998,Goat,655.1
Central region,1998,Horse,359.0
Central region,1998,Sheep,1559.4
Central region,1999,Camel,4.7
Central region,1999,Cattle,384.2
Central region,1999,Goat,675.6
Central region,1999,Horse,362.6
Central region,1999,Sheep,1593.1
Central region,2000,Camel,4.5
Central region,2000,Cattle,324.3
Central region,2000,Goat,703.0
Central region,2000,Horse,308.2
Central region,2000,Sheep,1531.2
Central region,2001,Camel,3.6
Central region,2001,Cattle,245.7
Central region,2001,Goat,696.6
Central region,2001,Horse,253.7
Central region,2001,Sheep,1293.7
Central region,2002,Camel,3.6
Central region,2002,Cattle,227.8
Central region,2002,Goat,771.3
Central region,2002,Horse,244.0
Central region,2002,Sheep,1200.6
Central region,2003,Camel,3.3
Central region,2003,Cattle,180.3
Central region,2003,Goat,737.7
Central region,2003,Horse,216.7
Central region,2003,Sheep,1046.8
Central region,2004,Camel,3.0
Central region,2004,Cattle,178.8
Central region,2004,Goat,799.8
Central region,2004,Horse,216.8
Central region,2004,Sheep,1055.5
Central region,2005,Camel,2.7
Central region,2005,Cattle,201.1
Central region,2005,Goat,924.2
Central region,2005,Horse,224.0
Central region,2005,Sheep,1198.6
Central region,2006,Camel,2.9
Central region,2006,Cattle,237.4
Central region,2006,Goat,1179.3
Central region,2006,Horse,244.9
Central region,2006,Sheep,1463.4
Central region,2007,Camel,3.0
Central region,2007,Cattle,288.8
Central region,2007,Goat,1522.3
Central region,2007,Horse,268.3
Central region,2007,Sheep,1805.0
Central region,2008,Camel,3.5
Central region,2008,Cattle,338.3
Central region,2008,Goat,1905.0
Central region,2008,Horse,279.0
Central region,2008,Sheep,2264.5
Central region,2009,Camel,3.7
Central region,2009,Cattle,384.9
Central region,2009,Goat,2065.7
Central region,2009,Horse,301.7
Central region,2009,Sheep,2623.1
Central region,2010,Camel,3.7
Central region,2010,Cattle,347.9
Central region,2010,Goat,1504.1
Central region,2010,Horse,271.8
Central region,2010,Sheep,2098.5
Central region,2011,Camel,4.0
Central region,2011,Cattle,370.7
Central region,2011,Goat,1636.8
Central region,2011,Horse,299.3
Central region,2011,Sheep,2168.9
Central region,2012,Camel,3.5
Central region,2012,Cattle,401.7
Central region,2012,Goat,1705.7
Central region,2012,Horse,326.0
Central region,2012,Sheep,2381.8
Central region,2013,Camel,3.4
Central region,2013,Cattle,450.1
Central region,2013,Goat,1759.7
Central region,2013,Horse,367.9
Central region,2013,Sheep,2585.0
Central region,2014,Camel,3.5
Central region,2014,Cattle,532.6
Central region,2014,Goat,2024.2
Central region,2014,Horse,424.9
Central region,2014,Sheep,2992.2
Central region,2015,Camel,3.7
Central region,2015,Cattle,570.8
Central region,2015,Goat,2071.8
Central region,2015,Horse,457.7
Central region,2015,Sheep,3101.7
Central region,2016,Camel,4.0
Central region,2016,Cattle,599.5
Central region,2016,Goat,2179.2
Central region,2016,Horse,493.1
Central region,2016,Sheep,3353.9
Central region,2017,Camel,4.1
Central region,2017,Cattle,579.5
Central region,2017,Goat,2123.2
Central region,2017,Horse,488.0
Central region,2017,Sheep,3311.3
Central region,2018,Camel,4.0
Central region,2018,Cattle,543.4
Central region,2018,Goat,2122.2
Central region,2018,Horse,456.6
Central region,2018,Sheep,3302.2
Central region,2019,Camel,4.1
Central region,2019,Cattle,593.5
Central region,2019,Goat,2390.4
Central region,2019,Horse,494.2
Central region,2019,Sheep,3526.8
Central region,2020,Camel,4.1
Central region,2020,Cattle,626.7
Central region,2020,Goat,2455.6
Central region,2020,Horse,494.7
Central region,2020,Sheep,3485.5
Central region,2021,Camel,4.2
Central region,2021,Cattle,652.4
Central region,2021,Goat,2283.5
Central region,2021,Horse,498.9
Central region,2021,Sheep,3549.1
Central region,2022,Camel,4.6
Central region,2022,Cattle,695.7
Central region,2022,Goat,2358.0
Central region,2022,Horse,549.6
Central region,2022,Sheep,3725.4
Central region,2023,Camel,4.7
Central region,2023,Cattle,704.3
Central region,2023,Goat,2124.4
Central region,2023,Horse,587.5
Central region,2023,Sheep,3542.8
Central region,2024,Camel,4.5
Central region,2024,Cattle,716.5
Central region,2024,Goat,1820.6
Central region,2024,Horse,608.8
Central region,2024,Sheep,2854.4
Darkhan-Uul,1970,Cattle,2.2
Darkhan-Uul,1970,Goat,0.9
Darkhan-Uul,1970,Horse,0.8
Darkhan-Uul,1970,Sheep,0.3
Darkhan-Uul,1971,Cattle,4.0
Darkhan-Uul,1971,Goat,1.1
Darkhan-Uul,1971,Horse,0.8
Darkhan-Uul,1971,Sheep,2.5
Darkhan-Uul,1972,Cattle,5.5
Darkhan-Uul,1972,Goat,1.5
Darkhan-Uul,1972,Horse,1.2
Darkhan-Uul,1972,Sheep,2.5
Darkhan-Uul,1973,Cattle,3.6
Darkhan-Uul,1973,Goat,0.7
Darkhan-Uul,1973,Horse,1.1
Darkhan-Uul,1973,Sheep,0.6
Darkhan-Uul,1974,Cattle,5.0
Darkhan-Uul,1974,Goat,0.8
Darkhan-Uul,1974,Horse,1.3
Darkhan-Uul,1974,Sheep,5.3
Darkhan-Uul,1975,Cattle,5.3
Darkhan-Uul,1975,Goat,0.8
Darkhan-Uul,1975,Horse,1.4
Darkhan-Uul,1975,Sheep,5.6
Darkhan-Uul,1976,Cattle,5.7
Darkhan-Uul,1976,Goat,0.8
Darkhan-Uul,1976,Horse,1.6
Darkhan-Uul,1976,Sheep,5.9
Darkhan-Uul,1977,Cattle,6.1
Darkhan-Uul,1977,Goat,0.7
Darkhan-Uul,1977,Horse,1.7
Darkhan-Uul,1977,Sheep,7.2
Darkhan-Uul,1978,Cattle,6.4
Darkhan-Uul,1978,Goat,0.9
Darkhan-Uul,1978,Horse,1.8
Darkhan-Uul,1978,Sheep,8.6
Darkhan-Uul,1979,Camel,2.0
Darkhan-Uul,1979,Cattle,12.7
Darkhan-Uul,1979,Goat,22.9
Darkhan-Uul,1979,Horse,7.3
Darkhan-Uul,1979,Sheep,0.9
Darkhan-Uul,1980,Cattle,6.7
Darkhan-Uul,1980,Goat,1.2
Darkhan-Uul,1980,Horse,2.0
Darkhan-Uul,1980,Sheep,12.2
Darkhan-Uul,1981,Cattle,7.0
Darkhan-Uul,1981,Goat,1.4
Darkhan-Uul,1981,Horse,2.0
Darkhan-Uul,1981,Sheep,14.0
Darkhan-Uul,1982,Cattle,11.4
Darkhan-Uul,1982,Goat,2.5
Darkhan-Uul,1982,Horse,3.1
Darkhan-Uul,1982,Sheep,33.0
Darkhan-Uul,1983,Cattle,12.9
Darkhan-Uul,1983,Goat,3.0
Darkhan-Uul,1983,Horse,3.3
Darkhan-Uul,1983,Sheep,38.2
Darkhan-Uul,1984,Cattle,13.7
Darkhan-Uul,1984,Goat,3.3
Darkhan-Uul,1984,Horse,3.7
Darkhan-Uul,1984,Sheep,41.0
Darkhan-Uul,1985,Cattle,13.7
Darkhan-Uul,1985,Goat,3.3
Darkhan-Uul,1985,Horse,4.0
Darkhan-Uul,1985,Sheep,40.9
Darkhan-Uul,1986,Cattle,13.7
Darkhan-Uul,1986,Goat,3.3
Darkhan-Uul,1986,Horse,4.0
Darkhan-Uul,1986,Sheep,40.9
Darkhan-Uul,1987,Cattle,15.1
Darkhan-Uul,1987,Goat,3.2
Darkhan-Uul,1987,Horse,4.8
Darkhan-Uul,1987,Sheep,36.2
Darkhan-Uul,1988,Cattle,16.3
Darkhan-Uul,1988,Goat,3.7
Darkhan-Uul,1988,Horse,5.4
Darkhan-Uul,1988,Sheep,42.7
Darkhan-Uul,1989,Camel,0.1
Darkhan-Uul,1989,Cattle,18.3
Darkhan-Uul,1989,Goat,4.8
Darkhan-Uul,1989,Horse,6.3
Darkhan-Uul,1989,Sheep,50.8
Darkhan-Uul,1990,Camel,0.0
Darkhan-Uul,1990,Cattle,20.8
Darkhan-Uul,1990,Goat,7.8
Darkhan-Uul,1990,Horse,7.8
Darkhan-Uul,1990,Sheep,72.8
Darkhan-Uul,1991,Camel,0.1
Darkhan-Uul,1991,Cattle,25.2
Darkhan-Uul,1991,Goat,12.7
Darkhan-Uul,1991,Horse,9.6
Darkhan-Uul,1991,Sheep,89.9
Darkhan-Uul,1992,Camel,0.1
Darkhan-Uul,1992,Cattle,27.9
Darkhan-Uul,1992,Goat,17.0
Darkhan-Uul,1992,Horse,10.3
Darkhan-Uul,1992,Sheep,90.3
Darkhan-Uul,1993,Camel,0.0
Darkhan-Uul,1993,Cattle,24.6
Darkhan-Uul,1993,Goat,16.9
Darkhan-Uul,1993,Horse,10.3
Darkhan-Uul,1993,Sheep,78.5
Darkhan-Uul,1994,Camel,0.1
Darkhan-Uul,1994,Cattle,26.8
Darkhan-Uul,1994,Goat,20.9
Darkhan-Uul,1994,Horse,10.8
Darkhan-Uul,1994,Sheep,81.0
Darkhan-Uul,1995,Camel,0.0
Darkhan-Uul,1995,Cattle,29.9
Darkhan-Uul,1995,Goat,23.2
Darkhan-Uul,1995,Horse,11.6
Darkhan-Uul,1995,Sheep,74.0
Darkhan-Uul,1996,Camel,0.0
Darkhan-Uul,1996,Cattle,29.1
Darkhan-Uul,1996,Goat,25.7
Darkhan-Uul,1996,Horse,11.3
Darkhan-Uul,1996,Sheep,71.0
Darkhan-Uul,1997,Camel,0.1
Darkhan-Uul,1997,Cattle,25.9
Darkhan-Uul,1997,Goat,27.5
Darkhan-Uul,1997,Horse,11.0
Darkhan-Uul,1997,Sheep,72.3
Darkhan-Uul,1998,Camel,0.1
Darkhan-Uul,1998,Cattle,31.1
Darkhan-Uul,1998,Goat,40.5
Darkhan-Uul,1998,Horse,12.2
Darkhan-Uul,1998,Sheep,84.3
Darkhan-Uul,1999,Camel,0.1
Darkhan-Uul,1999,Cattle,33.4
Darkhan-Uul,1999,Goat,43.1
Darkhan-Uul,1999,Horse,12.7
Darkhan-Uul,1999,Sheep,90.0
Darkhan-Uul,2000,Camel,0.2
Darkhan-Uul,2000,Cattle,31.6
Darkhan-Uul,2000,Goat,53.6
Darkhan-Uul,2000,Horse,12.7
Darkhan-Uul,2000,Sheep,96.5
Darkhan-Uul,2001,Camel,0.1
Darkhan-Uul,2001,Cattle,28.9
Darkhan-Uul,2001,Goat,52.8
Darkhan-Uul,2001,Horse,13.2
Darkhan-Uul,2001,Sheep,84.7
Darkhan-Uul,2002,Camel,0.1
Darkhan-Uul,2002,Cattle,24.5
Darkhan-Uul,2002,Goat,53.6
Darkhan-Uul,2002,Horse,10.7
Darkhan-Uul,2002,Sheep,77.1
Darkhan-Uul,2003,Camel,0.0
Darkhan-Uul,2003,Cattle,17.3
Darkhan-Uul,2003,Goat,40.4
Darkhan-Uul,2003,Horse,8.6
Darkhan-Uul,2003,Sheep,55.8
Darkhan-Uul,2004,Camel,0.0
Darkhan-Uul,2004,Cattle,17.1
Darkhan-Uul,2004,Goat,42.7
Darkhan-Uul,2004,Horse,8.1
Darkhan-Uul,2004,Sheep,57.1
Darkhan-Uul,2005,Camel,0.1
Darkhan-Uul,2005,Cattle,19.4
Darkhan-Uul,2005,Goat,50.5
Darkhan-Uul,2005,Horse,7.5
Darkhan-Uul,2005,Sheep,65.4
Darkhan-Uul,2006,Camel,0.3
Darkhan-Uul,2006,Cattle,21.1
Darkhan-Uul,2006,Goat,68.3
Darkhan-Uul,2006,Horse,7.8
Darkhan-Uul,2006,Sheep,82.7
Darkhan-Uul,2007,Camel,0.4
Darkhan-Uul,2007,Cattle,26.1
Darkhan-Uul,2007,Goat,93.8
Darkhan-Uul,2007,Horse,7.9
Darkhan-Uul,2007,Sheep,102.2
Darkhan-Uul,2008,Camel,0.5
Darkhan-Uul,2008,Cattle,32.6
Darkhan-Uul,2008,Goat,138.8
Darkhan-Uul,2008,Horse,10.4
Darkhan-Uul,2008,Sheep,163.0
Darkhan-Uul,2009,Camel,0.4
Darkhan-Uul,2009,Cattle,37.6
Darkhan-Uul,2009,Goat,136.0
Darkhan-Uul,2009,Horse,11.1
Darkhan-Uul,2009,Sheep,176.5
Darkhan-Uul,2010,Camel,0.7
Darkhan-Uul,2010,Cattle,32.5
Darkhan-Uul,2010,Goat,78.8
Darkhan-Uul,2010,Horse,10.2
Darkhan-Uul,2010,Sheep,127.6
Darkhan-Uul,2011,Camel,0.5
Darkhan-Uul,2011,Cattle,33.9
Darkhan-Uul,2011,Goat,86.5
Darkhan-Uul,2011,Horse,11.0
Darkhan-Uul,2011,Sheep,125.0
Darkhan-Uul,2012,Camel,0.4
Darkhan-Uul,2012,Cattle,35.6
Darkhan-Uul,2012,Goat,85.1
Darkhan-Uul,2012,Horse,11.3
Darkhan-Uul,2012,Sheep,136.0
Darkhan-Uul,2013,Camel,0.2
Darkhan-Uul,2013,Cattle,39.2
Darkhan-Uul,2013,Goat,81.9
Darkhan-Uul,2013,Horse,12.8
Darkhan-Uul,2013,Sheep,144.9
Darkhan-Uul,2014,Camel,0.1
Darkhan-Uul,2014,Cattle,46.6
Darkhan-Uul,2014,Goat,95.8
Darkhan-Uul,2014,Horse,14.2
Darkhan-Uul,2014,Sheep,167.6
Darkhan-Uul,2015,Camel,0.1
Darkhan-Uul,2015,Cattle,46.9
Darkhan-Uul,2015,Goat,83.0
Darkhan-Uul,2015,Horse,14.7
Darkhan-Uul,2015,Sheep,143.6
Darkhan-Uul,2016,Camel,0.1
Darkhan-Uul,2016,Cattle,49.0
Darkhan-Uul,2016,Goat,95.9
Darkhan-Uul,2016,Horse,16.9
Darkhan-Uul,2016,Sheep,162.2
Darkhan-Uul,2017,Camel,0.0
Darkhan-Uul,2017,Cattle,50.3
Darkhan-Uul,2017,Goat,92.8
Darkhan-Uul,2017,Horse,17.0
Darkhan-Uul,2017,Sheep,150.8
Darkhan-Uul,2018,Camel,0.1
Darkhan-Uul,2018,Cattle,44.3
Darkhan-Uul,2018,Goat,97.0
Darkhan-Uul,2018,Horse,17.7
Darkhan-Uul,2018,Sheep,147.1
Darkhan-Uul,2019,Camel,0.1
Darkhan-Uul,2019,Cattle,47.4
Darkhan-Uul,2019,Goat,118.3
Darkhan-Uul,2019,Horse,19.3
Darkhan-Uul,2019,Sheep,162.3
Darkhan-Uul,2020,Camel,0.1
Darkhan-Uul,2020,Cattle,48.6
Darkhan-Uul,2020,Goat,129.8
Darkhan-Uul,2020,Horse,20.3
Darkhan-Uul,2020,Sheep,161.8
Darkhan-Uul,2021,Camel,0.1
Darkhan-Uul,2021,Cattle,50.9
Darkhan-Uul,2021,Goat,118.4
Darkhan-Uul,2021,Horse,22.1
Darkhan-Uul,2021,Sheep,163.8
Darkhan-Uul,2022,Camel,0.0
Darkhan-Uul,2022,Cattle,48.4
Darkhan-Uul,2022,Goat,102.6
Darkhan-Uul,2022,Horse,21.6
Darkhan-Uul,2022,Sheep,140.6
Darkhan-Uul,2023,Camel,0.0
Darkhan-Uul,2023,Cattle,46.0
Darkhan-Uul,2023,Goat,81.1
Darkhan-Uul,2023,Horse,21.9
Darkhan-Uul,2023,Sheep,112.2
Darkhan-Uul,2024,Camel,0.0
Darkhan-Uul,2024,Cattle,47.8
Darkhan-Uul,2024,Goat,79.2
Darkhan-Uul,2024,Horse,24.6
Darkhan-Uul,2024,Sheep,100.6
Dornod,1970,Camel,15.6
Dornod,1970,Cattle,96.8
Dornod,1970,Goat,54.8
Dornod,1970,Horse,98.3
Dornod,1970,Sheep,726.6
Dornod,1971,Camel,15.9
Dornod,1971,Cattle,101.7
Dornod,1971,Goat,57.4
Dornod,1971,Horse,103.0
Dornod,1971,Sheep,737.2
Dornod,1972,Camel,15.5
Dornod,1972,Cattle,101.2
Dornod,1972,Goat,53.4
Dornod,1972,Horse,98.3
Dornod,1972,Sheep,707.0
Dornod,1973,Camel,16.2
Dornod,1973,Cattle,107.9
Dornod,1973,Goat,56.6
Dornod,1973,Horse,103.3
Dornod,1973,Sheep,738.1
Dornod,1974,Camel,16.6
Dornod,1974,Cattle,119.1
Dornod,1974,Goat,62.7
Dornod,1974,Horse,106.5
Dornod,1974,Sheep,767.8
Dornod,1975,Camel,17.3
Dornod,1975,Cattle,122.2
Dornod,1975,Goat,64.3
Dornod,1975,Horse,110.9
Dornod,1975,Sheep,780.1
Dornod,1976,Camel,17.1
Dornod,1976,Cattle,122.1
Dornod,1976,Goat,56.4
Dornod,1976,Horse,108.1
Dornod,1976,Sheep,724.6
Dornod,1977,Camel,17.2
Dornod,1977,Cattle,122.1
Dornod,1977,Goat,61.4
Dornod,1977,Horse,103.8
Dornod,1977,Sheep,714.5
Dornod,1978,Camel,17.3
Dornod,1978,Cattle,128.3
Dornod,1978,Goat,61.5
Dornod,1978,Horse,99.3
Dornod,1978,Sheep,785.5
Dornod,1979,Camel,17.5
Dornod,1979,Cattle,131.0
Dornod,1979,Goat,62.9
Dornod,1979,Horse,101.0
Dornod,1979,Sheep,801.8
Dornod,1980,Camel,15.7
Dornod,1980,Cattle,125.3
Dornod,1980,Goat,54.3
Dornod,1980,Horse,81.0
Dornod,1980,Sheep,760.7
Dornod,1981,Camel,16.6
Dornod,1981,Cattle,131.2
Dornod,1981,Goat,58.8
Dornod,1981,Horse,85.4
Dornod,1981,Sheep,838.5
Dornod,1982,Camel,16.0
Dornod,1982,Cattle,123.2
Dornod,1982,Goat,55.4
Dornod,1982,Horse,83.4
Dornod,1982,Sheep,825.0
Dornod,1983,Camel,16.0
Dornod,1983,Cattle,113.9
Dornod,1983,Goat,48.5
Dornod,1983,Horse,82.5
Dornod,1983,Sheep,729.8
Dornod,1984,Camel,15.3
Dornod,1984,Cattle,112.2
Dornod,1984,Goat,45.5
Dornod,1984,Horse,84.3
Dornod,1984,Sheep,672.5
Dornod,1985,Camel,14.9
Dornod,1985,Cattle,112.2
Dornod,1985,Goat,44.1
Dornod,1985,Horse,85.0
Dornod,1985,Sheep,673.9
Dornod,1986,Camel,14.4
Dornod,1986,Cattle,113.2
Dornod,1986,Goat,39.7
Dornod,1986,Horse,83.9
Dornod,1986,Sheep,624.9
Dornod,1987,Camel,14.2
Dornod,1987,Cattle,115.3
Dornod,1987,Goat,41.1
Dornod,1987,Horse,85.7
Dornod,1987,Sheep,631.2
Dornod,1988,Camel,14.3
Dornod,1988,Cattle,115.4
Dornod,1988,Goat,41.4
Dornod,1988,Horse,87.9
Dornod,1988,Sheep,638.3
Dornod,1989,Camel,14.4
Dornod,1989,Cattle,121.3
Dornod,1989,Goat,44.2
Dornod,1989,Horse,90.9
Dornod,1989,Sheep,652.9
Dornod,1990,Camel,13.3
Dornod,1990,Cattle,126.1
Dornod,1990,Goat,44.0
Dornod,1990,Horse,92.0
Dornod,1990,Sheep,661.2
Dornod,1991,Camel,11.8
Dornod,1991,Cattle,124.0
Dornod,1991,Goat,42.6
Dornod,1991,Horse,93.1
Dornod,1991,Sheep,617.5
Dornod,1992,Camel,9.9
Dornod,1992,Cattle,123.3
Dornod,1992,Goat,46.7
Dornod,1992,Horse,92.4
Dornod,1992,Sheep,529.8
Dornod,1993,Camel,8.6
Dornod,1993,Cattle,117.6
Dornod,1993,Goat,50.8
Dornod,1993,Horse,92.5
Dornod,1993,Sheep,443.3
Dornod,1994,Camel,7.7
Dornod,1994,Cattle,115.0
Dornod,1994,Goat,58.6
Dornod,1994,Horse,92.8
Dornod,1994,Sheep,376.3
Dornod,1995,Camel,6.8
Dornod,1995,Cattle,111.7
Dornod,1995,Goat,65.1
Dornod,1995,Horse,88.4
Dornod,1995,Sheep,319.4
Dornod,1996,Camel,6.2
Dornod,1996,Cattle,111.1
Dornod,1996,Goat,75.8
Dornod,1996,Horse,87.0
Dornod,1996,Sheep,314.0
Dornod,1997,Camel,6.1
Dornod,1997,Cattle,121.8
Dornod,1997,Goat,95.8
Dornod,1997,Horse,89.9
Dornod,1997,Sheep,343.6
Dornod,1998,Camel,6.1
Dornod,1998,Cattle,132.9
Dornod,1998,Goat,116.2
Dornod,1998,Horse,95.4
Dornod,1998,Sheep,385.2
Dornod,1999,Camel,6.0
Dornod,1999,Cattle,146.2
Dornod,1999,Goat,123.5
Dornod,1999,Horse,104.0
Dornod,1999,Sheep,432.1
Dornod,2000,Camel,5.9
Dornod,2000,Cattle,142.7
Dornod,2000,Goat,133.6
Dornod,2000,Horse,105.5
Dornod,2000,Sheep,438.5
Dornod,2001,Camel,6.0
Dornod,2001,Cattle,100.1
Dornod,2001,Goat,152.7
Dornod,2001,Horse,109.6
Dornod,2001,Sheep,425.7
Dornod,2002,Camel,6.2
Dornod,2002,Cattle,99.7
Dornod,2002,Goat,185.4
Dornod,2002,Horse,115.6
Dornod,2002,Sheep,418.5
Dornod,2003,Camel,6.3
Dornod,2003,Cattle,101.1
Dornod,2003,Goat,207.8
Dornod,2003,Horse,121.8
Dornod,2003,Sheep,406.9
Dornod,2004,Camel,6.4
Dornod,2004,Cattle,98.5
Dornod,2004,Goat,234.4
Dornod,2004,Horse,124.7
Dornod,2004,Sheep,424.0
Dornod,2005,Camel,6.3
Dornod,2005,Cattle,99.8
Dornod,2005,Goat,273.7
Dornod,2005,Horse,128.8
Dornod,2005,Sheep,469.9
Dornod,2006,Camel,6.0
Dornod,2006,Cattle,106.4
Dornod,2006,Goat,338.4
Dornod,2006,Horse,135.0
Dornod,2006,Sheep,527.3
Dornod,2007,Camel,6.3
Dornod,2007,Cattle,117.5
Dornod,2007,Goat,429.2
Dornod,2007,Horse,142.9
Dornod,2007,Sheep,611.4
Dornod,2008,Camel,6.3
Dornod,2008,Cattle,123.8
Dornod,2008,Goat,512.0
Dornod,2008,Horse,145.5
Dornod,2008,Sheep,688.6
Dornod,2009,Camel,6.4
Dornod,2009,Cattle,126.8
Dornod,2009,Goat,473.4
Dornod,2009,Horse,140.1
Dornod,2009,Sheep,704.1
Dornod,2010,Camel,6.0
Dornod,2010,Cattle,107.8
Dornod,2010,Goat,312.4
Dornod,2010,Horse,136.3
Dornod,2010,Sheep,550.8
Dornod,2011,Camel,5.6
Dornod,2011,Cattle,109.7
Dornod,2011,Goat,335.1
Dornod,2011,Horse,144.1
Dornod,2011,Sheep,555.4
Dornod,2012,Camel,5.0
Dornod,2012,Cattle,119.7
Dornod,2012,Goat,346.9
Dornod,2012,Horse,150.8
Dornod,2012,Sheep,584.8
Dornod,2013,Camel,4.7
Dornod,2013,Cattle,124.7
Dornod,2013,Goat,336.8
Dornod,2013,Horse,160.9
Dornod,2013,Sheep,593.0
Dornod,2014,Camel,4.6
Dornod,2014,Cattle,142.5
Dornod,2014,Goat,396.5
Dornod,2014,Horse,176.5
Dornod,2014,Sheep,673.3
Dornod,2015,Camel,4.9
Dornod,2015,Cattle,163.7
Dornod,2015,Goat,445.0
Dornod,2015,Horse,196.5
Dornod,2015,Sheep,745.3
Dornod,2016,Camel,5.2
Dornod,2016,Cattle,175.6
Dornod,2016,Goat,485.8
Dornod,2016,Horse,225.0
Dornod,2016,Sheep,831.4
Dornod,2017,Camel,5.6
Dornod,2017,Cattle,207.9
Dornod,2017,Goat,592.1
Dornod,2017,Horse,250.7
Dornod,2017,Sheep,1001.6
Dornod,2018,Camel,6.1
Dornod,2018,Cattle,243.1
Dornod,2018,Goat,702.1
Dornod,2018,Horse,278.8
Dornod,2018,Sheep,1147.7
Dornod,2019,Camel,6.3
Dornod,2019,Cattle,277.4
Dornod,2019,Goat,786.2
Dornod,2019,Horse,297.4
Dornod,2019,Sheep,1262.4
Dornod,2020,Camel,6.2
Dornod,2020,Cattle,305.1
Dornod,2020,Goat,810.9
Dornod,2020,Horse,324.5
Dornod,2020,Sheep,1303.1
Dornod,2021,Camel,6.5
Dornod,2021,Cattle,353.2
Dornod,2021,Goat,852.7
Dornod,2021,Horse,368.5
Dornod,2021,Sheep,1470.2
Dornod,2022,Camel,6.5
Dornod,2022,Cattle,401.9
Dornod,2022,Goat,898.4
Dornod,2022,Horse,420.2
Dornod,2022,Sheep,1615.4
Dornod,2023,Camel,6.5
Dornod,2023,Cattle,391.5
Dornod,2023,Goat,795.4
Dornod,2023,Horse,443.8
Dornod,2023,Sheep,1514.5
Dornod,2024,Camel,5.9
Dornod,2024,Cattle,319.6
Dornod,2024,Goat,657.8
Dornod,2024,Horse,438.2
Dornod,2024,Sheep,1230.7
Dornogovi,1970,Camel,75.5
Dornogovi,1970,Cattle,41.1
Dornogovi,1970,Goat,146.8
Dornogovi,1970,Horse,94.7
Dornogovi,1970,Sheep,409.4
Dornogovi,1971,Camel,79.9
Dornogovi,1971,Cattle,46.1
Dornogovi,1971,Goat,156.5
Dornogovi,1971,Horse,100.6
Dornogovi,1971,Sheep,421.5
Dornogovi,1972,Camel,79.8
Dornogovi,1972,Cattle,49.7
Dornogovi,1972,Goat,169.3
Dornogovi,1972,Horse,103.6
Dornogovi,1972,Sheep,439.7
Dornogovi,1973,Camel,73.2
Dornogovi,1973,Cattle,55.8
Dornogovi,1973,Goat,171.4
Dornogovi,1973,Horse,108.3
Dornogovi,1973,Sheep,451.8
Dornogovi,1974,Camel,73.9
Dornogovi,1974,Cattle,64.3
Dornogovi,1974,Goat,191.7
Dornogovi,1974,Horse,112.4
Dornogovi,1974,Sheep,485.9
Dornogovi,1975,Camel,72.7
Dornogovi,1975,Cattle,67.1
Dornogovi,1975,Goat,183.8
Dornogovi,1975,Horse,110.0
Dornogovi,1975,Sheep,485.0
Dornogovi,1976,Camel,69.1
Dornogovi,1976,Cattle,67.8
Dornogovi,1976,Goat,179.3
Dornogovi,1976,Horse,108.2
Dornogovi,1976,Sheep,484.5
Dornogovi,1977,Camel,70.2
Dornogovi,1977,Cattle,69.1
Dornogovi,1977,Goat,176.3
Dornogovi,1977,Horse,102.5
Dornogovi,1977,Sheep,441.5
Dornogovi,1978,Camel,71.5
Dornogovi,1978,Cattle,72.5
Dornogovi,1978,Goat,189.5
Dornogovi,1978,Horse,105.9
Dornogovi,1978,Sheep,463.8
Dornogovi,1979,Camel,73.6
Dornogovi,1979,Cattle,73.6
Dornogovi,1979,Goat,182.8
Dornogovi,1979,Horse,105.1
Dornogovi,1979,Sheep,472.4
Dornogovi,1980,Camel,68.7
Dornogovi,1980,Cattle,72.5
Dornogovi,1980,Goat,170.4
Dornogovi,1980,Horse,98.3
Dornogovi,1980,Sheep,465.5
Dornogovi,1981,Camel,65.5
Dornogovi,1981,Cattle,70.0
Dornogovi,1981,Goat,158.1
Dornogovi,1981,Horse,95.7
Dornogovi,1981,Sheep,480.2
Dornogovi,1982,Camel,67.0
Dornogovi,1982,Cattle,73.9
Dornogovi,1982,Goat,173.7
Dornogovi,1982,Horse,97.2
Dornogovi,1982,Sheep,509.2
Dornogovi,1983,Camel,68.6
Dornogovi,1983,Cattle,75.2
Dornogovi,1983,Goat,170.4
Dornogovi,1983,Horse,91.7
Dornogovi,1983,Sheep,478.2
Dornogovi,1984,Camel,68.6
Dornogovi,1984,Cattle,77.2
Dornogovi,1984,Goat,165.7
Dornogovi,1984,Horse,90.1
Dornogovi,1984,Sheep,486.5
Dornogovi,1985,Camel,68.4
Dornogovi,1985,Cattle,79.0
Dornogovi,1985,Goat,168.6
Dornogovi,1985,Horse,88.3
Dornogovi,1985,Sheep,492.3
Dornogovi,1986,Camel,66.4
Dornogovi,1986,Cattle,77.7
Dornogovi,1986,Goat,167.7
Dornogovi,1986,Horse,83.4
Dornogovi,1986,Sheep,496.0
Dornogovi,1987,Camel,65.6
Dornogovi,1987,Cattle,76.2
Dornogovi,1987,Goat,165.4
Dornogovi,1987,Horse,82.7
Dornogovi,1987,Sheep,488.0
Dornogovi,1988,Camel,68.0
Dornogovi,1988,Cattle,74.2
Dornogovi,1988,Goat,179.4
Dornogovi,1988,Horse,82.6
Dornogovi,1988,Sheep,488.1
Dornogovi,1989,Camel,67.5
Dornogovi,1989,Cattle,80.0
Dornogovi,1989,Goat,203.1
Dornogovi,1989,Horse,85.8
Dornogovi,1989,Sheep,525.9
Dornogovi,1990,Camel,60.7
Dornogovi,1990,Cattle,77.0
Dornogovi,1990,Goat,184.8
Dornogovi,1990,Horse,82.9
Dornogovi,1990,Sheep,538.2
Dornogovi,1991,Camel,52.5
Dornogovi,1991,Cattle,73.4
Dornogovi,1991,Goat,200.5
Dornogovi,1991,Horse,77.9
Dornogovi,1991,Sheep,486.7
Dornogovi,1992,Camel,46.5
Dornogovi,1992,Cattle,74.2
Dornogovi,1992,Goat,204.4
Dornogovi,1992,Horse,78.0
Dornogovi,1992,Sheep,467.8
Dornogovi,1993,Camel,35.8
Dornogovi,1993,Cattle,69.9
Dornogovi,1993,Goat,197.8
Dornogovi,1993,Horse,76.9
Dornogovi,1993,Sheep,430.0
Dornogovi,1994,Camel,33.2
Dornogovi,1994,Cattle,75.9
Dornogovi,1994,Goat,227.4
Dornogovi,1994,Horse,81.4
Dornogovi,1994,Sheep,406.5
Dornogovi,1995,Camel,31.2
Dornogovi,1995,Cattle,85.0
Dornogovi,1995,Goat,271.5
Dornogovi,1995,Horse,89.4
Dornogovi,1995,Sheep,409.1
Dornogovi,1996,Camel,30.0
Dornogovi,1996,Cattle,91.1
Dornogovi,1996,Goat,294.4
Dornogovi,1996,Horse,95.8
Dornogovi,1996,Sheep,411.4
Dornogovi,1997,Camel,29.2
Dornogovi,1997,Cattle,93.1
Dornogovi,1997,Goat,323.9
Dornogovi,1997,Horse,102.1
Dornogovi,1997,Sheep,415.0
Dornogovi,1998,Camel,29.5
Dornogovi,1998,Cattle,93.7
Dornogovi,1998,Goat,344.3
Dornogovi,1998,Horse,110.7
Dornogovi,1998,Sheep,439.6
Dornogovi,1999,Camel,30.3
Dornogovi,1999,Cattle,103.7
Dornogovi,1999,Goat,375.7
Dornogovi,1999,Horse,123.2
Dornogovi,1999,Sheep,477.4
Dornogovi,2000,Camel,29.8
Dornogovi,2000,Cattle,89.4
Dornogovi,2000,Goat,344.6
Dornogovi,2000,Horse,118.9
Dornogovi,2000,Sheep,453.9
Dornogovi,2001,Camel,28.1
Dornogovi,2001,Cattle,44.5
Dornogovi,2001,Goat,318.8
Dornogovi,2001,Horse,81.3
Dornogovi,2001,Sheep,365.6
Dornogovi,2002,Camel,28.2
Dornogovi,2002,Cattle,37.4
Dornogovi,2002,Goat,345.0
Dornogovi,2002,Horse,74.8
Dornogovi,2002,Sheep,340.4
Dornogovi,2003,Camel,29.0
Dornogovi,2003,Cattle,44.7
Dornogovi,2003,Goat,414.6
Dornogovi,2003,Horse,83.1
Dornogovi,2003,Sheep,355.1
Dornogovi,2004,Camel,29.7
Dornogovi,2004,Cattle,49.9
Dornogovi,2004,Goat,469.6
Dornogovi,2004,Horse,87.5
Dornogovi,2004,Sheep,381.9
Dornogovi,2005,Camel,28.5
Dornogovi,2005,Cattle,44.7
Dornogovi,2005,Goat,446.2
Dornogovi,2005,Horse,79.1
Dornogovi,2005,Sheep,372.5
Dornogovi,2006,Camel,25.5
Dornogovi,2006,Cattle,27.2
Dornogovi,2006,Goat,320.3
Dornogovi,2006,Horse,57.5
Dornogovi,2006,Sheep,281.8
Dornogovi,2007,Camel,24.5
Dornogovi,2007,Cattle,30.0
Dornogovi,2007,Goat,388.5
Dornogovi,2007,Horse,60.8
Dornogovi,2007,Sheep,310.9
Dornogovi,2008,Camel,25.1
Dornogovi,2008,Cattle,34.3
Dornogovi,2008,Goat,456.7
Dornogovi,2008,Horse,64.6
Dornogovi,2008,Sheep,352.0
Dornogovi,2009,Camel,26.1
Dornogovi,2009,Cattle,40.0
Dornogovi,2009,Goat,529.4
Dornogovi,2009,Horse,72.8
Dornogovi,2009,Sheep,408.7
Dornogovi,2010,Camel,28.1
Dornogovi,2010,Cattle,40.5
Dornogovi,2010,Goat,489.6
Dornogovi,2010,Horse,77.4
Dornogovi,2010,Sheep,421.3
Dornogovi,2011,Camel,30.0
Dornogovi,2011,Cattle,45.7
Dornogovi,2011,Goat,568.0
Dornogovi,2011,Horse,86.5
Dornogovi,2011,Sheep,477.3
Dornogovi,2012,Camel,31.4
Dornogovi,2012,Cattle,50.3
Dornogovi,2012,Goat,619.1
Dornogovi,2012,Horse,95.6
Dornogovi,2012,Sheep,531.5
Dornogovi,2013,Camel,32.8
Dornogovi,2013,Cattle,59.4
Dornogovi,2013,Goat,705.2
Dornogovi,2013,Horse,107.0
Dornogovi,2013,Sheep,611.9
Dornogovi,2014,Camel,34.8
Dornogovi,2014,Cattle,65.4
Dornogovi,2014,Goat,775.0
Dornogovi,2014,Horse,120.8
Dornogovi,2014,Sheep,690.7
Dornogovi,2015,Camel,36.1
Dornogovi,2015,Cattle,69.9
Dornogovi,2015,Goat,812.2
Dornogovi,2015,Horse,131.6
Dornogovi,2015,Sheep,751.4
Dornogovi,2016,Camel,37.7
Dornogovi,2016,Cattle,63.0
Dornogovi,2016,Goat,775.2
Dornogovi,2016,Horse,118.7
Dornogovi,2016,Sheep,758.4
Dornogovi,2017,Camel,40.7
Dornogovi,2017,Cattle,72.6
Dornogovi,2017,Goat,893.6
Dornogovi,2017,Horse,133.2
Dornogovi,2017,Sheep,861.5
Dornogovi,2018,Camel,42.8
Dornogovi,2018,Cattle,80.6
Dornogovi,2018,Goat,958.6
Dornogovi,2018,Horse,140.0
Dornogovi,2018,Sheep,926.2
Dornogovi,2019,Camel,43.5
Dornogovi,2019,Cattle,91.9
Dornogovi,2019,Goat,1094.6
Dornogovi,2019,Horse,152.6
Dornogovi,2019,Sheep,1021.6
Dornogovi,2020,Camel,45.4
Dornogovi,2020,Cattle,103.7
Dornogovi,2020,Goat,1167.7
Dornogovi,2020,Horse,165.0
Dornogovi,2020,Sheep,1069.7
Dornogovi,2021,Camel,48.3
Dornogovi,2021,Cattle,118.1
Dornogovi,2021,Goat,1198.1
Dornogovi,2021,Horse,183.8
Dornogovi,2021,Sheep,1158.5
Dornogovi,2022,Camel,52.6
Dornogovi,2022,Cattle,131.5
Dornogovi,2022,Goat,1278.3
Dornogovi,2022,Horse,202.2
Dornogovi,2022,Sheep,1245.1
Dornogovi,2023,Camel,54.5
Dornogovi,2023,Cattle,108.1
Dornogovi,2023,Goat,962.8
Dornogovi,2023,Horse,171.7
Dornogovi,2023,Sheep,997.7
Dornogovi,2024,Camel,58.1
Dornogovi,2024,Cattle,71.7
Dornogovi,2024,Goat,660.5
Dornogovi,2024,Horse,107.1
Dornogovi,2024,Sheep,554.8
Dundgovi,1970,Camel,64.7
Dundgovi,1970,Cattle,64.3
Dundgovi,1970,Goat,320.9
Dundgovi,1970,Horse,180.3
Dundgovi,1970,Sheep,709.0
Dundgovi,1971,Camel,64.4
Dundgovi,1971,Cattle,55.8
Dundgovi,1971,Goat,271.8
Dundgovi,1971,Horse,159.0
Dundgovi,1971,Sheep,635.5
Dundgovi,1972,Camel,66.4
Dundgovi,1972,Cattle,61.8
Dundgovi,1972,Goat,320.1
Dundgovi,1972,Horse,167.0
Dundgovi,1972,Sheep,707.1
Dundgovi,1973,Camel,67.1
Dundgovi,1973,Cattle,67.4
Dundgovi,1973,Goat,333.1
Dundgovi,1973,Horse,163.2
Dundgovi,1973,Sheep,732.2
Dundgovi,1974,Camel,68.5
Dundgovi,1974,Cattle,78.3
Dundgovi,1974,Goat,353.6
Dundgovi,1974,Horse,185.2
Dundgovi,1974,Sheep,776.3
Dundgovi,1975,Camel,66.9
Dundgovi,1975,Cattle,85.3
Dundgovi,1975,Goat,344.8
Dundgovi,1975,Horse,182.9
Dundgovi,1975,Sheep,756.0
Dundgovi,1976,Camel,62.7
Dundgovi,1976,Cattle,89.7
Dundgovi,1976,Goat,352.1
Dundgovi,1976,Horse,179.8
Dundgovi,1976,Sheep,789.1
Dundgovi,1977,Camel,61.1
Dundgovi,1977,Cattle,91.4
Dundgovi,1977,Goat,326.9
Dundgovi,1977,Horse,159.8
Dundgovi,1977,Sheep,726.2
Dundgovi,1978,Camel,60.8
Dundgovi,1978,Cattle,95.7
Dundgovi,1978,Goat,373.3
Dundgovi,1978,Horse,158.0
Dundgovi,1978,Sheep,788.2
Dundgovi,1979,Camel,60.8
Dundgovi,1979,Cattle,95.9
Dundgovi,1979,Goat,370.7
Dundgovi,1979,Horse,155.2
Dundgovi,1979,Sheep,782.1
Dundgovi,1980,Camel,55.9
Dundgovi,1980,Cattle,84.7
Dundgovi,1980,Goat,334.4
Dundgovi,1980,Horse,142.9
Dundgovi,1980,Sheep,734.1
Dundgovi,1981,Camel,52.4
Dundgovi,1981,Cattle,62.2
Dundgovi,1981,Goat,320.8
Dundgovi,1981,Horse,122.8
Dundgovi,1981,Sheep,730.4
Dundgovi,1982,Camel,53.0
Dundgovi,1982,Cattle,68.8
Dundgovi,1982,Goat,366.1
Dundgovi,1982,Horse,131.3
Dundgovi,1982,Sheep,775.2
Dundgovi,1983,Camel,54.2
Dundgovi,1983,Cattle,73.9
Dundgovi,1983,Goat,371.6
Dundgovi,1983,Horse,130.0
Dundgovi,1983,Sheep,778.7
Dundgovi,1984,Camel,54.5
Dundgovi,1984,Cattle,75.1
Dundgovi,1984,Goat,348.2
Dundgovi,1984,Horse,126.1
Dundgovi,1984,Sheep,711.2
Dundgovi,1985,Camel,53.1
Dundgovi,1985,Cattle,76.1
Dundgovi,1985,Goat,335.2
Dundgovi,1985,Horse,126.0
Dundgovi,1985,Sheep,711.6
Dundgovi,1986,Camel,53.1
Dundgovi,1986,Cattle,79.6
Dundgovi,1986,Goat,350.5
Dundgovi,1986,Horse,132.0
Dundgovi,1986,Sheep,720.5
Dundgovi,1987,Camel,53.0
Dundgovi,1987,Cattle,79.7
Dundgovi,1987,Goat,311.4
Dundgovi,1987,Horse,127.3
Dundgovi,1987,Sheep,662.5
Dundgovi,1988,Camel,54.0
Dundgovi,1988,Cattle,79.7
Dundgovi,1988,Goat,305.2
Dundgovi,1988,Horse,132.4
Dundgovi,1988,Sheep,655.1
Dundgovi,1989,Camel,56.0
Dundgovi,1989,Cattle,87.1
Dundgovi,1989,Goat,374.1
Dundgovi,1989,Horse,144.9
Dundgovi,1989,Sheep,744.7
Dundgovi,1990,Camel,53.7
Dundgovi,1990,Cattle,93.8
Dundgovi,1990,Goat,404.7
Dundgovi,1990,Horse,152.0
Dundgovi,1990,Sheep,801.3
Dundgovi,1991,Camel,48.1
Dundgovi,1991,Cattle,96.9
Dundgovi,1991,Goat,429.5
Dundgovi,1991,Horse,155.3
Dundgovi,1991,Sheep,841.9
Dundgovi,1992,Camel,41.1
Dundgovi,1992,Cattle,95.0
Dundgovi,1992,Goat,447.3
Dundgovi,1992,Horse,148.3
Dundgovi,1992,Sheep,859.5
Dundgovi,1993,Camel,31.4
Dundgovi,1993,Cattle,84.1
Dundgovi,1993,Goat,450.8
Dundgovi,1993,Horse,131.9
Dundgovi,1993,Sheep,785.8
Dundgovi,1994,Camel,30.5
Dundgovi,1994,Cattle,88.2
Dundgovi,1994,Goat,492.2
Dundgovi,1994,Horse,141.2
Dundgovi,1994,Sheep,769.7
Dundgovi,1995,Camel,30.7
Dundgovi,1995,Cattle,103.6
Dundgovi,1995,Goat,605.5
Dundgovi,1995,Horse,163.8
Dundgovi,1995,Sheep,810.9
Dundgovi,1996,Camel,29.7
Dundgovi,1996,Cattle,116.0
Dundgovi,1996,Goat,674.6
Dundgovi,1996,Horse,182.4
Dundgovi,1996,Sheep,842.1
Dundgovi,1997,Camel,29.8
Dundgovi,1997,Cattle,127.9
Dundgovi,1997,Goat,770.9
Dundgovi,1997,Horse,195.8
Dundgovi,1997,Sheep,901.4
Dundgovi,1998,Camel,29.4
Dundgovi,1998,Cattle,137.4
Dundgovi,1998,Goat,856.5
Dundgovi,1998,Horse,218.0
Dundgovi,1998,Sheep,971.5
Dundgovi,1999,Camel,28.4
Dundgovi,1999,Cattle,126.6
Dundgovi,1999,Goat,766.9
Dundgovi,1999,Horse,216.8
Dundgovi,1999,Sheep,966.5
Dundgovi,2000,Camel,21.1
Dundgovi,2000,Cattle,43.3
Dundgovi,2000,Goat,441.4
Dundgovi,2000,Horse,113.2
Dundgovi,2000,Sheep,663.8
Dundgovi,2001,Camel,19.4
Dundgovi,2001,Cattle,30.1
Dundgovi,2001,Goat,550.9
Dundgovi,2001,Horse,112.0
Dundgovi,2001,Sheep,685.0
Dundgovi,2002,Camel,19.7
Dundgovi,2002,Cattle,32.7
Dundgovi,2002,Goat,623.7
Dundgovi,2002,Horse,113.4
Dundgovi,2002,Sheep,685.6
Dundgovi,2003,Camel,20.4
Dundgovi,2003,Cattle,36.9
Dundgovi,2003,Goat,705.8
Dundgovi,2003,Horse,111.1
Dundgovi,2003,Sheep,724.0
Dundgovi,2004,Camel,21.3
Dundgovi,2004,Cattle,42.1
Dundgovi,2004,Goat,809.9
Dundgovi,2004,Horse,120.7
Dundgovi,2004,Sheep,787.0
Dundgovi,2005,Camel,20.7
Dundgovi,2005,Cattle,43.8
Dundgovi,2005,Goat,825.4
Dundgovi,2005,Horse,119.5
Dundgovi,2005,Sheep,819.7
Dundgovi,2006,Camel,19.7
Dundgovi,2006,Cattle,40.3
Dundgovi,2006,Goat,870.7
Dundgovi,2006,Horse,107.3
Dundgovi,2006,Sheep,867.1
Dundgovi,2007,Camel,19.8
Dundgovi,2007,Cattle,42.6
Dundgovi,2007,Goat,998.3
Dundgovi,2007,Horse,104.7
Dundgovi,2007,Sheep,944.3
Dundgovi,2008,Camel,19.9
Dundgovi,2008,Cattle,34.2
Dundgovi,2008,Goat,984.6
Dundgovi,2008,Horse,84.0
Dundgovi,2008,Sheep,917.9
Dundgovi,2009,Camel,20.7
Dundgovi,2009,Cattle,33.8
Dundgovi,2009,Goat,1036.9
Dundgovi,2009,Horse,82.0
Dundgovi,2009,Sheep,973.8
Dundgovi,2010,Camel,18.9
Dundgovi,2010,Cattle,18.6
Dundgovi,2010,Goat,493.1
Dundgovi,2010,Horse,51.3
Dundgovi,2010,Sheep,529.7
Dundgovi,2011,Camel,19.7
Dundgovi,2011,Cattle,21.0
Dundgovi,2011,Goat,624.8
Dundgovi,2011,Horse,59.7
Dundgovi,2011,Sheep,623.5
Dundgovi,2012,Camel,23.0
Dundgovi,2012,Cattle,27.6
Dundgovi,2012,Goat,773.6
Dundgovi,2012,Horse,72.0
Dundgovi,2012,Sheep,775.8
Dundgovi,2013,Camel,24.9
Dundgovi,2013,Cattle,35.6
Dundgovi,2013,Goat,928.4
Dundgovi,2013,Horse,85.0
Dundgovi,2013,Sheep,922.3
Dundgovi,2014,Camel,28.0
Dundgovi,2014,Cattle,45.9
Dundgovi,2014,Goat,1141.8
Dundgovi,2014,Horse,105.1
Dundgovi,2014,Sheep,1114.8
Dundgovi,2015,Camel,30.8
Dundgovi,2015,Cattle,54.9
Dundgovi,2015,Goat,1288.7
Dundgovi,2015,Horse,123.7
Dundgovi,2015,Sheep,1266.2
Dundgovi,2016,Camel,33.9
Dundgovi,2016,Cattle,62.7
Dundgovi,2016,Goat,1389.1
Dundgovi,2016,Horse,137.0
Dundgovi,2016,Sheep,1437.1
Dundgovi,2017,Camel,36.8
Dundgovi,2017,Cattle,75.3
Dundgovi,2017,Goat,1634.6
Dundgovi,2017,Horse,160.2
Dundgovi,2017,Sheep,1686.2
Dundgovi,2018,Camel,39.3
Dundgovi,2018,Cattle,76.1
Dundgovi,2018,Goat,1716.6
Dundgovi,2018,Horse,162.9
Dundgovi,2018,Sheep,1831.1
Dundgovi,2019,Camel,41.3
Dundgovi,2019,Cattle,78.2
Dundgovi,2019,Goat,1852.8
Dundgovi,2019,Horse,178.2
Dundgovi,2019,Sheep,1942.7
Dundgovi,2020,Camel,41.7
Dundgovi,2020,Cattle,75.1
Dundgovi,2020,Goat,1666.6
Dundgovi,2020,Horse,166.5
Dundgovi,2020,Sheep,1791.2
Dundgovi,2021,Camel,39.4
Dundgovi,2021,Cattle,65.7
Dundgovi,2021,Goat,1373.3
Dundgovi,2021,Horse,158.7
Dundgovi,2021,Sheep,1533.4
Dundgovi,2022,Camel,41.1
Dundgovi,2022,Cattle,74.5
Dundgovi,2022,Goat,1603.4
Dundgovi,2022,Horse,183.1
Dundgovi,2022,Sheep,1724.2
Dundgovi,2023,Camel,43.7
Dundgovi,2023,Cattle,85.5
Dundgovi,2023,Goat,1577.3
Dundgovi,2023,Horse,194.6
Dundgovi,2023,Sheep,1759.9
Dundgovi,2024,Camel,45.4
Dundgovi,2024,Cattle,92.4
Dundgovi,2024,Goat,1477.6
Dundgovi,2024,Horse,158.3
Dundgovi,2024,Sheep,1611.8
Eastern region,1970,Camel,48.0
Eastern region,1970,Cattle,372.6
Eastern region,1970,Goat,289.1
Eastern region,1970,Horse,398.8
Eastern region,1970,Sheep,2201.3
Eastern region,1971,Camel,47.4
Eastern region,1971,Cattle,382.5
Eastern region,1971,Goat,274.6
Eastern region,1971,Horse,395.3
Eastern region,1971,Sheep,2147.9
Eastern region,1972,Camel,46.2
Eastern region,1972,Cattle,380.4
Eastern region,1972,Goat,286.4
Eastern region,1972,Horse,374.9
Eastern region,1972,Sheep,2185.7
Eastern region,1973,Camel,47.0
Eastern region,1973,Cattle,389.7
Eastern region,1973,Goat,304.5
Eastern region,1973,Horse,380.7
Eastern region,1973,Sheep,2270.3
Eastern region,1974,Camel,48.0
Eastern region,1974,Cattle,423.5
Eastern region,1974,Goat,313.7
Eastern region,1974,Horse,393.4
Eastern region,1974,Sheep,2359.4
Eastern region,1975,Camel,49.0
Eastern region,1975,Cattle,438.2
Eastern region,1975,Goat,329.1
Eastern region,1975,Horse,403.0
Eastern region,1975,Sheep,2353.3
Eastern region,1976,Camel,48.3
Eastern region,1976,Cattle,441.0
Eastern region,1976,Goat,318.6
Eastern region,1976,Horse,393.5
Eastern region,1976,Sheep,2220.2
Eastern region,1977,Camel,47.0
Eastern region,1977,Cattle,439.5
Eastern region,1977,Goat,321.3
Eastern region,1977,Horse,370.9
Eastern region,1977,Sheep,2194.8
Eastern region,1978,Camel,48.4
Eastern region,1978,Cattle,468.5
Eastern region,1978,Goat,346.7
Eastern region,1978,Horse,370.6
Eastern region,1978,Sheep,2369.8
Eastern region,1979,Camel,49.0
Eastern region,1979,Cattle,474.1
Eastern region,1979,Goat,357.1
Eastern region,1979,Horse,380.2
Eastern region,1979,Sheep,2448.0
Eastern region,1980,Camel,45.8
Eastern region,1980,Cattle,442.9
Eastern region,1980,Goat,322.8
Eastern region,1980,Horse,336.9
Eastern region,1980,Sheep,2302.4
Eastern region,1981,Camel,47.5
Eastern region,1981,Cattle,459.8
Eastern region,1981,Goat,362.1
Eastern region,1981,Horse,352.9
Eastern region,1981,Sheep,2486.6
Eastern region,1982,Camel,45.1
Eastern region,1982,Cattle,440.7
Eastern region,1982,Goat,344.8
Eastern region,1982,Horse,345.8
Eastern region,1982,Sheep,2416.3
Eastern region,1983,Camel,43.9
Eastern region,1983,Cattle,418.1
Eastern region,1983,Goat,312.0
Eastern region,1983,Horse,334.6
Eastern region,1983,Sheep,2193.7
Eastern region,1984,Camel,43.4
Eastern region,1984,Cattle,417.0
Eastern region,1984,Goat,314.8
Eastern region,1984,Horse,341.5
Eastern region,1984,Sheep,2128.4
Eastern region,1985,Camel,42.5
Eastern region,1985,Cattle,412.4
Eastern region,1985,Goat,315.0
Eastern region,1985,Horse,337.9
Eastern region,1985,Sheep,2092.5
Eastern region,1986,Camel,41.8
Eastern region,1986,Cattle,419.0
Eastern region,1986,Goat,315.3
Eastern region,1986,Horse,341.2
Eastern region,1986,Sheep,2033.6
Eastern region,1987,Camel,40.2
Eastern region,1987,Cattle,418.0
Eastern region,1987,Goat,301.7
Eastern region,1987,Horse,343.3
Eastern region,1987,Sheep,1963.5
Eastern region,1988,Camel,40.4
Eastern region,1988,Cattle,408.5
Eastern region,1988,Goat,319.3
Eastern region,1988,Horse,350.6
Eastern region,1988,Sheep,2035.0
Eastern region,1989,Camel,40.9
Eastern region,1989,Cattle,435.4
Eastern region,1989,Goat,364.6
Eastern region,1989,Horse,356.1
Eastern region,1989,Sheep,2146.8
Eastern region,1990,Camel,39.2
Eastern region,1990,Cattle,455.4
Eastern region,1990,Goat,378.5
Eastern region,1990,Horse,352.7
Eastern region,1990,Sheep,2214.3
Eastern region,1991,Camel,34.5
Eastern region,1991,Cattle,447.8
Eastern region,1991,Goat,364.6
Eastern region,1991,Horse,350.5
Eastern region,1991,Sheep,2107.8
Eastern region,1992,Camel,30.4
Eastern region,1992,Cattle,454.9
Eastern region,1992,Goat,404.4
Eastern region,1992,Horse,351.4
Eastern region,1992,Sheep,2012.3
Eastern region,1993,Camel,23.7
Eastern region,1993,Cattle,365.5
Eastern region,1993,Goat,371.5
Eastern region,1993,Horse,300.2
Eastern region,1993,Sheep,1482.1
Eastern region,1994,Camel,26.9
Eastern region,1994,Cattle,449.3
Eastern region,1994,Goat,467.9
Eastern region,1994,Horse,369.9
Eastern region,1994,Sheep,1527.2
Eastern region,1995,Camel,25.3
Eastern region,1995,Cattle,452.7
Eastern region,1995,Goat,516.0
Eastern region,1995,Horse,377.9
Eastern region,1995,Sheep,1336.0
Eastern region,1996,Camel,24.5
Eastern region,1996,Cattle,453.4
Eastern region,1996,Goat,577.4
Eastern region,1996,Horse,389.1
Eastern region,1996,Sheep,1341.1
Eastern region,1997,Camel,24.9
Eastern region,1997,Cattle,491.2
Eastern region,1997,Goat,665.7
Eastern region,1997,Horse,417.0
Eastern region,1997,Sheep,1445.5
Eastern region,1998,Camel,25.4
Eastern region,1998,Cattle,534.6
Eastern region,1998,Goat,787.0
Eastern region,1998,Horse,448.0
Eastern region,1998,Sheep,1617.6
Eastern region,1999,Camel,25.8
Eastern region,1999,Cattle,586.6
Eastern region,1999,Goat,825.9
Eastern region,1999,Horse,486.6
Eastern region,1999,Sheep,1799.8
Eastern region,2000,Camel,25.4
Eastern region,2000,Cattle,570.3
Eastern region,2000,Goat,859.4
Eastern region,2000,Horse,490.5
Eastern region,2000,Sheep,1844.4
Eastern region,2001,Camel,24.5
Eastern region,2001,Cattle,388.1
Eastern region,2001,Goat,918.6
Eastern region,2001,Horse,467.1
Eastern region,2001,Sheep,1781.8
Eastern region,2002,Camel,24.9
Eastern region,2002,Cattle,384.1
Eastern region,2002,Goat,1063.3
Eastern region,2002,Horse,474.2
Eastern region,2002,Sheep,1773.6
Eastern region,2003,Camel,25.1
Eastern region,2003,Cattle,391.4
Eastern region,2003,Goat,1226.0
Eastern region,2003,Horse,487.2
Eastern region,2003,Sheep,1788.5
Eastern region,2004,Camel,24.5
Eastern region,2004,Cattle,375.3
Eastern region,2004,Goat,1277.5
Eastern region,2004,Horse,478.3
Eastern region,2004,Sheep,1817.7
Eastern region,2005,Camel,23.2
Eastern region,2005,Cattle,373.3
Eastern region,2005,Goat,1369.2
Eastern region,2005,Horse,477.5
Eastern region,2005,Sheep,1948.2
Eastern region,2006,Camel,22.4
Eastern region,2006,Cattle,397.9
Eastern region,2006,Goat,1576.3
Eastern region,2006,Horse,487.3
Eastern region,2006,Sheep,2158.0
Eastern region,2007,Camel,21.9
Eastern region,2007,Cattle,415.0
Eastern region,2007,Goat,1878.9
Eastern region,2007,Horse,487.9
Eastern region,2007,Sheep,2396.0
Eastern region,2008,Camel,20.0
Eastern region,2008,Cattle,380.2
Eastern region,2008,Goat,1918.1
Eastern region,2008,Horse,407.5
Eastern region,2008,Sheep,2430.0
Eastern region,2009,Camel,20.2
Eastern region,2009,Cattle,399.5
Eastern region,2009,Goat,2020.6
Eastern region,2009,Horse,407.8
Eastern region,2009,Sheep,2643.5
Eastern region,2010,Camel,20.6
Eastern region,2010,Cattle,393.5
Eastern region,2010,Goat,1851.4
Eastern region,2010,Horse,428.1
Eastern region,2010,Sheep,2580.3
Eastern region,2011,Camel,19.9
Eastern region,2011,Cattle,412.1
Eastern region,2011,Goat,2019.0
Eastern region,2011,Horse,465.4
Eastern region,2011,Sheep,2693.9
Eastern region,2012,Camel,18.4
Eastern region,2012,Cattle,453.6
Eastern region,2012,Goat,2165.8
Eastern region,2012,Horse,507.0
Eastern region,2012,Sheep,2953.4
Eastern region,2013,Camel,17.2
Eastern region,2013,Cattle,503.9
Eastern region,2013,Goat,2287.9
Eastern region,2013,Horse,559.5
Eastern region,2013,Sheep,3218.4
Eastern region,2014,Camel,17.0
Eastern region,2014,Cattle,578.2
Eastern region,2014,Goat,2603.5
Eastern region,2014,Horse,628.3
Eastern region,2014,Sheep,3653.4
Eastern region,2015,Camel,17.3
Eastern region,2015,Cattle,648.7
Eastern region,2015,Goat,2811.0
Eastern region,2015,Horse,704.1
Eastern region,2015,Sheep,3995.8
Eastern region,2016,Camel,17.4
Eastern region,2016,Cattle,681.1
Eastern region,2016,Goat,2866.3
Eastern region,2016,Horse,780.4
Eastern region,2016,Sheep,4311.7
Eastern region,2017,Camel,18.1
Eastern region,2017,Cattle,779.9
Eastern region,2017,Goat,3289.8
Eastern region,2017,Horse,878.4
Eastern region,2017,Sheep,5029.3
Eastern region,2018,Camel,18.6
Eastern region,2018,Cattle,847.8
Eastern region,2018,Goat,3524.7
Eastern region,2018,Horse,925.1
Eastern region,2018,Sheep,5423.3
Eastern region,2019,Camel,18.5
Eastern region,2019,Cattle,927.2
Eastern region,2019,Goat,3736.2
Eastern region,2019,Horse,944.6
Eastern region,2019,Sheep,5688.5
Eastern region,2020,Camel,17.9
Eastern region,2020,Cattle,960.7
Eastern region,2020,Goat,3714.0
Eastern region,2020,Horse,976.9
Eastern region,2020,Sheep,5641.7
Eastern region,2021,Camel,18.4
Eastern region,2021,Cattle,1068.5
Eastern region,2021,Goat,3846.5
Eastern region,2021,Horse,1079.9
Eastern region,2021,Sheep,6195.7
Eastern region,2022,Camel,18.6
Eastern region,2022,Cattle,1178.5
Eastern region,2022,Goat,4031.1
Eastern region,2022,Horse,1199.3
Eastern region,2022,Sheep,6636.2
Eastern region,2023,Camel,18.0
Eastern region,2023,Cattle,1100.8
Eastern region,2023,Goat,3323.8
Eastern region,2023,Horse,1168.4
Eastern region,2023,Sheep,5801.2
Eastern region,2024,Camel,14.9
Eastern region,2024,Cattle,850.0
Eastern region,2024,Goat,2406.3
Eastern region,2024,Horse,1013.4
Eastern region,2024,Sheep,3568.4
Govi region,1970,Camel,292.9
Govi region,1970,Cattle,121.9
Govi region,1970,Goat,822.3
Govi region,1970,Horse,371.9
Govi region,1970,Sheep,1415.2
Govi region,1971,Camel,293.2
Govi region,1971,Cattle,118.2
Govi region,1971,Goat,768.8
Govi region,1971,Horse,345.9
Govi region,1971,Sheep,1333.3
Govi region,1972,Camel,290.1
Govi region,1972,Cattle,127.2
Govi region,1972,Goat,832.1
Govi region,1972,Horse,356.3
Govi region,1972,Sheep,1425.8
Govi region,1973,Camel,264.3
Govi region,1973,Cattle,134.0
Govi region,1973,Goat,811.6
Govi region,1973,Horse,338.7
Govi region,1973,Sheep,1439.5
Govi region,1974,Camel,267.9
Govi region,1974,Cattle,155.2
Govi region,1974,Goat,914.9
Govi region,1974,Horse,371.9
Govi region,1974,Sheep,1544.2
Govi region,1975,Camel,277.6
Govi region,1975,Cattle,167.1
Govi region,1975,Goat,954.4
Govi region,1975,Horse,370.5
Govi region,1975,Sheep,1548.2
Govi region,1976,Camel,270.6
Govi region,1976,Cattle,174.1
Govi region,1976,Goat,966.8
Govi region,1976,Horse,368.8
Govi region,1976,Sheep,1593.9
Govi region,1977,Camel,275.8
Govi region,1977,Cattle,178.4
Govi region,1977,Goat,960.1
Govi region,1977,Horse,344.0
Govi region,1977,Sheep,1495.9
Govi region,1978,Camel,277.9
Govi region,1978,Cattle,188.0
Govi region,1978,Goat,1039.1
Govi region,1978,Horse,347.9
Govi region,1978,Sheep,1592.2
Govi region,1979,Camel,281.1
Govi region,1979,Cattle,189.9
Govi region,1979,Goat,1022.1
Govi region,1979,Horse,344.2
Govi region,1979,Sheep,1587.0
Govi region,1980,Camel,267.4
Govi region,1980,Cattle,176.9
Govi region,1980,Goat,934.0
Govi region,1980,Horse,319.0
Govi region,1980,Sheep,1492.8
Govi region,1981,Camel,261.5
Govi region,1981,Cattle,153.2
Govi region,1981,Goat,926.2
Govi region,1981,Horse,299.5
Govi region,1981,Sheep,1516.4
Govi region,1982,Camel,263.9
Govi region,1982,Cattle,164.9
Govi region,1982,Goat,996.9
Govi region,1982,Horse,309.6
Govi region,1982,Sheep,1592.8
Govi region,1983,Camel,264.4
Govi region,1983,Cattle,169.3
Govi region,1983,Goat,925.2
Govi region,1983,Horse,290.6
Govi region,1983,Sheep,1537.0
Govi region,1984,Camel,264.0
Govi region,1984,Cattle,174.1
Govi region,1984,Goat,914.9
Govi region,1984,Horse,286.2
Govi region,1984,Sheep,1500.8
Govi region,1985,Camel,260.2
Govi region,1985,Cattle,177.6
Govi region,1985,Goat,866.1
Govi region,1985,Horse,279.9
Govi region,1985,Sheep,1470.7
Govi region,1986,Camel,252.9
Govi region,1986,Cattle,179.2
Govi region,1986,Goat,878.1
Govi region,1986,Horse,277.8
Govi region,1986,Sheep,1478.8
Govi region,1987,Camel,248.7
Govi region,1987,Cattle,178.3
Govi region,1987,Goat,857.8
Govi region,1987,Horse,273.3
Govi region,1987,Sheep,1425.0
Govi region,1988,Camel,253.7
Govi region,1988,Cattle,177.7
Govi region,1988,Goat,876.4
Govi region,1988,Horse,280.6
Govi region,1988,Sheep,1425.9
Govi region,1989,Camel,257.2
Govi region,1989,Cattle,192.4
Govi region,1989,Goat,1008.8
Govi region,1989,Horse,298.5
Govi region,1989,Sheep,1565.4
Govi region,1990,Camel,242.4
Govi region,1990,Cattle,195.5
Govi region,1990,Goat,1000.8
Govi region,1990,Horse,297.5
Govi region,1990,Sheep,1623.9
Govi region,1991,Camel,216.7
Govi region,1991,Cattle,202.8
Govi region,1991,Goat,1070.0
Govi region,1991,Horse,302.0
Govi region,1991,Sheep,1692.9
Govi region,1992,Camel,190.1
Govi region,1992,Cattle,201.2
Govi region,1992,Goat,1093.3
Govi region,1992,Horse,292.5
Govi region,1992,Sheep,1684.8
Govi region,1993,Camel,158.8
Govi region,1993,Cattle,183.6
Govi region,1993,Goat,1125.0
Govi region,1993,Horse,274.2
Govi region,1993,Sheep,1566.4
Govi region,1994,Camel,155.8
Govi region,1994,Cattle,197.5
Govi region,1994,Goat,1289.8
Govi region,1994,Horse,298.3
Govi region,1994,Sheep,1547.2
Govi region,1995,Camel,155.2
Govi region,1995,Cattle,228.1
Govi region,1995,Goat,1563.6
Govi region,1995,Horse,340.7
Govi region,1995,Sheep,1619.7
Govi region,1996,Camel,153.1
Govi region,1996,Cattle,250.8
Govi region,1996,Goat,1737.6
Govi region,1996,Horse,377.2
Govi region,1996,Sheep,1680.4
Govi region,1997,Camel,154.3
Govi region,1997,Cattle,270.6
Govi region,1997,Goat,1998.1
Govi region,1997,Horse,411.1
Govi region,1997,Sheep,1781.0
Govi region,1998,Camel,157.1
Govi region,1998,Cattle,286.1
Govi region,1998,Goat,2166.2
Govi region,1998,Horse,455.7
Govi region,1998,Sheep,1905.0
Govi region,1999,Camel,158.0
Govi region,1999,Cattle,285.1
Govi region,1999,Goat,2092.2
Govi region,1999,Horse,473.6
Govi region,1999,Sheep,1952.0
Govi region,2000,Camel,144.2
Govi region,2000,Cattle,167.1
Govi region,2000,Goat,1692.7
Govi region,2000,Horse,343.6
Govi region,2000,Sheep,1574.0
Govi region,2001,Camel,130.2
Govi region,2001,Cattle,88.6
Govi region,2001,Goat,1633.7
Govi region,2001,Horse,265.6
Govi region,2001,Sheep,1392.1
Govi region,2002,Camel,120.3
Govi region,2002,Cattle,79.2
Govi region,2002,Goat,1566.5
Govi region,2002,Horse,237.7
Govi region,2002,Sheep,1286.3
Govi region,2003,Camel,120.1
Govi region,2003,Cattle,90.7
Govi region,2003,Goat,1765.3
Govi region,2003,Horse,240.9
Govi region,2003,Sheep,1322.0
Govi region,2004,Camel,122.3
Govi region,2004,Cattle,103.3
Govi region,2004,Goat,2065.1
Govi region,2004,Horse,260.1
Govi region,2004,Sheep,1448.2
Govi region,2005,Camel,120.5
Govi region,2005,Cattle,101.6
Govi region,2005,Goat,2104.5
Govi region,2005,Horse,253.3
Govi region,2005,Sheep,1497.7
Govi region,2006,Camel,117.4
Govi region,2006,Cattle,81.0
Govi region,2006,Goat,2055.9
Govi region,2006,Horse,219.0
Govi region,2006,Sheep,1470.2
Govi region,2007,Camel,120.2
Govi region,2007,Cattle,87.6
Govi region,2007,Goat,2456.1
Govi region,2007,Horse,223.2
Govi region,2007,Sheep,1625.9
Govi region,2008,Camel,126.3
Govi region,2008,Cattle,84.7
Govi region,2008,Goat,2721.5
Govi region,2008,Horse,209.0
Govi region,2008,Sheep,1687.6
Govi region,2009,Camel,132.9
Govi region,2009,Cattle,90.2
Govi region,2009,Goat,2881.6
Govi region,2009,Horse,215.4
Govi region,2009,Sheep,1827.8
Govi region,2010,Camel,131.3
Govi region,2010,Cattle,70.3
Govi region,2010,Goat,1728.1
Govi region,2010,Horse,173.2
Govi region,2010,Sheep,1229.0
Govi region,2011,Camel,138.1
Govi region,2011,Cattle,79.7
Govi region,2011,Goat,2116.0
Govi region,2011,Horse,198.1
Govi region,2011,Sheep,1437.2
Govi region,2012,Camel,152.4
Govi region,2012,Cattle,94.2
Govi region,2012,Goat,2464.9
Govi region,2012,Horse,227.2
Govi region,2012,Sheep,1706.5
Govi region,2013,Camel,161.7
Govi region,2013,Cattle,116.1
Govi region,2013,Goat,2892.6
Govi region,2013,Horse,262.3
Govi region,2013,Sheep,2006.0
Govi region,2014,Camel,176.4
Govi region,2014,Cattle,137.8
Govi region,2014,Goat,3334.0
Govi region,2014,Horse,307.3
Govi region,2014,Sheep,2355.5
Govi region,2015,Camel,186.3
Govi region,2015,Cattle,155.9
Govi region,2015,Goat,3677.3
Govi region,2015,Horse,347.6
Govi region,2015,Sheep,2633.7
Govi region,2016,Camel,202.9
Govi region,2016,Cattle,161.5
Govi region,2016,Goat,3896.7
Govi region,2016,Horse,361.2
Govi region,2016,Sheep,2902.3
Govi region,2017,Camel,219.7
Govi region,2017,Cattle,189.8
Govi region,2017,Goat,4496.8
Govi region,2017,Horse,414.3
Govi region,2017,Sheep,3366.9
Govi region,2018,Camel,235.5
Govi region,2018,Cattle,197.6
Govi region,2018,Goat,4550.2
Govi region,2018,Horse,420.0
Govi region,2018,Sheep,3596.7
Govi region,2019,Camel,243.6
Govi region,2019,Cattle,216.3
Govi region,2019,Goat,5124.7
Govi region,2019,Horse,463.0
Govi region,2019,Sheep,3902.1
Govi region,2020,Camel,255.0
Govi region,2020,Cattle,228.4
Govi region,2020,Goat,4914.5
Govi region,2020,Horse,464.6
Govi region,2020,Sheep,3761.9
Govi region,2021,Camel,249.4
Govi region,2021,Cattle,232.9
Govi region,2021,Goat,4334.2
Govi region,2021,Horse,468.9
Govi region,2021,Sheep,3538.0
Govi region,2022,Camel,259.5
Govi region,2022,Cattle,260.5
Govi region,2022,Goat,4711.2
Govi region,2022,Horse,525.5
Govi region,2022,Sheep,3881.0
Govi region,2023,Camel,256.4
Govi region,2023,Cattle,243.5
Govi region,2023,Goat,3925.5
Govi region,2023,Horse,489.9
Govi region,2023,Sheep,3532.7
Govi region,2024,Camel,252.7
Govi region,2024,Cattle,207.8
Govi region,2024,Goat,3426.7
Govi region,2024,Horse,371.9
Govi region,2024,Sheep,2839.4
Govi-Altai,1970,Camel,51.6
Govi-Altai,1970,Cattle,66.6
Govi-Altai,1970,Goat,417.9
Govi-Altai,1970,Horse,82.7
Govi-Altai,1970,Sheep,723.7
Govi-Altai,1971,Camel,52.7
Govi-Altai,1971,Cattle,74.3
Govi-Altai,1971,Goat,436.2
Govi-Altai,1971,Horse,88.0
Govi-Altai,1971,Sheep,763.8
Govi-Altai,1972,Camel,52.9
Govi-Altai,1972,Cattle,80.9
Govi-Altai,1972,Goat,423.3
Govi-Altai,1972,Horse,92.0
Govi-Altai,1972,Sheep,746.3
Govi-Altai,1973,Camel,53.6
Govi-Altai,1973,Cattle,84.1
Govi-Altai,1973,Goat,435.3
Govi-Altai,1973,Horse,93.4
Govi-Altai,1973,Sheep,787.3
Govi-Altai,1974,Camel,53.8
Govi-Altai,1974,Cattle,87.8
Govi-Altai,1974,Goat,429.6
Govi-Altai,1974,Horse,99.4
Govi-Altai,1974,Sheep,780.9
Govi-Altai,1975,Camel,54.2
Govi-Altai,1975,Cattle,88.3
Govi-Altai,1975,Goat,443.5
Govi-Altai,1975,Horse,98.0
Govi-Altai,1975,Sheep,813.8
Govi-Altai,1976,Camel,54.5
Govi-Altai,1976,Cattle,92.5
Govi-Altai,1976,Goat,446.8
Govi-Altai,1976,Horse,98.3
Govi-Altai,1976,Sheep,832.0
Govi-Altai,1977,Camel,55.5
Govi-Altai,1977,Cattle,95.3
Govi-Altai,1977,Goat,454.3
Govi-Altai,1977,Horse,97.4
Govi-Altai,1977,Sheep,861.8
Govi-Altai,1978,Camel,54.3
Govi-Altai,1978,Cattle,99.0
Govi-Altai,1978,Goat,462.6
Govi-Altai,1978,Horse,92.5
Govi-Altai,1978,Sheep,881.9
Govi-Altai,1979,Camel,54.3
Govi-Altai,1979,Cattle,96.3
Govi-Altai,1979,Goat,450.2
Govi-Altai,1979,Horse,90.0
Govi-Altai,1979,Sheep,888.9
Govi-Altai,1980,Camel,54.8
Govi-Altai,1980,Cattle,99.4
Govi-Altai,1980,Goat,442.9
Govi-Altai,1980,Horse,90.0
Govi-Altai,1980,Sheep,894.8
Govi-Altai,1981,Camel,54.6
Govi-Altai,1981,Cattle,96.7
Govi-Altai,1981,Goat,433.0
Govi-Altai,1981,Horse,88.4
Govi-Altai,1981,Sheep,899.2
Govi-Altai,1982,Camel,53.3
Govi-Altai,1982,Cattle,89.8
Govi-Altai,1982,Goat,433.1
Govi-Altai,1982,Horse,84.4
Govi-Altai,1982,Sheep,889.1
Govi-Altai,1983,Camel,51.5
Govi-Altai,1983,Cattle,83.1
Govi-Altai,1983,Goat,426.5
Govi-Altai,1983,Horse,76.4
Govi-Altai,1983,Sheep,862.9
Govi-Altai,1984,Camel,50.6
Govi-Altai,1984,Cattle,67.1
Govi-Altai,1984,Goat,374.8
Govi-Altai,1984,Horse,70.0
Govi-Altai,1984,Sheep,759.0
Govi-Altai,1985,Camel,51.2
Govi-Altai,1985,Cattle,70.4
Govi-Altai,1985,Goat,420.1
Govi-Altai,1985,Horse,72.3
Govi-Altai,1985,Sheep,844.5
Govi-Altai,1986,Camel,50.9
Govi-Altai,1986,Cattle,71.2
Govi-Altai,1986,Goat,427.4
Govi-Altai,1986,Horse,73.0
Govi-Altai,1986,Sheep,855.1
Govi-Altai,1987,Camel,52.2
Govi-Altai,1987,Cattle,75.1
Govi-Altai,1987,Goat,449.5
Govi-Altai,1987,Horse,77.2
Govi-Altai,1987,Sheep,889.8
Govi-Altai,1988,Camel,52.9
Govi-Altai,1988,Cattle,77.2
Govi-Altai,1988,Goat,454.1
Govi-Altai,1988,Horse,78.4
Govi-Altai,1988,Sheep,899.0
Govi-Altai,1989,Camel,53.3
Govi-Altai,1989,Cattle,81.4
Govi-Altai,1989,Goat,495.6
Govi-Altai,1989,Horse,82.1
Govi-Altai,1989,Sheep,923.7
Govi-Altai,1990,Camel,52.1
Govi-Altai,1990,Cattle,79.7
Govi-Altai,1990,Goat,501.9
Govi-Altai,1990,Horse,81.6
Govi-Altai,1990,Sheep,978.3
Govi-Altai,1991,Camel,47.6
Govi-Altai,1991,Cattle,79.3
Govi-Altai,1991,Goat,527.7
Govi-Altai,1991,Horse,84.5
Govi-Altai,1991,Sheep,957.5
Govi-Altai,1992,Camel,43.3
Govi-Altai,1992,Cattle,76.4
Govi-Altai,1992,Goat,580.1
Govi-Altai,1992,Horse,81.1
Govi-Altai,1992,Sheep,994.3
Govi-Altai,1993,Camel,39.1
Govi-Altai,1993,Cattle,68.4
Govi-Altai,1993,Goat,633.2
Govi-Altai,1993,Horse,79.6
Govi-Altai,1993,Sheep,946.6
Govi-Altai,1994,Camel,39.6
Govi-Altai,1994,Cattle,81.9
Govi-Altai,1994,Goat,785.6
Govi-Altai,1994,Horse,91.2
Govi-Altai,1994,Sheep,975.1
Govi-Altai,1995,Camel,40.3
Govi-Altai,1995,Cattle,95.2
Govi-Altai,1995,Goat,904.6
Govi-Altai,1995,Horse,102.9
Govi-Altai,1995,Sheep,959.6
Govi-Altai,1996,Camel,38.6
Govi-Altai,1996,Cattle,95.9
Govi-Altai,1996,Goat,935.5
Govi-Altai,1996,Horse,107.6
Govi-Altai,1996,Sheep,909.6
Govi-Altai,1997,Camel,36.9
Govi-Altai,1997,Cattle,87.4
Govi-Altai,1997,Goat,992.5
Govi-Altai,1997,Horse,102.6
Govi-Altai,1997,Sheep,893.1
Govi-Altai,1998,Camel,35.3
Govi-Altai,1998,Cattle,85.2
Govi-Altai,1998,Goat,1029.0
Govi-Altai,1998,Horse,106.5
Govi-Altai,1998,Sheep,857.1
Govi-Altai,1999,Camel,34.5
Govi-Altai,1999,Cattle,79.2
Govi-Altai,1999,Goat,1029.1
Govi-Altai,1999,Horse,103.5
Govi-Altai,1999,Sheep,867.1
Govi-Altai,2000,Camel,31.8
Govi-Altai,2000,Cattle,60.0
Govi-Altai,2000,Goat,1003.8
Govi-Altai,2000,Horse,91.9
Govi-Altai,2000,Sheep,847.7
Govi-Altai,2001,Camel,28.3
Govi-Altai,2001,Cattle,39.9
Govi-Altai,2001,Goat,878.8
Govi-Altai,2001,Horse,75.1
Govi-Altai,2001,Sheep,692.7
Govi-Altai,2002,Camel,22.3
Govi-Altai,2002,Cattle,16.5
Govi-Altai,2002,Goat,579.0
Govi-Altai,2002,Horse,35.1
Govi-Altai,2002,Sheep,357.6
Govi-Altai,2003,Camel,23.9
Govi-Altai,2003,Cattle,19.9
Govi-Altai,2003,Goat,775.1
Govi-Altai,2003,Horse,40.5
Govi-Altai,2003,Sheep,401.9
Govi-Altai,2004,Camel,24.5
Govi-Altai,2004,Cattle,24.8
Govi-Altai,2004,Goat,960.6
Govi-Altai,2004,Horse,47.2
Govi-Altai,2004,Sheep,482.5
Govi-Altai,2005,Camel,25.0
Govi-Altai,2005,Cattle,30.6
Govi-Altai,2005,Goat,1136.5
Govi-Altai,2005,Horse,54.4
Govi-Altai,2005,Sheep,587.7
Govi-Altai,2006,Camel,26.0
Govi-Altai,2006,Cattle,37.5
Govi-Altai,2006,Goat,1370.1
Govi-Altai,2006,Horse,62.6
Govi-Altai,2006,Sheep,702.9
Govi-Altai,2007,Camel,27.3
Govi-Altai,2007,Cattle,42.4
Govi-Altai,2007,Goat,1570.2
Govi-Altai,2007,Horse,71.6
Govi-Altai,2007,Sheep,775.1
Govi-Altai,2008,Camel,27.0
Govi-Altai,2008,Cattle,42.0
Govi-Altai,2008,Goat,1594.0
Govi-Altai,2008,Horse,73.8
Govi-Altai,2008,Sheep,769.1
Govi-Altai,2009,Camel,26.9
Govi-Altai,2009,Cattle,36.3
Govi-Altai,2009,Goat,1348.5
Govi-Altai,2009,Horse,66.0
Govi-Altai,2009,Sheep,694.1
Govi-Altai,2010,Camel,24.3
Govi-Altai,2010,Cattle,18.4
Govi-Altai,2010,Goat,837.8
Govi-Altai,2010,Horse,38.8
Govi-Altai,2010,Sheep,396.3
Govi-Altai,2011,Camel,25.2
Govi-Altai,2011,Cattle,22.1
Govi-Altai,2011,Goat,1057.8
Govi-Altai,2011,Horse,46.6
Govi-Altai,2011,Sheep,461.7
Govi-Altai,2012,Camel,28.2
Govi-Altai,2012,Cattle,29.5
Govi-Altai,2012,Goat,1220.3
Govi-Altai,2012,Horse,55.0
Govi-Altai,2012,Sheep,578.1
Govi-Altai,2013,Camel,30.4
Govi-Altai,2013,Cattle,39.4
Govi-Altai,2013,Goat,1409.1
Govi-Altai,2013,Horse,65.3
Govi-Altai,2013,Sheep,679.1
Govi-Altai,2014,Camel,32.8
Govi-Altai,2014,Cattle,49.4
Govi-Altai,2014,Goat,1621.0
Govi-Altai,2014,Horse,76.7
Govi-Altai,2014,Sheep,798.2
Govi-Altai,2015,Camel,34.7
Govi-Altai,2015,Cattle,58.8
Govi-Altai,2015,Goat,1831.3
Govi-Altai,2015,Horse,88.4
Govi-Altai,2015,Sheep,909.3
Govi-Altai,2016,Camel,38.5
Govi-Altai,2016,Cattle,71.1
Govi-Altai,2016,Goat,2173.9
Govi-Altai,2016,Horse,106.8
Govi-Altai,2016,Sheep,1107.1
Govi-Altai,2017,Camel,42.0
Govi-Altai,2017,Cattle,85.4
Govi-Altai,2017,Goat,2356.0
Govi-Altai,2017,Horse,123.7
Govi-Altai,2017,Sheep,1194.6
Govi-Altai,2018,Camel,43.7
Govi-Altai,2018,Cattle,85.2
Govi-Altai,2018,Goat,2196.8
Govi-Altai,2018,Horse,130.0
Govi-Altai,2018,Sheep,1057.7
Govi-Altai,2019,Camel,44.4
Govi-Altai,2019,Cattle,84.5
Govi-Altai,2019,Goat,2269.6
Govi-Altai,2019,Horse,132.4
Govi-Altai,2019,Sheep,1066.7
Govi-Altai,2020,Camel,43.9
Govi-Altai,2020,Cattle,75.9
Govi-Altai,2020,Goat,2123.2
Govi-Altai,2020,Horse,122.1
Govi-Altai,2020,Sheep,945.7
Govi-Altai,2021,Camel,43.7
Govi-Altai,2021,Cattle,69.6
Govi-Altai,2021,Goat,1875.8
Govi-Altai,2021,Horse,115.5
Govi-Altai,2021,Sheep,886.0
Govi-Altai,2022,Camel,45.4
Govi-Altai,2022,Cattle,74.8
Govi-Altai,2022,Goat,1987.3
Govi-Altai,2022,Horse,127.6
Govi-Altai,2022,Sheep,932.4
Govi-Altai,2023,Camel,47.4
Govi-Altai,2023,Cattle,74.6
Govi-Altai,2023,Goat,1884.3
Govi-Altai,2023,Horse,124.5
Govi-Altai,2023,Sheep,882.4
Govi-Altai,2024,Camel,50.1
Govi-Altai,2024,Cattle,81.8
Govi-Altai,2024,Goat,1919.1
Govi-Altai,2024,Horse,130.0
Govi-Altai,2024,Sheep,914.2
Govisumber,1991,Camel,0.4
Govisumber,1991,Cattle,7.5
Govisumber,1991,Goat,11.9
Govisumber,1991,Horse,6.2
Govisumber,1991,Sheep,67.8
Govisumber,1992,Camel,0.4
Govisumber,1992,Cattle,8.2
Govisumber,1992,Goat,14.3
Govisumber,1992,Horse,6.4
Govisumber,1992,Sheep,70.7
Govisumber,1993,Camel,0.4
Govisumber,1993,Cattle,8.5
Govisumber,1993,Goat,17.7
Govisumber,1993,Horse,7.0
Govisumber,1993,Sheep,71.8
Govisumber,1994,Camel,0.5
Govisumber,1994,Cattle,9.1
Govisumber,1994,Goat,18.8
Govisumber,1994,Horse,8.0
Govisumber,1994,Sheep,61.4
Govisumber,1995,Camel,0.5
Govisumber,1995,Cattle,10.1
Govisumber,1995,Goat,25.1
Govisumber,1995,Horse,8.9
Govisumber,1995,Sheep,58.6
Govisumber,1996,Camel,0.5
Govisumber,1996,Cattle,10.9
Govisumber,1996,Goat,29.1
Govisumber,1996,Horse,10.3
Govisumber,1996,Sheep,59.9
Govisumber,1997,Camel,0.4
Govisumber,1997,Cattle,11.9
Govisumber,1997,Goat,33.7
Govisumber,1997,Horse,11.8
Govisumber,1997,Sheep,60.0
Govisumber,1998,Camel,0.5
Govisumber,1998,Cattle,13.4
Govisumber,1998,Goat,41.7
Govisumber,1998,Horse,13.4
Govisumber,1998,Sheep,66.7
Govisumber,1999,Camel,0.5
Govisumber,1999,Cattle,15.2
Govisumber,1999,Goat,42.1
Govisumber,1999,Horse,14.7
Govisumber,1999,Sheep,64.1
Govisumber,2000,Camel,0.5
Govisumber,2000,Cattle,10.6
Govisumber,2000,Goat,37.9
Govisumber,2000,Horse,12.3
Govisumber,2000,Sheep,51.3
Govisumber,2001,Camel,0.4
Govisumber,2001,Cattle,1.9
Govisumber,2001,Goat,27.1
Govisumber,2001,Horse,6.4
Govisumber,2001,Sheep,29.1
Govisumber,2002,Camel,0.4
Govisumber,2002,Cattle,2.3
Govisumber,2002,Goat,37.4
Govisumber,2002,Horse,7.3
Govisumber,2002,Sheep,32.7
Govisumber,2003,Camel,0.5
Govisumber,2003,Cattle,3.3
Govisumber,2003,Goat,53.2
Govisumber,2003,Horse,10.0
Govisumber,2003,Sheep,40.0
Govisumber,2004,Camel,0.5
Govisumber,2004,Cattle,3.9
Govisumber,2004,Goat,65.2
Govisumber,2004,Horse,11.1
Govisumber,2004,Sheep,48.7
Govisumber,2005,Camel,0.4
Govisumber,2005,Cattle,4.5
Govisumber,2005,Goat,79.9
Govisumber,2005,Horse,11.9
Govisumber,2005,Sheep,59.2
Govisumber,2006,Camel,0.5
Govisumber,2006,Cattle,4.8
Govisumber,2006,Goat,84.1
Govisumber,2006,Horse,12.0
Govisumber,2006,Sheep,68.9
Govisumber,2007,Camel,0.5
Govisumber,2007,Cattle,5.0
Govisumber,2007,Goat,97.8
Govisumber,2007,Horse,11.2
Govisumber,2007,Sheep,74.2
Govisumber,2008,Camel,0.5
Govisumber,2008,Cattle,3.9
Govisumber,2008,Goat,92.7
Govisumber,2008,Horse,7.3
Govisumber,2008,Sheep,66.5
Govisumber,2009,Camel,0.5
Govisumber,2009,Cattle,3.4
Govisumber,2009,Goat,88.2
Govisumber,2009,Horse,7.0
Govisumber,2009,Sheep,69.7
Govisumber,2010,Camel,0.5
Govisumber,2010,Cattle,3.7
Govisumber,2010,Goat,76.9
Govisumber,2010,Horse,6.9
Govisumber,2010,Sheep,65.2
Govisumber,2011,Camel,0.6
Govisumber,2011,Cattle,4.3
Govisumber,2011,Goat,97.1
Govisumber,2011,Horse,8.6
Govisumber,2011,Sheep,79.0
Govisumber,2012,Camel,0.6
Govisumber,2012,Cattle,5.6
Govisumber,2012,Goat,110.9
Govisumber,2012,Horse,9.6
Govisumber,2012,Sheep,99.4
Govisumber,2013,Camel,0.8
Govisumber,2013,Cattle,7.7
Govisumber,2013,Goat,131.2
Govisumber,2013,Horse,12.1
Govisumber,2013,Sheep,121.0
Govisumber,2014,Camel,0.9
Govisumber,2014,Cattle,10.4
Govisumber,2014,Goat,161.0
Govisumber,2014,Horse,15.0
Govisumber,2014,Sheep,152.3
Govisumber,2015,Camel,0.9
Govisumber,2015,Cattle,12.4
Govisumber,2015,Goat,179.0
Govisumber,2015,Horse,18.1
Govisumber,2015,Sheep,169.1
Govisumber,2016,Camel,0.8
Govisumber,2016,Cattle,13.6
Govisumber,2016,Goat,177.3
Govisumber,2016,Horse,20.3
Govisumber,2016,Sheep,185.9
Govisumber,2017,Camel,0.9
Govisumber,2017,Cattle,14.9
Govisumber,2017,Goat,195.1
Govisumber,2017,Horse,22.3
Govisumber,2017,Sheep,205.2
Govisumber,2018,Camel,1.1
Govisumber,2018,Cattle,14.0
Govisumber,2018,Goat,183.7
Govisumber,2018,Horse,20.6
Govisumber,2018,Sheep,208.1
Govisumber,2019,Camel,1.0
Govisumber,2019,Cattle,14.5
Govisumber,2019,Goat,194.2
Govisumber,2019,Horse,22.7
Govisumber,2019,Sheep,219.5
Govisumber,2020,Camel,1.1
Govisumber,2020,Cattle,16.3
Govisumber,2020,Goat,192.4
Govisumber,2020,Horse,22.7
Govisumber,2020,Sheep,218.4
Govisumber,2021,Camel,1.1
Govisumber,2021,Cattle,17.8
Govisumber,2021,Goat,169.6
Govisumber,2021,Horse,24.3
Govisumber,2021,Sheep,219.4
Govisumber,2022,Camel,1.0
Govisumber,2022,Cattle,19.7
Govisumber,2022,Goat,179.8
Govisumber,2022,Horse,27.7
Govisumber,2022,Sheep,236.0
Govisumber,2023,Camel,1.0
Govisumber,2023,Cattle,22.3
Govisumber,2023,Goat,168.3
Govisumber,2023,Horse,30.8
Govisumber,2023,Sheep,227.8
Govisumber,2024,Camel,1.0
Govisumber,2024,Cattle,18.6
Govisumber,2024,Goat,118.3
Govisumber,2024,Horse,21.6
Govisumber,2024,Sheep,131.3
Khangai region,1970,Camel,99.8
Khangai region,1970,Cattle,521.4
Khangai region,1970,Goat,915.2
Khangai region,1970,Horse,572.2
Khangai region,1970,Sheep,2671.9
Khangai region,1971,Camel,94.6
Khangai region,1971,Cattle,526.3
Khangai region,1971,Goat,913.0
Khangai region,1971,Horse,530.6
Khangai region,1971,Sheep,2691.9
Khangai region,1972,Camel,93.9
Khangai region,1972,Cattle,526.0
Khangai region,1972,Goat,977.5
Khangai region,1972,Horse,524.1
Khangai region,1972,Sheep,2761.9
Khangai region,1973,Camel,96.1
Khangai region,1973,Cattle,528.6
Khangai region,1973,Goat,983.6
Khangai region,1973,Horse,500.6
Khangai region,1973,Sheep,2780.6
Khangai region,1974,Camel,96.2
Khangai region,1974,Cattle,541.3
Khangai region,1974,Goat,1009.3
Khangai region,1974,Horse,510.1
Khangai region,1974,Sheep,2898.8
Khangai region,1975,Camel,97.9
Khangai region,1975,Cattle,563.5
Khangai region,1975,Goat,1012.4
Khangai region,1975,Horse,511.6
Khangai region,1975,Sheep,2961.6
Khangai region,1976,Camel,98.7
Khangai region,1976,Cattle,575.0
Khangai region,1976,Goat,1016.6
Khangai region,1976,Horse,512.3
Khangai region,1976,Sheep,2896.6
Khangai region,1977,Camel,99.6
Khangai region,1977,Cattle,585.8
Khangai region,1977,Goat,1015.4
Khangai region,1977,Horse,515.0
Khangai region,1977,Sheep,2914.2
Khangai region,1978,Camel,98.5
Khangai region,1978,Cattle,608.2
Khangai region,1978,Goat,1076.0
Khangai region,1978,Horse,508.2
Khangai region,1978,Sheep,2973.2
Khangai region,1979,Camel,98.4
Khangai region,1979,Cattle,607.0
Khangai region,1979,Goat,1055.5
Khangai region,1979,Horse,504.3
Khangai region,1979,Sheep,2976.6
Khangai region,1980,Camel,93.0
Khangai region,1980,Cattle,582.8
Khangai region,1980,Goat,1064.0
Khangai region,1980,Horse,481.3
Khangai region,1980,Sheep,2997.4
Khangai region,1981,Camel,93.2
Khangai region,1981,Cattle,565.3
Khangai region,1981,Goat,1081.5
Khangai region,1981,Horse,476.0
Khangai region,1981,Sheep,3113.1
Khangai region,1982,Camel,93.9
Khangai region,1982,Cattle,575.9
Khangai region,1982,Goat,1150.2
Khangai region,1982,Horse,490.4
Khangai region,1982,Sheep,3165.5
Khangai region,1983,Camel,93.9
Khangai region,1983,Cattle,556.4
Khangai region,1983,Goat,1072.4
Khangai region,1983,Horse,471.4
Khangai region,1983,Sheep,2779.1
Khangai region,1984,Camel,88.3
Khangai region,1984,Cattle,543.7
Khangai region,1984,Goat,933.4
Khangai region,1984,Horse,463.6
Khangai region,1984,Sheep,2509.3
Khangai region,1985,Camel,82.6
Khangai region,1985,Cattle,528.5
Khangai region,1985,Goat,887.0
Khangai region,1985,Horse,446.2
Khangai region,1985,Sheep,2333.9
Khangai region,1986,Camel,81.7
Khangai region,1986,Cattle,543.5
Khangai region,1986,Goat,928.3
Khangai region,1986,Horse,456.9
Khangai region,1986,Sheep,2343.1
Khangai region,1987,Camel,81.1
Khangai region,1987,Cattle,555.0
Khangai region,1987,Goat,938.3
Khangai region,1987,Horse,455.4
Khangai region,1987,Sheep,2416.5
Khangai region,1988,Camel,79.8
Khangai region,1988,Cattle,549.1
Khangai region,1988,Goat,933.0
Khangai region,1988,Horse,453.9
Khangai region,1988,Sheep,2398.0
Khangai region,1989,Camel,80.2
Khangai region,1989,Cattle,578.7
Khangai region,1989,Goat,1079.4
Khangai region,1989,Horse,471.5
Khangai region,1989,Sheep,2585.3
Khangai region,1990,Camel,79.1
Khangai region,1990,Cattle,623.6
Khangai region,1990,Goat,1152.8
Khangai region,1990,Horse,494.6
Khangai region,1990,Sheep,2806.9
Khangai region,1991,Camel,71.3
Khangai region,1991,Cattle,618.2
Khangai region,1991,Goat,1226.1
Khangai region,1991,Horse,492.4
Khangai region,1991,Sheep,2792.9
Khangai region,1992,Camel,60.5
Khangai region,1992,Cattle,613.7
Khangai region,1992,Goat,1326.4
Khangai region,1992,Horse,468.5
Khangai region,1992,Sheep,2834.7
Khangai region,1993,Camel,57.7
Khangai region,1993,Cattle,614.9
Khangai region,1993,Goat,1465.2
Khangai region,1993,Horse,480.5
Khangai region,1993,Sheep,2695.9
Khangai region,1994,Camel,59.6
Khangai region,1994,Cattle,696.2
Khangai region,1994,Goat,1774.8
Khangai region,1994,Horse,547.6
Khangai region,1994,Sheep,2889.5
Khangai region,1995,Camel,61.4
Khangai region,1995,Cattle,776.6
Khangai region,1995,Goat,2076.3
Khangai region,1995,Horse,610.4
Khangai region,1995,Sheep,2923.9
Khangai region,1996,Camel,59.1
Khangai region,1996,Cattle,819.1
Khangai region,1996,Goat,2162.5
Khangai region,1996,Horse,631.2
Khangai region,1996,Sheep,2836.3
Khangai region,1997,Camel,58.8
Khangai region,1997,Cattle,867.1
Khangai region,1997,Goat,2487.0
Khangai region,1997,Horse,660.4
Khangai region,1997,Sheep,2997.0
Khangai region,1998,Camel,59.0
Khangai region,1998,Cattle,907.4
Khangai region,1998,Goat,2709.5
Khangai region,1998,Horse,708.0
Khangai region,1998,Sheep,3168.2
Khangai region,1999,Camel,59.7
Khangai region,1999,Cattle,958.4
Khangai region,1999,Goat,2680.9
Khangai region,1999,Horse,745.7
Khangai region,1999,Sheep,3322.7
Khangai region,2000,Camel,54.4
Khangai region,2000,Cattle,761.5
Khangai region,2000,Goat,2463.5
Khangai region,2000,Horse,593.2
Khangai region,2000,Sheep,2878.2
Khangai region,2001,Camel,43.6
Khangai region,2001,Cattle,485.6
Khangai region,2001,Goat,2015.5
Khangai region,2001,Horse,443.0
Khangai region,2001,Sheep,2299.2
Khangai region,2002,Camel,33.4
Khangai region,2002,Cattle,411.3
Khangai region,2002,Goat,1594.8
Khangai region,2002,Horse,366.9
Khangai region,2002,Sheep,1870.0
Khangai region,2003,Camel,35.5
Khangai region,2003,Cattle,399.2
Khangai region,2003,Goat,2022.4
Khangai region,2003,Horse,378.1
Khangai region,2003,Sheep,2020.4
Khangai region,2004,Camel,35.5
Khangai region,2004,Cattle,413.5
Khangai region,2004,Goat,2373.7
Khangai region,2004,Horse,390.4
Khangai region,2004,Sheep,2214.2
Khangai region,2005,Camel,36.6
Khangai region,2005,Cattle,449.6
Khangai region,2005,Goat,2663.4
Khangai region,2005,Horse,401.8
Khangai region,2005,Sheep,2498.2
Khangai region,2006,Camel,36.9
Khangai region,2006,Cattle,501.3
Khangai region,2006,Goat,3151.6
Khangai region,2006,Horse,434.9
Khangai region,2006,Sheep,2907.5
Khangai region,2007,Camel,39.5
Khangai region,2007,Cattle,568.2
Khangai region,2007,Goat,3850.8
Khangai region,2007,Horse,480.6
Khangai region,2007,Sheep,3448.3
Khangai region,2008,Camel,42.2
Khangai region,2008,Cattle,610.0
Khangai region,2008,Goat,4430.6
Khangai region,2008,Horse,500.8
Khangai region,2008,Sheep,3888.9
Khangai region,2009,Camel,45.7
Khangai region,2009,Cattle,654.2
Khangai region,2009,Goat,4497.5
Khangai region,2009,Horse,524.2
Khangai region,2009,Sheep,4202.3
Khangai region,2010,Camel,45.7
Khangai region,2010,Cattle,479.6
Khangai region,2010,Goat,2975.3
Khangai region,2010,Horse,384.2
Khangai region,2010,Sheep,2767.9
Khangai region,2011,Camel,47.0
Khangai region,2011,Cattle,537.4
Khangai region,2011,Goat,3487.5
Khangai region,2011,Horse,441.9
Khangai region,2011,Sheep,3134.0
Khangai region,2012,Camel,53.8
Khangai region,2012,Cattle,612.9
Khangai region,2012,Goat,3999.1
Khangai region,2012,Horse,502.7
Khangai region,2012,Sheep,3846.3
Khangai region,2013,Camel,58.1
Khangai region,2013,Cattle,717.8
Khangai region,2013,Goat,4566.6
Khangai region,2013,Horse,582.1
Khangai region,2013,Sheep,4320.8
Khangai region,2014,Camel,64.8
Khangai region,2014,Cattle,856.6
Khangai region,2014,Goat,5232.4
Khangai region,2014,Horse,677.2
Khangai region,2014,Sheep,5039.6
Khangai region,2015,Camel,68.7
Khangai region,2015,Cattle,950.9
Khangai region,2015,Goat,5553.3
Khangai region,2015,Horse,745.7
Khangai region,2015,Sheep,5421.3
Khangai region,2016,Camel,77.2
Khangai region,2016,Cattle,1055.0
Khangai region,2016,Goat,6191.9
Khangai region,2016,Horse,839.3
Khangai region,2016,Sheep,6291.1
Khangai region,2017,Camel,84.5
Khangai region,2017,Cattle,1167.4
Khangai region,2017,Goat,6556.4
Khangai region,2017,Horse,925.3
Khangai region,2017,Sheep,6889.5
Khangai region,2018,Camel,90.1
Khangai region,2018,Cattle,1133.3
Khangai region,2018,Goat,6224.0
Khangai region,2018,Horse,878.0
Khangai region,2018,Sheep,6867.4
Khangai region,2019,Camel,92.2
Khangai region,2019,Cattle,1260.1
Khangai region,2019,Goat,6786.7
Khangai region,2019,Horse,964.3
Khangai region,2019,Sheep,7334.1
Khangai region,2020,Camel,83.3
Khangai region,2020,Cattle,1176.6
Khangai region,2020,Goat,5514.1
Khangai region,2020,Horse,831.1
Khangai region,2020,Sheep,6113.7
Khangai region,2021,Camel,66.2
Khangai region,2021,Cattle,1159.8
Khangai region,2021,Goat,4775.8
Khangai region,2021,Horse,822.5
Khangai region,2021,Sheep,5887.7
Khangai region,2022,Camel,66.5
Khangai region,2022,Cattle,1315.1
Khangai region,2022,Goat,5417.8
Khangai region,2022,Horse,948.5
Khangai region,2022,Sheep,6448.2
Khangai region,2023,Camel,71.1
Khangai region,2023,Cattle,1291.5
Khangai region,2023,Goat,5381.3
Khangai region,2023,Horse,975.2
Khangai region,2023,Sheep,5935.2
Khangai region,2024,Camel,76.2
Khangai region,2024,Cattle,1253.8
Khangai region,2024,Goat,5414.3
Khangai region,2024,Horse,1026.2
Khangai region,2024,Sheep,5476.8
Khentii,1970,Camel,14.5
Khentii,1970,Cattle,177.6
Khentii,1970,Goat,114.7
Khentii,1970,Horse,171.5
Khentii,1970,Sheep,837.9
Khentii,1971,Camel,14.2
Khentii,1971,Cattle,184.8
Khentii,1971,Goat,116.4
Khentii,1971,Horse,170.5
Khentii,1971,Sheep,845.2
Khentii,1972,Camel,13.1
Khentii,1972,Cattle,180.9
Khentii,1972,Goat,119.3
Khentii,1972,Horse,159.3
Khentii,1972,Sheep,851.7
Khentii,1973,Camel,12.9
Khentii,1973,Cattle,177.4
Khentii,1973,Goat,121.0
Khentii,1973,Horse,156.9
Khentii,1973,Sheep,848.2
Khentii,1974,Camel,13.0
Khentii,1974,Cattle,190.5
Khentii,1974,Goat,131.7
Khentii,1974,Horse,163.2
Khentii,1974,Sheep,898.9
Khentii,1975,Camel,12.6
Khentii,1975,Cattle,197.0
Khentii,1975,Goat,135.2
Khentii,1975,Horse,164.2
Khentii,1975,Sheep,894.9
Khentii,1976,Camel,11.7
Khentii,1976,Cattle,195.1
Khentii,1976,Goat,130.0
Khentii,1976,Horse,159.2
Khentii,1976,Sheep,838.3
Khentii,1977,Camel,11.2
Khentii,1977,Cattle,192.4
Khentii,1977,Goat,128.0
Khentii,1977,Horse,146.4
Khentii,1977,Sheep,788.5
Khentii,1978,Camel,11.6
Khentii,1978,Cattle,203.9
Khentii,1978,Goat,144.9
Khentii,1978,Horse,147.2
Khentii,1978,Sheep,879.6
Khentii,1979,Camel,11.7
Khentii,1979,Cattle,204.6
Khentii,1979,Goat,152.2
Khentii,1979,Horse,151.0
Khentii,1979,Sheep,912.3
Khentii,1980,Camel,11.1
Khentii,1980,Cattle,189.5
Khentii,1980,Goat,140.8
Khentii,1980,Horse,140.9
Khentii,1980,Sheep,863.1
Khentii,1981,Camel,11.2
Khentii,1981,Cattle,194.4
Khentii,1981,Goat,162.3
Khentii,1981,Horse,145.7
Khentii,1981,Sheep,933.6
Khentii,1982,Camel,10.6
Khentii,1982,Cattle,194.8
Khentii,1982,Goat,164.4
Khentii,1982,Horse,146.9
Khentii,1982,Sheep,937.1
Khentii,1983,Camel,10.1
Khentii,1983,Cattle,186.8
Khentii,1983,Goat,154.6
Khentii,1983,Horse,140.3
Khentii,1983,Sheep,871.6
Khentii,1984,Camel,9.8
Khentii,1984,Cattle,182.1
Khentii,1984,Goat,148.1
Khentii,1984,Horse,139.7
Khentii,1984,Sheep,828.4
Khentii,1985,Camel,9.3
Khentii,1985,Cattle,172.6
Khentii,1985,Goat,141.6
Khentii,1985,Horse,134.7
Khentii,1985,Sheep,783.8
Khentii,1986,Camel,9.3
Khentii,1986,Cattle,172.6
Khentii,1986,Goat,141.6
Khentii,1986,Horse,134.7
Khentii,1986,Sheep,783.8
Khentii,1987,Camel,9.1
Khentii,1987,Cattle,176.7
Khentii,1987,Goat,149.8
Khentii,1987,Horse,137.2
Khentii,1987,Sheep,789.7
Khentii,1988,Camel,9.5
Khentii,1988,Cattle,170.5
Khentii,1988,Goat,155.0
Khentii,1988,Horse,138.4
Khentii,1988,Sheep,823.9
Khentii,1989,Camel,9.8
Khentii,1989,Cattle,184.9
Khentii,1989,Goat,185.2
Khentii,1989,Horse,141.6
Khentii,1989,Sheep,901.8
Khentii,1990,Camel,9.9
Khentii,1990,Cattle,197.1
Khentii,1990,Goat,199.1
Khentii,1990,Horse,142.5
Khentii,1990,Sheep,950.2
Khentii,1991,Camel,8.8
Khentii,1991,Cattle,188.4
Khentii,1991,Goat,178.3
Khentii,1991,Horse,139.1
Khentii,1991,Sheep,865.8
Khentii,1992,Camel,7.9
Khentii,1992,Cattle,187.2
Khentii,1992,Goat,194.3
Khentii,1992,Horse,138.1
Khentii,1992,Sheep,825.3
Khentii,1993,Camel,7.2
Khentii,1993,Cattle,167.3
Khentii,1993,Goat,205.1
Khentii,1993,Horse,136.3
Khentii,1993,Sheep,667.6
Khentii,1994,Camel,7.3
Khentii,1994,Cattle,174.4
Khentii,1994,Goat,211.3
Khentii,1994,Horse,146.3
Khentii,1994,Sheep,564.7
Khentii,1995,Camel,7.1
Khentii,1995,Cattle,178.4
Khentii,1995,Goat,240.5
Khentii,1995,Horse,154.6
Khentii,1995,Sheep,520.3
Khentii,1996,Camel,7.1
Khentii,1996,Cattle,186.4
Khentii,1996,Goat,267.3
Khentii,1996,Horse,162.3
Khentii,1996,Sheep,527.5
Khentii,1997,Camel,7.1
Khentii,1997,Cattle,201.9
Khentii,1997,Goat,305.1
Khentii,1997,Horse,172.3
Khentii,1997,Sheep,567.7
Khentii,1998,Camel,7.3
Khentii,1998,Cattle,217.0
Khentii,1998,Goat,354.4
Khentii,1998,Horse,183.2
Khentii,1998,Sheep,626.9
Khentii,1999,Camel,7.3
Khentii,1999,Cattle,229.1
Khentii,1999,Goat,353.7
Khentii,1999,Horse,194.3
Khentii,1999,Sheep,678.0
Khentii,2000,Camel,7.3
Khentii,2000,Cattle,218.0
Khentii,2000,Goat,364.7
Khentii,2000,Horse,192.8
Khentii,2000,Sheep,688.6
Khentii,2001,Camel,6.4
Khentii,2001,Cattle,150.1
Khentii,2001,Goat,377.7
Khentii,2001,Horse,174.5
Khentii,2001,Sheep,648.0
Khentii,2002,Camel,6.2
Khentii,2002,Cattle,144.0
Khentii,2002,Goat,414.4
Khentii,2002,Horse,169.8
Khentii,2002,Sheep,644.1
Khentii,2003,Camel,5.9
Khentii,2003,Cattle,139.0
Khentii,2003,Goat,477.1
Khentii,2003,Horse,170.7
Khentii,2003,Sheep,659.1
Khentii,2004,Camel,5.5
Khentii,2004,Cattle,138.3
Khentii,2004,Goat,506.0
Khentii,2004,Horse,168.2
Khentii,2004,Sheep,687.3
Khentii,2005,Camel,5.1
Khentii,2005,Cattle,148.2
Khentii,2005,Goat,583.2
Khentii,2005,Horse,171.1
Khentii,2005,Sheep,782.3
Khentii,2006,Camel,5.1
Khentii,2006,Cattle,162.9
Khentii,2006,Goat,670.8
Khentii,2006,Horse,176.0
Khentii,2006,Sheep,879.9
Khentii,2007,Camel,4.8
Khentii,2007,Cattle,172.9
Khentii,2007,Goat,818.2
Khentii,2007,Horse,179.0
Khentii,2007,Sheep,1008.3
Khentii,2008,Camel,4.0
Khentii,2008,Cattle,158.6
Khentii,2008,Goat,822.8
Khentii,2008,Horse,143.3
Khentii,2008,Sheep,1008.2
Khentii,2009,Camel,3.7
Khentii,2009,Cattle,162.6
Khentii,2009,Goat,862.9
Khentii,2009,Horse,136.3
Khentii,2009,Sheep,1085.7
Khentii,2010,Camel,3.7
Khentii,2010,Cattle,157.7
Khentii,2010,Goat,807.3
Khentii,2010,Horse,143.7
Khentii,2010,Sheep,1068.3
Khentii,2011,Camel,3.7
Khentii,2011,Cattle,165.7
Khentii,2011,Goat,906.7
Khentii,2011,Horse,156.5
Khentii,2011,Sheep,1146.5
Khentii,2012,Camel,3.7
Khentii,2012,Cattle,182.7
Khentii,2012,Goat,973.7
Khentii,2012,Horse,172.6
Khentii,2012,Sheep,1277.7
Khentii,2013,Camel,3.6
Khentii,2013,Cattle,207.2
Khentii,2013,Goat,1060.2
Khentii,2013,Horse,195.6
Khentii,2013,Sheep,1408.7
Khentii,2014,Camel,3.8
Khentii,2014,Cattle,239.8
Khentii,2014,Goat,1205.3
Khentii,2014,Horse,220.6
Khentii,2014,Sheep,1599.3
Khentii,2015,Camel,4.0
Khentii,2015,Cattle,270.6
Khentii,2015,Goat,1289.9
Khentii,2015,Horse,248.0
Khentii,2015,Sheep,1738.7
Khentii,2016,Camel,4.3
Khentii,2016,Cattle,296.2
Khentii,2016,Goat,1384.1
Khentii,2016,Horse,280.8
Khentii,2016,Sheep,1938.1
Khentii,2017,Camel,4.2
Khentii,2017,Cattle,335.3
Khentii,2017,Goat,1545.3
Khentii,2017,Horse,312.1
Khentii,2017,Sheep,2212.5
Khentii,2018,Camel,4.3
Khentii,2018,Cattle,353.0
Khentii,2018,Goat,1615.1
Khentii,2018,Horse,318.9
Khentii,2018,Sheep,2353.5
Khentii,2019,Camel,4.3
Khentii,2019,Cattle,381.2
Khentii,2019,Goat,1702.6
Khentii,2019,Horse,325.4
Khentii,2019,Sheep,2454.9
Khentii,2020,Camel,4.0
Khentii,2020,Cattle,374.7
Khentii,2020,Goat,1622.9
Khentii,2020,Horse,321.5
Khentii,2020,Sheep,2344.7
Khentii,2021,Camel,4.1
Khentii,2021,Cattle,407.1
Khentii,2021,Goat,1650.4
Khentii,2021,Horse,346.8
Khentii,2021,Sheep,2546.5
Khentii,2022,Camel,4.1
Khentii,2022,Cattle,434.8
Khentii,2022,Goat,1650.2
Khentii,2022,Horse,376.6
Khentii,2022,Sheep,2610.8
Khentii,2023,Camel,4.0
Khentii,2023,Cattle,405.7
Khentii,2023,Goat,1366.5
Khentii,2023,Horse,358.2
Khentii,2023,Sheep,2266.5
Khentii,2024,Camel,3.3
Khentii,2024,Cattle,347.2
Khentii,2024,Goat,1079.4
Khentii,2024,Horse,285.8
Khentii,2024,Sheep,1476.3
Khovd,1970,Camel,40.7
Khovd,1970,Cattle,93.0
Khovd,1970,Goat,418.5
Khovd,1970,Horse,93.5
Khovd,1970,Sheep,818.1
Khovd,1971,Camel,41.5
Khovd,1971,Cattle,102.8
Khovd,1971,Goat,437.8
Khovd,1971,Horse,101.3
Khovd,1971,Sheep,872.8
Khovd,1972,Camel,42.0
Khovd,1972,Cattle,110.6
Khovd,1972,Goat,441.7
Khovd,1972,Horse,105.9
Khovd,1972,Sheep,878.1
Khovd,1973,Camel,42.4
Khovd,1973,Cattle,115.0
Khovd,1973,Goat,474.9
Khovd,1973,Horse,107.0
Khovd,1973,Sheep,936.6
Khovd,1974,Camel,42.7
Khovd,1974,Cattle,117.2
Khovd,1974,Goat,455.6
Khovd,1974,Horse,108.2
Khovd,1974,Sheep,928.3
Khovd,1975,Camel,42.8
Khovd,1975,Cattle,114.0
Khovd,1975,Goat,431.7
Khovd,1975,Horse,101.5
Khovd,1975,Sheep,903.0
Khovd,1976,Camel,43.1
Khovd,1976,Cattle,114.2
Khovd,1976,Goat,441.3
Khovd,1976,Horse,101.6
Khovd,1976,Sheep,901.2
Khovd,1977,Camel,42.4
Khovd,1977,Cattle,105.3
Khovd,1977,Goat,400.8
Khovd,1977,Horse,88.6
Khovd,1977,Sheep,835.8
Khovd,1978,Camel,41.9
Khovd,1978,Cattle,103.6
Khovd,1978,Goat,430.8
Khovd,1978,Horse,83.9
Khovd,1978,Sheep,883.7
Khovd,1979,Camel,42.5
Khovd,1979,Cattle,104.0
Khovd,1979,Goat,441.4
Khovd,1979,Horse,83.2
Khovd,1979,Sheep,888.1
Khovd,1980,Camel,42.2
Khovd,1980,Cattle,104.1
Khovd,1980,Goat,433.6
Khovd,1980,Horse,82.9
Khovd,1980,Sheep,876.8
Khovd,1981,Camel,41.5
Khovd,1981,Cattle,109.8
Khovd,1981,Goat,451.5
Khovd,1981,Horse,87.8
Khovd,1981,Sheep,950.8
Khovd,1982,Camel,40.0
Khovd,1982,Cattle,106.1
Khovd,1982,Goat,457.8
Khovd,1982,Horse,88.1
Khovd,1982,Sheep,885.3
Khovd,1983,Camel,38.3
Khovd,1983,Cattle,101.2
Khovd,1983,Goat,429.3
Khovd,1983,Horse,82.6
Khovd,1983,Sheep,847.5
Khovd,1984,Camel,36.7
Khovd,1984,Cattle,95.5
Khovd,1984,Goat,381.6
Khovd,1984,Horse,80.4
Khovd,1984,Sheep,757.5
Khovd,1985,Camel,37.3
Khovd,1985,Cattle,109.0
Khovd,1985,Goat,438.4
Khovd,1985,Horse,87.0
Khovd,1985,Sheep,816.9
Khovd,1986,Camel,37.3
Khovd,1986,Cattle,115.7
Khovd,1986,Goat,446.2
Khovd,1986,Horse,89.2
Khovd,1986,Sheep,813.2
Khovd,1987,Camel,37.5
Khovd,1987,Cattle,123.2
Khovd,1987,Goat,453.6
Khovd,1987,Horse,93.2
Khovd,1987,Sheep,846.7
Khovd,1988,Camel,38.1
Khovd,1988,Cattle,130.6
Khovd,1988,Goat,471.8
Khovd,1988,Horse,97.6
Khovd,1988,Sheep,870.0
Khovd,1989,Camel,37.6
Khovd,1989,Cattle,133.9
Khovd,1989,Goat,475.3
Khovd,1989,Horse,101.5
Khovd,1989,Sheep,889.3
Khovd,1990,Camel,37.2
Khovd,1990,Cattle,136.9
Khovd,1990,Goat,496.2
Khovd,1990,Horse,104.2
Khovd,1990,Sheep,913.1
Khovd,1991,Camel,32.3
Khovd,1991,Cattle,131.2
Khovd,1991,Goat,495.9
Khovd,1991,Horse,98.5
Khovd,1991,Sheep,878.8
Khovd,1992,Camel,28.4
Khovd,1992,Cattle,131.4
Khovd,1992,Goat,529.2
Khovd,1992,Horse,93.6
Khovd,1992,Sheep,906.1
Khovd,1993,Camel,27.6
Khovd,1993,Cattle,137.6
Khovd,1993,Goat,605.2
Khovd,1993,Horse,95.1
Khovd,1993,Sheep,957.5
Khovd,1994,Camel,28.3
Khovd,1994,Cattle,158.0
Khovd,1994,Goat,700.4
Khovd,1994,Horse,104.1
Khovd,1994,Sheep,914.2
Khovd,1995,Camel,29.1
Khovd,1995,Cattle,179.4
Khovd,1995,Goat,814.7
Khovd,1995,Horse,116.6
Khovd,1995,Sheep,930.9
Khovd,1996,Camel,27.7
Khovd,1996,Cattle,179.8
Khovd,1996,Goat,788.8
Khovd,1996,Horse,117.2
Khovd,1996,Sheep,841.4
Khovd,1997,Camel,26.0
Khovd,1997,Cattle,169.3
Khovd,1997,Goat,805.0
Khovd,1997,Horse,111.6
Khovd,1997,Sheep,814.6
Khovd,1998,Camel,24.9
Khovd,1998,Cattle,146.0
Khovd,1998,Goat,770.9
Khovd,1998,Horse,105.3
Khovd,1998,Sheep,748.8
Khovd,1999,Camel,25.0
Khovd,1999,Cattle,151.0
Khovd,1999,Goat,795.9
Khovd,1999,Horse,107.6
Khovd,1999,Sheep,788.4
Khovd,2000,Camel,23.0
Khovd,2000,Cattle,137.3
Khovd,2000,Goat,794.3
Khovd,2000,Horse,99.6
Khovd,2000,Sheep,782.1
Khovd,2001,Camel,19.6
Khovd,2001,Cattle,93.6
Khovd,2001,Goat,689.1
Khovd,2001,Horse,80.3
Khovd,2001,Sheep,629.7
Khovd,2002,Camel,16.8
Khovd,2002,Cattle,72.4
Khovd,2002,Goat,658.6
Khovd,2002,Horse,63.2
Khovd,2002,Sheep,512.9
Khovd,2003,Camel,16.9
Khovd,2003,Cattle,73.7
Khovd,2003,Goat,821.4
Khovd,2003,Horse,67.0
Khovd,2003,Sheep,562.1
Khovd,2004,Camel,16.6
Khovd,2004,Cattle,83.6
Khovd,2004,Goat,986.4
Khovd,2004,Horse,73.2
Khovd,2004,Sheep,628.8
Khovd,2005,Camel,16.9
Khovd,2005,Cattle,94.6
Khovd,2005,Goat,1071.8
Khovd,2005,Horse,77.1
Khovd,2005,Sheep,703.3
Khovd,2006,Camel,17.6
Khovd,2006,Cattle,105.2
Khovd,2006,Goat,1267.0
Khovd,2006,Horse,85.4
Khovd,2006,Sheep,818.6
Khovd,2007,Camel,18.1
Khovd,2007,Cattle,115.2
Khovd,2007,Goat,1431.6
Khovd,2007,Horse,92.2
Khovd,2007,Sheep,907.3
Khovd,2008,Camel,17.7
Khovd,2008,Cattle,109.3
Khovd,2008,Goat,1406.3
Khovd,2008,Horse,89.0
Khovd,2008,Sheep,864.4
Khovd,2009,Camel,17.7
Khovd,2009,Cattle,97.9
Khovd,2009,Goat,1263.6
Khovd,2009,Horse,81.8
Khovd,2009,Sheep,807.4
Khovd,2010,Camel,16.3
Khovd,2010,Cattle,81.0
Khovd,2010,Goat,882.9
Khovd,2010,Horse,64.7
Khovd,2010,Sheep,594.3
Khovd,2011,Camel,16.8
Khovd,2011,Cattle,87.6
Khovd,2011,Goat,983.7
Khovd,2011,Horse,68.2
Khovd,2011,Sheep,615.0
Khovd,2012,Camel,18.6
Khovd,2012,Cattle,100.7
Khovd,2012,Goat,1085.4
Khovd,2012,Horse,75.5
Khovd,2012,Sheep,758.2
Khovd,2013,Camel,18.9
Khovd,2013,Cattle,115.1
Khovd,2013,Goat,1177.4
Khovd,2013,Horse,83.8
Khovd,2013,Sheep,846.2
Khovd,2014,Camel,20.6
Khovd,2014,Cattle,138.2
Khovd,2014,Goat,1375.5
Khovd,2014,Horse,96.3
Khovd,2014,Sheep,995.1
Khovd,2015,Camel,21.8
Khovd,2015,Cattle,156.1
Khovd,2015,Goat,1521.0
Khovd,2015,Horse,107.6
Khovd,2015,Sheep,1098.9
Khovd,2016,Camel,23.9
Khovd,2016,Cattle,182.1
Khovd,2016,Goat,1685.9
Khovd,2016,Horse,122.7
Khovd,2016,Sheep,1266.0
Khovd,2017,Camel,25.7
Khovd,2017,Cattle,200.5
Khovd,2017,Goat,1764.8
Khovd,2017,Horse,132.1
Khovd,2017,Sheep,1323.6
Khovd,2018,Camel,25.4
Khovd,2018,Cattle,193.7
Khovd,2018,Goat,1624.6
Khovd,2018,Horse,128.5
Khovd,2018,Sheep,1174.2
Khovd,2019,Camel,25.8
Khovd,2019,Cattle,187.1
Khovd,2019,Goat,1631.3
Khovd,2019,Horse,128.8
Khovd,2019,Sheep,1111.3
Khovd,2020,Camel,25.7
Khovd,2020,Cattle,187.1
Khovd,2020,Goat,1822.0
Khovd,2020,Horse,131.5
Khovd,2020,Sheep,1126.3
Khovd,2021,Camel,27.6
Khovd,2021,Cattle,207.6
Khovd,2021,Goat,1947.3
Khovd,2021,Horse,146.6
Khovd,2021,Sheep,1267.8
Khovd,2022,Camel,29.6
Khovd,2022,Cattle,205.2
Khovd,2022,Goat,1845.9
Khovd,2022,Horse,149.3
Khovd,2022,Sheep,1242.8
Khovd,2023,Camel,30.7
Khovd,2023,Cattle,196.2
Khovd,2023,Goat,1677.9
Khovd,2023,Horse,142.9
Khovd,2023,Sheep,1147.1
Khovd,2024,Camel,35.0
Khovd,2024,Cattle,219.2
Khovd,2024,Goat,1817.5
Khovd,2024,Horse,157.4
Khovd,2024,Sheep,1262.0
Khuvsgul,1970,Camel,8.5
Khuvsgul,1970,Cattle,220.9
Khuvsgul,1970,Goat,232.4
Khuvsgul,1970,Horse,147.0
Khuvsgul,1970,Sheep,990.9
Khuvsgul,1971,Camel,8.4
Khuvsgul,1971,Cattle,228.9
Khuvsgul,1971,Goat,231.2
Khuvsgul,1971,Horse,149.8
Khuvsgul,1971,Sheep,989.6
Khuvsgul,1972,Camel,8.2
Khuvsgul,1972,Cattle,230.3
Khuvsgul,1972,Goat,229.1
Khuvsgul,1972,Horse,146.0
Khuvsgul,1972,Sheep,974.2
Khuvsgul,1973,Camel,8.0
Khuvsgul,1973,Cattle,234.0
Khuvsgul,1973,Goat,223.7
Khuvsgul,1973,Horse,137.6
Khuvsgul,1973,Sheep,977.6
Khuvsgul,1974,Camel,7.9
Khuvsgul,1974,Cattle,247.6
Khuvsgul,1974,Goat,227.1
Khuvsgul,1974,Horse,138.3
Khuvsgul,1974,Sheep,1055.1
Khuvsgul,1975,Camel,7.7
Khuvsgul,1975,Cattle,255.2
Khuvsgul,1975,Goat,209.0
Khuvsgul,1975,Horse,134.1
Khuvsgul,1975,Sheep,1016.7
Khuvsgul,1976,Camel,7.0
Khuvsgul,1976,Cattle,246.2
Khuvsgul,1976,Goat,192.4
Khuvsgul,1976,Horse,124.8
Khuvsgul,1976,Sheep,923.8
Khuvsgul,1977,Camel,6.7
Khuvsgul,1977,Cattle,235.0
Khuvsgul,1977,Goat,193.2
Khuvsgul,1977,Horse,118.7
Khuvsgul,1977,Sheep,914.7
Khuvsgul,1978,Camel,6.6
Khuvsgul,1978,Cattle,241.8
Khuvsgul,1978,Goat,212.9
Khuvsgul,1978,Horse,116.1
Khuvsgul,1978,Sheep,989.8
Khuvsgul,1979,Camel,6.5
Khuvsgul,1979,Cattle,236.5
Khuvsgul,1979,Goat,218.9
Khuvsgul,1979,Horse,115.8
Khuvsgul,1979,Sheep,1018.3
Khuvsgul,1980,Camel,6.5
Khuvsgul,1980,Cattle,339.2
Khuvsgul,1980,Goat,221.2
Khuvsgul,1980,Horse,116.5
Khuvsgul,1980,Sheep,1020.1
Khuvsgul,1981,Camel,6.6
Khuvsgul,1981,Cattle,237.5
Khuvsgul,1981,Goat,232.1
Khuvsgul,1981,Horse,120.7
Khuvsgul,1981,Sheep,1078.1
Khuvsgul,1982,Camel,6.9
Khuvsgul,1982,Cattle,241.1
Khuvsgul,1982,Goat,244.3
Khuvsgul,1982,Horse,122.9
Khuvsgul,1982,Sheep,1119.1
Khuvsgul,1983,Camel,6.8
Khuvsgul,1983,Cattle,249.2
Khuvsgul,1983,Goat,249.5
Khuvsgul,1983,Horse,124.7
Khuvsgul,1983,Sheep,1131.6
Khuvsgul,1984,Camel,6.7
Khuvsgul,1984,Cattle,263.6
Khuvsgul,1984,Goat,259.4
Khuvsgul,1984,Horse,129.1
Khuvsgul,1984,Sheep,1119.1
Khuvsgul,1985,Camel,6.8
Khuvsgul,1985,Cattle,276.0
Khuvsgul,1985,Goat,241.8
Khuvsgul,1985,Horse,137.2
Khuvsgul,1985,Sheep,1096.8
Khuvsgul,1986,Camel,6.7
Khuvsgul,1986,Cattle,280.8
Khuvsgul,1986,Goat,241.0
Khuvsgul,1986,Horse,143.0
Khuvsgul,1986,Sheep,1054.3
Khuvsgul,1987,Camel,6.8
Khuvsgul,1987,Cattle,286.0
Khuvsgul,1987,Goat,239.5
Khuvsgul,1987,Horse,147.8
Khuvsgul,1987,Sheep,1038.2
Khuvsgul,1988,Camel,6.9
Khuvsgul,1988,Cattle,288.8
Khuvsgul,1988,Goat,255.2
Khuvsgul,1988,Horse,152.7
Khuvsgul,1988,Sheep,1036.5
Khuvsgul,1989,Camel,7.0
Khuvsgul,1989,Cattle,300.9
Khuvsgul,1989,Goat,274.6
Khuvsgul,1989,Horse,158.6
Khuvsgul,1989,Sheep,1061.7
Khuvsgul,1990,Camel,7.2
Khuvsgul,1990,Cattle,322.8
Khuvsgul,1990,Goat,280.4
Khuvsgul,1990,Horse,168.3
Khuvsgul,1990,Sheep,1093.2
Khuvsgul,1991,Camel,6.3
Khuvsgul,1991,Cattle,327.8
Khuvsgul,1991,Goat,275.7
Khuvsgul,1991,Horse,171.1
Khuvsgul,1991,Sheep,1007.3
Khuvsgul,1992,Camel,5.6
Khuvsgul,1992,Cattle,332.4
Khuvsgul,1992,Goat,298.2
Khuvsgul,1992,Horse,169.7
Khuvsgul,1992,Sheep,941.6
Khuvsgul,1993,Camel,5.3
Khuvsgul,1993,Cattle,327.5
Khuvsgul,1993,Goat,324.2
Khuvsgul,1993,Horse,172.4
Khuvsgul,1993,Sheep,850.2
Khuvsgul,1994,Camel,5.4
Khuvsgul,1994,Cattle,355.8
Khuvsgul,1994,Goat,390.6
Khuvsgul,1994,Horse,190.3
Khuvsgul,1994,Sheep,846.0
Khuvsgul,1995,Camel,5.4
Khuvsgul,1995,Cattle,388.5
Khuvsgul,1995,Goat,445.5
Khuvsgul,1995,Horse,205.8
Khuvsgul,1995,Sheep,812.2
Khuvsgul,1996,Camel,5.4
Khuvsgul,1996,Cattle,415.5
Khuvsgul,1996,Goat,510.9
Khuvsgul,1996,Horse,217.7
Khuvsgul,1996,Sheep,827.4
Khuvsgul,1997,Camel,5.4
Khuvsgul,1997,Cattle,442.2
Khuvsgul,1997,Goat,595.4
Khuvsgul,1997,Horse,227.8
Khuvsgul,1997,Sheep,881.6
Khuvsgul,1998,Camel,5.4
Khuvsgul,1998,Cattle,458.5
Khuvsgul,1998,Goat,662.3
Khuvsgul,1998,Horse,235.6
Khuvsgul,1998,Sheep,934.0
Khuvsgul,1999,Camel,5.3
Khuvsgul,1999,Cattle,482.2
Khuvsgul,1999,Goat,679.0
Khuvsgul,1999,Horse,251.6
Khuvsgul,1999,Sheep,1000.1
Khuvsgul,2000,Camel,4.6
Khuvsgul,2000,Cattle,416.5
Khuvsgul,2000,Goat,674.2
Khuvsgul,2000,Horse,229.3
Khuvsgul,2000,Sheep,944.9
Khuvsgul,2001,Camel,3.4
Khuvsgul,2001,Cattle,236.5
Khuvsgul,2001,Goat,615.2
Khuvsgul,2001,Horse,167.7
Khuvsgul,2001,Sheep,747.4
Khuvsgul,2002,Camel,3.2
Khuvsgul,2002,Cattle,235.2
Khuvsgul,2002,Goat,725.0
Khuvsgul,2002,Horse,168.3
Khuvsgul,2002,Sheep,769.1
Khuvsgul,2003,Camel,3.0
Khuvsgul,2003,Cattle,231.5
Khuvsgul,2003,Goat,844.6
Khuvsgul,2003,Horse,164.9
Khuvsgul,2003,Sheep,816.4
Khuvsgul,2004,Camel,2.7
Khuvsgul,2004,Cattle,238.4
Khuvsgul,2004,Goat,966.0
Khuvsgul,2004,Horse,156.1
Khuvsgul,2004,Sheep,932.0
Khuvsgul,2005,Camel,2.4
Khuvsgul,2005,Cattle,254.9
Khuvsgul,2005,Goat,1058.8
Khuvsgul,2005,Horse,148.0
Khuvsgul,2005,Sheep,1040.2
Khuvsgul,2006,Camel,2.5
Khuvsgul,2006,Cattle,286.3
Khuvsgul,2006,Goat,1287.0
Khuvsgul,2006,Horse,148.9
Khuvsgul,2006,Sheep,1249.0
Khuvsgul,2007,Camel,2.4
Khuvsgul,2007,Cattle,321.7
Khuvsgul,2007,Goat,1509.8
Khuvsgul,2007,Horse,149.6
Khuvsgul,2007,Sheep,1441.9
Khuvsgul,2008,Camel,2.3
Khuvsgul,2008,Cattle,346.6
Khuvsgul,2008,Goat,1697.0
Khuvsgul,2008,Horse,151.8
Khuvsgul,2008,Sheep,1618.0
Khuvsgul,2009,Camel,2.4
Khuvsgul,2009,Cattle,359.0
Khuvsgul,2009,Goat,1674.8
Khuvsgul,2009,Horse,155.7
Khuvsgul,2009,Sheep,1732.7
Khuvsgul,2010,Camel,2.3
Khuvsgul,2010,Cattle,312.4
Khuvsgul,2010,Goat,1274.0
Khuvsgul,2010,Horse,148.7
Khuvsgul,2010,Sheep,1363.9
Khuvsgul,2011,Camel,2.1
Khuvsgul,2011,Cattle,313.8
Khuvsgul,2011,Goat,1386.8
Khuvsgul,2011,Horse,155.3
Khuvsgul,2011,Sheep,1457.5
Khuvsgul,2012,Camel,2.1
Khuvsgul,2012,Cattle,322.1
Khuvsgul,2012,Goat,1443.2
Khuvsgul,2012,Horse,161.2
Khuvsgul,2012,Sheep,1673.1
Khuvsgul,2013,Camel,1.9
Khuvsgul,2013,Cattle,316.8
Khuvsgul,2013,Goat,1402.1
Khuvsgul,2013,Horse,165.5
Khuvsgul,2013,Sheep,1722.8
Khuvsgul,2014,Camel,1.9
Khuvsgul,2014,Cattle,355.4
Khuvsgul,2014,Goat,1619.4
Khuvsgul,2014,Horse,183.3
Khuvsgul,2014,Sheep,1997.1
Khuvsgul,2015,Camel,2.0
Khuvsgul,2015,Cattle,392.0
Khuvsgul,2015,Goat,1684.6
Khuvsgul,2015,Horse,195.7
Khuvsgul,2015,Sheep,2123.7
Khuvsgul,2016,Camel,2.1
Khuvsgul,2016,Cattle,436.6
Khuvsgul,2016,Goat,1938.0
Khuvsgul,2016,Horse,223.4
Khuvsgul,2016,Sheep,2489.3
Khuvsgul,2017,Camel,2.2
Khuvsgul,2017,Cattle,461.3
Khuvsgul,2017,Goat,1996.5
Khuvsgul,2017,Horse,240.3
Khuvsgul,2017,Sheep,2597.5
Khuvsgul,2018,Camel,2.3
Khuvsgul,2018,Cattle,482.5
Khuvsgul,2018,Goat,2197.5
Khuvsgul,2018,Horse,262.0
Khuvsgul,2018,Sheep,2766.2
Khuvsgul,2019,Camel,2.4
Khuvsgul,2019,Cattle,514.5
Khuvsgul,2019,Goat,2306.7
Khuvsgul,2019,Horse,281.8
Khuvsgul,2019,Sheep,2935.1
Khuvsgul,2020,Camel,2.3
Khuvsgul,2020,Cattle,501.1
Khuvsgul,2020,Goat,2102.8
Khuvsgul,2020,Horse,271.5
Khuvsgul,2020,Sheep,2622.8
Khuvsgul,2021,Camel,2.4
Khuvsgul,2021,Cattle,556.1
Khuvsgul,2021,Goat,2195.9
Khuvsgul,2021,Horse,305.6
Khuvsgul,2021,Sheep,2883.2
Khuvsgul,2022,Camel,2.5
Khuvsgul,2022,Cattle,627.5
Khuvsgul,2022,Goat,2241.3
Khuvsgul,2022,Horse,348.5
Khuvsgul,2022,Sheep,3034.3
Khuvsgul,2023,Camel,2.5
Khuvsgul,2023,Cattle,637.0
Khuvsgul,2023,Goat,2005.9
Khuvsgul,2023,Horse,362.7
Khuvsgul,2023,Sheep,2654.0
Khuvsgul,2024,Camel,2.5
Khuvsgul,2024,Cattle,627.7
Khuvsgul,2024,Goat,1895.0
Khuvsgul,2024,Horse,375.9
Khuvsgul,2024,Sheep,2262.1
Northern region,1970,Camel,12.6
Northern region,1970,Cattle,353.6
Northern region,1970,Goat,320.6
Northern region,1970,Horse,254.3
Northern region,1970,Sheep,1564.6
Northern region,1971,Camel,12.5
Northern region,1971,Cattle,360.5
Northern region,1971,Goat,324.4
Northern region,1971,Horse,255.7
Northern region,1971,Sheep,1601.7
Northern region,1972,Camel,12.2
Northern region,1972,Cattle,361.0
Northern region,1972,Goat,326.5
Northern region,1972,Horse,248.2
Northern region,1972,Sheep,1598.5
Northern region,1973,Camel,11.8
Northern region,1973,Cattle,365.6
Northern region,1973,Goat,326.8
Northern region,1973,Horse,234.2
Northern region,1973,Sheep,1622.9
Northern region,1974,Camel,12.0
Northern region,1974,Cattle,387.3
Northern region,1974,Goat,332.9
Northern region,1974,Horse,238.8
Northern region,1974,Sheep,1716.6
Northern region,1975,Camel,11.8
Northern region,1975,Cattle,401.7
Northern region,1975,Goat,313.2
Northern region,1975,Horse,236.8
Northern region,1975,Sheep,1672.0
Northern region,1976,Camel,10.9
Northern region,1976,Cattle,394.0
Northern region,1976,Goat,293.1
Northern region,1976,Horse,221.8
Northern region,1976,Sheep,1525.0
Northern region,1977,Camel,10.4
Northern region,1977,Cattle,382.1
Northern region,1977,Goat,287.4
Northern region,1977,Horse,207.8
Northern region,1977,Sheep,1456.3
Northern region,1978,Camel,10.6
Northern region,1978,Cattle,397.9
Northern region,1978,Goat,317.4
Northern region,1978,Horse,206.8
Northern region,1978,Sheep,1568.1
Northern region,1979,Camel,11.2
Northern region,1979,Cattle,392.7
Northern region,1979,Goat,333.2
Northern region,1979,Horse,209.1
Northern region,1979,Sheep,1591.7
Northern region,1980,Camel,10.6
Northern region,1980,Cattle,490.4
Northern region,1980,Goat,325.4
Northern region,1980,Horse,207.4
Northern region,1980,Sheep,1615.8
Northern region,1981,Camel,10.8
Northern region,1981,Cattle,391.9
Northern region,1981,Goat,344.3
Northern region,1981,Horse,214.2
Northern region,1981,Sheep,1689.7
Northern region,1982,Camel,11.2
Northern region,1982,Cattle,402.3
Northern region,1982,Goat,362.7
Northern region,1982,Horse,221.0
Northern region,1982,Sheep,1763.2
Northern region,1983,Camel,10.9
Northern region,1983,Cattle,412.8
Northern region,1983,Goat,368.5
Northern region,1983,Horse,223.6
Northern region,1983,Sheep,1760.4
Northern region,1984,Camel,10.9
Northern region,1984,Cattle,427.7
Northern region,1984,Goat,378.9
Northern region,1984,Horse,231.9
Northern region,1984,Sheep,1736.2
Northern region,1985,Camel,10.8
Northern region,1985,Cattle,439.3
Northern region,1985,Goat,348.2
Northern region,1985,Horse,242.3
Northern region,1985,Sheep,1678.4
Northern region,1986,Camel,10.8
Northern region,1986,Cattle,443.5
Northern region,1986,Goat,335.8
Northern region,1986,Horse,252.7
Northern region,1986,Sheep,1581.3
Northern region,1987,Camel,10.9
Northern region,1987,Cattle,448.0
Northern region,1987,Goat,328.3
Northern region,1987,Horse,258.2
Northern region,1987,Sheep,1549.9
Northern region,1988,Camel,11.1
Northern region,1988,Cattle,455.1
Northern region,1988,Goat,345.8
Northern region,1988,Horse,269.5
Northern region,1988,Sheep,1584.4
Northern region,1989,Camel,11.4
Northern region,1989,Cattle,477.5
Northern region,1989,Goat,376.2
Northern region,1989,Horse,281.8
Northern region,1989,Sheep,1642.2
Northern region,1990,Camel,11.5
Northern region,1990,Cattle,511.3
Northern region,1990,Goat,385.9
Northern region,1990,Horse,295.0
Northern region,1990,Sheep,1720.0
Northern region,1991,Camel,10.0
Northern region,1991,Cattle,521.2
Northern region,1991,Goat,389.1
Northern region,1991,Horse,301.3
Northern region,1991,Sheep,1660.8
Northern region,1992,Camel,8.7
Northern region,1992,Cattle,532.5
Northern region,1992,Goat,427.3
Northern region,1992,Horse,305.0
Northern region,1992,Sheep,1632.2
Northern region,1993,Camel,7.1
Northern region,1993,Cattle,521.0
Northern region,1993,Goat,471.2
Northern region,1993,Horse,313.0
Northern region,1993,Sheep,1509.9
Northern region,1994,Camel,6.9
Northern region,1994,Cattle,564.8
Northern region,1994,Goat,565.0
Northern region,1994,Horse,348.2
Northern region,1994,Sheep,1492.9
Northern region,1995,Camel,6.7
Northern region,1995,Cattle,619.5
Northern region,1995,Goat,653.8
Northern region,1995,Horse,381.6
Northern region,1995,Sheep,1460.1
Northern region,1996,Camel,6.5
Northern region,1996,Cattle,661.3
Northern region,1996,Goat,751.3
Northern region,1996,Horse,399.1
Northern region,1996,Sheep,1484.4
Northern region,1997,Camel,6.5
Northern region,1997,Cattle,697.0
Northern region,1997,Goat,879.0
Northern region,1997,Horse,417.2
Northern region,1997,Sheep,1582.9
Northern region,1998,Camel,6.5
Northern region,1998,Cattle,730.4
Northern region,1998,Goat,1000.9
Northern region,1998,Horse,441.3
Northern region,1998,Sheep,1708.0
Northern region,1999,Camel,6.5
Northern region,1999,Cattle,774.4
Northern region,1999,Goat,1059.2
Northern region,1999,Horse,474.4
Northern region,1999,Sheep,1876.9
Northern region,2000,Camel,5.7
Northern region,2000,Cattle,668.5
Northern region,2000,Goat,1066.0
Northern region,2000,Horse,431.0
Northern region,2000,Sheep,1789.8
Northern region,2001,Camel,4.4
Northern region,2001,Cattle,418.7
Northern region,2001,Goat,1047.6
Northern region,2001,Horse,353.7
Northern region,2001,Sheep,1572.0
Northern region,2002,Camel,4.0
Northern region,2002,Cattle,397.0
Northern region,2002,Goat,1179.3
Northern region,2002,Horse,336.7
Northern region,2002,Sheep,1531.3
Northern region,2003,Camel,3.7
Northern region,2003,Cattle,328.6
Northern region,2003,Goat,1243.2
Northern region,2003,Horse,301.0
Northern region,2003,Sheep,1399.7
Northern region,2004,Camel,3.3
Northern region,2004,Cattle,334.3
Northern region,2004,Goat,1421.0
Northern region,2004,Horse,294.5
Northern region,2004,Sheep,1570.4
Northern region,2005,Camel,2.9
Northern region,2005,Cattle,366.2
Northern region,2005,Goat,1594.5
Northern region,2005,Horse,292.2
Northern region,2005,Sheep,1785.1
Northern region,2006,Camel,2.9
Northern region,2006,Cattle,416.6
Northern region,2006,Goat,1948.9
Northern region,2006,Horse,305.8
Northern region,2006,Sheep,2146.2
Northern region,2007,Camel,2.9
Northern region,2007,Cattle,478.5
Northern region,2007,Goat,2323.7
Northern region,2007,Horse,319.0
Northern region,2007,Sheep,2519.4
Northern region,2008,Camel,3.0
Northern region,2008,Cattle,529.9
Northern region,2008,Goat,2696.5
Northern region,2008,Horse,340.8
Northern region,2008,Sheep,2928.7
Northern region,2009,Camel,3.4
Northern region,2009,Cattle,564.7
Northern region,2009,Goat,2694.5
Northern region,2009,Horse,352.6
Northern region,2009,Sheep,3177.2
Northern region,2010,Camel,3.3
Northern region,2010,Cattle,506.3
Northern region,2010,Goat,2095.1
Northern region,2010,Horse,342.3
Northern region,2010,Sheep,2616.8
Northern region,2011,Camel,3.2
Northern region,2011,Cattle,513.6
Northern region,2011,Goat,2240.7
Northern region,2011,Horse,353.1
Northern region,2011,Sheep,2714.1
Northern region,2012,Camel,3.3
Northern region,2012,Cattle,537.8
Northern region,2012,Goat,2357.3
Northern region,2012,Horse,372.3
Northern region,2012,Sheep,3094.1
Northern region,2013,Camel,3.2
Northern region,2013,Cattle,559.5
Northern region,2013,Goat,2327.7
Northern region,2013,Horse,402.8
Northern region,2013,Sheep,3252.2
Northern region,2014,Camel,3.2
Northern region,2014,Cattle,632.8
Northern region,2014,Goat,2634.2
Northern region,2014,Horse,445.8
Northern region,2014,Sheep,3697.1
Northern region,2015,Camel,3.2
Northern region,2015,Cattle,692.8
Northern region,2015,Goat,2706.9
Northern region,2015,Horse,469.1
Northern region,2015,Sheep,3869.7
Northern region,2016,Camel,3.4
Northern region,2016,Cattle,751.9
Northern region,2016,Goat,3041.7
Northern region,2016,Horse,509.0
Northern region,2016,Sheep,4403.2
Northern region,2017,Camel,3.6
Northern region,2017,Cattle,767.1
Northern region,2017,Goat,3057.1
Northern region,2017,Horse,514.4
Northern region,2017,Sheep,4439.5
Northern region,2018,Camel,3.7
Northern region,2018,Cattle,755.2
Northern region,2018,Goat,3262.0
Northern region,2018,Horse,517.4
Northern region,2018,Sheep,4591.9
Northern region,2019,Camel,3.9
Northern region,2019,Cattle,815.9
Northern region,2019,Goat,3513.7
Northern region,2019,Horse,566.1
Northern region,2019,Sheep,4909.5
Northern region,2020,Camel,3.8
Northern region,2020,Cattle,791.2
Northern region,2020,Goat,3259.4
Northern region,2020,Horse,539.5
Northern region,2020,Sheep,4439.8
Northern region,2021,Camel,3.9
Northern region,2021,Cattle,874.1
Northern region,2021,Goat,3373.2
Northern region,2021,Horse,607.0
Northern region,2021,Sheep,4861.8
Northern region,2022,Camel,4.2
Northern region,2022,Cattle,987.3
Northern region,2022,Goat,3489.4
Northern region,2022,Horse,697.6
Northern region,2022,Sheep,5138.4
Northern region,2023,Camel,4.6
Northern region,2023,Cattle,1016.2
Northern region,2023,Goat,3116.0
Northern region,2023,Horse,735.0
Northern region,2023,Sheep,4588.6
Northern region,2024,Camel,4.9
Northern region,2024,Cattle,1020.5
Northern region,2024,Goat,2852.2
Northern region,2024,Horse,758.6
Northern region,2024,Sheep,3741.7
Orkhon,1976,Cattle,1.1
Orkhon,1976,Goat,0.4
Orkhon,1976,Horse,0.3
Orkhon,1976,Sheep,0.7
Orkhon,1977,Cattle,1.9
Orkhon,1977,Goat,0.4
Orkhon,1977,Horse,0.5
Orkhon,1977,Sheep,2.9
Orkhon,1978,Cattle,2.9
Orkhon,1978,Goat,0.6
Orkhon,1978,Horse,0.5
Orkhon,1978,Sheep,2.7
Orkhon,1979,Camel,0.6
Orkhon,1979,Cattle,2.7
Orkhon,1979,Goat,7.5
Orkhon,1979,Horse,3.7
Orkhon,1979,Sheep,0.5
Orkhon,1980,Cattle,4.4
Orkhon,1980,Goat,0.5
Orkhon,1980,Horse,0.7
Orkhon,1980,Sheep,3.2
Orkhon,1981,Cattle,5.3
Orkhon,1981,Goat,0.8
Orkhon,1981,Horse,1.1
Orkhon,1981,Sheep,6.8
Orkhon,1982,Cattle,6.3
Orkhon,1982,Goat,1.0
Orkhon,1982,Horse,1.5
Orkhon,1982,Sheep,10.4
Orkhon,1983,Cattle,7.2
Orkhon,1983,Goat,1.1
Orkhon,1983,Horse,1.7
Orkhon,1983,Sheep,11.9
Orkhon,1984,Cattle,7.6
Orkhon,1984,Goat,1.3
Orkhon,1984,Horse,1.9
Orkhon,1984,Sheep,13.3
Orkhon,1985,Cattle,7.9
Orkhon,1985,Goat,1.3
Orkhon,1985,Horse,2.1
Orkhon,1985,Sheep,14.7
Orkhon,1986,Cattle,7.9
Orkhon,1986,Goat,1.3
Orkhon,1986,Horse,2.1
Orkhon,1986,Sheep,14.7
Orkhon,1987,Cattle,9.1
Orkhon,1987,Goat,1.4
Orkhon,1987,Horse,2.3
Orkhon,1987,Sheep,17.3
Orkhon,1988,Cattle,10.5
Orkhon,1988,Goat,1.7
Orkhon,1988,Horse,2.6
Orkhon,1988,Sheep,21.6
Orkhon,1989,Cattle,11.5
Orkhon,1989,Goat,2.3
Orkhon,1989,Horse,3.1
Orkhon,1989,Sheep,26.3
Orkhon,1990,Cattle,13.4
Orkhon,1990,Goat,3.2
Orkhon,1990,Horse,4.3
Orkhon,1990,Sheep,32.6
Orkhon,1991,Cattle,16.6
Orkhon,1991,Goat,5.7
Orkhon,1991,Horse,5.3
Orkhon,1991,Sheep,45.4
Orkhon,1992,Camel,0.0
Orkhon,1992,Cattle,19.7
Orkhon,1992,Goat,9.3
Orkhon,1992,Horse,6.6
Orkhon,1992,Sheep,56.5
Orkhon,1993,Camel,0.0
Orkhon,1993,Cattle,20.4
Orkhon,1993,Goat,13.4
Orkhon,1993,Horse,8.3
Orkhon,1993,Sheep,63.6
Orkhon,1994,Camel,0.0
Orkhon,1994,Cattle,20.5
Orkhon,1994,Goat,17.5
Orkhon,1994,Horse,8.6
Orkhon,1994,Sheep,64.4
Orkhon,1995,Camel,0.0
Orkhon,1995,Cattle,24.5
Orkhon,1995,Goat,21.7
Orkhon,1995,Horse,11.5
Orkhon,1995,Sheep,69.6
Orkhon,1996,Camel,0.0
Orkhon,1996,Cattle,25.5
Orkhon,1996,Goat,23.9
Orkhon,1996,Horse,11.5
Orkhon,1996,Sheep,62.2
Orkhon,1997,Camel,0.1
Orkhon,1997,Cattle,22.7
Orkhon,1997,Goat,27.4
Orkhon,1997,Horse,10.8
Orkhon,1997,Sheep,59.3
Orkhon,1998,Camel,0.1
Orkhon,1998,Cattle,24.0
Orkhon,1998,Goat,33.9
Orkhon,1998,Horse,10.9
Orkhon,1998,Sheep,63.4
Orkhon,1999,Camel,0.1
Orkhon,1999,Cattle,27.8
Orkhon,1999,Goat,44.6
Orkhon,1999,Horse,12.8
Orkhon,1999,Sheep,78.6
Orkhon,2000,Camel,0.1
Orkhon,2000,Cattle,26.2
Orkhon,2000,Goat,50.3
Orkhon,2000,Horse,11.5
Orkhon,2000,Sheep,80.4
Orkhon,2001,Camel,0.1
Orkhon,2001,Cattle,22.3
Orkhon,2001,Goat,55.8
Orkhon,2001,Horse,11.6
Orkhon,2001,Sheep,79.1
Orkhon,2002,Camel,0.1
Orkhon,2002,Cattle,20.6
Orkhon,2002,Goat,53.6
Orkhon,2002,Horse,11.6
Orkhon,2002,Sheep,73.7
Orkhon,2003,Camel,0.1
Orkhon,2003,Cattle,11.9
Orkhon,2003,Goat,45.3
Orkhon,2003,Horse,7.8
Orkhon,2003,Sheep,42.8
Orkhon,2004,Camel,0.1
Orkhon,2004,Cattle,11.4
Orkhon,2004,Goat,48.8
Orkhon,2004,Horse,9.7
Orkhon,2004,Sheep,45.2
Orkhon,2005,Camel,0.1
Orkhon,2005,Cattle,13.2
Orkhon,2005,Goat,60.4
Orkhon,2005,Horse,7.8
Orkhon,2005,Sheep,55.8
Orkhon,2006,Camel,0.1
Orkhon,2006,Cattle,15.5
Orkhon,2006,Goat,77.8
Orkhon,2006,Horse,9.2
Orkhon,2006,Sheep,71.8
Orkhon,2007,Camel,0.1
Orkhon,2007,Cattle,18.3
Orkhon,2007,Goat,93.5
Orkhon,2007,Horse,10.5
Orkhon,2007,Sheep,87.6
Orkhon,2008,Camel,0.2
Orkhon,2008,Cattle,21.1
Orkhon,2008,Goat,125.3
Orkhon,2008,Horse,11.3
Orkhon,2008,Sheep,111.0
Orkhon,2009,Camel,0.2
Orkhon,2009,Cattle,21.9
Orkhon,2009,Goat,111.0
Orkhon,2009,Horse,11.4
Orkhon,2009,Sheep,111.8
Orkhon,2010,Camel,0.2
Orkhon,2010,Cattle,17.8
Orkhon,2010,Goat,67.5
Orkhon,2010,Horse,10.7
Orkhon,2010,Sheep,73.1
Orkhon,2011,Camel,0.2
Orkhon,2011,Cattle,18.8
Orkhon,2011,Goat,69.0
Orkhon,2011,Horse,11.8
Orkhon,2011,Sheep,68.6
Orkhon,2012,Camel,0.2
Orkhon,2012,Cattle,20.5
Orkhon,2012,Goat,71.8
Orkhon,2012,Horse,11.8
Orkhon,2012,Sheep,80.2
Orkhon,2013,Camel,0.1
Orkhon,2013,Cattle,21.6
Orkhon,2013,Goat,65.7
Orkhon,2013,Horse,11.6
Orkhon,2013,Sheep,79.9
Orkhon,2014,Camel,0.1
Orkhon,2014,Cattle,18.2
Orkhon,2014,Goat,44.6
Orkhon,2014,Horse,9.1
Orkhon,2014,Sheep,51.2
Orkhon,2015,Camel,0.0
Orkhon,2015,Cattle,19.2
Orkhon,2015,Goat,43.3
Orkhon,2015,Horse,9.1
Orkhon,2015,Sheep,48.1
Orkhon,2016,Camel,0.0
Orkhon,2016,Cattle,21.6
Orkhon,2016,Goat,48.6
Orkhon,2016,Horse,11.3
Orkhon,2016,Sheep,52.7
Orkhon,2017,Camel,0.0
Orkhon,2017,Cattle,21.9
Orkhon,2017,Goat,40.5
Orkhon,2017,Horse,12.3
Orkhon,2017,Sheep,47.7
Orkhon,2018,Camel,0.1
Orkhon,2018,Cattle,17.5
Orkhon,2018,Goat,38.0
Orkhon,2018,Horse,11.3
Orkhon,2018,Sheep,47.5
Orkhon,2019,Camel,0.1
Orkhon,2019,Cattle,19.0
Orkhon,2019,Goat,45.0
Orkhon,2019,Horse,12.2
Orkhon,2019,Sheep,50.6
Orkhon,2020,Camel,0.1
Orkhon,2020,Cattle,20.3
Orkhon,2020,Goat,52.5
Orkhon,2020,Horse,12.8
Orkhon,2020,Sheep,51.2
Orkhon,2021,Camel,0.1
Orkhon,2021,Cattle,24.3
Orkhon,2021,Goat,54.9
Orkhon,2021,Horse,15.7
Orkhon,2021,Sheep,59.6
Orkhon,2022,Camel,0.1
Orkhon,2022,Cattle,27.6
Orkhon,2022,Goat,58.6
Orkhon,2022,Horse,17.4
Orkhon,2022,Sheep,66.3
Orkhon,2023,Camel,0.1
Orkhon,2023,Cattle,32.0
Orkhon,2023,Goat,54.1
Orkhon,2023,Horse,21.2
Orkhon,2023,Sheep,68.0
Orkhon,2024,Camel,0.1
Orkhon,2024,Cattle,34.8
Orkhon,2024,Goat,51.4
Orkhon,2024,Horse,25.5
Orkhon,2024,Sheep,64.1
Selenge,1970,Camel,0.2
Selenge,1970,Cattle,60.0
Selenge,1970,Goat,19.7
Selenge,1970,Horse,17.9
Selenge,1970,Sheep,251.3
Selenge,1971,Camel,0.2
Selenge,1971,Cattle,60.1
Selenge,1971,Goat,20.5
Selenge,1971,Horse,18.6
Selenge,1971,Sheep,252.8
Selenge,1972,Camel,0.2
Selenge,1972,Cattle,61.2
Selenge,1972,Goat,21.6
Selenge,1972,Horse,17.2
Selenge,1972,Sheep,275.4
Selenge,1973,Camel,0.2
Selenge,1973,Cattle,67.7
Selenge,1973,Goat,24.2
Selenge,1973,Horse,19.8
Selenge,1973,Sheep,298.0
Selenge,1974,Camel,0.2
Selenge,1974,Cattle,72.7
Selenge,1974,Goat,24.5
Selenge,1974,Horse,21.5
Selenge,1974,Sheep,317.4
Selenge,1975,Camel,0.2
Selenge,1975,Cattle,77.1
Selenge,1975,Goat,24.9
Selenge,1975,Horse,21.6
Selenge,1975,Sheep,321.7
Selenge,1976,Camel,0.2
Selenge,1976,Cattle,76.1
Selenge,1976,Goat,22.3
Selenge,1976,Horse,21.3
Selenge,1976,Sheep,290.0
Selenge,1977,Camel,0.2
Selenge,1977,Cattle,78.8
Selenge,1977,Goat,21.8
Selenge,1977,Horse,23.5
Selenge,1977,Sheep,303.4
Selenge,1978,Camel,0.2
Selenge,1978,Cattle,81.2
Selenge,1978,Goat,21.0
Selenge,1978,Horse,23.2
Selenge,1978,Sheep,328.5
Selenge,1979,Camel,0.2
Selenge,1979,Cattle,75.3
Selenge,1979,Goat,20.2
Selenge,1979,Horse,22.3
Selenge,1979,Sheep,322.3
Selenge,1980,Camel,0.2
Selenge,1980,Cattle,70.4
Selenge,1980,Goat,18.1
Selenge,1980,Horse,21.4
Selenge,1980,Sheep,287.8
Selenge,1981,Camel,0.2
Selenge,1981,Cattle,70.1
Selenge,1981,Goat,19.4
Selenge,1981,Horse,22.0
Selenge,1981,Sheep,306.7
Selenge,1982,Camel,0.2
Selenge,1982,Cattle,71.2
Selenge,1982,Goat,20.7
Selenge,1982,Horse,21.4
Selenge,1982,Sheep,289.7
Selenge,1983,Camel,0.2
Selenge,1983,Cattle,75.1
Selenge,1983,Goat,21.3
Selenge,1983,Horse,22.4
Selenge,1983,Sheep,306.6
Selenge,1984,Camel,0.2
Selenge,1984,Cattle,76.7
Selenge,1984,Goat,20.8
Selenge,1984,Horse,22.8
Selenge,1984,Sheep,304.7
Selenge,1985,Camel,0.2
Selenge,1985,Cattle,75.4
Selenge,1985,Goat,20.5
Selenge,1985,Horse,24.2
Selenge,1985,Sheep,289.8
Selenge,1986,Camel,0.2
Selenge,1986,Cattle,77.0
Selenge,1986,Goat,20.8
Selenge,1986,Horse,24.8
Selenge,1986,Sheep,291.8
Selenge,1987,Camel,0.2
Selenge,1987,Cattle,81.7
Selenge,1987,Goat,20.4
Selenge,1987,Horse,25.7
Selenge,1987,Sheep,301.4
Selenge,1988,Camel,0.2
Selenge,1988,Cattle,84.8
Selenge,1988,Goat,21.5
Selenge,1988,Horse,25.5
Selenge,1988,Sheep,316.6
Selenge,1989,Camel,0.3
Selenge,1989,Cattle,92.9
Selenge,1989,Goat,24.1
Selenge,1989,Horse,28.2
Selenge,1989,Sheep,332.3
Selenge,1990,Camel,0.3
Selenge,1990,Cattle,99.2
Selenge,1990,Goat,28.0
Selenge,1990,Horse,33.8
Selenge,1990,Sheep,351.3
Selenge,1991,Camel,0.3
Selenge,1991,Cattle,99.2
Selenge,1991,Goat,32.7
Selenge,1991,Horse,34.1
Selenge,1991,Sheep,333.8
Selenge,1992,Camel,0.3
Selenge,1992,Cattle,96.6
Selenge,1992,Goat,37.8
Selenge,1992,Horse,34.9
Selenge,1992,Sheep,312.3
Selenge,1993,Camel,0.3
Selenge,1993,Cattle,85.8
Selenge,1993,Goat,42.9
Selenge,1993,Horse,37.6
Selenge,1993,Sheep,290.0
Selenge,1994,Camel,0.3
Selenge,1994,Cattle,93.0
Selenge,1994,Goat,59.5
Selenge,1994,Horse,38.6
Selenge,1994,Sheep,305.1
Selenge,1995,Camel,0.3
Selenge,1995,Cattle,97.6
Selenge,1995,Goat,70.6
Selenge,1995,Horse,41.2
Selenge,1995,Sheep,295.1
Selenge,1996,Camel,0.4
Selenge,1996,Cattle,98.1
Selenge,1996,Goat,82.9
Selenge,1996,Horse,40.8
Selenge,1996,Sheep,284.5
Selenge,1997,Camel,0.4
Selenge,1997,Cattle,96.3
Selenge,1997,Goat,95.7
Selenge,1997,Horse,41.4
Selenge,1997,Sheep,288.8
Selenge,1998,Camel,0.4
Selenge,1998,Cattle,103.5
Selenge,1998,Goat,119.0
Selenge,1998,Horse,44.1
Selenge,1998,Sheep,302.5
Selenge,1999,Camel,0.4
Selenge,1999,Cattle,109.6
Selenge,1999,Goat,138.4
Selenge,1999,Horse,46.3
Selenge,1999,Sheep,327.9
Selenge,2000,Camel,0.7
Selenge,2000,Cattle,108.5
Selenge,2000,Goat,165.8
Selenge,2000,Horse,45.9
Selenge,2000,Sheep,333.5
Selenge,2001,Camel,0.7
Selenge,2001,Cattle,96.7
Selenge,2001,Goat,185.9
Selenge,2001,Horse,47.8
Selenge,2001,Sheep,314.4
Selenge,2002,Camel,0.8
Selenge,2002,Cattle,94.1
Selenge,2002,Goat,224.3
Selenge,2002,Horse,47.6
Selenge,2002,Sheep,316.7
Selenge,2003,Camel,0.7
Selenge,2003,Cattle,71.5
Selenge,2003,Goat,205.6
Selenge,2003,Horse,42.9
Selenge,2003,Sheep,266.2
Selenge,2004,Camel,0.5
Selenge,2004,Cattle,68.4
Selenge,2004,Goat,215.5
Selenge,2004,Horse,39.5
Selenge,2004,Sheep,253.6
Selenge,2005,Camel,0.4
Selenge,2005,Cattle,73.7
Selenge,2005,Goat,238.7
Selenge,2005,Horse,37.1
Selenge,2005,Sheep,277.6
Selenge,2006,Camel,0.5
Selenge,2006,Cattle,85.1
Selenge,2006,Goat,309.7
Selenge,2006,Horse,39.2
Selenge,2006,Sheep,339.9
Selenge,2007,Camel,0.5
Selenge,2007,Cattle,105.5
Selenge,2007,Goat,425.4
Selenge,2007,Horse,45.3
Selenge,2007,Sheep,453.5
Selenge,2008,Camel,0.7
Selenge,2008,Cattle,134.1
Selenge,2008,Goat,599.8
Selenge,2008,Horse,55.8
Selenge,2008,Sheep,651.7
Selenge,2009,Camel,0.7
Selenge,2009,Cattle,153.2
Selenge,2009,Goat,609.8
Selenge,2009,Horse,57.6
Selenge,2009,Sheep,732.1
Selenge,2010,Camel,0.8
Selenge,2010,Cattle,143.5
Selenge,2010,Goat,447.4
Selenge,2010,Horse,61.8
Selenge,2010,Sheep,612.2
Selenge,2011,Camel,0.6
Selenge,2011,Cattle,151.9
Selenge,2011,Goat,461.4
Selenge,2011,Horse,65.3
Selenge,2011,Sheep,581.7
Selenge,2012,Camel,0.6
Selenge,2012,Cattle,159.6
Selenge,2012,Goat,465.1
Selenge,2012,Horse,68.1
Selenge,2012,Sheep,612.1
Selenge,2013,Camel,0.5
Selenge,2013,Cattle,171.5
Selenge,2013,Goat,446.6
Selenge,2013,Horse,71.5
Selenge,2013,Sheep,624.2
Selenge,2014,Camel,0.5
Selenge,2014,Cattle,196.6
Selenge,2014,Goat,495.9
Selenge,2014,Horse,79.8
Selenge,2014,Sheep,698.9
Selenge,2015,Camel,0.5
Selenge,2015,Cattle,207.8
Selenge,2015,Goat,481.3
Selenge,2015,Horse,82.2
Selenge,2015,Sheep,686.9
Selenge,2016,Camel,0.5
Selenge,2016,Cattle,224.3
Selenge,2016,Goat,532.0
Selenge,2016,Horse,93.6
Selenge,2016,Sheep,749.3
Selenge,2017,Camel,0.5
Selenge,2017,Cattle,218.4
Selenge,2017,Goat,496.3
Selenge,2017,Horse,95.4
Selenge,2017,Sheep,699.3
Selenge,2018,Camel,0.5
Selenge,2018,Cattle,216.8
Selenge,2018,Goat,519.3
Selenge,2018,Horse,97.6
Selenge,2018,Sheep,705.9
Selenge,2019,Camel,0.5
Selenge,2019,Cattle,232.3
Selenge,2019,Goat,601.6
Selenge,2019,Horse,103.4
Selenge,2019,Sheep,744.7
Selenge,2020,Camel,0.4
Selenge,2020,Cattle,256.0
Selenge,2020,Goat,669.0
Selenge,2020,Horse,109.7
Selenge,2020,Sheep,783.4
Selenge,2021,Camel,0.5
Selenge,2021,Cattle,281.6
Selenge,2021,Goat,635.0
Selenge,2021,Horse,119.9
Selenge,2021,Sheep,849.7
Selenge,2022,Camel,0.6
Selenge,2022,Cattle,298.5
Selenge,2022,Goat,626.7
Selenge,2022,Horse,129.2
Selenge,2022,Sheep,857.4
Selenge,2023,Camel,0.6
Selenge,2023,Cattle,303.3
Selenge,2023,Goat,537.2
Selenge,2023,Horse,140.3
Selenge,2023,Sheep,787.9
Selenge,2024,Camel,0.6
Selenge,2024,Cattle,311.8
Selenge,2024,Goat,456.2
Selenge,2024,Horse,150.5
Selenge,2024,Sheep,683.4
Sukhbaatar,1970,Camel,17.8
Sukhbaatar,1970,Cattle,98.1
Sukhbaatar,1970,Goat,119.6
Sukhbaatar,1970,Horse,129.1
Sukhbaatar,1970,Sheep,636.8
Sukhbaatar,1971,Camel,17.4
Sukhbaatar,1971,Cattle,95.9
Sukhbaatar,1971,Goat,100.8
Sukhbaatar,1971,Horse,121.9
Sukhbaatar,1971,Sheep,565.5
Sukhbaatar,1972,Camel,17.7
Sukhbaatar,1972,Cattle,98.3
Sukhbaatar,1972,Goat,113.7
Sukhbaatar,1972,Horse,117.3
Sukhbaatar,1972,Sheep,627.1
Sukhbaatar,1973,Camel,17.9
Sukhbaatar,1973,Cattle,104.4
Sukhbaatar,1973,Goat,126.9
Sukhbaatar,1973,Horse,120.5
Sukhbaatar,1973,Sheep,684.0
Sukhbaatar,1974,Camel,18.4
Sukhbaatar,1974,Cattle,113.9
Sukhbaatar,1974,Goat,119.4
Sukhbaatar,1974,Horse,123.7
Sukhbaatar,1974,Sheep,692.7
Sukhbaatar,1975,Camel,19.1
Sukhbaatar,1975,Cattle,119.1
Sukhbaatar,1975,Goat,129.7
Sukhbaatar,1975,Horse,127.9
Sukhbaatar,1975,Sheep,678.2
Sukhbaatar,1976,Camel,19.5
Sukhbaatar,1976,Cattle,123.8
Sukhbaatar,1976,Goat,132.3
Sukhbaatar,1976,Horse,126.3
Sukhbaatar,1976,Sheep,657.4
Sukhbaatar,1977,Camel,18.6
Sukhbaatar,1977,Cattle,125.0
Sukhbaatar,1977,Goat,131.8
Sukhbaatar,1977,Horse,120.7
Sukhbaatar,1977,Sheep,691.8
Sukhbaatar,1978,Camel,19.4
Sukhbaatar,1978,Cattle,136.3
Sukhbaatar,1978,Goat,140.3
Sukhbaatar,1978,Horse,124.1
Sukhbaatar,1978,Sheep,704.7
Sukhbaatar,1979,Camel,19.8
Sukhbaatar,1979,Cattle,138.6
Sukhbaatar,1979,Goat,141.9
Sukhbaatar,1979,Horse,128.2
Sukhbaatar,1979,Sheep,733.9
Sukhbaatar,1980,Camel,19.0
Sukhbaatar,1980,Cattle,128.2
Sukhbaatar,1980,Goat,127.7
Sukhbaatar,1980,Horse,115.0
Sukhbaatar,1980,Sheep,678.6
Sukhbaatar,1981,Camel,19.6
Sukhbaatar,1981,Cattle,134.1
Sukhbaatar,1981,Goat,141.0
Sukhbaatar,1981,Horse,121.8
Sukhbaatar,1981,Sheep,714.5
Sukhbaatar,1982,Camel,18.4
Sukhbaatar,1982,Cattle,122.7
Sukhbaatar,1982,Goat,125.0
Sukhbaatar,1982,Horse,115.5
Sukhbaatar,1982,Sheep,654.3
Sukhbaatar,1983,Camel,17.8
Sukhbaatar,1983,Cattle,117.4
Sukhbaatar,1983,Goat,108.9
Sukhbaatar,1983,Horse,111.9
Sukhbaatar,1983,Sheep,592.3
Sukhbaatar,1984,Camel,18.2
Sukhbaatar,1984,Cattle,122.7
Sukhbaatar,1984,Goat,121.2
Sukhbaatar,1984,Horse,117.5
Sukhbaatar,1984,Sheep,627.5
Sukhbaatar,1985,Camel,18.3
Sukhbaatar,1985,Cattle,127.6
Sukhbaatar,1985,Goat,129.2
Sukhbaatar,1985,Horse,118.1
Sukhbaatar,1985,Sheep,634.8
Sukhbaatar,1986,Camel,18.2
Sukhbaatar,1986,Cattle,133.2
Sukhbaatar,1986,Goat,134.0
Sukhbaatar,1986,Horse,122.6
Sukhbaatar,1986,Sheep,624.9
Sukhbaatar,1987,Camel,16.9
Sukhbaatar,1987,Cattle,126.0
Sukhbaatar,1987,Goat,110.8
Sukhbaatar,1987,Horse,120.4
Sukhbaatar,1987,Sheep,542.6
Sukhbaatar,1988,Camel,16.6
Sukhbaatar,1988,Cattle,122.6
Sukhbaatar,1988,Goat,123.0
Sukhbaatar,1988,Horse,124.3
Sukhbaatar,1988,Sheep,572.8
Sukhbaatar,1989,Camel,16.8
Sukhbaatar,1989,Cattle,129.2
Sukhbaatar,1989,Goat,135.2
Sukhbaatar,1989,Horse,123.7
Sukhbaatar,1989,Sheep,592.0
Sukhbaatar,1990,Camel,15.9
Sukhbaatar,1990,Cattle,132.2
Sukhbaatar,1990,Goat,135.4
Sukhbaatar,1990,Horse,118.2
Sukhbaatar,1990,Sheep,602.9
Sukhbaatar,1991,Camel,13.9
Sukhbaatar,1991,Cattle,135.4
Sukhbaatar,1991,Goat,143.6
Sukhbaatar,1991,Horse,118.4
Sukhbaatar,1991,Sheep,624.5
Sukhbaatar,1992,Camel,12.7
Sukhbaatar,1992,Cattle,144.4
Sukhbaatar,1992,Goat,163.5
Sukhbaatar,1992,Horse,120.9
Sukhbaatar,1992,Sheep,657.3
Sukhbaatar,1993,Camel,7.9
Sukhbaatar,1993,Cattle,80.5
Sukhbaatar,1993,Goat,115.7
Sukhbaatar,1993,Horse,71.4
Sukhbaatar,1993,Sheep,371.2
Sukhbaatar,1994,Camel,11.9
Sukhbaatar,1994,Cattle,159.9
Sukhbaatar,1994,Goat,197.9
Sukhbaatar,1994,Horse,130.8
Sukhbaatar,1994,Sheep,586.3
Sukhbaatar,1995,Camel,11.4
Sukhbaatar,1995,Cattle,162.6
Sukhbaatar,1995,Goat,210.4
Sukhbaatar,1995,Horse,134.9
Sukhbaatar,1995,Sheep,496.4
Sukhbaatar,1996,Camel,11.2
Sukhbaatar,1996,Cattle,155.9
Sukhbaatar,1996,Goat,234.3
Sukhbaatar,1996,Horse,139.8
Sukhbaatar,1996,Sheep,499.7
Sukhbaatar,1997,Camel,11.8
Sukhbaatar,1997,Cattle,167.5
Sukhbaatar,1997,Goat,264.8
Sukhbaatar,1997,Horse,154.9
Sukhbaatar,1997,Sheep,534.2
Sukhbaatar,1998,Camel,12.1
Sukhbaatar,1998,Cattle,184.8
Sukhbaatar,1998,Goat,316.4
Sukhbaatar,1998,Horse,169.4
Sukhbaatar,1998,Sheep,605.6
Sukhbaatar,1999,Camel,12.5
Sukhbaatar,1999,Cattle,211.3
Sukhbaatar,1999,Goat,348.7
Sukhbaatar,1999,Horse,188.3
Sukhbaatar,1999,Sheep,689.8
Sukhbaatar,2000,Camel,12.2
Sukhbaatar,2000,Cattle,209.6
Sukhbaatar,2000,Goat,361.1
Sukhbaatar,2000,Horse,192.2
Sukhbaatar,2000,Sheep,717.3
Sukhbaatar,2001,Camel,12.1
Sukhbaatar,2001,Cattle,137.9
Sukhbaatar,2001,Goat,388.2
Sukhbaatar,2001,Horse,182.9
Sukhbaatar,2001,Sheep,708.0
Sukhbaatar,2002,Camel,12.4
Sukhbaatar,2002,Cattle,140.4
Sukhbaatar,2002,Goat,463.5
Sukhbaatar,2002,Horse,188.8
Sukhbaatar,2002,Sheep,711.0
Sukhbaatar,2003,Camel,12.9
Sukhbaatar,2003,Cattle,151.3
Sukhbaatar,2003,Goat,541.2
Sukhbaatar,2003,Horse,194.7
Sukhbaatar,2003,Sheep,722.5
Sukhbaatar,2004,Camel,12.6
Sukhbaatar,2004,Cattle,138.4
Sukhbaatar,2004,Goat,537.1
Sukhbaatar,2004,Horse,185.5
Sukhbaatar,2004,Sheep,706.4
Sukhbaatar,2005,Camel,11.8
Sukhbaatar,2005,Cattle,125.3
Sukhbaatar,2005,Goat,512.3
Sukhbaatar,2005,Horse,177.7
Sukhbaatar,2005,Sheep,696.0
Sukhbaatar,2006,Camel,11.3
Sukhbaatar,2006,Cattle,128.6
Sukhbaatar,2006,Goat,567.2
Sukhbaatar,2006,Horse,176.3
Sukhbaatar,2006,Sheep,750.8
Sukhbaatar,2007,Camel,10.8
Sukhbaatar,2007,Cattle,124.6
Sukhbaatar,2007,Goat,631.5
Sukhbaatar,2007,Horse,166.0
Sukhbaatar,2007,Sheep,776.3
Sukhbaatar,2008,Camel,9.6
Sukhbaatar,2008,Cattle,97.8
Sukhbaatar,2008,Goat,583.2
Sukhbaatar,2008,Horse,118.8
Sukhbaatar,2008,Sheep,733.1
Sukhbaatar,2009,Camel,10.1
Sukhbaatar,2009,Cattle,110.1
Sukhbaatar,2009,Goat,684.3
Sukhbaatar,2009,Horse,131.5
Sukhbaatar,2009,Sheep,853.7
Sukhbaatar,2010,Camel,10.9
Sukhbaatar,2010,Cattle,128.0
Sukhbaatar,2010,Goat,731.7
Sukhbaatar,2010,Horse,148.1
Sukhbaatar,2010,Sheep,961.2
Sukhbaatar,2011,Camel,10.7
Sukhbaatar,2011,Cattle,136.7
Sukhbaatar,2011,Goat,777.2
Sukhbaatar,2011,Horse,164.9
Sukhbaatar,2011,Sheep,992.0
Sukhbaatar,2012,Camel,9.8
Sukhbaatar,2012,Cattle,151.1
Sukhbaatar,2012,Goat,845.3
Sukhbaatar,2012,Horse,183.6
Sukhbaatar,2012,Sheep,1090.8
Sukhbaatar,2013,Camel,8.9
Sukhbaatar,2013,Cattle,172.0
Sukhbaatar,2013,Goat,890.8
Sukhbaatar,2013,Horse,203.1
Sukhbaatar,2013,Sheep,1216.6
Sukhbaatar,2014,Camel,8.6
Sukhbaatar,2014,Cattle,195.9
Sukhbaatar,2014,Goat,1001.7
Sukhbaatar,2014,Horse,231.2
Sukhbaatar,2014,Sheep,1380.8
Sukhbaatar,2015,Camel,8.3
Sukhbaatar,2015,Cattle,214.5
Sukhbaatar,2015,Goat,1076.0
Sukhbaatar,2015,Horse,259.6
Sukhbaatar,2015,Sheep,1511.8
Sukhbaatar,2016,Camel,7.9
Sukhbaatar,2016,Cattle,209.3
Sukhbaatar,2016,Goat,996.4
Sukhbaatar,2016,Horse,274.7
Sukhbaatar,2016,Sheep,1542.2
Sukhbaatar,2017,Camel,8.3
Sukhbaatar,2017,Cattle,236.8
Sukhbaatar,2017,Goat,1152.4
Sukhbaatar,2017,Horse,315.6
Sukhbaatar,2017,Sheep,1815.3
Sukhbaatar,2018,Camel,8.2
Sukhbaatar,2018,Cattle,251.6
Sukhbaatar,2018,Goat,1207.5
Sukhbaatar,2018,Horse,327.3
Sukhbaatar,2018,Sheep,1922.1
Sukhbaatar,2019,Camel,7.9
Sukhbaatar,2019,Cattle,268.5
Sukhbaatar,2019,Goat,1247.4
Sukhbaatar,2019,Horse,321.9
Sukhbaatar,2019,Sheep,1971.2
Sukhbaatar,2020,Camel,7.6
Sukhbaatar,2020,Cattle,280.9
Sukhbaatar,2020,Goat,1280.2
Sukhbaatar,2020,Horse,331.0
Sukhbaatar,2020,Sheep,1993.9
Sukhbaatar,2021,Camel,7.7
Sukhbaatar,2021,Cattle,308.2
Sukhbaatar,2021,Goat,1343.4
Sukhbaatar,2021,Horse,364.6
Sukhbaatar,2021,Sheep,2179.0
Sukhbaatar,2022,Camel,8.0
Sukhbaatar,2022,Cattle,341.8
Sukhbaatar,2022,Goat,1482.4
Sukhbaatar,2022,Horse,402.5
Sukhbaatar,2022,Sheep,2410.0
Sukhbaatar,2023,Camel,7.6
Sukhbaatar,2023,Cattle,303.5
Sukhbaatar,2023,Goat,1161.9
Sukhbaatar,2023,Horse,366.3
Sukhbaatar,2023,Sheep,2020.2
Sukhbaatar,2024,Camel,5.7
Sukhbaatar,2024,Cattle,183.2
Sukhbaatar,2024,Goat,669.1
Sukhbaatar,2024,Horse,289.4
Sukhbaatar,2024,Sheep,861.4
Tuv,1970,Camel,11.0
Tuv,1970,Cattle,165.1
Tuv,1970,Goat,156.3
Tuv,1970,Horse,180.8
Tuv,1970,Sheep,810.0
Tuv,1971,Camel,11.0
Tuv,1971,Cattle,164.8
Tuv,1971,Goat,149.4
Tuv,1971,Horse,179.0
Tuv,1971,Sheep,800.6
Tuv,1972,Camel,10.9
Tuv,1972,Cattle,163.7
Tuv,1972,Goat,160.7
Tuv,1972,Horse,170.1
Tuv,1972,Sheep,840.0
Tuv,1973,Camel,10.6
Tuv,1973,Cattle,158.4
Tuv,1973,Goat,171.0
Tuv,1973,Horse,159.1
Tuv,1973,Sheep,882.0
Tuv,1974,Camel,10.8
Tuv,1974,Cattle,172.4
Tuv,1974,Goat,186.6
Tuv,1974,Horse,167.1
Tuv,1974,Sheep,974.8
Tuv,1975,Camel,11.0
Tuv,1975,Cattle,189.3
Tuv,1975,Goat,190.6
Tuv,1975,Horse,178.4
Tuv,1975,Sheep,957.0
Tuv,1976,Camel,10.4
Tuv,1976,Cattle,178.8
Tuv,1976,Goat,163.0
Tuv,1976,Horse,166.2
Tuv,1976,Sheep,826.1
Tuv,1977,Camel,9.6
Tuv,1977,Cattle,162.5
Tuv,1977,Goat,125.1
Tuv,1977,Horse,152.9
Tuv,1977,Sheep,712.2
Tuv,1978,Camel,9.7
Tuv,1978,Cattle,167.9
Tuv,1978,Goat,150.3
Tuv,1978,Horse,153.0
Tuv,1978,Sheep,787.0
Tuv,1979,Camel,10.0
Tuv,1979,Cattle,165.9
Tuv,1979,Goat,160.2
Tuv,1979,Horse,155.0
Tuv,1979,Sheep,826.1
Tuv,1980,Camel,10.4
Tuv,1980,Cattle,158.0
Tuv,1980,Goat,149.8
Tuv,1980,Horse,152.9
Tuv,1980,Sheep,837.8
Tuv,1981,Camel,10.5
Tuv,1981,Cattle,155.9
Tuv,1981,Goat,150.8
Tuv,1981,Horse,153.4
Tuv,1981,Sheep,877.3
Tuv,1982,Camel,10.7
Tuv,1982,Cattle,164.6
Tuv,1982,Goat,163.6
Tuv,1982,Horse,158.5
Tuv,1982,Sheep,939.1
Tuv,1983,Camel,10.9
Tuv,1983,Cattle,168.1
Tuv,1983,Goat,150.1
Tuv,1983,Horse,157.2
Tuv,1983,Sheep,939.6
Tuv,1984,Camel,10.1
Tuv,1984,Cattle,165.6
Tuv,1984,Goat,146.9
Tuv,1984,Horse,154.2
Tuv,1984,Sheep,898.2
Tuv,1985,Camel,9.7
Tuv,1985,Cattle,165.3
Tuv,1985,Goat,142.9
Tuv,1985,Horse,156.5
Tuv,1985,Sheep,887.7
Tuv,1986,Camel,9.5
Tuv,1986,Cattle,174.4
Tuv,1986,Goat,145.3
Tuv,1986,Horse,163.5
Tuv,1986,Sheep,897.4
Tuv,1987,Camel,9.4
Tuv,1987,Cattle,175.0
Tuv,1987,Goat,140.4
Tuv,1987,Horse,170.6
Tuv,1987,Sheep,913.3
Tuv,1988,Camel,9.4
Tuv,1988,Cattle,176.1
Tuv,1988,Goat,142.7
Tuv,1988,Horse,180.8
Tuv,1988,Sheep,948.2
Tuv,1989,Camel,9.7
Tuv,1989,Cattle,191.9
Tuv,1989,Goat,166.2
Tuv,1989,Horse,195.8
Tuv,1989,Sheep,1025.8
Tuv,1990,Camel,9.5
Tuv,1990,Cattle,205.7
Tuv,1990,Goat,176.5
Tuv,1990,Horse,203.3
Tuv,1990,Sheep,1116.4
Tuv,1991,Camel,6.9
Tuv,1991,Cattle,199.8
Tuv,1991,Goat,174.8
Tuv,1991,Horse,210.3
Tuv,1991,Sheep,1061.7
Tuv,1992,Camel,5.6
Tuv,1992,Cattle,197.9
Tuv,1992,Goat,192.4
Tuv,1992,Horse,205.4
Tuv,1992,Sheep,1086.7
Tuv,1993,Camel,4.8
Tuv,1993,Cattle,185.9
Tuv,1993,Goat,210.5
Tuv,1993,Horse,207.3
Tuv,1993,Sheep,1011.9
Tuv,1994,Camel,4.2
Tuv,1994,Cattle,190.7
Tuv,1994,Goat,232.3
Tuv,1994,Horse,220.1
Tuv,1994,Sheep,982.6
Tuv,1995,Camel,4.3
Tuv,1995,Cattle,214.4
Tuv,1995,Goat,296.1
Tuv,1995,Horse,247.3
Tuv,1995,Sheep,1004.2
Tuv,1996,Camel,4.2
Tuv,1996,Cattle,235.6
Tuv,1996,Goat,346.3
Tuv,1996,Horse,261.6
Tuv,1996,Sheep,1020.3
Tuv,1997,Camel,4.1
Tuv,1997,Cattle,248.9
Tuv,1997,Goat,420.3
Tuv,1997,Horse,280.3
Tuv,1997,Sheep,1094.8
Tuv,1998,Camel,4.1
Tuv,1998,Cattle,263.5
Tuv,1998,Goat,495.6
Tuv,1998,Horse,302.7
Tuv,1998,Sheep,1172.6
Tuv,1999,Camel,4.2
Tuv,1999,Cattle,241.2
Tuv,1999,Goat,494.0
Tuv,1999,Horse,303.6
Tuv,1999,Sheep,1175.1
Tuv,2000,Camel,3.6
Tuv,2000,Cattle,184.2
Tuv,2000,Goat,483.6
Tuv,2000,Horse,249.5
Tuv,2000,Sheep,1101.2
Tuv,2001,Camel,2.9
Tuv,2001,Cattle,120.1
Tuv,2001,Goat,457.9
Tuv,2001,Horse,192.7
Tuv,2001,Sheep,894.6
Tuv,2002,Camel,2.7
Tuv,2002,Cattle,109.3
Tuv,2002,Goat,493.4
Tuv,2002,Horse,185.8
Tuv,2002,Sheep,806.8
Tuv,2003,Camel,2.6
Tuv,2003,Cattle,91.5
Tuv,2003,Goat,491.6
Tuv,2003,Horse,165.2
Tuv,2003,Sheep,724.8
Tuv,2004,Camel,2.4
Tuv,2004,Cattle,93.3
Tuv,2004,Goat,541.6
Tuv,2004,Horse,169.2
Tuv,2004,Sheep,744.8
Tuv,2005,Camel,2.2
Tuv,2005,Cattle,108.1
Tuv,2005,Goat,634.9
Tuv,2005,Horse,179.4
Tuv,2005,Sheep,855.7
Tuv,2006,Camel,2.1
Tuv,2006,Cattle,131.1
Tuv,2006,Goat,801.3
Tuv,2006,Horse,197.9
Tuv,2006,Sheep,1040.8
Tuv,2007,Camel,2.1
Tuv,2007,Cattle,157.2
Tuv,2007,Goat,1003.0
Tuv,2007,Horse,215.0
Tuv,2007,Sheep,1249.3
Tuv,2008,Camel,2.4
Tuv,2008,Cattle,171.6
Tuv,2008,Goat,1166.5
Tuv,2008,Horse,212.7
Tuv,2008,Sheep,1449.8
Tuv,2009,Camel,2.6
Tuv,2009,Cattle,194.2
Tuv,2009,Goat,1319.9
Tuv,2009,Horse,233.1
Tuv,2009,Sheep,1714.5
Tuv,2010,Camel,2.2
Tuv,2010,Cattle,172.0
Tuv,2010,Goat,977.9
Tuv,2010,Horse,199.8
Tuv,2010,Sheep,1358.7
Tuv,2011,Camel,2.9
Tuv,2011,Cattle,185.0
Tuv,2011,Goat,1088.9
Tuv,2011,Horse,223.0
Tuv,2011,Sheep,1462.3
Tuv,2012,Camel,2.4
Tuv,2012,Cattle,206.5
Tuv,2012,Goat,1155.4
Tuv,2012,Horse,246.7
Tuv,2012,Sheep,1633.7
Tuv,2013,Camel,2.7
Tuv,2013,Cattle,239.4
Tuv,2013,Goat,1231.3
Tuv,2013,Horse,283.6
Tuv,2013,Sheep,1815.9
Tuv,2014,Camel,2.9
Tuv,2014,Cattle,289.4
Tuv,2014,Goat,1432.5
Tuv,2014,Horse,331.0
Tuv,2014,Sheep,2125.7
Tuv,2015,Camel,3.1
Tuv,2015,Cattle,316.1
Tuv,2015,Goat,1507.4
Tuv,2015,Horse,360.8
Tuv,2015,Sheep,2271.2
Tuv,2016,Camel,3.4
Tuv,2016,Cattle,326.2
Tuv,2016,Goat,1551.3
Tuv,2016,Horse,382.6
Tuv,2016,Sheep,2442.4
Tuv,2017,Camel,3.5
Tuv,2017,Cattle,310.8
Tuv,2017,Goat,1534.2
Tuv,2017,Horse,375.6
Tuv,2017,Sheep,2461.1
Tuv,2018,Camel,3.5
Tuv,2018,Cattle,282.3
Tuv,2018,Goat,1506.0
Tuv,2018,Horse,341.4
Tuv,2018,Sheep,2449.3
Tuv,2019,Camel,3.6
Tuv,2019,Cattle,313.8
Tuv,2019,Goat,1670.5
Tuv,2019,Horse,371.4
Tuv,2019,Sheep,2619.8
Tuv,2020,Camel,3.6
Tuv,2020,Cattle,322.1
Tuv,2020,Goat,1656.8
Tuv,2020,Horse,364.7
Tuv,2020,Sheep,2540.3
Tuv,2021,Camel,3.7
Tuv,2021,Cattle,320.0
Tuv,2021,Goat,1530.1
Tuv,2021,Horse,356.8
Tuv,2021,Sheep,2535.5
Tuv,2022,Camel,4.0
Tuv,2022,Cattle,348.8
Tuv,2022,Goat,1628.7
Tuv,2022,Horse,398.8
Tuv,2022,Sheep,2727.4
Tuv,2023,Camel,4.1
Tuv,2023,Cattle,355.0
Tuv,2023,Goat,1506.0
Tuv,2023,Horse,425.2
Tuv,2023,Sheep,2642.7
Tuv,2024,Camel,3.9
Tuv,2024,Cattle,356.9
Tuv,2024,Goat,1285.2
Tuv,2024,Horse,433.7
Tuv,2024,Sheep,2070.4
Ulaanbaatar,1970,Camel,0.0
Ulaanbaatar,1970,Cattle,27.6
Ulaanbaatar,1970,Goat,13.0
Ulaanbaatar,1970,Horse,14.8
Ulaanbaatar,1970,Sheep,8.4
Ulaanbaatar,1971,Camel,0.0
Ulaanbaatar,1971,Cattle,31.2
Ulaanbaatar,1971,Goat,15.2
Ulaanbaatar,1971,Horse,15.8
Ulaanbaatar,1971,Sheep,15.0
Ulaanbaatar,1972,Camel,0.0
Ulaanbaatar,1972,Cattle,30.8
Ulaanbaatar,1972,Goat,15.2
Ulaanbaatar,1972,Horse,13.6
Ulaanbaatar,1972,Sheep,22.8
Ulaanbaatar,1973,Camel,0.0
Ulaanbaatar,1973,Cattle,47.6
Ulaanbaatar,1973,Goat,14.6
Ulaanbaatar,1973,Horse,17.4
Ulaanbaatar,1973,Sheep,27.4
Ulaanbaatar,1974,Camel,0.0
Ulaanbaatar,1974,Cattle,53.2
Ulaanbaatar,1974,Goat,15.4
Ulaanbaatar,1974,Horse,16.2
Ulaanbaatar,1974,Sheep,31.0
Ulaanbaatar,1975,Camel,0.0
Ulaanbaatar,1975,Cattle,55.4
Ulaanbaatar,1975,Goat,14.6
Ulaanbaatar,1975,Horse,18.4
Ulaanbaatar,1975,Sheep,38.0
Ulaanbaatar,1976,Camel,0.0
Ulaanbaatar,1976,Cattle,55.2
Ulaanbaatar,1976,Goat,16.4
Ulaanbaatar,1976,Horse,17.6
Ulaanbaatar,1976,Sheep,41.4
Ulaanbaatar,1977,Camel,0.0
Ulaanbaatar,1977,Cattle,55.2
Ulaanbaatar,1977,Goat,16.0
Ulaanbaatar,1977,Horse,18.4
Ulaanbaatar,1977,Sheep,40.6
Ulaanbaatar,1978,Camel,0.0
Ulaanbaatar,1978,Cattle,58.8
Ulaanbaatar,1978,Goat,13.8
Ulaanbaatar,1978,Horse,16.2
Ulaanbaatar,1978,Sheep,29.8
Ulaanbaatar,1979,Camel,14.8
Ulaanbaatar,1979,Cattle,27.4
Ulaanbaatar,1979,Goat,105.6
Ulaanbaatar,1979,Horse,54.0
Ulaanbaatar,1979,Sheep,9.4
Ulaanbaatar,1980,Camel,0.0
Ulaanbaatar,1980,Cattle,50.6
Ulaanbaatar,1980,Goat,9.6
Ulaanbaatar,1980,Horse,14.6
Ulaanbaatar,1980,Sheep,29.4
Ulaanbaatar,1981,Camel,0.0
Ulaanbaatar,1981,Cattle,52.6
Ulaanbaatar,1981,Goat,11.0
Ulaanbaatar,1981,Horse,16.2
Ulaanbaatar,1981,Sheep,32.0
Ulaanbaatar,1982,Camel,0.0
Ulaanbaatar,1982,Cattle,55.6
Ulaanbaatar,1982,Goat,12.8
Ulaanbaatar,1982,Horse,16.6
Ulaanbaatar,1982,Sheep,36.6
Ulaanbaatar,1983,Camel,0.0
Ulaanbaatar,1983,Cattle,61.2
Ulaanbaatar,1983,Goat,14.2
Ulaanbaatar,1983,Horse,17.2
Ulaanbaatar,1983,Sheep,52.6
Ulaanbaatar,1984,Camel,0.0
Ulaanbaatar,1984,Cattle,62.6
Ulaanbaatar,1984,Goat,14.6
Ulaanbaatar,1984,Horse,17.0
Ulaanbaatar,1984,Sheep,56.0
Ulaanbaatar,1985,Camel,0.0
Ulaanbaatar,1985,Cattle,64.2
Ulaanbaatar,1985,Goat,15.2
Ulaanbaatar,1985,Horse,20.0
Ulaanbaatar,1985,Sheep,61.0
Ulaanbaatar,1986,Camel,0.0
Ulaanbaatar,1986,Cattle,64.2
Ulaanbaatar,1986,Goat,15.2
Ulaanbaatar,1986,Horse,20.0
Ulaanbaatar,1986,Sheep,61.0
Ulaanbaatar,1987,Camel,0.0
Ulaanbaatar,1987,Cattle,73.8
Ulaanbaatar,1987,Goat,18.4
Ulaanbaatar,1987,Horse,21.8
Ulaanbaatar,1987,Sheep,73.4
Ulaanbaatar,1988,Camel,0.0
Ulaanbaatar,1988,Cattle,76.2
Ulaanbaatar,1988,Goat,20.6
Ulaanbaatar,1988,Horse,22.0
Ulaanbaatar,1988,Sheep,80.4
Ulaanbaatar,1989,Camel,0.0
Ulaanbaatar,1989,Cattle,85.4
Ulaanbaatar,1989,Goat,25.8
Ulaanbaatar,1989,Horse,23.8
Ulaanbaatar,1989,Sheep,101.8
Ulaanbaatar,1990,Camel,0.0
Ulaanbaatar,1990,Cattle,89.8
Ulaanbaatar,1990,Goat,35.2
Ulaanbaatar,1990,Horse,30.6
Ulaanbaatar,1990,Sheep,131.6
Ulaanbaatar,1991,Camel,0.0
Ulaanbaatar,1991,Cattle,103.6
Ulaanbaatar,1991,Goat,56.6
Ulaanbaatar,1991,Horse,44.2
Ulaanbaatar,1991,Sheep,208.2
Ulaanbaatar,1992,Camel,0.2
Ulaanbaatar,1992,Cattle,116.4
Ulaanbaatar,1992,Goat,87.0
Ulaanbaatar,1992,Horse,51.0
Ulaanbaatar,1992,Sheep,295.6
Ulaanbaatar,1993,Camel,0.2
Ulaanbaatar,1993,Cattle,106.0
Ulaanbaatar,1993,Goat,88.4
Ulaanbaatar,1993,Horse,48.2
Ulaanbaatar,1993,Sheep,289.6
Ulaanbaatar,1994,Camel,0.2
Ulaanbaatar,1994,Cattle,96.2
Ulaanbaatar,1994,Goat,85.0
Ulaanbaatar,1994,Horse,49.0
Ulaanbaatar,1994,Sheep,265.2
Ulaanbaatar,1995,Camel,0.2
Ulaanbaatar,1995,Cattle,128.6
Ulaanbaatar,1995,Goat,114.0
Ulaanbaatar,1995,Horse,55.6
Ulaanbaatar,1995,Sheep,290.4
Ulaanbaatar,1996,Camel,0.2
Ulaanbaatar,1996,Cattle,130.4
Ulaanbaatar,1996,Goat,129.6
Ulaanbaatar,1996,Horse,53.6
Ulaanbaatar,1996,Sheep,298.0
Ulaanbaatar,1997,Camel,0.2
Ulaanbaatar,1997,Cattle,119.0
Ulaanbaatar,1997,Goat,145.2
Ulaanbaatar,1997,Horse,47.8
Ulaanbaatar,1997,Sheep,290.2
Ulaanbaatar,1998,Camel,0.2
Ulaanbaatar,1998,Cattle,114.0
Ulaanbaatar,1998,Goat,154.8
Ulaanbaatar,1998,Horse,48.0
Ulaanbaatar,1998,Sheep,285.0
Ulaanbaatar,1999,Camel,0.2
Ulaanbaatar,1999,Cattle,105.2
Ulaanbaatar,1999,Goat,110.6
Ulaanbaatar,1999,Horse,43.4
Ulaanbaatar,1999,Sheep,219.4
Ulaanbaatar,2000,Camel,0.2
Ulaanbaatar,2000,Cattle,97.2
Ulaanbaatar,2000,Goat,118.2
Ulaanbaatar,2000,Horse,40.2
Ulaanbaatar,2000,Sheep,205.6
Ulaanbaatar,2001,Camel,0.2
Ulaanbaatar,2001,Cattle,89.6
Ulaanbaatar,2001,Goat,127.0
Ulaanbaatar,2001,Horse,36.6
Ulaanbaatar,2001,Sheep,189.6
Ulaanbaatar,2002,Camel,0.2
Ulaanbaatar,2002,Cattle,90.8
Ulaanbaatar,2002,Goat,155.2
Ulaanbaatar,2002,Horse,32.4
Ulaanbaatar,2002,Sheep,188.4
Ulaanbaatar,2003,Camel,0.2
Ulaanbaatar,2003,Cattle,89.6
Ulaanbaatar,2003,Goat,168.4
Ulaanbaatar,2003,Horse,35.0
Ulaanbaatar,2003,Sheep,193.6
Ulaanbaatar,2004,Camel,0.0
Ulaanbaatar,2004,Cattle,90.8
Ulaanbaatar,2004,Goat,156.2
Ulaanbaatar,2004,Horse,35.2
Ulaanbaatar,2004,Sheep,170.6
Ulaanbaatar,2005,Camel,0.2
Ulaanbaatar,2005,Cattle,100.0
Ulaanbaatar,2005,Goat,171.8
Ulaanbaatar,2005,Horse,33.6
Ulaanbaatar,2005,Sheep,188.4
Ulaanbaatar,2006,Camel,0.2
Ulaanbaatar,2006,Cattle,110.0
Ulaanbaatar,2006,Goat,236.6
Ulaanbaatar,2006,Horse,39.0
Ulaanbaatar,2006,Sheep,258.0
Ulaanbaatar,2007,Camel,0.2
Ulaanbaatar,2007,Cattle,116.4
Ulaanbaatar,2007,Goat,250.4
Ulaanbaatar,2007,Horse,38.0
Ulaanbaatar,2007,Sheep,257.4
Ulaanbaatar,2008,Camel,0.4
Ulaanbaatar,2008,Cattle,118.0
Ulaanbaatar,2008,Goat,304.8
Ulaanbaatar,2008,Horse,37.4
Ulaanbaatar,2008,Sheep,309.0
Ulaanbaatar,2009,Camel,0.4
Ulaanbaatar,2009,Cattle,119.0
Ulaanbaatar,2009,Goat,302.4
Ulaanbaatar,2009,Horse,44.0
Ulaanbaatar,2009,Sheep,335.8
Ulaanbaatar,2010,Camel,0.4
Ulaanbaatar,2010,Cattle,109.8
Ulaanbaatar,2010,Goat,170.8
Ulaanbaatar,2010,Horse,41.6
Ulaanbaatar,2010,Sheep,203.2
Ulaanbaatar,2011,Camel,0.4
Ulaanbaatar,2011,Cattle,113.8
Ulaanbaatar,2011,Goat,187.2
Ulaanbaatar,2011,Horse,45.0
Ulaanbaatar,2011,Sheep,211.6
Ulaanbaatar,2012,Camel,0.4
Ulaanbaatar,2012,Cattle,121.2
Ulaanbaatar,2012,Goat,194.4
Ulaanbaatar,2012,Horse,51.6
Ulaanbaatar,2012,Sheep,249.4
Ulaanbaatar,2013,Camel,0.2
Ulaanbaatar,2013,Cattle,129.2
Ulaanbaatar,2013,Goat,199.0
Ulaanbaatar,2013,Horse,60.4
Ulaanbaatar,2013,Sheep,269.2
Ulaanbaatar,2014,Camel,0.4
Ulaanbaatar,2014,Cattle,153.2
Ulaanbaatar,2014,Goat,231.8
Ulaanbaatar,2014,Horse,67.8
Ulaanbaatar,2014,Sheep,317.8
Ulaanbaatar,2015,Camel,0.4
Ulaanbaatar,2015,Cattle,172.0
Ulaanbaatar,2015,Goat,236.8
Ulaanbaatar,2015,Horse,73.4
Ulaanbaatar,2015,Sheep,324.6
Ulaanbaatar,2016,Camel,0.4
Ulaanbaatar,2016,Cattle,179.6
Ulaanbaatar,2016,Goat,252.6
Ulaanbaatar,2016,Horse,90.4
Ulaanbaatar,2016,Sheep,353.6
Ulaanbaatar,2017,Camel,0.6
Ulaanbaatar,2017,Cattle,177.6
Ulaanbaatar,2017,Goat,242.0
Ulaanbaatar,2017,Horse,86.6
Ulaanbaatar,2017,Sheep,340.4
Ulaanbaatar,2018,Camel,0.4
Ulaanbaatar,2018,Cattle,161.6
Ulaanbaatar,2018,Goat,243.2
Ulaanbaatar,2018,Horse,85.6
Ulaanbaatar,2018,Sheep,332.6
Ulaanbaatar,2019,Camel,0.6
Ulaanbaatar,2019,Cattle,171.4
Ulaanbaatar,2019,Goat,268.4
Ulaanbaatar,2019,Horse,96.0
Ulaanbaatar,2019,Sheep,353.4
Ulaanbaatar,2020,Camel,0.4
Ulaanbaatar,2020,Cattle,179.0
Ulaanbaatar,2020,Goat,292.8
Ulaanbaatar,2020,Horse,115.2
Ulaanbaatar,2020,Sheep,349.8
Ulaanbaatar,2021,Camel,0.2
Ulaanbaatar,2021,Cattle,169.0
Ulaanbaatar,2021,Goat,255.4
Ulaanbaatar,2021,Horse,124.0
Ulaanbaatar,2021,Sheep,338.0
Ulaanbaatar,2022,Camel,0.2
Ulaanbaatar,2022,Cattle,176.0
Ulaanbaatar,2022,Goat,243.0
Ulaanbaatar,2022,Horse,137.8
Ulaanbaatar,2022,Sheep,328.6
Ulaanbaatar,2023,Camel,0.2
Ulaanbaatar,2023,Cattle,173.8
Ulaanbaatar,2023,Goat,212.2
Ulaanbaatar,2023,Horse,157.0
Ulaanbaatar,2023,Sheep,311.2
Ulaanbaatar,2024,Camel,0.2
Ulaanbaatar,2024,Cattle,181.6
Ulaanbaatar,2024,Goat,196.8
Ulaanbaatar,2024,Horse,180.4
Ulaanbaatar,2024,Sheep,266.8
Umnugovi,1970,Camel,152.7
Umnugovi,1970,Cattle,16.5
Umnugovi,1970,Goat,354.5
Umnugovi,1970,Horse,97.0
Umnugovi,1970,Sheep,296.8
Umnugovi,1971,Camel,148.9
Umnugovi,1971,Cattle,16.2
Umnugovi,1971,Goat,340.5
Umnugovi,1971,Horse,86.4
Umnugovi,1971,Sheep,276.3
Umnugovi,1972,Camel,143.9
Umnugovi,1972,Cattle,15.7
Umnugovi,1972,Goat,342.7
Umnugovi,1972,Horse,85.7
Umnugovi,1972,Sheep,279.1
Umnugovi,1973,Camel,123.9
Umnugovi,1973,Cattle,10.8
Umnugovi,1973,Goat,307.1
Umnugovi,1973,Horse,67.1
Umnugovi,1973,Sheep,255.5
Umnugovi,1974,Camel,125.4
Umnugovi,1974,Cattle,12.7
Umnugovi,1974,Goat,369.6
Umnugovi,1974,Horse,74.2
Umnugovi,1974,Sheep,281.9
Umnugovi,1975,Camel,138.0
Umnugovi,1975,Cattle,14.7
Umnugovi,1975,Goat,425.8
Umnugovi,1975,Horse,77.5
Umnugovi,1975,Sheep,307.2
Umnugovi,1976,Camel,138.8
Umnugovi,1976,Cattle,16.6
Umnugovi,1976,Goat,435.4
Umnugovi,1976,Horse,80.8
Umnugovi,1976,Sheep,320.2
Umnugovi,1977,Camel,144.5
Umnugovi,1977,Cattle,17.9
Umnugovi,1977,Goat,456.9
Umnugovi,1977,Horse,81.7
Umnugovi,1977,Sheep,328.1
Umnugovi,1978,Camel,145.6
Umnugovi,1978,Cattle,19.8
Umnugovi,1978,Goat,476.4
Umnugovi,1978,Horse,84.1
Umnugovi,1978,Sheep,340.2
Umnugovi,1979,Camel,146.6
Umnugovi,1979,Cattle,20.3
Umnugovi,1979,Goat,468.6
Umnugovi,1979,Horse,83.9
Umnugovi,1979,Sheep,332.5
Umnugovi,1980,Camel,142.9
Umnugovi,1980,Cattle,19.7
Umnugovi,1980,Goat,429.2
Umnugovi,1980,Horse,77.9
Umnugovi,1980,Sheep,293.3
Umnugovi,1981,Camel,143.7
Umnugovi,1981,Cattle,21.0
Umnugovi,1981,Goat,447.3
Umnugovi,1981,Horse,81.0
Umnugovi,1981,Sheep,305.9
Umnugovi,1982,Camel,143.9
Umnugovi,1982,Cattle,22.3
Umnugovi,1982,Goat,457.2
Umnugovi,1982,Horse,81.1
Umnugovi,1982,Sheep,308.4
Umnugovi,1983,Camel,141.6
Umnugovi,1983,Cattle,20.2
Umnugovi,1983,Goat,383.2
Umnugovi,1983,Horse,69.0
Umnugovi,1983,Sheep,280.1
Umnugovi,1984,Camel,140.9
Umnugovi,1984,Cattle,21.8
Umnugovi,1984,Goat,401.1
Umnugovi,1984,Horse,70.1
Umnugovi,1984,Sheep,303.1
Umnugovi,1985,Camel,138.6
Umnugovi,1985,Cattle,22.5
Umnugovi,1985,Goat,362.3
Umnugovi,1985,Horse,65.6
Umnugovi,1985,Sheep,266.8
Umnugovi,1986,Camel,133.4
Umnugovi,1986,Cattle,21.9
Umnugovi,1986,Goat,359.8
Umnugovi,1986,Horse,62.4
Umnugovi,1986,Sheep,262.3
Umnugovi,1987,Camel,130.0
Umnugovi,1987,Cattle,22.5
Umnugovi,1987,Goat,381.0
Umnugovi,1987,Horse,63.3
Umnugovi,1987,Sheep,274.5
Umnugovi,1988,Camel,131.7
Umnugovi,1988,Cattle,23.8
Umnugovi,1988,Goat,391.9
Umnugovi,1988,Horse,65.6
Umnugovi,1988,Sheep,282.7
Umnugovi,1989,Camel,133.7
Umnugovi,1989,Cattle,25.3
Umnugovi,1989,Goat,431.6
Umnugovi,1989,Horse,67.8
Umnugovi,1989,Sheep,294.7
Umnugovi,1990,Camel,127.9
Umnugovi,1990,Cattle,24.6
Umnugovi,1990,Goat,411.4
Umnugovi,1990,Horse,62.5
Umnugovi,1990,Sheep,284.4
Umnugovi,1991,Camel,115.8
Umnugovi,1991,Cattle,25.0
Umnugovi,1991,Goat,428.1
Umnugovi,1991,Horse,62.6
Umnugovi,1991,Sheep,296.5
Umnugovi,1992,Camel,102.1
Umnugovi,1992,Cattle,23.9
Umnugovi,1992,Goat,427.3
Umnugovi,1992,Horse,59.9
Umnugovi,1992,Sheep,286.8
Umnugovi,1993,Camel,91.3
Umnugovi,1993,Cattle,21.1
Umnugovi,1993,Goat,458.7
Umnugovi,1993,Horse,58.5
Umnugovi,1993,Sheep,278.8
Umnugovi,1994,Camel,91.6
Umnugovi,1994,Cattle,24.2
Umnugovi,1994,Goat,551.4
Umnugovi,1994,Horse,67.7
Umnugovi,1994,Sheep,309.6
Umnugovi,1995,Camel,92.9
Umnugovi,1995,Cattle,29.4
Umnugovi,1995,Goat,661.6
Umnugovi,1995,Horse,78.6
Umnugovi,1995,Sheep,341.1
Umnugovi,1996,Camel,92.9
Umnugovi,1996,Cattle,32.7
Umnugovi,1996,Goat,739.5
Umnugovi,1996,Horse,88.7
Umnugovi,1996,Sheep,367.0
Umnugovi,1997,Camel,95.0
Umnugovi,1997,Cattle,37.8
Umnugovi,1997,Goat,869.7
Umnugovi,1997,Horse,101.4
Umnugovi,1997,Sheep,404.5
Umnugovi,1998,Camel,97.7
Umnugovi,1998,Cattle,41.6
Umnugovi,1998,Goat,923.7
Umnugovi,1998,Horse,113.6
Umnugovi,1998,Sheep,427.2
Umnugovi,1999,Camel,98.8
Umnugovi,1999,Cattle,39.6
Umnugovi,1999,Goat,907.5
Umnugovi,1999,Horse,119.0
Umnugovi,1999,Sheep,444.0
Umnugovi,2000,Camel,92.8
Umnugovi,2000,Cattle,23.8
Umnugovi,2000,Goat,868.7
Umnugovi,2000,Horse,99.2
Umnugovi,2000,Sheep,405.1
Umnugovi,2001,Camel,82.3
Umnugovi,2001,Cattle,12.1
Umnugovi,2001,Goat,736.8
Umnugovi,2001,Horse,65.9
Umnugovi,2001,Sheep,312.4
Umnugovi,2002,Camel,72.0
Umnugovi,2002,Cattle,6.9
Umnugovi,2002,Goat,560.4
Umnugovi,2002,Horse,42.2
Umnugovi,2002,Sheep,227.7
Umnugovi,2003,Camel,70.2
Umnugovi,2003,Cattle,5.9
Umnugovi,2003,Goat,591.7
Umnugovi,2003,Horse,36.7
Umnugovi,2003,Sheep,202.8
Umnugovi,2004,Camel,70.8
Umnugovi,2004,Cattle,7.4
Umnugovi,2004,Goat,720.4
Umnugovi,2004,Horse,40.9
Umnugovi,2004,Sheep,230.6
Umnugovi,2005,Camel,70.9
Umnugovi,2005,Cattle,8.6
Umnugovi,2005,Goat,753.0
Umnugovi,2005,Horse,42.8
Umnugovi,2005,Sheep,246.4
Umnugovi,2006,Camel,71.7
Umnugovi,2006,Cattle,8.7
Umnugovi,2006,Goat,780.8
Umnugovi,2006,Horse,42.2
Umnugovi,2006,Sheep,252.4
Umnugovi,2007,Camel,75.4
Umnugovi,2007,Cattle,10.1
Umnugovi,2007,Goat,971.6
Umnugovi,2007,Horse,46.4
Umnugovi,2007,Sheep,296.5
Umnugovi,2008,Camel,80.8
Umnugovi,2008,Cattle,12.4
Umnugovi,2008,Goat,1187.5
Umnugovi,2008,Horse,53.0
Umnugovi,2008,Sheep,351.2
Umnugovi,2009,Camel,85.7
Umnugovi,2009,Cattle,13.1
Umnugovi,2009,Goat,1227.1
Umnugovi,2009,Horse,53.7
Umnugovi,2009,Sheep,375.7
Umnugovi,2010,Camel,83.8
Umnugovi,2010,Cattle,7.5
Umnugovi,2010,Goat,668.6
Umnugovi,2010,Horse,37.6
Umnugovi,2010,Sheep,212.8
Umnugovi,2011,Camel,87.8
Umnugovi,2011,Cattle,8.7
Umnugovi,2011,Goat,826.1
Umnugovi,2011,Horse,43.4
Umnugovi,2011,Sheep,257.4
Umnugovi,2012,Camel,97.3
Umnugovi,2012,Cattle,10.8
Umnugovi,2012,Goat,961.3
Umnugovi,2012,Horse,50.1
Umnugovi,2012,Sheep,299.8
Umnugovi,2013,Camel,103.1
Umnugovi,2013,Cattle,13.4
Umnugovi,2013,Goat,1127.8
Umnugovi,2013,Horse,58.2
Umnugovi,2013,Sheep,350.8
Umnugovi,2014,Camel,112.7
Umnugovi,2014,Cattle,16.1
Umnugovi,2014,Goat,1256.3
Umnugovi,2014,Horse,66.3
Umnugovi,2014,Sheep,397.6
Umnugovi,2015,Camel,118.6
Umnugovi,2015,Cattle,18.7
Umnugovi,2015,Goat,1397.4
Umnugovi,2015,Horse,74.2
Umnugovi,2015,Sheep,447.0
Umnugovi,2016,Camel,130.5
Umnugovi,2016,Cattle,22.1
Umnugovi,2016,Goat,1555.1
Umnugovi,2016,Horse,85.3
Umnugovi,2016,Sheep,520.9
Umnugovi,2017,Camel,141.2
Umnugovi,2017,Cattle,27.0
Umnugovi,2017,Goat,1773.5
Umnugovi,2017,Horse,98.7
Umnugovi,2017,Sheep,614.0
Umnugovi,2018,Camel,152.3
Umnugovi,2018,Cattle,26.9
Umnugovi,2018,Goat,1691.3
Umnugovi,2018,Horse,96.5
Umnugovi,2018,Sheep,631.4
Umnugovi,2019,Camel,157.9
Umnugovi,2019,Cattle,31.7
Umnugovi,2019,Goat,1983.0
Umnugovi,2019,Horse,109.5
Umnugovi,2019,Sheep,718.2
Umnugovi,2020,Camel,166.8
Umnugovi,2020,Cattle,33.2
Umnugovi,2020,Goat,1887.8
Umnugovi,2020,Horse,110.4
Umnugovi,2020,Sheep,682.6
Umnugovi,2021,Camel,160.6
Umnugovi,2021,Cattle,31.3
Umnugovi,2021,Goat,1593.2
Umnugovi,2021,Horse,102.0
Umnugovi,2021,Sheep,626.7
Umnugovi,2022,Camel,164.8
Umnugovi,2022,Cattle,34.8
Umnugovi,2022,Goat,1649.6
Umnugovi,2022,Horse,112.5
Umnugovi,2022,Sheep,675.7
Umnugovi,2023,Camel,157.2
Umnugovi,2023,Cattle,27.6
Umnugovi,2023,Goat,1217.2
Umnugovi,2023,Horse,92.7
Umnugovi,2023,Sheep,547.3
Umnugovi,2024,Camel,148.2
Umnugovi,2024,Cattle,25.2
Umnugovi,2024,Goat,1170.3
Umnugovi,2024,Horse,84.9
Umnugovi,2024,Sheep,541.5
Uvs,1970,Camel,41.4
Uvs,1970,Cattle,122.5
Uvs,1970,Goat,284.3
Uvs,1970,Horse,123.4
Uvs,1970,Sheep,1108.4
Uvs,1971,Camel,41.7
Uvs,1971,Cattle,131.1
Uvs,1971,Goat,279.4
Uvs,1971,Horse,127.9
Uvs,1971,Sheep,1131.7
Uvs,1972,Camel,40.3
Uvs,1972,Cattle,123.0
Uvs,1972,Goat,272.9
Uvs,1972,Horse,123.3
Uvs,1972,Sheep,1138.2
Uvs,1973,Camel,40.9
Uvs,1973,Cattle,124.0
Uvs,1973,Goat,289.8
Uvs,1973,Horse,124.8
Uvs,1973,Sheep,1158.3
Uvs,1974,Camel,40.1
Uvs,1974,Cattle,126.3
Uvs,1974,Goat,294.3
Uvs,1974,Horse,124.4
Uvs,1974,Sheep,1129.5
Uvs,1975,Camel,39.4
Uvs,1975,Cattle,118.0
Uvs,1975,Goat,283.7
Uvs,1975,Horse,115.1
Uvs,1975,Sheep,1053.8
Uvs,1976,Camel,38.2
Uvs,1976,Cattle,106.5
Uvs,1976,Goat,249.5
Uvs,1976,Horse,105.1
Uvs,1976,Sheep,916.3
Uvs,1977,Camel,38.0
Uvs,1977,Cattle,109.2
Uvs,1977,Goat,250.7
Uvs,1977,Horse,102.1
Uvs,1977,Sheep,894.5
Uvs,1978,Camel,38.0
Uvs,1978,Cattle,110.5
Uvs,1978,Goat,259.0
Uvs,1978,Horse,99.6
Uvs,1978,Sheep,920.4
Uvs,1979,Camel,39.0
Uvs,1979,Cattle,112.0
Uvs,1979,Goat,273.3
Uvs,1979,Horse,103.4
Uvs,1979,Sheep,959.1
Uvs,1980,Camel,39.2
Uvs,1980,Cattle,113.6
Uvs,1980,Goat,281.0
Uvs,1980,Horse,102.2
Uvs,1980,Sheep,945.2
Uvs,1981,Camel,39.1
Uvs,1981,Cattle,111.5
Uvs,1981,Goat,258.1
Uvs,1981,Horse,101.9
Uvs,1981,Sheep,934.5
Uvs,1982,Camel,39.5
Uvs,1982,Cattle,113.7
Uvs,1982,Goat,271.1
Uvs,1982,Horse,106.6
Uvs,1982,Sheep,964.0
Uvs,1983,Camel,38.4
Uvs,1983,Cattle,116.5
Uvs,1983,Goat,252.2
Uvs,1983,Horse,104.2
Uvs,1983,Sheep,906.7
Uvs,1984,Camel,38.7
Uvs,1984,Cattle,121.1
Uvs,1984,Goat,255.3
Uvs,1984,Horse,108.8
Uvs,1984,Sheep,896.9
Uvs,1985,Camel,39.6
Uvs,1985,Cattle,128.4
Uvs,1985,Goat,270.7
Uvs,1985,Horse,112.8
Uvs,1985,Sheep,918.5
Uvs,1986,Camel,40.5
Uvs,1986,Cattle,135.7
Uvs,1986,Goat,280.7
Uvs,1986,Horse,118.2
Uvs,1986,Sheep,913.6
Uvs,1987,Camel,41.0
Uvs,1987,Cattle,144.9
Uvs,1987,Goat,283.8
Uvs,1987,Horse,121.8
Uvs,1987,Sheep,924.2
Uvs,1988,Camel,41.7
Uvs,1988,Cattle,150.6
Uvs,1988,Goat,294.9
Uvs,1988,Horse,127.8
Uvs,1988,Sheep,946.6
Uvs,1989,Camel,41.8
Uvs,1989,Cattle,156.4
Uvs,1989,Goat,303.8
Uvs,1989,Horse,133.4
Uvs,1989,Sheep,978.8
Uvs,1990,Camel,40.4
Uvs,1990,Cattle,162.3
Uvs,1990,Goat,307.0
Uvs,1990,Horse,136.7
Uvs,1990,Sheep,1020.2
Uvs,1991,Camel,34.9
Uvs,1991,Cattle,154.1
Uvs,1991,Goat,298.1
Uvs,1991,Horse,128.8
Uvs,1991,Sheep,969.3
Uvs,1992,Camel,28.7
Uvs,1992,Cattle,148.4
Uvs,1992,Goat,311.6
Uvs,1992,Horse,116.1
Uvs,1992,Sheep,991.8
Uvs,1993,Camel,26.1
Uvs,1993,Cattle,147.0
Uvs,1993,Goat,353.0
Uvs,1993,Horse,107.3
Uvs,1993,Sheep,995.2
Uvs,1994,Camel,25.3
Uvs,1994,Cattle,165.1
Uvs,1994,Goat,414.7
Uvs,1994,Horse,115.0
Uvs,1994,Sheep,987.9
Uvs,1995,Camel,24.7
Uvs,1995,Cattle,181.9
Uvs,1995,Goat,480.8
Uvs,1995,Horse,121.1
Uvs,1995,Sheep,945.7
Uvs,1996,Camel,24.2
Uvs,1996,Cattle,184.2
Uvs,1996,Goat,512.0
Uvs,1996,Horse,123.9
Uvs,1996,Sheep,920.7
Uvs,1997,Camel,24.1
Uvs,1997,Cattle,182.6
Uvs,1997,Goat,568.8
Uvs,1997,Horse,124.2
Uvs,1997,Sheep,956.7
Uvs,1998,Camel,24.3
Uvs,1998,Cattle,184.3
Uvs,1998,Goat,621.7
Uvs,1998,Horse,126.5
Uvs,1998,Sheep,983.2
Uvs,1999,Camel,22.7
Uvs,1999,Cattle,168.0
Uvs,1999,Goat,610.0
Uvs,1999,Horse,116.0
Uvs,1999,Sheep,973.2
Uvs,2000,Camel,18.2
Uvs,2000,Cattle,105.7
Uvs,2000,Goat,521.9
Uvs,2000,Horse,74.9
Uvs,2000,Sheep,858.6
Uvs,2001,Camel,16.8
Uvs,2001,Cattle,90.4
Uvs,2001,Goat,570.9
Uvs,2001,Horse,66.6
Uvs,2001,Sheep,831.0
Uvs,2002,Camel,14.8
Uvs,2002,Cattle,83.1
Uvs,2002,Goat,556.8
Uvs,2002,Horse,60.9
Uvs,2002,Sheep,754.7
Uvs,2003,Camel,15.6
Uvs,2003,Cattle,89.3
Uvs,2003,Goat,697.1
Uvs,2003,Horse,63.9
Uvs,2003,Sheep,798.5
Uvs,2004,Camel,15.8
Uvs,2004,Cattle,100.3
Uvs,2004,Goat,835.3
Uvs,2004,Horse,70.3
Uvs,2004,Sheep,926.4
Uvs,2005,Camel,15.8
Uvs,2005,Cattle,108.9
Uvs,2005,Goat,835.7
Uvs,2005,Horse,73.2
Uvs,2005,Sheep,987.7
Uvs,2006,Camel,16.1
Uvs,2006,Cattle,120.0
Uvs,2006,Goat,1019.8
Uvs,2006,Horse,80.2
Uvs,2006,Sheep,1164.8
Uvs,2007,Camel,16.5
Uvs,2007,Cattle,130.2
Uvs,2007,Goat,1143.8
Uvs,2007,Horse,84.8
Uvs,2007,Sheep,1278.2
Uvs,2008,Camel,16.1
Uvs,2008,Cattle,118.2
Uvs,2008,Goat,1070.9
Uvs,2008,Horse,79.3
Uvs,2008,Sheep,1215.0
Uvs,2009,Camel,15.9
Uvs,2009,Cattle,104.0
Uvs,2009,Goat,979.3
Uvs,2009,Horse,74.8
Uvs,2009,Sheep,1145.1
Uvs,2010,Camel,14.5
Uvs,2010,Cattle,84.4
Uvs,2010,Goat,683.8
Uvs,2010,Horse,59.7
Uvs,2010,Sheep,776.9
Uvs,2011,Camel,15.5
Uvs,2011,Cattle,95.7
Uvs,2011,Goat,805.3
Uvs,2011,Horse,64.0
Uvs,2011,Sheep,851.5
Uvs,2012,Camel,16.9
Uvs,2012,Cattle,108.0
Uvs,2012,Goat,859.3
Uvs,2012,Horse,70.4
Uvs,2012,Sheep,976.0
Uvs,2013,Camel,17.9
Uvs,2013,Cattle,122.6
Uvs,2013,Goat,926.4
Uvs,2013,Horse,76.9
Uvs,2013,Sheep,1081.3
Uvs,2014,Camel,19.5
Uvs,2014,Cattle,145.4
Uvs,2014,Goat,1047.4
Uvs,2014,Horse,88.4
Uvs,2014,Sheep,1260.5
Uvs,2015,Camel,20.5
Uvs,2015,Cattle,156.8
Uvs,2015,Goat,1116.7
Uvs,2015,Horse,98.0
Uvs,2015,Sheep,1337.0
Uvs,2016,Camel,21.9
Uvs,2016,Cattle,161.0
Uvs,2016,Goat,1119.0
Uvs,2016,Horse,105.7
Uvs,2016,Sheep,1376.5
Uvs,2017,Camel,23.5
Uvs,2017,Cattle,176.9
Uvs,2017,Goat,1257.9
Uvs,2017,Horse,119.5
Uvs,2017,Sheep,1552.1
Uvs,2018,Camel,25.1
Uvs,2018,Cattle,182.9
Uvs,2018,Goat,1275.5
Uvs,2018,Horse,123.8
Uvs,2018,Sheep,1568.0
Uvs,2019,Camel,25.6
Uvs,2019,Cattle,195.7
Uvs,2019,Goat,1322.8
Uvs,2019,Horse,130.7
Uvs,2019,Sheep,1604.8
Uvs,2020,Camel,25.5
Uvs,2020,Cattle,211.5
Uvs,2020,Goat,1410.3
Uvs,2020,Horse,139.3
Uvs,2020,Sheep,1622.7
Uvs,2021,Camel,26.4
Uvs,2021,Cattle,245.7
Uvs,2021,Goat,1498.9
Uvs,2021,Horse,157.1
Uvs,2021,Sheep,1798.4
Uvs,2022,Camel,27.2
Uvs,2022,Cattle,255.8
Uvs,2022,Goat,1353.3
Uvs,2022,Horse,166.5
Uvs,2022,Sheep,1711.1
Uvs,2023,Camel,25.9
Uvs,2023,Cattle,224.8
Uvs,2023,Goat,1157.0
Uvs,2023,Horse,158.6
Uvs,2023,Sheep,1428.2
Uvs,2024,Camel,26.4
Uvs,2024,Cattle,229.9
Uvs,2024,Goat,1172.0
Uvs,2024,Horse,154.9
Uvs,2024,Sheep,1352.4
Uvurkhangai,1970,Camel,39.2
Uvurkhangai,1970,Cattle,167.7
Uvurkhangai,1970,Goat,285.0
Uvurkhangai,1970,Horse,223.1
Uvurkhangai,1970,Sheep,992.8
Uvurkhangai,1971,Camel,36.7
Uvurkhangai,1971,Cattle,167.5
Uvurkhangai,1971,Goat,280.2
Uvurkhangai,1971,Horse,196.5
Uvurkhangai,1971,Sheep,971.3
Uvurkhangai,1972,Camel,36.3
Uvurkhangai,1972,Cattle,170.0
Uvurkhangai,1972,Goat,299.6
Uvurkhangai,1972,Horse,195.6
Uvurkhangai,1972,Sheep,1012.3
Uvurkhangai,1973,Camel,36.9
Uvurkhangai,1973,Cattle,169.7
Uvurkhangai,1973,Goat,307.4
Uvurkhangai,1973,Horse,184.0
Uvurkhangai,1973,Sheep,1035.1
Uvurkhangai,1974,Camel,37.0
Uvurkhangai,1974,Cattle,174.5
Uvurkhangai,1974,Goat,321.9
Uvurkhangai,1974,Horse,188.5
Uvurkhangai,1974,Sheep,1098.2
Uvurkhangai,1975,Camel,37.5
Uvurkhangai,1975,Cattle,185.3
Uvurkhangai,1975,Goat,330.5
Uvurkhangai,1975,Horse,188.6
Uvurkhangai,1975,Sheep,1133.3
Uvurkhangai,1976,Camel,37.9
Uvurkhangai,1976,Cattle,196.0
Uvurkhangai,1976,Goat,337.9
Uvurkhangai,1976,Horse,195.6
Uvurkhangai,1976,Sheep,1147.1
Uvurkhangai,1977,Camel,38.7
Uvurkhangai,1977,Cattle,205.0
Uvurkhangai,1977,Goat,334.9
Uvurkhangai,1977,Horse,203.0
Uvurkhangai,1977,Sheep,1171.7
Uvurkhangai,1978,Camel,38.2
Uvurkhangai,1978,Cattle,213.3
Uvurkhangai,1978,Goat,363.8
Uvurkhangai,1978,Horse,202.1
Uvurkhangai,1978,Sheep,1199.5
Uvurkhangai,1979,Camel,38.6
Uvurkhangai,1979,Cattle,214.1
Uvurkhangai,1979,Goat,359.8
Uvurkhangai,1979,Horse,202.4
Uvurkhangai,1979,Sheep,1208.4
Uvurkhangai,1980,Camel,35.4
Uvurkhangai,1980,Cattle,199.0
Uvurkhangai,1980,Goat,339.4
Uvurkhangai,1980,Horse,183.4
Uvurkhangai,1980,Sheep,1176.6
Uvurkhangai,1981,Camel,35.1
Uvurkhangai,1981,Cattle,180.7
Uvurkhangai,1981,Goat,335.4
Uvurkhangai,1981,Horse,171.6
Uvurkhangai,1981,Sheep,1206.0
Uvurkhangai,1982,Camel,35.2
Uvurkhangai,1982,Cattle,180.7
Uvurkhangai,1982,Goat,364.2
Uvurkhangai,1982,Horse,174.1
Uvurkhangai,1982,Sheep,1255.8
Uvurkhangai,1983,Camel,35.0
Uvurkhangai,1983,Cattle,168.4
Uvurkhangai,1983,Goat,328.6
Uvurkhangai,1983,Horse,163.0
Uvurkhangai,1983,Sheep,1044.9
Uvurkhangai,1984,Camel,33.4
Uvurkhangai,1984,Cattle,168.0
Uvurkhangai,1984,Goat,317.6
Uvurkhangai,1984,Horse,164.1
Uvurkhangai,1984,Sheep,1053.0
Uvurkhangai,1985,Camel,30.1
Uvurkhangai,1985,Cattle,167.9
Uvurkhangai,1985,Goat,298.1
Uvurkhangai,1985,Horse,161.2
Uvurkhangai,1985,Sheep,1018.4
Uvurkhangai,1986,Camel,30.2
Uvurkhangai,1986,Cattle,174.1
Uvurkhangai,1986,Goat,331.2
Uvurkhangai,1986,Horse,167.9
Uvurkhangai,1986,Sheep,1022.7
Uvurkhangai,1987,Camel,30.6
Uvurkhangai,1987,Cattle,178.2
Uvurkhangai,1987,Goat,330.6
Uvurkhangai,1987,Horse,166.1
Uvurkhangai,1987,Sheep,1043.8
Uvurkhangai,1988,Camel,30.7
Uvurkhangai,1988,Cattle,177.3
Uvurkhangai,1988,Goat,344.7
Uvurkhangai,1988,Horse,174.6
Uvurkhangai,1988,Sheep,1050.2
Uvurkhangai,1989,Camel,31.7
Uvurkhangai,1989,Cattle,187.0
Uvurkhangai,1989,Goat,397.5
Uvurkhangai,1989,Horse,185.7
Uvurkhangai,1989,Sheep,1135.7
Uvurkhangai,1990,Camel,31.4
Uvurkhangai,1990,Cattle,200.5
Uvurkhangai,1990,Goat,413.5
Uvurkhangai,1990,Horse,196.3
Uvurkhangai,1990,Sheep,1219.9
Uvurkhangai,1991,Camel,27.7
Uvurkhangai,1991,Cattle,198.2
Uvurkhangai,1991,Goat,428.5
Uvurkhangai,1991,Horse,196.1
Uvurkhangai,1991,Sheep,1171.7
Uvurkhangai,1992,Camel,21.6
Uvurkhangai,1992,Cattle,197.9
Uvurkhangai,1992,Goat,455.2
Uvurkhangai,1992,Horse,180.8
Uvurkhangai,1992,Sheep,1190.6
Uvurkhangai,1993,Camel,21.0
Uvurkhangai,1993,Cattle,205.7
Uvurkhangai,1993,Goat,517.4
Uvurkhangai,1993,Horse,191.3
Uvurkhangai,1993,Sheep,1170.8
Uvurkhangai,1994,Camel,20.8
Uvurkhangai,1994,Cattle,235.8
Uvurkhangai,1994,Goat,612.6
Uvurkhangai,1994,Horse,222.2
Uvurkhangai,1994,Sheep,1254.9
Uvurkhangai,1995,Camel,20.9
Uvurkhangai,1995,Cattle,270.7
Uvurkhangai,1995,Goat,736.5
Uvurkhangai,1995,Horse,254.4
Uvurkhangai,1995,Sheep,1312.6
Uvurkhangai,1996,Camel,19.6
Uvurkhangai,1996,Cattle,268.2
Uvurkhangai,1996,Goat,751.5
Uvurkhangai,1996,Horse,250.7
Uvurkhangai,1996,Sheep,1260.1
Uvurkhangai,1997,Camel,19.2
Uvurkhangai,1997,Cattle,271.8
Uvurkhangai,1997,Goat,861.7
Uvurkhangai,1997,Horse,258.7
Uvurkhangai,1997,Sheep,1306.8
Uvurkhangai,1998,Camel,19.5
Uvurkhangai,1998,Cattle,282.4
Uvurkhangai,1998,Goat,952.6
Uvurkhangai,1998,Horse,279.1
Uvurkhangai,1998,Sheep,1387.9
Uvurkhangai,1999,Camel,19.3
Uvurkhangai,1999,Cattle,296.0
Uvurkhangai,1999,Goat,930.4
Uvurkhangai,1999,Horse,288.0
Uvurkhangai,1999,Sheep,1423.1
Uvurkhangai,2000,Camel,16.5
Uvurkhangai,2000,Cattle,174.8
Uvurkhangai,2000,Goat,730.7
Uvurkhangai,2000,Horse,178.1
Uvurkhangai,2000,Sheep,1059.0
Uvurkhangai,2001,Camel,14.7
Uvurkhangai,2001,Cattle,99.3
Uvurkhangai,2001,Goat,703.0
Uvurkhangai,2001,Horse,141.0
Uvurkhangai,2001,Sheep,911.1
Uvurkhangai,2002,Camel,13.3
Uvurkhangai,2002,Cattle,75.3
Uvurkhangai,2002,Goat,655.7
Uvurkhangai,2002,Horse,115.2
Uvurkhangai,2002,Sheep,805.9
Uvurkhangai,2003,Camel,14.0
Uvurkhangai,2003,Cattle,83.0
Uvurkhangai,2003,Goat,816.4
Uvurkhangai,2003,Horse,123.8
Uvurkhangai,2003,Sheep,881.7
Uvurkhangai,2004,Camel,13.8
Uvurkhangai,2004,Cattle,91.2
Uvurkhangai,2004,Goat,946.0
Uvurkhangai,2004,Horse,132.9
Uvurkhangai,2004,Sheep,971.5
Uvurkhangai,2005,Camel,13.1
Uvurkhangai,2005,Cattle,99.7
Uvurkhangai,2005,Goat,992.2
Uvurkhangai,2005,Horse,136.6
Uvurkhangai,2005,Sheep,1059.5
Uvurkhangai,2006,Camel,13.0
Uvurkhangai,2006,Cattle,111.1
Uvurkhangai,2006,Goat,1134.4
Uvurkhangai,2006,Horse,151.3
Uvurkhangai,2006,Sheep,1213.4
Uvurkhangai,2007,Camel,13.5
Uvurkhangai,2007,Cattle,133.5
Uvurkhangai,2007,Goat,1406.1
Uvurkhangai,2007,Horse,175.0
Uvurkhangai,2007,Sheep,1462.1
Uvurkhangai,2008,Camel,14.1
Uvurkhangai,2008,Cattle,134.8
Uvurkhangai,2008,Goat,1558.7
Uvurkhangai,2008,Horse,173.0
Uvurkhangai,2008,Sheep,1569.2
Uvurkhangai,2009,Camel,15.2
Uvurkhangai,2009,Cattle,141.1
Uvurkhangai,2009,Goat,1589.1
Uvurkhangai,2009,Horse,183.4
Uvurkhangai,2009,Sheep,1691.4
Uvurkhangai,2010,Camel,14.7
Uvurkhangai,2010,Cattle,76.2
Uvurkhangai,2010,Goat,909.2
Uvurkhangai,2010,Horse,113.8
Uvurkhangai,2010,Sheep,896.6
Uvurkhangai,2011,Camel,15.9
Uvurkhangai,2011,Cattle,90.6
Uvurkhangai,2011,Goat,1126.4
Uvurkhangai,2011,Horse,141.1
Uvurkhangai,2011,Sheep,1051.8
Uvurkhangai,2012,Camel,18.1
Uvurkhangai,2012,Cattle,114.0
Uvurkhangai,2012,Goat,1357.2
Uvurkhangai,2012,Horse,170.5
Uvurkhangai,2012,Sheep,1310.9
Uvurkhangai,2013,Camel,19.7
Uvurkhangai,2013,Cattle,144.9
Uvurkhangai,2013,Goat,1574.2
Uvurkhangai,2013,Horse,205.9
Uvurkhangai,2013,Sheep,1541.3
Uvurkhangai,2014,Camel,22.0
Uvurkhangai,2014,Cattle,183.3
Uvurkhangai,2014,Goat,1838.3
Uvurkhangai,2014,Horse,246.9
Uvurkhangai,2014,Sheep,1821.1
Uvurkhangai,2015,Camel,23.1
Uvurkhangai,2015,Cattle,217.6
Uvurkhangai,2015,Goat,1968.3
Uvurkhangai,2015,Horse,280.2
Uvurkhangai,2015,Sheep,2021.8
Uvurkhangai,2016,Camel,26.3
Uvurkhangai,2016,Cattle,259.9
Uvurkhangai,2016,Goat,2220.5
Uvurkhangai,2016,Horse,323.4
Uvurkhangai,2016,Sheep,2378.5
Uvurkhangai,2017,Camel,28.8
Uvurkhangai,2017,Cattle,298.2
Uvurkhangai,2017,Goat,2389.2
Uvurkhangai,2017,Horse,364.0
Uvurkhangai,2017,Sheep,2663.3
Uvurkhangai,2018,Camel,31.5
Uvurkhangai,2018,Cattle,272.3
Uvurkhangai,2018,Goat,2245.8
Uvurkhangai,2018,Horse,323.6
Uvurkhangai,2018,Sheep,2588.1
Uvurkhangai,2019,Camel,32.7
Uvurkhangai,2019,Cattle,292.4
Uvurkhangai,2019,Goat,2344.6
Uvurkhangai,2019,Horse,348.9
Uvurkhangai,2019,Sheep,2606.8
Uvurkhangai,2020,Camel,26.6
Uvurkhangai,2020,Cattle,251.8
Uvurkhangai,2020,Goat,1805.6
Uvurkhangai,2020,Horse,280.1
Uvurkhangai,2020,Sheep,2115.0
Uvurkhangai,2021,Camel,19.0
Uvurkhangai,2021,Cattle,239.7
Uvurkhangai,2021,Goat,1493.5
Uvurkhangai,2021,Horse,269.6
Uvurkhangai,2021,Sheep,2000.9
Uvurkhangai,2022,Camel,19.3
Uvurkhangai,2022,Cattle,277.6
Uvurkhangai,2022,Goat,1708.2
Uvurkhangai,2022,Horse,320.2
Uvurkhangai,2022,Sheep,2265.2
Uvurkhangai,2023,Camel,20.7
Uvurkhangai,2023,Cattle,312.4
Uvurkhangai,2023,Goat,1727.5
Uvurkhangai,2023,Horse,349.4
Uvurkhangai,2023,Sheep,2324.8
Uvurkhangai,2024,Camel,22.0
Uvurkhangai,2024,Cattle,367.4
Uvurkhangai,2024,Goat,1858.4
Uvurkhangai,2024,Horse,404.4
Uvurkhangai,2024,Sheep,2485.8
Western region,1970,Camel,169.1
Western region,1970,Cattle,497.3
Western region,1970,Goat,1676.5
Western region,1970,Horse,510.9
Western region,1970,Sheep,4392.7
Western region,1971,Camel,173.2
Western region,1971,Cattle,544.2
Western region,1971,Goat,1735.5
Western region,1971,Horse,535.8
Western region,1971,Sheep,4582.0
Western region,1972,Camel,171.5
Western region,1972,Cattle,549.1
Western region,1972,Goat,1724.6
Western region,1972,Horse,540.7
Western region,1972,Sheep,4614.6
Western region,1973,Camel,173.0
Western region,1973,Cattle,563.4
Western region,1973,Goat,1812.6
Western region,1973,Horse,542.7
Western region,1973,Sheep,4765.2
Western region,1974,Camel,171.6
Western region,1974,Cattle,580.0
Western region,1974,Goat,1783.9
Western region,1974,Horse,552.9
Western region,1974,Sheep,4671.7
Western region,1975,Camel,169.5
Western region,1975,Cattle,557.2
Western region,1975,Goat,1761.8
Western region,1975,Horse,522.2
Western region,1975,Sheep,4620.0
Western region,1976,Camel,168.2
Western region,1976,Cattle,546.2
Western region,1976,Goat,1757.7
Western region,1976,Horse,510.5
Western region,1976,Sheep,4528.0
Western region,1977,Camel,166.5
Western region,1977,Cattle,529.1
Western region,1977,Goat,1670.6
Western region,1977,Horse,477.6
Western region,1977,Sheep,4326.0
Western region,1978,Camel,163.3
Western region,1978,Cattle,533.8
Western region,1978,Goat,1746.5
Western region,1978,Horse,458.9
Western region,1978,Sheep,4510.5
Western region,1979,Camel,164.4
Western region,1979,Cattle,536.7
Western region,1979,Goat,1768.2
Western region,1979,Horse,457.4
Western region,1979,Sheep,4619.9
Western region,1980,Camel,164.1
Western region,1980,Cattle,546.7
Western region,1980,Goat,1746.8
Western region,1980,Horse,457.2
Western region,1980,Sheep,4669.8
Western region,1981,Camel,162.7
Western region,1981,Cattle,546.9
Western region,1981,Goat,1704.3
Western region,1981,Horse,463.2
Western region,1981,Sheep,4694.3
Western region,1982,Camel,159.7
Western region,1982,Cattle,536.8
Western region,1982,Goat,1754.0
Western region,1982,Horse,469.7
Western region,1982,Sheep,4736.8
Western region,1983,Camel,153.9
Western region,1983,Cattle,530.6
Western region,1983,Goat,1689.0
Western region,1983,Horse,447.8
Western region,1983,Sheep,4529.5
Western region,1984,Camel,151.2
Western region,1984,Cattle,524.1
Western region,1984,Goat,1577.7
Western region,1984,Horse,448.6
Western region,1984,Sheep,4244.6
Western region,1985,Camel,153.0
Western region,1985,Cattle,564.0
Western region,1985,Goat,1708.2
Western region,1985,Horse,470.0
Western region,1985,Sheep,4424.4
Western region,1986,Camel,154.1
Western region,1986,Cattle,586.2
Western region,1986,Goat,1750.0
Western region,1986,Horse,486.8
Western region,1986,Sheep,4471.6
Western region,1987,Camel,156.2
Western region,1987,Cattle,617.9
Western region,1987,Goat,1788.4
Western region,1987,Horse,505.1
Western region,1987,Sheep,4591.4
Western region,1988,Camel,158.4
Western region,1988,Cattle,635.7
Western region,1988,Goat,1821.7
Western region,1988,Horse,525.7
Western region,1988,Sheep,4659.8
Western region,1989,Camel,158.7
Western region,1989,Cattle,662.9
Western region,1989,Goat,1922.2
Western region,1989,Horse,549.5
Western region,1989,Sheep,4865.9
Western region,1990,Camel,155.5
Western region,1990,Cattle,692.4
Western region,1990,Goat,1977.9
Western region,1990,Horse,562.2
Western region,1990,Sheep,5111.8
Western region,1991,Camel,136.4
Western region,1991,Cattle,656.1
Western region,1991,Goat,1951.3
Western region,1991,Horse,537.2
Western region,1991,Sheep,4877.2
Western region,1992,Camel,119.6
Western region,1992,Cattle,636.3
Western region,1992,Goat,2060.5
Western region,1992,Horse,506.7
Western region,1992,Sheep,4855.9
Western region,1993,Camel,110.6
Western region,1993,Cattle,624.6
Western region,1993,Goat,2288.8
Western region,1993,Horse,488.3
Western region,1993,Sheep,4715.4
Western region,1994,Camel,112.3
Western region,1994,Cattle,730.3
Western region,1994,Goat,2782.0
Western region,1994,Horse,549.1
Western region,1994,Sheep,4816.1
Western region,1995,Camel,114.1
Western region,1995,Cattle,834.1
Western region,1995,Goat,3264.4
Western region,1995,Horse,610.1
Western region,1995,Sheep,4860.4
Western region,1996,Camel,110.0
Western region,1996,Cattle,863.9
Western region,1996,Goat,3386.5
Western region,1996,Horse,633.4
Western region,1996,Sheep,4693.6
Western region,1997,Camel,106.2
Western region,1997,Cattle,856.4
Western region,1997,Goat,3619.5
Western region,1997,Horse,630.9
Western region,1997,Sheep,4758.2
Western region,1998,Camel,103.9
Western region,1998,Cattle,812.4
Western region,1998,Goat,3665.8
Western region,1998,Horse,623.1
Western region,1998,Sheep,4593.5
Western region,1999,Camel,100.9
Western region,1999,Cattle,783.5
Western region,1999,Goat,3644.9
Western region,1999,Horse,598.8
Western region,1999,Sheep,4537.3
Western region,2000,Camel,88.8
Western region,2000,Cattle,557.4
Western region,2000,Goat,3426.2
Western region,2000,Horse,474.1
Western region,2000,Sheep,4156.0
Western region,2001,Camel,78.9
Western region,2001,Cattle,398.3
Western region,2001,Goat,3215.9
Western region,2001,Horse,390.5
Western region,2001,Sheep,3503.8
Western region,2002,Camel,66.8
Western region,2002,Cattle,339.5
Western region,2002,Goat,2881.9
Western region,2002,Horse,313.2
Western region,2002,Sheep,2880.8
Western region,2003,Camel,69.0
Western region,2003,Cattle,357.7
Western region,2003,Goat,3574.2
Western region,2003,Horse,327.6
Western region,2003,Sheep,3082.2
Western region,2004,Camel,68.1
Western region,2004,Cattle,391.0
Western region,2004,Goat,4222.9
Western region,2004,Horse,347.5
Western region,2004,Sheep,3495.2
Western region,2005,Camel,68.2
Western region,2005,Cattle,421.8
Western region,2005,Goat,4525.8
Western region,2005,Horse,363.5
Western region,2005,Sheep,3862.6
Western region,2006,Camel,70.6
Western region,2006,Cattle,478.8
Western region,2006,Goat,5421.4
Western region,2006,Horse,403.3
Western region,2006,Sheep,4540.8
Western region,2007,Camel,73.1
Western region,2007,Cattle,529.7
Western region,2007,Goat,6190.8
Western region,2007,Horse,441.5
Western region,2007,Sheep,5066.8
Western region,2008,Camel,71.3
Western region,2008,Cattle,501.4
Western region,2008,Goat,6145.4
Western region,2008,Horse,431.1
Western region,2008,Sheep,5008.2
Western region,2009,Camel,70.9
Western region,2009,Cattle,446.4
Western region,2009,Goat,5340.5
Western region,2009,Horse,397.6
Western region,2009,Sheep,4633.0
Western region,2010,Camel,64.8
Western region,2010,Cattle,323.5
Western region,2010,Goat,3643.9
Western region,2010,Horse,300.0
Western region,2010,Sheep,3086.3
Western region,2011,Camel,67.6
Western region,2011,Cattle,369.4
Western region,2011,Goat,4341.0
Western region,2011,Horse,332.7
Western region,2011,Sheep,3414.7
Western region,2012,Camel,74.3
Western region,2012,Cattle,423.8
Western region,2012,Goat,4768.7
Western region,2012,Horse,369.5
Western region,2012,Sheep,4034.5
Western region,2013,Camel,77.8
Western region,2013,Cattle,497.5
Western region,2013,Goat,5293.5
Western region,2013,Horse,414.6
Western region,2013,Sheep,4549.4
Western region,2014,Camel,84.1
Western region,2014,Cattle,599.3
Western region,2014,Goat,6064.6
Western region,2014,Horse,478.4
Western region,2014,Sheep,5318.1
Western region,2015,Camel,88.6
Western region,2015,Cattle,675.4
Western region,2015,Goat,6654.3
Western region,2015,Horse,534.4
Western region,2015,Sheep,5758.5
Western region,2016,Camel,96.2
Western region,2016,Cattle,742.2
Western region,2016,Goat,7272.7
Western region,2016,Horse,607.2
Western region,2016,Sheep,6417.6
Western region,2017,Camel,103.9
Western region,2017,Cattle,816.0
Western region,2017,Goat,7702.4
Western region,2017,Horse,676.1
Western region,2017,Sheep,6903.2
Western region,2018,Camel,107.6
Western region,2018,Cattle,822.7
Western region,2018,Goat,7319.9
Western region,2018,Horse,700.2
Western region,2018,Sheep,6606.9
Western region,2019,Camel,109.8
Western region,2019,Cattle,854.6
Western region,2019,Goat,7575.7
Western region,2019,Horse,734.5
Western region,2019,Sheep,6729.7
Western region,2020,Camel,108.6
Western region,2020,Cattle,859.0
Western region,2020,Goat,7716.3
Western region,2020,Horse,729.5
Western region,2020,Sheep,6431.8
Western region,2021,Camel,111.9
Western region,2021,Cattle,950.0
Western region,2021,Goat,7715.2
Western region,2021,Horse,785.3
Western region,2021,Sheep,6885.7
Western region,2022,Camel,117.0
Western region,2022,Cattle,987.6
Western region,2022,Goat,7440.5
Western region,2022,Horse,831.7
Western region,2022,Sheep,6754.2
Western region,2023,Camel,118.9
Western region,2023,Cattle,907.6
Western region,2023,Goat,6641.2
Western region,2023,Horse,795.3
Western region,2023,Sheep,5853.3
Western region,2024,Camel,127.3
Western region,2024,Cattle,935.1
Western region,2024,Goat,6901.7
Western region,2024,Horse,814.1
Western region,2024,Sheep,5877.1
Zavkhan,1970,Camel,20.9
Zavkhan,1970,Cattle,138.9
Zavkhan,1970,Goat,276.3
Zavkhan,1970,Horse,145.8
Zavkhan,1970,Sheep,1104.8
Zavkhan,1971,Camel,22.7
Zavkhan,1971,Cattle,150.9
Zavkhan,1971,Goat,291.3
Zavkhan,1971,Horse,149.4
Zavkhan,1971,Sheep,1167.3
Zavkhan,1972,Camel,21.8
Zavkhan,1972,Cattle,150.4
Zavkhan,1972,Goat,296.8
Zavkhan,1972,Horse,149.0
Zavkhan,1972,Sheep,1203.7
Zavkhan,1973,Camel,21.4
Zavkhan,1973,Cattle,151.1
Zavkhan,1973,Goat,295.2
Zavkhan,1973,Horse,145.0
Zavkhan,1973,Sheep,1198.4
Zavkhan,1974,Camel,20.6
Zavkhan,1974,Cattle,154.0
Zavkhan,1974,Goat,296.1
Zavkhan,1974,Horse,145.5
Zavkhan,1974,Sheep,1170.7
Zavkhan,1975,Camel,19.9
Zavkhan,1975,Cattle,154.4
Zavkhan,1975,Goat,304.4
Zavkhan,1975,Horse,140.5
Zavkhan,1975,Sheep,1218.3
Zavkhan,1976,Camel,19.5
Zavkhan,1976,Cattle,153.7
Zavkhan,1976,Goat,311.3
Zavkhan,1976,Horse,136.8
Zavkhan,1976,Sheep,1246.4
Zavkhan,1977,Camel,18.3
Zavkhan,1977,Cattle,146.0
Zavkhan,1977,Goat,278.5
Zavkhan,1977,Horse,126.7
Zavkhan,1977,Sheep,1143.6
Zavkhan,1978,Camel,17.8
Zavkhan,1978,Cattle,146.8
Zavkhan,1978,Goat,309.0
Zavkhan,1978,Horse,122.0
Zavkhan,1978,Sheep,1236.5
Zavkhan,1979,Camel,17.4
Zavkhan,1979,Cattle,147.8
Zavkhan,1979,Goat,305.5
Zavkhan,1979,Horse,118.7
Zavkhan,1979,Sheep,1252.9
Zavkhan,1980,Camel,16.9
Zavkhan,1980,Cattle,147.0
Zavkhan,1980,Goat,292.9
Zavkhan,1980,Horse,118.5
Zavkhan,1980,Sheep,1300.7
Zavkhan,1981,Camel,16.4
Zavkhan,1981,Cattle,141.2
Zavkhan,1981,Goat,269.9
Zavkhan,1981,Horse,119.1
Zavkhan,1981,Sheep,1231.1
Zavkhan,1982,Camel,15.9
Zavkhan,1982,Cattle,135.8
Zavkhan,1982,Goat,289.4
Zavkhan,1982,Horse,121.8
Zavkhan,1982,Sheep,1301.2
Zavkhan,1983,Camel,15.2
Zavkhan,1983,Cattle,138.7
Zavkhan,1983,Goat,284.4
Zavkhan,1983,Horse,116.9
Zavkhan,1983,Sheep,1240.3
Zavkhan,1984,Camel,14.8
Zavkhan,1984,Cattle,145.5
Zavkhan,1984,Goat,269.6
Zavkhan,1984,Horse,118.3
Zavkhan,1984,Sheep,1142.7
Zavkhan,1985,Camel,14.3
Zavkhan,1985,Cattle,152.2
Zavkhan,1985,Goat,274.4
Zavkhan,1985,Horse,120.7
Zavkhan,1985,Sheep,1142.3
Zavkhan,1986,Camel,14.6
Zavkhan,1986,Cattle,157.2
Zavkhan,1986,Goat,287.3
Zavkhan,1986,Horse,125.8
Zavkhan,1986,Sheep,1159.8
Zavkhan,1987,Camel,14.8
Zavkhan,1987,Cattle,165.8
Zavkhan,1987,Goat,296.4
Zavkhan,1987,Horse,132.1
Zavkhan,1987,Sheep,1195.2
Zavkhan,1988,Camel,15.2
Zavkhan,1988,Cattle,167.4
Zavkhan,1988,Goat,308.2
Zavkhan,1988,Horse,140.6
Zavkhan,1988,Sheep,1203.1
Zavkhan,1989,Camel,15.4
Zavkhan,1989,Cattle,179.6
Zavkhan,1989,Goat,339.2
Zavkhan,1989,Horse,149.2
Zavkhan,1989,Sheep,1303.9
Zavkhan,1990,Camel,15.3
Zavkhan,1990,Cattle,195.8
Zavkhan,1990,Goat,363.0
Zavkhan,1990,Horse,156.5
Zavkhan,1990,Sheep,1402.9
Zavkhan,1991,Camel,12.7
Zavkhan,1991,Cattle,195.5
Zavkhan,1991,Goat,352.6
Zavkhan,1991,Horse,151.8
Zavkhan,1991,Sheep,1367.3
Zavkhan,1992,Camel,11.6
Zavkhan,1992,Cattle,194.2
Zavkhan,1992,Goat,371.1
Zavkhan,1992,Horse,149.6
Zavkhan,1992,Sheep,1358.5
Zavkhan,1993,Camel,10.6
Zavkhan,1993,Cattle,189.5
Zavkhan,1993,Goat,402.8
Zavkhan,1993,Horse,143.9
Zavkhan,1993,Sheep,1257.0
Zavkhan,1994,Camel,11.3
Zavkhan,1994,Cattle,226.3
Zavkhan,1994,Goat,514.8
Zavkhan,1994,Horse,168.7
Zavkhan,1994,Sheep,1325.7
Zavkhan,1995,Camel,11.6
Zavkhan,1995,Cattle,258.2
Zavkhan,1995,Goat,612.9
Zavkhan,1995,Horse,189.5
Zavkhan,1995,Sheep,1329.3
Zavkhan,1996,Camel,11.1
Zavkhan,1996,Cattle,275.4
Zavkhan,1996,Goat,666.9
Zavkhan,1996,Horse,200.4
Zavkhan,1996,Sheep,1320.8
Zavkhan,1997,Camel,10.8
Zavkhan,1997,Cattle,283.8
Zavkhan,1997,Goat,709.5
Zavkhan,1997,Horse,204.8
Zavkhan,1997,Sheep,1347.6
Zavkhan,1998,Camel,11.1
Zavkhan,1998,Cattle,281.9
Zavkhan,1998,Goat,751.9
Zavkhan,1998,Horse,205.0
Zavkhan,1998,Sheep,1353.7
Zavkhan,1999,Camel,10.8
Zavkhan,1999,Cattle,271.4
Zavkhan,1999,Goat,693.6
Zavkhan,1999,Horse,192.2
Zavkhan,1999,Sheep,1263.9
Zavkhan,2000,Camel,8.7
Zavkhan,2000,Cattle,158.0
Zavkhan,2000,Goat,585.0
Zavkhan,2000,Horse,139.0
Zavkhan,2000,Sheep,1050.6
Zavkhan,2001,Camel,7.9
Zavkhan,2001,Cattle,88.8
Zavkhan,2001,Goat,530.3
Zavkhan,2001,Horse,101.9
Zavkhan,2001,Sheep,757.9
Zavkhan,2002,Camel,7.1
Zavkhan,2002,Cattle,83.2
Zavkhan,2002,Goat,544.6
Zavkhan,2002,Horse,93.4
Zavkhan,2002,Sheep,715.0
Zavkhan,2003,Camel,7.1
Zavkhan,2003,Cattle,87.4
Zavkhan,2003,Goat,666.4
Zavkhan,2003,Horse,94.1
Zavkhan,2003,Sheep,773.6
Zavkhan,2004,Camel,6.4
Zavkhan,2004,Cattle,96.3
Zavkhan,2004,Goat,799.9
Zavkhan,2004,Horse,96.1
Zavkhan,2004,Sheep,903.1
Zavkhan,2005,Camel,6.3
Zavkhan,2005,Cattle,107.2
Zavkhan,2005,Goat,861.2
Zavkhan,2005,Horse,101.2
Zavkhan,2005,Sheep,1026.4
Zavkhan,2006,Camel,6.6
Zavkhan,2006,Cattle,127.2
Zavkhan,2006,Goat,1052.3
Zavkhan,2006,Horse,113.2
Zavkhan,2006,Sheep,1251.5
Zavkhan,2007,Camel,6.9
Zavkhan,2007,Cattle,147.0
Zavkhan,2007,Goat,1253.7
Zavkhan,2007,Horse,127.2
Zavkhan,2007,Sheep,1465.4
Zavkhan,2008,Camel,6.6
Zavkhan,2008,Cattle,149.8
Zavkhan,2008,Goat,1295.6
Zavkhan,2008,Horse,129.4
Zavkhan,2008,Sheep,1554.6
Zavkhan,2009,Camel,6.6
Zavkhan,2009,Cattle,137.4
Zavkhan,2009,Goat,1097.6
Zavkhan,2009,Horse,124.0
Zavkhan,2009,Sheep,1462.0
Zavkhan,2010,Camel,5.8
Zavkhan,2010,Cattle,73.7
Zavkhan,2010,Goat,685.7
Zavkhan,2010,Horse,93.4
Zavkhan,2010,Sheep,859.1
Zavkhan,2011,Camel,6.2
Zavkhan,2011,Cattle,83.3
Zavkhan,2011,Goat,831.6
Zavkhan,2011,Horse,105.4
Zavkhan,2011,Sheep,979.6
Zavkhan,2012,Camel,6.4
Zavkhan,2012,Cattle,98.3
Zavkhan,2012,Goat,910.7
Zavkhan,2012,Horse,116.8
Zavkhan,2012,Sheep,1147.9
Zavkhan,2013,Camel,6.3
Zavkhan,2013,Cattle,115.3
Zavkhan,2013,Goat,1007.3
Zavkhan,2013,Horse,130.1
Zavkhan,2013,Sheep,1280.0
Zavkhan,2014,Camel,6.6
Zavkhan,2014,Cattle,138.9
Zavkhan,2014,Goat,1138.6
Zavkhan,2014,Horse,147.4
Zavkhan,2014,Sheep,1464.4
Zavkhan,2015,Camel,6.7
Zavkhan,2015,Cattle,158.9
Zavkhan,2015,Goat,1241.7
Zavkhan,2015,Horse,163.1
Zavkhan,2015,Sheep,1562.7
Zavkhan,2016,Camel,6.9
Zavkhan,2016,Cattle,172.4
Zavkhan,2016,Goat,1310.5
Zavkhan,2016,Horse,186.2
Zavkhan,2016,Sheep,1730.2
Zavkhan,2017,Camel,7.5
Zavkhan,2017,Cattle,192.2
Zavkhan,2017,Goat,1352.5
Zavkhan,2017,Horse,207.4
Zavkhan,2017,Sheep,1837.7
Zavkhan,2018,Camel,7.8
Zavkhan,2018,Cattle,205.0
Zavkhan,2018,Goat,1292.7
Zavkhan,2018,Horse,222.5
Zavkhan,2018,Sheep,1827.5
Zavkhan,2019,Camel,8.0
Zavkhan,2019,Cattle,228.7
Zavkhan,2019,Goat,1418.6
Zavkhan,2019,Horse,243.7
Zavkhan,2019,Sheep,1950.9
Zavkhan,2020,Camel,8.1
Zavkhan,2020,Cattle,225.0
Zavkhan,2020,Goat,1338.2
Zavkhan,2020,Horse,236.7
Zavkhan,2020,Sheep,1799.8
Zavkhan,2021,Camel,8.3
Zavkhan,2021,Cattle,245.2
Zavkhan,2021,Goat,1329.5
Zavkhan,2021,Horse,252.7
Zavkhan,2021,Sheep,1919.5
Zavkhan,2022,Camel,8.7
Zavkhan,2022,Cattle,265.5
Zavkhan,2022,Goat,1286.7
Zavkhan,2022,Horse,271.6
Zavkhan,2022,Sheep,1888.6
Zavkhan,2023,Camel,8.7
Zavkhan,2023,Cattle,236.4
Zavkhan,2023,Goat,1050.2
Zavkhan,2023,Horse,253.4
Zavkhan,2023,Sheep,1518.9
Zavkhan,2024,Camel,9.0
Zavkhan,2024,Cattle,220.3
Zavkhan,2024,Goat,1089.4
Zavkhan,2024,Horse,247.0
Zavkhan,2024,Sheep,1442.6
