Aimag,Year,Mort_hor,Mort_cat,Mort_cam,Mort_sheep,Mort_goat,All_SFU,All,SPEI_PrevSummer,SPEI_PrevSummer_point,Temp_Winter,Temp_Winter_Z_study,Temp_Winter_Z_climate
Arkhangai,1992,0.03066528066528067,0.03350604490500864,0.1176470588235294,0.03244228432563791,0.02230106436898125,0.03204597263045247,0.047312346617687566,0.7141517478369422,0.7179628702242087,-18.00971959431964,0.5841643829109956,0.7264518157430623
Arkhangai,1993,0.05100379815518177,0.06713780918727916,0.08333333333333334,0.057321713514177,0.04795486600846263,0.059041605107706306,0.061350304039686776,1.136253576358482,1.1363513571099433,-18.741570677580636,0.16786622835509774,0.3237526540484883
Arkhangai,1994,0.008447729672650475,0.01126363956353397,0.1,0.02037697401935813,0.01148936170212766,0.012234319585327745,0.030315540991534044,2.1609286189657713,2.164550012396945,-18.570268117645618,0.265308100346175,0.41801144365714593
Arkhangai,1995,0.02469135802469136,0.03677869372225745,0.1,0.07179612839990199,0.04731638418079096,0.03987683110194747,0.05611651286552836,1.4773468933630978,1.4695702581533314,-19.283041899881223,-0.14013833123981198,0.025809517405728538
Arkhangai,1996,0.01387645478961504,0.01576911633442428,0.0,0.01754385964912281,0.01234166937317311,0.015198772323602686,0.011906220029267047,0.694140083110277,0.6913389670829913,-20.11508181536637,-0.6134268037934366,-0.43201828954280896
Arkhangai,1997,0.007089241034195162,0.007309149972929075,0.0,0.007258809555232941,0.006994963626189145,0.0072011666492579895,0.0057304328377092645,-0.38851249912134034,-0.3945311754035408,-16.487016305805703,1.450322244043089,1.5643153535844834
Arkhangai,1998,0.007521773555027712,0.01364087301587302,0.0,0.007676622286194075,0.00691403549204886,0.010229687883728703,0.007150660869828733,-0.13049951447520056,-0.12302257204078469,-17.67984270637416,0.771807938851969,0.9079657183339339
Arkhangai,1999,0.00662739322533137,0.007942069609904227,0.0,0.007547582585867425,0.006341656757827983,0.007322659162567142,0.005691740435786201,-0.0526257345145135,-0.04641121997875191,-16.77019555362652,1.2892416622517073,1.408496706437553
Arkhangai,2000,0.06004696410600469,0.0668103448275862,0.25,0.06431718061674009,0.05497097242380261,0.06339991364583528,0.09922909239482672,0.2616975258251739,0.2540068498553222,-20.144288126627583,-0.6300402020072532,-0.44808898661505303
Arkhangai,2001,0.2349066959385291,0.4122725151656556,0.125,0.2034823820317329,0.1834592005894271,0.30216328088353717,0.23182415874506895,-0.5743497832304212,-0.5638303246929061,-20.090407694121918,-0.5993914469096501,-0.41844141828039727
Arkhangai,2002,0.04937701892016613,0.04543815362423368,0.0,0.03583453583453584,0.03333987056285546,0.04371721488262732,0.032797915788358216,-0.37434162127665277,-0.36570052782240325,-17.998719278971333,0.5904216818120626,0.7325047107519777
Arkhangai,2003,0.07182599898836621,0.1128650355169692,0.0,0.05545454545454546,0.0582432176057674,0.08220481240020326,0.05967775951312966,-1.6286637156922146,-1.6232916506209625,-18.31086611335658,0.4128634953487341,0.560746724178462
Arkhangai,2004,0.01765316718587747,0.03421394543092248,0.0,0.01140590131415819,0.0103840448327015,0.021045399085025174,0.014731411752731929,0.15252516242928102,0.15195468044111407,-18.499156791781182,0.3057582880995086,0.4571402664020672
Arkhangai,2005,0.01202928870292887,0.01510574018126888,0.0,0.009058181395888978,0.0081374321880651,0.01187464800832371,0.008866128493630365,-0.665033843385928,-0.6692092202289465,-22.12670519793473,-1.7576966162985195,-1.5389088419157273
Arkhangai,2006,0.01388888888888889,0.0122432859399684,0.0,0.008471157724889069,0.009667593696199179,0.011519993676847385,0.008854185249989106,-0.39884150554979686,-0.37947151772419,-19.54246132933061,-0.287703638179735,-0.11693535126490684
Arkhangai,2007,0.01072124756335283,0.008173418621179816,0.0,0.005247763248451479,0.007606721162579474,0.008129553572833561,0.006349830119112719,0.4136144830665509,0.4147117559014,-15.4934851846577,2.0154716052831056,2.1110032778832686
Arkhangai,2008,0.01866181156121985,0.0148593107809042,0.0,0.01163390030189235,0.0167059748427673,0.015401740396664825,0.01237219949735674,-0.6133484781830248,-0.6129219176790931,-20.333809821988307,-0.7378456474476311,-0.5523728082699028
Arkhangai,2009,0.01735817104149026,0.01303854875283447,0.0,0.01331681635181171,0.02246808510638298,0.015756240594504863,0.013236324250503886,0.10144948320653646,0.0981501480089731,-18.780417859112752,0.14576882308863512,0.3023770930976532
Arkhangai,2010,0.2810509554140127,0.3275459963721172,0.0,0.2798835451542467,0.3239896242992218,0.3027571190390072,0.24249402424791966,-0.5815628931649668,-0.5860200921687702,-22.62848190495995,-2.043121782580935,-1.8150101744116163
Arkhangai,2011,0.01631820499745028,0.02814569536423841,0.0,0.0360075329566855,0.03377110694183865,0.02784138434811571,0.02284850805204257,-0.26000938120270906,-0.25098919676031806,-20.984811552071257,-1.1081543414494952,-0.9105848229300348
Arkhangai,2012,0.01463191586648377,0.02768681155105687,0.0,0.01891301379216168,0.02022401991288115,0.020983549712910367,0.016291152224516693,-0.019731525429783306,-0.0209847779235992,-22.167534703384188,-1.7809216249905924,-1.5613751714641355
Arkhangai,2013,0.05155071248952222,0.04877391538668822,0.0,0.06022441035035494,0.05785598163909342,0.0537689883357637,0.04368100397313176,-0.10141102066229728,-0.09618602858091492,-21.620606438907554,-1.469812941292867,-1.2604293115080012
Arkhangai,2014,0.03392990305741984,0.02645131086142322,0.0,0.02134663854739982,0.02845025622901573,0.02726210111731693,0.02203562173905172,-0.45653872227850384,-0.45578341151702734,-18.166963676170045,0.4947193816171803,0.6399286672625829
Arkhangai,2015,0.02171767028627838,0.02089136490250696,0.0,0.02350302758466024,0.02460191082802548,0.02226048326438511,0.018142794720294213,-0.40370192596216525,-0.4150888148266958,-16.870921174979483,1.2319460030051665,1.3530726943567553
Arkhangai,2016,0.0256014805675509,0.0782800441014333,0.0,0.02675873974967631,0.02707382339052416,0.045181231556867076,0.03154281756183693,-0.41375566532100305,-0.407645995325623,-19.300389494719308,-0.15000614708685492,0.016264048308946715
Arkhangai,2017,0.02130044843049327,0.02426015141087405,0.0,0.02451274362818591,0.0302360407901305,0.02432851151159122,0.020061876851936743,0.9120678585777149,0.9087702826427121,-17.79020792643227,0.7090289958563187,0.8472375420503054
Arkhangai,2018,0.0834426659669378,0.09351145038167939,0.07142857142857144,0.04713366841235809,0.06590497422321304,0.07512334120021238,0.07228426608255197,-2.198387729248864,-2.1988883461015254,-19.27494937284491,-0.13553506679440216,0.030262409432604095
Arkhangai,2019,0.01083509513742072,0.01159047005795235,0.0,0.01183848682004158,0.01140532248382579,0.011442390889396444,0.009133874899848089,-0.22601930170708193,-0.21864196313764003,-21.02082568510077,-1.1286402264348845,-0.9304015062852334
Arkhangai,2020,0.0596384127729514,0.04534572595409098,0.07142857142857144,0.07054466624514498,0.07310934207445563,0.05931815628985048,0.06401334369504288,-0.5964354094093092,-0.5878304969907259,-17.14971639374154,1.0733591842872097,1.1996663478365341
Arkhangai,2021,0.0224342444559051,0.03608247422680412,0.07692307692307693,0.03057060437627524,0.03471429530651984,0.031137531460447964,0.040144939057716246,-0.7872577088550091,-0.780794608458336,-17.587389562159387,0.8243979728080632,0.9588378213107073
Arkhangai,2022,0.008887821282728801,0.009692605926336193,0.0,0.01342373343327314,0.01560188298587761,0.011117857266766125,0.00952120872564315,0.6974097138127943,0.6857155684540625,-17.756354890046275,0.7282855862965595,0.8658650875787098
Arkhangai,2023,0.09914529914529914,0.1084100675260896,0.05882352941176471,0.1115121951219512,0.1339314951863252,0.10950651746217131,0.10236451727828597,-1.1925779794066802,-1.200033259682357,-18.315484063419273,0.41023667121346935,0.558205709125636
Arkhangai,2024,0.1264214046822743,0.2072874493927125,0.06666666666666667,0.2390886287625418,0.1668643732700672,0.18707099221886087,0.1612657045548525,0.24625048282456793,0.23467858654125778,-20.5987185537079,-0.8885334289690002,-0.6981381512871092
Bayan-Ulgii,1992,0.02173913043478261,0.03541666666666667,0.03370786516853932,0.02782905012068721,0.02201371346084446,0.02785023380029578,0.028141285170304054,0.2699983222934195,0.18721655584169825,-20.851567960424877,1.1242014047684268,1.1340153189106843
Bayan-Ulgii,1993,0.05882352941176471,0.1257275902211874,0.02631578947368421,0.03453403833443489,0.03687150837988827,0.06592646230589749,0.0564544911641919,-0.2503165393852641,-0.23396857246855143,-21.100043601551253,0.9469844951620764,0.9526236770766411
Bayan-Ulgii,1994,0.008025682182985555,0.02070645554202193,0.01388888888888889,0.01108925058129136,0.01425661914460285,0.01351638400393529,0.013593379267958117,1.7783674530920686,1.7538093356272308,-22.776932136857166,-0.2489999588234548,-0.2715348086926713
Bayan-Ulgii,1995,0.007122507122507123,0.007063572149344097,0.0,0.004077638231936062,0.004366812227074236,0.005627647024695894,0.004526105946172304,1.578853724625827,1.5494273910666987,-20.768896075135423,1.1831643516227472,1.1943672670460856
Bayan-Ulgii,1996,0.009987515605493135,0.01172529313232831,0.01176470588235294,0.008346524679810044,0.007532122286220647,0.009649862026801499,0.009871232317241015,0.09193324550846513,0.16835105710961976,-22.864841060711484,-0.31169804762467734,-0.33570988821963565
Bayan-Ulgii,1997,0.01542111506524318,0.04743390357698289,0.0119047619047619,0.01654306902452938,0.02276019035795572,0.026654907534637597,0.022812607985894615,0.733913061585062,0.7320782600431521,-21.150164748151617,0.9112372699363817,0.9160343477112692
Bayan-Ulgii,1998,0.1014823261117446,0.1882970742685671,0.03529411764705882,0.1129723934601983,0.1173657100809419,0.13230595473391685,0.11108232431370213,0.12796311092442078,0.019146256782884806,-22.008382184843427,0.29914249391987785,0.2895203393906104
Bayan-Ulgii,1999,0.02255639097744361,0.02519548218940052,0.01219512195121951,0.01321856747617584,0.01503453880536368,0.019196402352566092,0.01764002027992063,0.3315642895317859,0.394019019863247,-21.022725095785418,1.0021293237862754,1.0090675628492771
Bayan-Ulgii,2000,0.08816120906801007,0.1982456140350877,0.125,0.0482394912362339,0.05326360643036995,0.10273442241447867,0.10258198415394033,0.23309806113451223,0.21209894821144298,-21.844079344299995,0.4163259792251547,0.409464338203001
Bayan-Ulgii,2001,0.09011627906976745,0.2149532710280374,0.02857142857142857,0.05947172257332686,0.06176865528486477,0.10743487093416243,0.090976271305485,0.1448059533669775,0.15558966541051594,-22.725589585578284,-0.21238160771385292,-0.23405383216633133
Bayan-Ulgii,2002,0.1366366366366366,0.2605140186915888,0.04687499999999999,0.1158001350438893,0.1272627537026879,0.157526438053625,0.13741770881496052,-0.6338760370707102,-0.5677572263705133,-21.72046631560926,0.5044888221998162,0.49970404992945866
Bayan-Ulgii,2003,0.0396039603960396,0.05100830367734283,0.01694915254237288,0.02293747687754347,0.0211864406779661,0.03311341533324617,0.03033706683425298,-0.8540268510479481,-0.8378222264224457,-22.110187597749768,0.22653320081301706,0.21520057544529222
Bayan-Ulgii,2004,0.02415458937198068,0.03085714285714286,0.01785714285714286,0.01409740021969974,0.01448803516197298,0.02056287947401966,0.020290862093587825,0.5446965428303313,0.5219514696743875,-21.889270323537755,0.38409503036314047,0.37647411878806797
Bayan-Ulgii,2005,0.0756578947368421,0.1290697674418605,0.04166666666666667,0.05755006314270251,0.06772784019975031,0.08144537398288675,0.07433444643756441,-0.43897881574208436,-0.4673428435711103,-25.413041938401708,-2.129116779510647,-2.195941896604276
Bayan-Ulgii,2006,0.02430555555555555,0.02236024844720497,0.02325581395348838,0.009327354260089687,0.01047373509506929,0.015886428098471145,0.017944541462281575,0.21910935570888762,0.2777122153948877,-23.50522203701207,-0.76842828112458,-0.8031994021369037
Bayan-Ulgii,2007,0.03074433656957929,0.02702702702702703,0.02325581395348838,0.01310116086235489,0.01487928130263897,0.020456643927101916,0.02180152394301771,-0.4385248240199298,-0.4090677714007628,-19.538864919143595,2.0604427809941464,2.0923119101546033
Bayan-Ulgii,2008,0.0669710806697108,0.1107594936708861,0.02325581395348838,0.0280811232449298,0.03120262758969176,0.0559692799254464,0.05205402782574138,-0.9076799948825952,-0.8474762317146702,-24.154446387747672,-1.2314657545646253,-1.277144736837443
Bayan-Ulgii,2009,0.09547738693467336,0.1362530413625304,0.025,0.06776859504132231,0.08051881340696032,0.09165686901244115,0.08100356734909728,-1.0906038965239113,-1.1784748249204047,-22.90443516289135,-0.33993721181455905,-0.3646142877366002
Bayan-Ulgii,2010,0.1333333333333333,0.1669024045261669,0.05128205128205129,0.09326721342742705,0.1278391651319828,0.12727053948855313,0.11452483354019227,-1.0415633285205765,-0.9581013476520814,-25.06749642909256,-1.8826680450973838,-1.9436875227838342
Bayan-Ulgii,2011,0.02298850574712644,0.02118003025718608,0.02631578947368421,0.01130926489778164,0.01155651859877212,0.01600409933743267,0.018670021794910098,-0.31068986931149173,-0.35513204418809396,-24.16361311989267,-1.2380036185361663,-1.283836614506
Bayan-Ulgii,2012,0.01237113402061856,0.009900990099009901,0.0,0.005326494377589269,0.007698113207547169,0.00836478471847801,0.00705934634095298,-0.2417414563869022,-0.29590710974893186,-24.483768004201817,-1.4663433420416552,-1.5175553800267132
Bayan-Ulgii,2013,0.02127659574468085,0.01949541284403669,0.0,0.005745125348189415,0.007213966238638003,0.012213145526519633,0.010746220035108991,0.46826908427723896,0.4446704033896742,-23.47449492823573,-0.7465132023112319,-0.7807680656707293
Bayan-Ulgii,2014,0.006849315068493151,0.005708848715509039,0.0,0.002414001207000604,0.003232479958624257,0.004235957285020003,0.0036409289899254097,0.5530635885298746,0.6035475446839358,-23.040538007363484,-0.43700799660717365,-0.46397178734972105
Bayan-Ulgii,2015,0.00574712643678161,0.005494505494505494,0.0,0.002250281285160645,0.002834145788459358,0.0038516638839411763,0.0032652118009814214,-0.006973393614991121,-0.022549959033694264,-22.093840933028744,0.23819191066118914,0.2271339317244657
Bayan-Ulgii,2016,0.01681759379042691,0.02209944751381215,0.02127659574468085,0.01210909945920527,0.01695454063791459,0.017074486249453458,0.017851455429207956,-0.3462207361120804,-0.42015273143207527,-22.1074859736066,0.22846004353852403,0.2171728091689931
Bayan-Ulgii,2017,0.009324009324009324,0.0109254498714653,0.0,0.004905620134371334,0.01088172480423065,0.008881015682992396,0.0072073608268153205,0.7027040554513556,0.7386327879033052,-20.414795822201995,1.4357144697398503,1.4528667560192374
Bayan-Ulgii,2018,0.0310492505353319,0.04658385093167702,0.01886792452830189,0.02783360128617363,0.03387561779242174,0.03501840379112408,0.03164204901478124,-1.168405369489131,-1.178818647255833,-23.17924022455323,-0.5359326967286389,-0.5652268753254224
Bayan-Ulgii,2019,0.03147953830010494,0.04682488774855677,0.01785714285714286,0.02368313597386688,0.02891229578675838,0.032693635314115316,0.029751400133285966,-0.5388530040070256,-0.46191785489189097,-24.432694557160687,-1.4299169204956925,-1.4802708543850116
Bayan-Ulgii,2020,0.01111111111111111,0.007566204287515763,0.0,0.00281152726177327,0.004928747455266259,0.006222275404063283,0.005283518023133281,0.4415557471391454,0.42521942916124755,-20.552037755739622,1.33783126791095,1.3526777011081876
Bayan-Ulgii,2021,0.01102204408817635,0.006896551724137932,0.0,0.003200341369746106,0.004693917465284568,0.00610675810797833,0.0051625709294689905,0.6196964940503811,0.635856117586819,-21.841989942528713,0.4178161748964657,0.41098963869533844
Bayan-Ulgii,2022,0.009700176366843033,0.009345794392523364,0.0,0.004536489151873766,0.007144200037601053,0.007549946990828898,0.0061453319897682435,-0.4188657309800315,-0.34032054804233675,-21.770382842432927,0.4688875351606842,0.4632640966440879
Bayan-Ulgii,2023,0.06255355612682091,0.0730005367686527,0.01639344262295082,0.04003267973856209,0.05220177796154642,0.05710264058756611,0.04883639864370658,-2.3769659025577163,-2.2885051069946165,-22.56539258701132,-0.09812647636352832,-0.11710717109637117
Bayan-Ulgii,2024,0.04663212435233161,0.06210826210826211,0.01612903225806452,0.03011292346298619,0.04129387474191328,0.045698440909806744,0.03925524338471154,-0.8750901216289177,-0.8569369123144543,-22.580787828233486,-0.10910661534080883,-0.12834597128242017
Bayankhongor,1992,0.01926782273603083,0.01685823754789272,0.03588516746411483,0.01465798045602606,0.01049475262368816,0.017032648908922594,0.019432792165550522,-0.043188070496495354,-0.03469476156696203,-13.908702787963076,0.4538468951265737,0.46054474909314
Bayankhongor,1993,0.09468599033816426,0.1686746987951807,0.03713527851458885,0.1413069688931758,0.08958396598846037,0.12142633639214033,0.106277380505914,0.623100543390468,0.6233692844977587,-14.955252123178903,-0.2840046217161854,-0.26670402595357384
Bayankhongor,1994,0.008008008008008008,0.01039168665067946,0.008403361344537815,0.01067711852953102,0.009959321082900827,0.009697964390961857,0.009487899123131426,1.5239154420995427,1.5274090203664947,-14.023718405669566,0.37275712216537915,0.3806202158927667
Bayankhongor,1995,0.01305483028720627,0.01379310344827586,0.01055408970976253,0.01759530791788856,0.01467576791808874,0.014542366049578212,0.013934619856244394,1.030902064773461,1.0236057781347079,-13.782614183725778,0.5427434858199214,0.548163918006963
Bayankhongor,1996,0.02262443438914027,0.02826855123674911,0.0251889168765743,0.02988397984296262,0.0303323965500533,0.027618007337982586,0.02725965577909592,0.08962841095511773,0.10010321837303518,-15.442850950229069,-0.6277777454891981,-0.6055372158990033
Bayankhongor,1997,0.01704545454545454,0.01983471074380165,0.01291989664082687,0.01392791692119731,0.01641989369779803,0.01682098918420557,0.01602957450981568,0.4854813603875639,0.48721743497314135,-13.287968459219279,0.8914849028231038,0.8918940080511745
Bayankhongor,1998,0.01407506702412869,0.015096304008329,0.0154639175257732,0.01459598318542737,0.01577975491018969,0.014936360732094655,0.015002205330769588,0.6977506532511966,0.6908829597120549,-13.587257250899766,0.6804765141264136,0.6839177571370612
Bayankhongor,1999,0.03748411689961881,0.04367699339766379,0.01808785529715762,0.02505773672055427,0.03042401980356145,0.034093476845564755,0.030946144423711186,-0.01482165215781359,-0.011709719034998097,-12.418889421187083,1.50421405460844,1.4958183951392874
Bayankhongor,2000,0.1472431077694236,0.2419354838709677,0.002531645569620253,0.08699612844454567,0.05494872008671726,0.13191878404632204,0.1067310171482549,0.3803557653619008,0.3940500268880479,-15.177553990202107,-0.44073471007482096,-0.42118194213311216
Bayankhongor,2001,0.2748414376321353,0.2359266287160025,0.1024258760107817,0.1802969596983267,0.1900840336134454,0.21556214479861627,0.19671498713413832,-0.11744151039898494,-0.11759478330652273,-13.968560666258206,0.41164513281219356,0.4189494155505974
Bayankhongor,2002,0.4419695193434936,0.2889908256880734,0.2482269503546099,0.430188679245283,0.4580789834309206,0.39618798740560757,0.3734909916124761,-0.7251201584822654,-0.7242520733996108,-14.185544725334095,0.2586642730165813,0.26816685245713257
Bayankhongor,2003,0.03512014787430684,0.05447941888619855,0.01030927835051547,0.02108126487589255,0.01334627517592817,0.03205422021768758,0.026867277032568315,-0.547438291082469,-0.5510343328098845,-15.241277044524164,-0.4856615479287547,-0.4654631925611146
Bayankhongor,2004,0.01458670988654781,0.02227432590855803,0.004830917874396136,0.00662451068955134,0.003837810779242449,0.011711237471790354,0.010430855027659152,1.4137710852124248,1.4148149582810767,-14.087414589168118,0.3278492291210357,0.336357638042178
Bayankhongor,2005,0.01057401812688822,0.01545253863134658,0.004761904761904762,0.007337526205450733,0.00575765506411934,0.009425226232935114,0.008776728557941928,-0.6072935352168496,-0.6026129556534432,-17.489862391633785,-2.0709877750703347,-2.0280086782321005
Bayankhongor,2006,0.01836158192090396,0.02378490175801447,0.0131578947368421,0.01364348020577052,0.009824254993996289,0.01568219583243614,0.01575442272310547,-0.7648801541716898,-0.7659192188117685,-15.400560064735629,-0.5979612877648015,-0.5761492132164521
Bayankhongor,2007,0.01913265306122449,0.02571166207529844,0.004329004329004329,0.01542223058115478,0.00888771559310102,0.015698986128906463,0.014696653127956611,-0.07486099993809765,-0.08673469151340786,-11.702808293756426,2.009074674436,1.9934242941011537
Bayankhongor,2008,0.04069767441860465,0.07094594594594594,0.003968253968253969,0.03359337685081994,0.02389461144979329,0.037957080059327526,0.03461997252668356,-0.5438854784247608,-0.5485115283655609,-16.653958600122202,-1.4816482573358556,-1.44713782200215
Bayankhongor,2009,0.07860262008733625,0.08823529411764706,0.01094890510948905,0.08479863868406125,0.0667098827273263,0.07433357988363182,0.06585906814517198,-0.7537081337155328,-0.7639931803715257,-13.896820101947881,0.46222457748272333,0.46880204624868504
Bayankhongor,2010,0.1919642857142857,0.2720125786163522,0.04713804713804714,0.2218543046357616,0.2454911574155139,0.22974666747248185,0.1956920747039921,-1.5519037935636326,-1.5479487216132684,-16.187962811547983,-1.1531059823833647,-1.1233166173881903
Bayankhongor,2011,0.02419354838709677,0.04039408866995074,0.0132890365448505,0.01967635159985289,0.02002802274787769,0.024611892032770134,0.02351620958992572,-0.3369561332651347,-0.3359785389489303,-16.489110368452707,-1.3654248613684792,-1.3325845271729737
Bayankhongor,2012,0.009744214372716201,0.02705139765554554,0.0033003300330033,0.007933937823834197,0.006585540443808159,0.011412827185060462,0.010923084065781479,0.3934211412445176,0.3916481971357512,-16.644267661616464,-1.47481582867198,-1.4404035736297143
Bayankhongor,2013,0.01711229946524064,0.0656763096168882,0.002898550724637681,0.01965508496068983,0.02117396479358516,0.028279929941591814,0.025303241912208303,-0.3034926209387992,-0.31065062301280993,-15.611804491918768,-0.7468955193168335,-0.7229432971023309
Bayankhongor,2014,0.008333333333333333,0.01166781056966369,0.005376344086021505,0.01675843907110366,0.01553262388476835,0.013293605847244887,0.011533710188978108,-0.5509675478114223,-0.5445323153176326,-14.112969222158732,0.30983237690011656,0.3185996834825299
Bayankhongor,2015,0.009501187648456057,0.01346604215456674,0.002398081534772182,0.01122345803842265,0.0226369206304663,0.01537761221621686,0.011845138001336786,0.7487523364891744,0.7408170027840448,-12.853673500684799,1.1976770555759833,1.1936862561328465
Bayankhongor,2016,0.0148619957537155,0.0455026455026455,0.002247191011235955,0.03094402364677628,0.03288109229173868,0.030626946051285027,0.025287389641222385,0.5795835072436998,0.5790972949760856,-15.03691586668384,-0.34158023233348045,-0.3234522894431745
Bayankhongor,2017,0.005656819610307983,0.0107577174929841,0.002012072434607646,0.005142214366061386,0.004904441244015414,0.00618208613964678,0.005694653029595305,1.2841783949291814,1.2800259802514076,-12.684893539716589,1.3166724493166648,1.3109717158204683
Bayankhongor,2018,0.03997779011660189,0.04577611319184353,0.009208103130755065,0.05676634566649773,0.08833003880225491,0.06082873966056721,0.04801167818159062,-1.3960425994225518,-1.3888567594904102,-14.73046904749838,-0.1255252000869596,-0.11050191398512005
Bayankhongor,2019,0.01193860147811256,0.01876563803169308,0.001742160278745645,0.009402697495183044,0.008874904191375207,0.011440712592955789,0.010144800295021909,-0.9881332066502221,-0.9850247258237209,-16.945540479743983,-1.687223020916805,-1.649758527634749
Bayankhongor,2020,0.0337730870712401,0.02135093167701863,0.02581755593803787,0.02368421052631579,0.0281669532135933,0.026732376051546963,0.026558547685241136,0.07233691635056187,0.06882661230506366,-12.173313918203654,1.6773528176638663,1.6664691974632397
Bayankhongor,2021,0.1867728107777097,0.2510170870626526,0.1441441441441441,0.1910569105691057,0.221521268925739,0.21277327373001287,0.1989024442958702,-1.3472568843735657,-1.3539615163828598,-14.385362694698287,0.11778606801786175,0.12931303203741776
Bayankhongor,2022,0.004392386530014641,0.006568974229408792,0.0,0.003992435385585207,0.002450843870105275,0.004001077213095834,0.0034809280030227833,-0.050975763814811004,-0.0552678721487914,-14.116133549528278,0.3076014225907094,0.31640078742869515
Bayankhongor,2023,0.0155860349127182,0.02825112107623318,0.002197802197802198,0.0121841155234657,0.009300407751866954,0.01520119845922305,0.013503896292417248,-2.0505324150917468,-2.046887281676785,-13.883647904306065,0.4715114077191237,0.47795542705677546
Bayankhongor,2024,0.08121827411167512,0.162048698572628,0.02044989775051125,0.08314182534471437,0.06508182312811284,0.092089369578122,0.0823881037815283,-0.54922413949977,-0.5572421524501882,-15.162424421010504,-0.43006786886479903,-0.4106683807640171
Bulgan,1992,0.02802241793434748,0.0423968343697004,0.08108108108108107,0.02466293982242683,0.01578458681522748,0.03291430548295999,0.03838957200455665,0.9160943346733015,0.851960551369403,-16.859400121716465,0.40275231391376326,0.6244731415670077
Bulgan,1993,0.08236208236208237,0.1108647450110865,0.1612903225806452,0.0649739788676865,0.04590984974958264,0.08860810298023877,0.09308019571421665,0.6822924796156675,0.6108128082975723,-17.856295234569583,-0.14223699070456217,0.06817245613560186
Bulgan,1994,0.007564296520423602,0.01270207852193996,0.1111111111111111,0.01828245555182825,0.009737827715355805,0.012368259633078684,0.031879553884131745,1.722807269648121,1.6839726587567596,-17.39145596269246,0.11188445925877721,0.32756825638242176
Bulgan,1995,0.009377093101138646,0.01378579003181336,0.06666666666666667,0.02042918454935622,0.009554140127388535,0.013462861072902338,0.023962574895272683,1.686413260692846,1.6333077026834923,-15.954202314736165,0.897611920514035,1.1296036753429735
Bulgan,1996,0.024330900243309,0.01452784503631961,0.7692307692307692,0.0155628566487982,0.006966773847802787,0.019465146028371953,0.16612382900139974,0.07240953761459439,-0.015785579897383745,-18.028529534823633,-0.23639519282297203,-0.027940021547137192
Bulgan,1997,0.01235294117647059,0.01225601452564684,0.0,0.01244324869682193,0.006466512702078522,0.011963046403677215,0.008703743420203577,-0.6178025649314031,-0.6099439696028456,-15.619337297522483,1.0806781734420672,1.3164695112781306
Bulgan,1998,0.006722689075630252,0.006893580353295994,0.0,0.006541037221616571,0.004685669660288949,0.006613279396850739,0.004968595262166353,0.037573013527932346,0.01502443042611272,-15.629902184527833,1.0749024901749098,1.310573952350411
Bulgan,1999,0.006160164271047227,0.01048810004033885,0.0,0.009006473402758232,0.005581089954038082,0.0083135020855356,0.006247165533636479,0.7940678162173923,0.8172094631528958,-14.924838654891284,1.460351348108052,1.7040228917146962
Bulgan,2000,0.08285714285714285,0.1127080181543117,0.8,0.06301678777248809,0.05423122765196662,0.08921482876942742,0.22256263528718184,0.2964949795972176,0.3048757469737076,-18.80994992463483,-0.6635873310600178,-0.46399863278650627
Bulgan,2001,0.1203995793901157,0.2803365810451727,0.1,0.09810333551340746,0.09282576866764275,0.17117232032526802,0.13833305292326772,-0.25471221933327604,-0.27516975260441817,-20.293205062202766,-1.47446319510271,-1.2917044155314492
Bulgan,2002,0.03896848137535817,0.0425,0.0,0.02896995708154507,0.02282983806742766,0.03599918058600331,0.02665365530486618,0.17600038489126774,0.13155617183643073,-16.135735243645247,0.7983702817338625,1.0283022530785306
Bulgan,2003,0.2252712188895979,0.4273564847625797,0.0,0.1895700174317257,0.1829298727227352,0.26881239506947524,0.20502551876132769,-1.1821636837089595,-1.1343557629225076,-18.6163737753163,-0.5577618237949006,-0.35597669230284823
Bulgan,2004,0.01792673421667965,0.01995305164319249,0.0,0.01350601295097132,0.01245400509482027,0.0165406448033046,0.012767960781132745,-0.12412222704907777,-0.0856159689895211,-17.134754534735176,0.2522197171141188,0.4708162054220707
Bulgan,2005,0.01165501165501166,0.01301775147928994,0.0,0.006573403000168549,0.007139340226489414,0.009965052674230146,0.007677101272191912,-0.26055886676848145,-0.20923190329977068,-20.693653681658294,-1.693383131451713,-1.5151680864943875
Bulgan,2006,0.007331378299120234,0.007135575942915392,0.0,0.00391815411406182,0.004207868714496107,0.005897223046497913,0.004518595414118711,-0.35519707522140576,-0.3591817709438064,-18.242441724694274,-0.35333814309316813,-0.14731015017239793
Bulgan,2007,0.0108254397834912,0.005221932114882506,0.0,0.00448267506663436,0.004964903269988015,0.0068603778245030205,0.0050989900469992164,0.2853052376805707,0.2556913400213421,-13.867862225960971,2.038186309453244,2.2938509531803843
Bulgan,2008,0.006293266205160478,0.005054151624548736,0.0,0.004040812203252854,0.004719600222098834,0.005095491634017568,0.00402156605101218,-0.1283534589440832,-0.15527895197781297,-17.982192020139813,-0.21106308959598238,-0.0020821445774913956
Bulgan,2009,0.01294316263365222,0.01418002466091245,0.0,0.01000250062515629,0.01212537176847403,0.012229914790018259,0.009850211937638999,0.9735060646497662,1.0198126751859473,-17.170265164582606,0.2328065278852927,0.4510000908985594
Bulgan,2010,0.05498652291105121,0.0734094616639478,0.0,0.08996773467397014,0.08825795091889513,0.07560304887817874,0.06132433403357285,-0.6116849170947815,-0.6607450853994459,-21.572911934230618,-2.1740619285198233,-2.005823484711063
Bulgan,2011,0.02405686167304538,0.02441794434980125,0.0,0.03517545346668927,0.03277165981159613,0.028653206430243387,0.023284383860226406,-0.9390478069923146,-1.0019292519409029,-19.319154733851313,-0.9419628304532899,-0.7481518809465619
Bulgan,2012,0.01397849462365591,0.01492537313432836,0.0,0.01026936026936027,0.01121019108280255,0.01271781473792251,0.010076683822029418,-0.21608856692463066,-0.22746787354815995,-20.110585442142188,-1.3746274767174187,-1.1897965834003765
Bulgan,2013,0.0095333667837431,0.01281394156842645,0.0,0.01379773269689737,0.01673987890300368,0.012739931085731663,0.01057698399041412,0.11059677608522578,0.08016927650786493,-21.143669150532133,-1.939400605393507,-1.766291710797016
Bulgan,2014,0.007532122286220647,0.005882352941176471,0.0,0.005725717439293599,0.005815305885089556,0.006329335789764782,0.004991099710356055,0.3945623745056033,0.424305542493813,-16.701733376323293,0.4889466274632969,0.712456438306154
Bulgan,2015,0.01775848460931334,0.01581180100269957,0.0,0.02298641436196021,0.02680136068446552,0.02004271454155278,0.016671612131687726,-0.6690000712438723,-0.6931949576621221,-15.504994677115157,1.1431877638499073,1.3802765028928952
Bulgan,2016,0.01967461218312523,0.02450284090909091,0.0,0.01566733419719637,0.0199203187250996,0.019911797025394688,0.015953021202902422,-1.1295866492101505,-1.163248238159167,-17.811784296450387,-0.11790345260137773,0.09301104252814213
Bulgan,2017,0.03281079110462996,0.03405994550408719,0.0,0.02208134099822705,0.0239764973464746,0.028752858052862054,0.022585714990683757,0.5239150770553793,0.5192137617873372,-16.311833168803762,0.7020998872465241,0.9300337439789534
Bulgan,2018,0.06567392134402444,0.08559351884466362,0.0,0.02401917075345519,0.03078129595137731,0.05395616181733611,0.04121358137870411,-1.8620328129784727,-1.8440773426731463,-16.847201162144735,0.40942132292819894,0.6312805674273685
Bulgan,2019,0.006967213114754098,0.007833920877399137,0.0,0.008098076706782139,0.007890122735242549,0.00766355014506786,0.006157866686835585,-0.48875161370054354,-0.5112357813587945,-18.696479819477446,-0.6015547331393559,-0.40067853374984225
Bulgan,2020,0.05110294117647059,0.04957507082152975,0.0,0.05327996673250858,0.03571428571428571,0.04884039236559957,0.03793445288895893,-0.31260181950991023,-0.2481880786248352,-16.15247949793717,0.7892164205249437,1.0189584013337118
Bulgan,2021,0.006664053312426499,0.008524833209785025,0.0,0.008721753412244435,0.009239130434782607,0.008148052116419264,0.006629954073847713,-0.5979151424159743,-0.6152989126871565,-16.54722901496332,0.5734121077053255,0.7986750193971001
Bulgan,2022,0.008050402520126006,0.009533537623425264,0.0,0.009224034603158059,0.009621380846325168,0.009004665049449523,0.0072858711186069,1.4450511204616403,1.5039980895672513,-16.651776211503602,0.5162575452968344,0.7403342006435232
Bulgan,2023,0.04731766124171187,0.05629139072847682,0.0,0.0668858572970851,0.07818411097099622,0.059484805877168784,0.049735804047654,-0.2556525220346314,-0.22201800060701862,-17.19643520410508,0.21849971520530317,0.43639633696656105
Bulgan,2024,0.1036741669040159,0.08554147465437788,0.05,0.2092039001392907,0.1419507575757576,0.13014698896564827,0.11807405985468841,1.2187762480591324,1.1870491036424784,-18.89313774661739,-0.7090650073676452,-0.5104202089300578
Darkhan-Uul,1992,0.04166666666666667,0.03571428571428572,0.0,0.05672969966629587,0.03149606299212599,0.0426568403959654,0.03312134300787485,1.4645677470845146,1.4563212105293022,-18.11788872612845,-0.0678364296803006,0.19547587021384882
Darkhan-Uul,1993,0.05825242718446601,0.1003584229390681,0.0,0.08305647840531562,0.08235294117647059,0.08611111111111111,0.06480405394106406,0.6540015332973687,0.6565096440773406,-19.319530232747372,-0.681179530548917,-0.4865169508805617
Darkhan-Uul,1994,0.01941747572815534,0.02032520325203252,,0.02420382165605095,0.02366863905325444,0.021250119651574615,0.021903784922373312,1.5237379567711486,1.5229110802925119,-16.64522965042677,0.6838397391586508,1.031284979682786
Darkhan-Uul,1995,0.06481481481481481,0.06343283582089553,0.0,0.1049382716049383,0.06220095693779905,0.07356478869056457,0.05907737583568954,0.9467658442748671,0.9546985203225501,-16.87342597113713,0.5673635370797825,0.9017719330150518
Darkhan-Uul,1996,0.04310344827586207,0.06354515050167224,,0.05405405405405406,0.04310344827586207,0.05569933610892314,0.05095152527686261,0.7982144676070773,0.7934360765038581,-18.019334468135103,-0.01753226336406989,0.25141043644639127
Darkhan-Uul,1997,0.02654867256637168,0.06529209621993126,,0.04507042253521127,0.0311284046692607,0.050081936578213485,0.04200989899769373,-0.4225099854841523,-0.4266605992525323,-17.258218157732905,0.37095751114220366,0.683382748365522
Darkhan-Uul,1998,0.01818181818181818,0.01544401544401545,0.0,0.02074688796680498,0.01454545454545455,0.017154114259736328,0.013783635227618631,0.5536481183384853,0.5535355530367682,-16.20967768916375,0.9061546217912687,1.2784829244598148
Darkhan-Uul,1999,0.01639344262295082,0.01929260450160772,0.0,0.02728351126927639,0.01975308641975309,0.020394151303242212,0.016544528962717603,1.2063677732408982,1.2093545452605425,-16.67061631944442,0.6708818492969549,1.016876750667585
Darkhan-Uul,2000,0.03937007874015748,0.03592814371257485,0.0,0.02666666666666666,0.02088167053364269,0.0332306075157075,0.024569311930608333,-0.6759731448712778,-0.6686033012151521,-18.621320823386842,-0.32479876154753384,-0.09024751263165563
Darkhan-Uul,2001,0.03937007874015748,0.1107594936708861,0.0,0.0911917098445596,0.08582089552238806,0.0882519328681878,0.06542843555559825,-0.2617347406975631,-0.2626599572550243,-22.098499326352698,-2.0996238100627034,-2.0637235981565283
Darkhan-Uul,2002,0.007575757575757577,0.01730103806228374,0.0,0.008264462809917354,0.007575757575757577,0.011944193516009234,0.008143403204743249,-1.1435527702670558,-1.1526705589428368,-16.698842253508367,0.6564747388331978,1.000857093977746
Darkhan-Uul,2003,0.03738317757009346,0.09795918367346938,0.0,0.08041504539559015,0.07462686567164178,0.07764421694369356,0.058076854462158954,-1.213945217338353,-1.221578041247129,-19.24602582013163,-0.6436613322235976,-0.4447994490744311
Darkhan-Uul,2004,0.0,0.005780346820809248,,0.005376344086021506,0.004950495049504951,0.004216114928169893,0.004026796489083926,-0.19311488703819873,-0.2057197899291574,-18.322694453486665,-0.17237358090353788,0.07923817785056533
Darkhan-Uul,2005,0.01234567901234568,0.005847953216374269,,0.003502626970227671,0.00234192037470726,0.0062394537534827136,0.006009544893413719,0.04461174093741416,0.02526714443472532,-21.638762184425612,-1.8649643024967273,-1.8027993302632368
Darkhan-Uul,2006,0.0,0.005154639175257733,0.0,0.001529051987767584,0.00198019801980198,0.002818911685994648,0.0017327778365654593,-0.14171302726465793,-0.1520502114666412,-18.32223442925345,-0.17213877485853887,0.07949926505740292
Darkhan-Uul,2007,0.0,0.004739336492890996,0.0,0.00120918984280532,0.001464128843338214,0.0024168629730473893,0.0014825310358069059,0.28393684969451155,0.2885048528676199,-13.214381917317686,2.435016588195809,2.9784659911243736
Darkhan-Uul,2008,0.0,0.003831417624521073,0.0,0.0009784735812133072,0.001066098081023454,0.0019724358334165587,0.001175197857351567,0.20675207146343613,0.2186370928880533,-17.987353176540775,-0.0012083394248572589,0.2695614500028623
Darkhan-Uul,2009,0.0,0.006134969325153374,0.0,0.0049079754601227,0.005763688760806916,0.004867399162521027,0.0033613267092165978,1.2056461024860965,1.2158377961537494,-17.29677881311485,0.35127534153237044,0.6614976104085466
Darkhan-Uul,2010,0.03603603603603604,0.1117021276595745,0.0,0.1082152974504249,0.1647058823529412,0.11132075471698114,0.08413186869979533,-0.03538896507595464,-0.03525865820712434,-21.13266545048464,-1.60664188401749,-1.51556363024299
Darkhan-Uul,2011,0.009803921568627453,0.006153846153846154,0.0,0.007836990595611286,0.01269035532994924,0.008112377780624227,0.007297022729606827,-0.7083557575728774,-0.7152815845481681,-18.511371640805823,-0.2686783860355734,-0.027845745721623738
Darkhan-Uul,2012,0.01818181818181818,0.01179941002949853,0.0,0.0064,0.008092485549132947,0.01076685537828101,0.008894742752089933,0.1823781048524303,0.19184693361977775,-19.976147008825208,-1.0163305446438824,-0.859180449127426
Darkhan-Uul,2013,0.01769911504424779,0.01404494382022472,0.0,0.01102941176470588,0.01410105757931845,0.013759388121193006,0.011374905641699368,0.6270539618404563,0.6385599304309458,-22.199490469473357,-2.151171813806498,-2.121041220944212
Darkhan-Uul,2014,0.0078125,0.00510204081632653,0.0,0.006211180124223602,0.004884004884004884,0.0058044488528866105,0.0048019451649110026,-0.14306448998658994,-0.14669862156436844,-16.837442920826078,0.5857300428428792,0.9221941486742513
Darkhan-Uul,2015,0.007042253521126762,0.0128755364806867,0.0,0.01073985680190931,0.01148225469728601,0.011194972525737383,0.008427980300201757,-0.664476249418471,-0.6571457569312574,-16.54484772858794,0.735076783545555,1.088256838331685
Darkhan-Uul,2016,0.006802721088435375,0.006396588486140725,0.0,0.005571030640668525,0.004819277108433735,0.006068645332449015,0.0047179234647356716,-1.4987482327609962,-1.5002373631743715,-16.467761456524862,0.7744232382753046,1.1320072279964637
Darkhan-Uul,2017,0.03550295857988166,0.04897959183673469,0.0,0.05980271270036992,0.0667361835245047,0.05150383330057009,0.042204289328298186,0.018159400206981948,0.024684313404141647,-17.557781530309583,0.21805406462276822,0.5133652610909964
Darkhan-Uul,2018,0.005882352941176471,0.02385685884691849,,0.009283819628647213,0.009698275862068966,0.015432287214556114,0.012180326819702783,-1.858254980465016,-1.8468104006907335,-17.138479049117453,0.43207487082802853,0.7513407974426993
Darkhan-Uul,2019,0.005649717514124295,0.004514672686230249,0.0,0.002039428959891231,0.003092783505154639,0.0039545308997758575,0.003059320533080083,-0.6012416050977102,-0.6134234240977036,-18.28521491156682,-0.1532432343454072,0.10050972879687331
Darkhan-Uul,2020,0.005181347150259068,0.006329113924050633,0.0,0.00862600123228589,0.00422654268808115,0.006315606080404199,0.004872600998935348,-0.26483952755620155,-0.2623142304521487,-15.927698658130764,1.0500826505095278,1.4385204013648483
Darkhan-Uul,2021,0.004926108374384237,0.0102880658436214,0.0,0.007416563658838071,0.009244992295839752,0.008389214668499761,0.006375146034536691,-0.28594110591959315,-0.2965742824868342,-16.882306586371506,0.5628306842651368,0.89673173108845
Darkhan-Uul,2022,0.009049773755656108,0.009823182711198428,0.0,0.008547008547008546,0.006756756756756757,0.008919776731968919,0.006835344354123968,2.017898036358887,2.016373328726476,-15.356090856481458,1.341843295937583,1.7629369724129484
Darkhan-Uul,2023,0.02314814814814815,0.04752066115702479,,0.08748221906116643,0.1315789473684211,0.061894031488125244,0.07243249393369011,-0.15783226178956294,-0.1610242253673824,-18.080845472547722,-0.048928773867550186,0.21649980528340135
Darkhan-Uul,2024,0.0182648401826484,0.02173913043478261,,0.02406417112299465,0.02712700369913687,0.021936890754934987,0.022798786359890633,0.8134538223517765,0.823167268236556,-20.045574499059583,-1.051767796029858,-0.8985840896189006
Dornod,1992,0.04403866809881847,0.05806451612903226,0.07627118644067796,0.04955465587044534,0.03755868544600939,0.05138021548987463,0.053097542396996676,0.6501334971006001,0.6635864637611653,-16.09149180518254,0.989713309594054,1.2497942263704007
Dornod,1993,0.04437229437229437,0.07380373073803731,0.09090909090909091,0.05266138165345414,0.04282655246252676,0.058517976224270754,0.06091461002708069,0.054844304351433004,0.0763463703370067,-17.385662545098175,0.3819267017420157,0.5789449195816491
Dornod,1994,0.03243243243243243,0.03656462585034014,0.06976744186046512,0.05030453417550192,0.02165354330708662,0.0387720675606858,0.04214451552516525,0.5861368574496785,0.6044264852258152,-16.431434800889733,0.8300645137656119,1.0735805970677257
Dornod,1995,0.05280172413793104,0.07043478260869565,0.06493506493506493,0.06431039064576136,0.03924914675767917,0.061793773586993804,0.058346221817026436,0.7303828412532166,0.7175694654392254,-16.44545016818574,0.8234824204730404,1.0663155591983566
Dornod,1996,0.03280542986425339,0.04028648164726947,0.1176470588235294,0.03537883531621791,0.01996927803379417,0.03748993233352342,0.04921741673701287,0.4385699816663597,0.453392768249387,-16.596883053249762,0.752364385818425,0.9878184623030566
Dornod,1997,0.01149425287356322,0.0189018901890189,0.01612903225806452,0.01496815286624204,0.01451187335092348,0.015271017633614005,0.01520104030756243,0.7608740947174704,0.7582478967258348,-18.14612958696151,0.02478550738344055,0.1847474832349056
Dornod,1998,0.007786429365962179,0.009852216748768473,0.01639344262295082,0.01135040745052386,0.009394572025052193,0.009508794673756605,0.010955413642651506,-0.15150891682081769,-0.1685861997638029,-15.648049778408451,1.1979687715044547,1.479657850301342
Dornod,1999,0.01257861635220126,0.01956358164033108,0.03278688524590164,0.01401869158878505,0.01118760757314974,0.015900437173882388,0.018027076480073755,1.672478963448048,1.675585592988793,-15.710226779513865,1.1687683364901877,1.4474276377001132
Dornod,2000,0.01442307692307692,0.01983584131326949,0.7166666666666667,0.01735709326544781,0.02186234817813765,0.02723496063715027,0.1580290052693197,-0.6963706125353933,-0.702790058976492,-18.93915303548175,-0.34764528312775633,-0.22632596658030704
Dornod,2001,0.01895734597156398,0.243167484232656,0.03389830508474576,0.05792474344355758,0.06437125748502993,0.11742878869781122,0.08366382724351065,-0.7538601469880671,-0.7014214378872372,-22.810183715820294,-2.165612985169532,-2.232922289900357
Dornod,2002,0.009124087591240877,0.01798201798201798,0.01666666666666667,0.01620859760394644,0.02030124426981009,0.01427383945372859,0.01605652282273641,-0.7887891684276636,-0.794295245773631,-16.331322903103278,0.8770804668269722,1.1254748295364088
Dornod,2003,0.01643598615916955,0.0551654964894684,0.01612903225806452,0.03416965352449224,0.04207119741100324,0.03366011780052971,0.03279427316843959,0.8441742122326598,0.8163841769785188,-19.118098004658993,-0.43168392845790415,-0.3190842903650919
Dornod,2004,0.005747126436781609,0.01780415430267062,0.01587301587301588,0.01105922831162448,0.01106833493743985,0.010922854045341598,0.01231037197230649,-0.5337469989510633,-0.5478420807744626,-17.75594467586939,0.2080296159337454,0.3870046267881921
Dornod,2005,0.008821170809943865,0.02538071065989848,0.015625,0.01132075471698113,0.01749146757679181,0.014871929643430351,0.015727820752723057,-1.291551321698148,-1.292236720152369,-21.49557902018227,-1.5482298965360481,-1.5514807910549293
Dornod,2006,0.003881987577639751,0.009018036072144289,0.01587301587301588,0.00574590338369866,0.005845816587504568,0.0060227833799646815,0.00807295189880063,0.13661884200635385,0.17036347519564174,-19.56364610460067,-0.6409284739775521,-0.5500396232034814
Dornod,2007,0.002962962962962963,0.006578947368421052,0.0,0.003413616537075669,0.004137115839243499,0.004114081938117009,0.0034185285415406367,-0.16580628703565312,-0.16561485917908522,-15.33254044850665,1.346142686624175,1.6432059886743393
Dornod,2008,0.008397480755773267,0.01276595744680851,0.0,0.0135754007196598,0.01770736253494874,0.011899885901524238,0.010489240291438062,-1.7850760586545686,-1.757508687105006,-18.52178785536022,-0.15163639555380687,-0.009979596563826978
Dornod,2009,0.02061855670103093,0.03554119547657512,0.03174603174603175,0.08597153645076967,0.139453125,0.05841207259873565,0.0626660890748815,0.5691718675722426,0.5689845670848038,-18.258636813693553,-0.028051713846553816,0.12642797968405625
Dornod,2010,0.0649536045681656,0.2263406940063092,0.03125,0.2131799460303934,0.2678495986480777,0.17258218937478906,0.1607147686505892,-0.003086498704161816,0.011488640066457194,-21.79389411078557,-1.6883288119238835,-1.7061160841916703
Dornod,2011,0.003668378576669112,0.008348794063079777,0.0,0.01034858387799564,0.01216389244558259,0.007316696848379526,0.0069059297926654245,-0.38752639473859823,-0.3776308800241595,-20.09169209798175,-0.8889168368792403,-0.8237587529029874
Dornod,2012,0.006939625260235948,0.007292616226071103,0.0,0.0106229744328412,0.01909877648463145,0.009193186226679051,0.008790798480755941,-0.14004249016730894,-0.16779682048698025,-21.706405639648416,-1.647241249472829,-1.660765360052912
Dornod,2013,0.009946949602122016,0.05764411027568923,0.02,0.03984268125854994,0.04641106947247046,0.03345562187246134,0.03476896212176633,0.9661564357894933,0.9372136809272618,-22.82916259765623,-2.174526113751499,-2.2427602265269355
Dornod,2014,0.003107520198881292,0.007217321571772253,0.02127659574468085,0.007251264755480607,0.008907363420427554,0.005869468741500007,0.009552013138248511,0.8870269867729862,0.9067953769184701,-16.744223997327992,0.6831680658607799,0.9114424733026218
Dornod,2015,0.00339943342776204,0.004912280701754385,0.0,0.004604188326154761,0.007061790668348045,0.004459784009034085,0.003995538624803846,0.9401573330312473,0.8831009783748413,-15.704977650112554,1.1712335062352615,1.450148588430574
Dornod,2016,0.002544529262086514,0.00794135613927917,0.0,0.008050449483429492,0.01325842696629214,0.006408730158730159,0.006358952370217464,-0.2590969603449289,-0.23501114660834554,-19.298912896050325,-0.5166007528755513,-0.4128119113085741
Dornod,2017,0.002222222222222222,0.01537585421412301,0.0,0.002285301900408949,0.008233841086867023,0.006423295150412163,0.005623443884724241,-1.143116273748635,-1.1508101211169706,-18.15797233581541,0.01922374962493698,0.17860864883379063
Dornod,2018,0.001994415636218588,0.003848003848003848,0.0,0.002995207667731629,0.004053369363283229,0.002948657002841314,0.002578199303047459,-1.3239098520264636,-1.3306920276235437,-19.080651919047014,-0.4140979727184587,-0.29967365172216764
Dornod,2019,0.003228120516499283,0.003702180172768408,0.0,0.00226540036594929,0.004130465745620281,0.003239283641330271,0.002665233360167452,-0.0732456182530061,-0.046937888769146834,-16.48445220523408,0.8051657370047709,1.0460983740076804
Dornod,2020,0.002353732347007398,0.003965392934390772,0.0,0.005307351077313054,0.01004833375731366,0.004403515853353006,0.0043349620232049765,-0.21409106057783606,-0.22799712553074836,-16.794662475585916,0.6594804405265828,0.8852970682712784
Dornod,2021,0.001232665639445301,0.007210750573582432,0.0,0.002071982196301129,0.003946232581082748,0.0034998321442877975,0.002892326198082322,0.4902869300731895,0.48601773826252076,-17.747407976786274,0.21203874024629088,0.39142972966337064
Dornod,2022,0.00135685210312076,0.007644394110985278,0.0,0.002312610529179703,0.004339157968804973,0.0037926022015173284,0.0031306029424181423,0.8750384513753139,0.9386270029778884,-16.636420355902754,0.7337963234121867,0.9673238156084593
Dornod,2023,0.01499286054259876,0.04254789748693705,0.0,0.02630927324501671,0.03884683882457703,0.028249795755295636,0.02453937401982591,0.16799817528087232,0.18298919826984833,-17.259523752000575,0.441165770290527,0.6443305130731309
Dornod,2024,0.07886435331230283,0.2015325670498084,0.01538461538461539,0.1276989105315286,0.1581594166457128,0.13286588257243026,0.11632797258479362,-0.28885271003097157,-0.27898465853952203,-19.651310454474533,-0.6820986350668548,-0.5954815162467443
Dornogovi,1992,0.02053915275994865,0.0326975476839237,0.03047619047619048,0.02732689541812205,0.01945137157107232,0.0263189495392487,0.026098231581851438,0.478794248811107,0.45907329963908466,-14.172630087694309,-0.279961244041489,-0.12259189504971292
Dornogovi,1993,0.05,0.07547169811320754,0.07956989247311828,0.0410431808465156,0.05528375733855186,0.05799643820715984,0.06027370575427865,0.49999883975136983,0.4947195748359546,-13.615360069594368,0.07586289893295492,0.2435248562335817
Dornogovi,1994,0.02990897269180754,0.05150214592274678,0.03631284916201118,0.05,0.02376137512639029,0.04008092989132927,0.03829706858059116,1.0457386019886676,1.0040959633621038,-13.499632633790675,0.14975636946969964,0.3195557774291226
Dornogovi,1995,0.01474201474201474,0.01449275362318841,0.02409638554216867,0.01722017220172202,0.01187335092348285,0.015773763288133336,0.016484935406515338,-0.006677289515377021,-0.033326531822575715,-12.795737179959017,0.5992027571602341,0.7820029007798531
Dornogovi,1996,0.01118568232662192,0.01529411764705882,0.01923076923076923,0.01393302371058421,0.01178637200736648,0.013561238915306518,0.01428599298448013,0.04186022327899828,0.04597371117498118,-14.097178110605086,-0.2317841768900218,-0.07302125275319193
Dornogovi,1997,0.01774530271398747,0.06147091108671789,0.01666666666666667,0.04302382109868741,0.0251358695652174,0.035408796414100885,0.03280851422625537,1.193587982365363,1.1884150116851517,-13.004284570844106,0.46604253999252154,0.6449908765195363
Dornogovi,1998,0.007835455435847209,0.02470461868958109,0.02054794520547945,0.01831325301204819,0.02809509107749305,0.017964916902263137,0.019899272684089798,0.55610857113035,0.5417795434098798,-11.930208875186457,1.1518538190563858,1.3506400080972567
Dornogovi,1999,0.006323396567299006,0.01387406616862327,0.01355932203389831,0.01273885350318471,0.0130699970955562,0.010899389902733576,0.0119131270737123,1.0641939524862152,1.076255902871041,-12.868573335427113,0.552695926081551,0.7341508079885235
Dornogovi,2000,0.03084415584415584,0.103182256509161,0.0033003300330033,0.05697528278173439,0.08597285067873303,0.06019260655155957,0.056054975169357514,-0.44648428528968975,-0.4662975614322031,-15.53653382983437,-1.1508314943401325,-1.0186530340250657
Dornogovi,2001,0.2169890664423886,0.4205816554809843,0.05704697986577181,0.1896893588896233,0.1500290191526407,0.23987395584071805,0.20686721596628174,-0.7490672151363093,-0.7252289441298568,-14.902466914242414,-0.7459715350726033,-0.6020820510314786
Dornogovi,2002,0.06765067650676507,0.1101123595505618,0.02846975088967971,0.03419037199124726,0.04454203262233375,0.05965183657434689,0.056993038312117515,-0.5562953108077614,-0.5346145928306795,-11.289072079554652,1.561227988535131,1.7718557798433006
Dornogovi,2003,0.01203208556149733,0.0160427807486631,0.01063829787234043,0.01116333725029377,0.01971014492753623,0.013845054873693096,0.01391732927206617,0.40608376374991517,0.42917133279424435,-15.02150090663275,-0.8219762849271381,-0.6802853226426474
Dornogovi,2004,0.004813477737665463,0.01789709172259508,0.006896551724137932,0.00563221627710504,0.005065123010130246,0.007248395371240875,0.008060892094326753,1.3417420419386594,1.3845712362557563,-12.621285233745201,0.7105925901596879,0.8966148083441966
Dornogovi,2005,0.01714285714285714,0.04208416833667335,0.01683501683501683,0.02775595705682116,0.03534923339011925,0.027421793730629404,0.027833446552297546,-0.2279058902711887,-0.20713002920323148,-15.430016108373879,-1.0828185460040662,-0.9486727356623783
Dornogovi,2006,0.07838179519595449,0.2483221476510067,0.05614035087719298,0.1259060402684564,0.1476916181084716,0.12896898440016566,0.13128839042021645,-1.0899118859928196,-1.1364986658948488,-14.437807956612467,-0.44928075680715024,-0.29680916267083257
Dornogovi,2007,0.006956521739130435,0.007352941176470589,0.01176470588235294,0.00958126330731015,0.009054011863877614,0.008557157218963484,0.008941888793828345,-0.1604518605105802,-0.16022349176978948,-11.095808730133392,1.6846291467576024,1.898826453545596
Dornogovi,2008,0.008223684210526315,0.01,0.004081632653061225,0.01929880990672242,0.01956241956241956,0.01342310877470925,0.012233309266545905,-0.6753638761749474,-0.6251829802293585,-14.194360903639268,-0.29383665220738076,-0.13686866479883825
Dornogovi,2009,0.003095975232198143,0.005830903790087464,0.00398406374501992,0.004261363636363636,0.004379242391066345,0.004138296702941424,0.004310309758947102,0.3732678246911873,0.3766577232498336,-12.996423764124964,0.47106176715902753,0.6501552904032958
Dornogovi,2010,0.01236263736263736,0.045,0.01149425287356322,0.02618057254710056,0.07102380052890064,0.03576810214925847,0.03321225266244036,-0.9491280161797351,-0.9655551029236911,-16.419383416103933,-1.7145424193972423,-1.598669923322071
Dornogovi,2011,0.003875968992248062,0.004938271604938272,0.007117437722419928,0.004747211013529551,0.005310457516339869,0.004834269600053714,0.005197869369895136,-0.043300694951948444,-0.05555485459675678,-14.461323948641295,-0.4642960230839575,-0.3122587621920014
Dornogovi,2012,0.004624277456647399,0.0087527352297593,0.006666666666666667,0.00754242614707731,0.01338028169014084,0.008244970766029135,0.008193277438058304,0.5422625231061061,0.5107906013372615,-17.04825339772591,-2.116084068840268,-2.0118266106960774
Dornogovi,2013,0.004184100418410042,0.005964214711729622,0.006369426751592357,0.006773283160865475,0.007753190114682603,0.006099183918364769,0.00620884303145602,0.775453049208368,0.8053387569141951,-15.437704978955628,-1.0877279897141736,-0.9537241904814006
Dornogovi,2014,0.003738317757009346,0.0202020202020202,0.006097560975609757,0.004085634907664651,0.004254112308564946,0.006438842916080414,0.007675529230173781,-0.5524830211132311,-0.5757862562251039,-11.659216359711948,1.3248860591542426,1.5286773978098718
Dornogovi,2015,0.00413907284768212,0.009174311926605503,0.00574712643678161,0.007818155494425945,0.009935483870967743,0.0072959074351832,0.007362830115292584,-0.14705725063678232,-0.15986688902895083,-11.214253866173292,1.6090003893294025,1.8210100503590545
Dornogovi,2016,0.0858662613981763,0.105865522174535,0.008310249307479223,0.05137077455416556,0.0742427973405565,0.07253918787539787,0.06513112095498252,-0.2987277856580408,-0.2900970881531036,-15.193377746888718,-0.9317218793335234,-0.7932054301874736
Dornogovi,2017,0.002527379949452401,0.006349206349206349,0.005305039787798408,0.003823839662447258,0.002450980392156862,0.003543042180074856,0.004091289228212255,0.37472027655843665,0.390528744289672,-11.4014617766567,1.48946570750152,1.6980176951729429
Dornogovi,2018,0.009009009009009009,0.01652892561983471,0.004914004914004914,0.008705745792222866,0.009847806624888093,0.009891141836873386,0.009801098391991917,-1.4672923900860317,-1.4701627722787411,-13.753903254472208,-0.012598723661042829,0.15250438301153427
Dornogovi,2019,0.002142857142857143,0.002481389578163772,0.007009345794392523,0.003562945368171021,0.004590027122887545,0.00347897327017718,0.003957313001294401,-0.6214329205392337,-0.6028330943913099,-14.805954511121667,-0.6843471124203068,-0.5386750735493804
Dornogovi,2020,0.002621231979030145,0.003264417845484222,0.004597701149425287,0.004894283476898982,0.004659236250685182,0.003951777389277389,0.004007374140304764,-0.6695695791313903,-0.6622686525866098,-12.250392557268743,0.9474123803086453,1.1402848737988476
Dornogovi,2021,0.008484848484848484,0.01928640308582449,0.002202643171806168,0.01327474992988688,0.01687077160229511,0.0131472084910166,0.012023883254932225,-0.6804627703327392,-0.6694050699779203,-14.487611545070708,-0.48108099476114585,-0.32952925780667275
Dornogovi,2022,0.002176278563656148,0.002540220152413209,0.002070393374741201,0.002071644367716875,0.002003171688506803,0.0021593878604847672,0.0021723416294068473,0.08015108669519196,0.08746994026188044,-13.078450847989927,0.4186864089503451,0.5962649168205261
Dornogovi,2023,0.06280909990108803,0.09961977186311786,0.009505703422053232,0.03790860171873746,0.0666510208871157,0.06043220501051827,0.05529883955842246,-0.8286309734588003,-0.8385821892925934,-12.956684203283649,0.4964359927934057,0.6762634936801462
Dornogovi,2024,0.3267326732673267,0.3524514338575394,0.01467889908256881,0.3523103137215596,0.2453261321146656,0.29829806230907757,0.258299890408732,-0.8570872768462205,-0.8713921119920082,-15.55081912349015,-1.1599528398407162,-1.0280382245691657
Dundgovi,1992,0.0437862202189311,0.04231166150670794,0.04781704781704781,0.03218909609217247,0.03445867287543655,0.03956078981338348,0.04011253970205918,0.359874441024249,0.35703372261169736,-14.424987303180437,0.3258566768736014,0.4726605767237367
Dundgovi,1993,0.0964261631827377,0.09684210526315788,0.08759124087591241,0.05142524723676557,0.05477308294209703,0.0778854688571921,0.07741156790013412,0.8728374142969769,0.8775747357846161,-14.738351967893978,0.1365631035088733,0.276622920378898
Dundgovi,1994,0.03184230477634572,0.07847800237812129,0.02866242038216561,0.05026724357342836,0.05878438331854481,0.04929009299745715,0.049606870885721153,1.5692247170734765,1.5652469484525795,-15.917309796368611,-0.5756076206609728,-0.46092076481880406
Dundgovi,1995,0.01558073654390935,0.01360544217687075,0.02295081967213115,0.01351175782772509,0.01219016659894352,0.014534581202866681,0.015567784563915974,1.16923554606116,1.171076892261151,-14.26198210539639,0.4243229043717562,0.5746349233681578
Dundgovi,1996,0.01037851037851038,0.01447876447876448,0.009771986970684038,0.009988901220865704,0.01007431874483898,0.010980763069976049,0.010938496358732716,0.2998928122353237,0.30518803764173097,-15.475941599151213,-0.30899120653143436,-0.1848054374996213
Dundgovi,1997,0.006030701754385965,0.0146551724137931,0.0101010101010101,0.00724379527372046,0.007263563593240439,0.008376884168781193,0.009058848627230012,0.6791562761355582,0.6780627158127794,-13.185387731481459,1.0746591389597056,1.248141102149527
Dundgovi,1998,0.00306435137895812,0.008600469116497264,0.006711409395973154,0.00521411138229421,0.006485925541574783,0.005409290069316189,0.006015253363059507,0.666934455305048,0.6594098051858375,-13.466062720027947,0.9051123536364875,1.0725537652697719
Dundgovi,1999,0.03853211009174312,0.08078602620087336,0.02380952380952381,0.01729284611425631,0.02124927028604787,0.038228669143227784,0.03633395530048889,0.8029169622361176,0.7976372340950691,-13.060098379629608,1.1503424299850922,1.3265208100992198
Dundgovi,2000,0.3431734317343174,0.6121642969984202,0.01408450704225352,0.3022245214692189,0.3733211631242666,0.37723355029919703,0.32899358407369533,-0.09746304037540185,-0.09210528471273904,-16.321132744683137,-0.8195441505279067,-0.7135481771603004
Dundgovi,2001,0.07773851590106008,0.2933025404157044,0.01421800947867299,0.04926182585116,0.03330312641594925,0.0834835673980061,0.09356480361250934,-0.9317105832121534,-0.9302345547352635,-15.421541341145812,-0.2761297502494409,-0.15077320513646622
Dundgovi,2002,0.02321428571428572,0.02325581395348837,0.005154639175257733,0.01664233576642336,0.01597386095480124,0.018827957420810646,0.016848187112851284,0.2286632842083128,0.23633228240087742,-13.505477377809102,0.8813032192493574,1.047896367652479
Dundgovi,2003,0.05555555555555555,0.05198776758409785,0.02030456852791878,0.01385647607934656,0.02950136283469616,0.035265454327468596,0.03424114611632298,-0.0947490531675902,-0.09993647131908187,-14.934154632945097,0.018284974812566582,0.15413082128475253
Dundgovi,2004,0.003600360036003601,0.01897018970189702,0.004901960784313726,0.001795580110497238,0.001983564749220742,0.004088899005007479,0.006250331076386466,1.453080909622851,1.4568175576299465,-13.905979787567492,0.6393725205419794,0.797346249497749
Dundgovi,2005,0.01574150787075393,0.01425178147268408,0.004694835680751174,0.01168996188055908,0.01777997283615261,0.014544598902169558,0.012831611948180175,-0.1261581154748393,-0.12917440744012862,-17.38606782136138,-1.4628373764892395,-1.3797604215505739
Dundgovi,2006,0.02175732217573222,0.04337899543378995,0.009661835748792272,0.0251311455410516,0.02956142476375091,0.026455868313709604,0.02589814473262339,-0.8475433799939975,-0.8525169463100708,-15.349775903018882,-0.2327785439494258,-0.1058774977349168
Dundgovi,2007,0.01118359739049394,0.007444168734491315,0.0,0.002537192941990543,0.002641552773630412,0.005276919766750664,0.004761302368121242,0.050759033033499344,0.05261797188507462,-11.897857289255379,1.8524151072263844,2.0536066788040204
Dundgovi,2008,0.07258834765998089,0.0892018779342723,0.005050505050505051,0.02149740548554485,0.0254432535310027,0.04083582741522112,0.04275627793226115,-1.2207917826312427,-1.2172882223860186,-15.697335815429666,-0.4427283729727816,-0.32330734334534056
Dundgovi,2009,0.01785714285714286,0.02046783625730994,0.005025125628140704,0.01514326179322366,0.01909404834450538,0.017065048910907245,0.01551748297606451,-0.2952594999616195,-0.30108851497939065,-14.174701153790487,0.4770465362185647,0.6292369737046557
Dundgovi,2010,0.2585365853658537,0.3846153846153846,0.05797101449275362,0.3877592934894229,0.448741440833253,0.3690906285989,0.3075247437593336,-1.3918991923214081,-1.3980177884642546,-18.41267508047596,-2.0829779934845,-2.0219951841949033
Dundgovi,2011,0.003898635477582846,0.005376344086021505,0.0,0.003398149896167642,0.00466436828229568,0.0038149334823778668,0.0034674995484135344,-0.7143694176904948,-0.7290597446636757,-16.25099355438607,-0.7771753085387269,-0.6696698333900133
Dundgovi,2012,0.001675041876046901,0.0,0.0,0.002566158781074579,0.002720870678617157,0.0020949338701031603,0.0013924142671477274,0.4241573493414449,0.417512798955834,-17.984888298128837,-1.8245656777796946,-1.75437624795239
Dundgovi,2013,0.001388888888888889,0.003623188405797101,0.0,0.002320185614849188,0.002973112719751809,0.0022910167328417472,0.0020610751258573973,-0.13614051291825605,-0.13330425813391536,-17.05544516480997,-1.263118802121046,-1.1729263460363732
Dundgovi,2014,0.001176470588235294,0.002808988764044944,0.0,0.0009758213162745312,0.0008616975441619992,0.0010851146059398878,0.0011645956425433536,-0.14013773722070696,-0.13882199463481576,-13.505305311414908,0.8814071590558533,1.0480040105888144
Dundgovi,2015,0.001902949571836347,0.004357298474945534,0.003571428571428572,0.001255830642267671,0.001751620248730075,0.0019128470451067556,0.00256782550184164,0.024743215524546152,0.033841101143057634,-12.234206663532,1.649237205805961,1.8431900285843241
Dundgovi,2016,0.01940177849636216,0.03825136612021858,0.003246753246753247,0.01634812825777918,0.03453092263521378,0.02401114604551125,0.02235578975126539,-0.4420635235049466,-0.43375437189696336,-16.647622567635974,-1.016766212276496,-0.917796795206066
Dundgovi,2017,0.00145985401459854,0.001594896331738437,0.0,0.001252522441027068,0.0009358577496220576,0.001185594431284426,0.0010486261073972204,0.43537672554215673,0.4378475746373609,-12.937552143614946,1.224368692450958,1.4031844534750828
Dundgovi,2018,0.03308364544319601,0.06905710491367863,0.002717391304347826,0.01648677499703475,0.02263550715771443,0.02643177184436387,0.02879608476319433,-1.2148371292935047,-1.2134386538889925,-15.267209126036821,-0.1829025942458104,-0.054224585731240144
Dundgovi,2019,0.002455494168201351,0.003942181340341656,0.0,0.002402927202228169,0.005301176744727951,0.003325311832616299,0.002820355891099825,-0.6869907012333311,-0.6781491030786446,-16.787654697747854,-1.1013551442129783,-1.0053994310208063
Dundgovi,2020,0.008417508417508417,0.01150895140664962,0.002421307506053269,0.00612549544448448,0.01009283246977547,0.00815604374950301,0.007713219048894252,-0.7945164550799514,-0.8000241796316448,-13.124433503327523,1.1114796390294723,1.2862734296808696
Dundgovi,2021,0.06066066066066066,0.1171770972037284,0.04556354916067146,0.1276797677534613,0.1449057962318493,0.11318988064287865,0.09919737420207422,-1.3699358727811215,-1.3692878577108563,-14.880582795319711,0.05064600883372646,0.18764480252372615
Dundgovi,2022,0.001260239445494644,0.0030441400304414,0.002538071065989848,0.000978218338333116,0.001966067137551882,0.0015721899062277058,0.0019573472035621783,-0.14981903109604625,-0.14620626859176655,-14.340533371913558,0.37687259613437885,0.5254940727077259
Dundgovi,2023,0.009830693610049153,0.01476510067114094,0.004866180048661801,0.009279665932026447,0.01814893351627791,0.012229832244102668,0.01137811475563125,-0.5481774013407195,-0.5487440435096522,-14.38924737624178,0.34744602386713413,0.49501910116488534
Dundgovi,2024,0.2137718396711203,0.1005847953216374,0.03661327231121281,0.1203477470310813,0.1103150954162176,0.13638854806501594,0.11632654995025389,-0.1185962891113559,-0.11795598203573393,-16.88350879056952,-1.1592575365214213,-1.065364748823939
Govi-Altai,1992,0.01420118343195266,0.0201765447667087,0.01680672268907563,0.01409921671018277,0.0132651127534584,0.015268123591442547,0.01570975607027563,-0.07829973263891896,-0.09141173607410076,-12.06815987078594,0.8286227716681771,0.7857275248259333
Govi-Altai,1993,0.06535141800246609,0.1361256544502618,0.02771362586605081,0.07985517449461935,0.08464057921048095,0.08303400882206895,0.0787372904047758,0.40177162398536614,0.41675836979006564,-12.648708583965353,0.43493310808783486,0.41075447561978623
Govi-Altai,1994,0.01005025125628141,0.01608187134502924,0.002557544757033248,0.01552926262412846,0.01279216677195199,0.012946058710693466,0.01140221935088487,1.4960095820949748,1.4866996718623156,-12.848707847743626,0.29930686159773023,0.28157611026399737
Govi-Altai,1995,0.01096491228070175,0.01831501831501831,0.01262626262626263,0.01774177007486412,0.01692973523421589,0.015870748254118022,0.01531553970621254,0.9041930349404056,0.8788260122434227,-12.335251792581143,0.6474987308263461,0.6132144005001787
Govi-Altai,1996,0.01360544217687075,0.02310924369747899,0.002481389578163772,0.01813255523134639,0.01956665929692682,0.017396548240753776,0.015379057996157344,0.26636279389718504,0.28604305484503756,-13.809600719249026,-0.3523070042705804,-0.3390590264768548
Govi-Altai,1997,0.04553903345724908,0.09384775808133472,0.02072538860103627,0.03452066842568162,0.02843399251737039,0.04510639597940822,0.04461336821653441,0.38497552348305086,0.3838851775419546,-12.006727768320342,0.8702819523771703,0.8254061637716907
Govi-Altai,1998,0.04775828460038987,0.1006864988558352,0.02710027100271003,0.05139402082633523,0.05289672544080604,0.057648321897026567,0.05596716014521528,0.26048910495234084,0.24380289593684668,-12.157657992391403,0.7679310767491355,0.7279212067775603
Govi-Altai,1999,0.03192488262910798,0.04225352112676056,0.0169971671388102,0.03126823007817058,0.02633624878522838,0.030963188658127097,0.029756009951615543,0.37207032247480504,0.3763144703213894,-10.886941168125789,1.6296470149539761,1.5486698389860973
Govi-Altai,2000,0.07342995169082125,0.1464646464646465,0.03768115942028986,0.03102295006342982,0.03352443883004567,0.059153559164615906,0.06442462929384662,0.44488573825809596,0.4729790030040746,-13.213707660917466,0.05178817730277603,0.04582484633315792
Govi-Altai,2001,0.0750816104461371,0.1283333333333333,0.02830188679245283,0.07679603633360858,0.06664674237895996,0.07699198879667195,0.07503192185689836,0.3818230382256296,0.3902641505255017,-12.60230973338955,0.46639773363779713,0.4407232242968549
Govi-Altai,2002,0.5685752330226366,0.6190476190476191,0.1590106007067138,0.4290457629565468,0.3618570778334092,0.44054522177874844,0.4275072587133851,-0.7770657033636619,-0.7667716522095128,-12.841774182746361,0.3040088136961207,0.28605452430088235
Govi-Altai,2003,0.02279202279202279,0.03636363636363636,0.008968609865470852,0.01538031319910515,0.01001727115716753,0.015671585886583263,0.018704370675480538,-0.2069930280029651,-0.18479085794994946,-13.845973061092765,-0.37697231606787934,-0.3625517112736607
Govi-Altai,2004,0.009876543209876543,0.01507537688442211,0.004184100418410042,0.003732271709380443,0.002451296606889434,0.005123652035588111,0.0070639177657957145,1.627890981361814,1.6251830200564614,-13.184196608725204,0.07180061716479189,0.06488586390946349
Govi-Altai,2005,0.01059322033898305,0.01209677419354839,0.00816326530612245,0.007253886010362694,0.007495315427857589,0.008354115992897974,0.009120492255374837,-0.7199640481851919,-0.7252081789311788,-15.883418723179341,-1.7586329399924805,-1.6785260561661246
Govi-Altai,2006,0.005514705882352942,0.006535947712418301,0.008,0.003743406499914923,0.002815662120545535,0.004078349529337594,0.00532194444304634,-0.3494121840894393,-0.37037944852551546,-14.556901595812032,-0.8590769341807752,-0.821736331581239
Govi-Altai,2007,0.006389776357827477,0.008,0.007692307692307693,0.005832977663963579,0.005109116122910737,0.005862545297322649,0.006604835567401897,-0.34876619889803995,-0.3408077683432627,-10.52225280445062,1.876954494839084,1.7842199394907863
Govi-Altai,2008,0.01536312849162011,0.0330188679245283,0.007326007326007326,0.02864146561733969,0.03101515730480194,0.026986930183938346,0.023072925332859474,-0.7375480031940232,-0.6762520392150189,-15.233006941700083,-1.3175667734051344,-1.2584288560445063
Govi-Altai,2009,0.04336043360433605,0.07142857142857142,0.01481481481481482,0.0492783773241451,0.04441656210790464,0.04634892028449136,0.0446597518559544,-1.11545320176051,-1.141285675805671,-12.874065718793043,0.28211083395022163,0.26519760831761946
Govi-Altai,2010,0.3575757575757576,0.4683195592286502,0.08921933085501858,0.3584497910963838,0.3311086392287727,0.3415991623959883,0.3209346155969166,-1.562901440723972,-1.5693453737209246,-15.046757331185127,-1.191264630551288,-1.1381313120438061
Govi-Altai,2011,0.02061855670103093,0.04347826086956522,0.01646090534979424,0.03608377491799142,0.04464072571019336,0.03649732135298884,0.03225644470971504,-0.04930429072019755,-0.07317577249795573,-15.625732093345928,-1.5838869448585335,-1.5120877554090448
Govi-Altai,2012,0.0128755364806867,0.01809954751131222,0.007936507936507938,0.02014294996751137,0.02249952732085461,0.01917418889978584,0.016310813843374565,0.025170320745995244,-0.013441944837604091,-15.693777188747598,-1.6300306191253597,-1.5560376881658544
Govi-Altai,2013,0.01272727272727273,0.01355932203389831,0.01063829787234043,0.01747102577408753,0.02081455379824633,0.017550864304416717,0.015042094441169065,-0.43076142808272516,-0.4239493069957231,-14.343276569846363,-0.7142105987716822,-0.6837571653982729
Govi-Altai,2014,0.007656967840735069,0.01015228426395939,0.006578947368421053,0.01207480488882344,0.01830955929316585,0.013721045979110495,0.01095451273102096,-0.2828941264342522,-0.2712057541994244,-13.201798344276892,0.059864286602927974,0.053517004929498846
Govi-Altai,2015,0.006518904823989569,0.01012145748987854,0.006097560975609757,0.00601353044349787,0.006292412091301665,0.006600294985250737,0.007008773164855481,0.26818905428888634,0.25603596778804144,-12.08190356698634,0.8193027077172074,0.7768505511032585
Govi-Altai,2016,0.006787330316742081,0.01530612244897959,0.005763688760806916,0.009127900582865943,0.01370611041336755,0.011205730073975644,0.010138230504552415,1.1019037202775726,1.125073120830294,-13.707929685916707,-0.28336044733264987,-0.27339029529360626
Govi-Altai,2017,0.002808988764044944,0.004219409282700422,0.002597402597402597,0.002980760545569506,0.003174019044114265,0.0031397351426875318,0.003156116046766347,0.8801430581307748,0.824167198020174,-10.786315173830637,1.697884895672959,1.6136635855118824
Govi-Altai,2018,0.01616814874696847,0.03981264637002341,0.009523809523809525,0.03097271053072158,0.04605263157894737,0.034884669508290334,0.028505989350094074,-1.3959656309901922,-1.3921640958528465,-14.600841149158184,-0.888873827330327,-0.8501166344308134
Govi-Altai,2019,0.01615384615384615,0.02934272300469484,0.002288329519450801,0.01654533421575116,0.01611434814275309,0.017019929318946116,0.016088916207299207,-0.5371426171839647,-0.5080332275379169,-16.03082193060451,-1.858592026671128,-1.7737329335499017
Govi-Altai,2020,0.009063444108761328,0.01183431952662722,0.004504504504504504,0.007499765632323989,0.008856186112090237,0.008706984474747857,0.008351643976861455,-0.2102597274002653,-0.20310074616657028,-11.45018029911816,1.2476955628849684,1.1848769485948984
Govi-Altai,2021,0.04914004914004914,0.077733860342556,0.01594533029612756,0.07920059215396003,0.08977015825169556,0.07462986015165816,0.06235799803687765,-0.8097508743377833,-0.8251942536217822,-12.82856670137198,0.31296525228772093,0.2945851599751273
Govi-Altai,2022,0.006060606060606061,0.00574712643678161,0.002288329519450801,0.005304740406320542,0.005064505810854035,0.005237855888046741,0.00489306164680261,-0.6180836583101386,-0.6252625140476288,-12.960501276750952,0.22349596673698208,0.20936938237976346
Govi-Altai,2023,0.04545454545454546,0.06417112299465241,0.006607929515418502,0.05577005577005577,0.04740099632667438,0.0484105949458854,0.0438809300122693,-2.7646537963153817,-2.782629564931187,-12.912171843017873,0.2562697858420192,0.24058508352920074
Govi-Altai,2024,0.03373493975903614,0.0482573726541555,0.006329113924050633,0.04442429737080689,0.04473809902881707,0.04053096360509582,0.035496764547373244,-0.5466892134097934,-0.557364075459209,-13.782583301509534,-0.33398558203812256,-0.32160863294145026
Govisumber,1992,0.03225806451612903,0.04,0.0,0.1091445427728614,0.04201680672268907,0.06541945414717898,0.0446838828023359,0.6560269622029258,0.6520806327284198,-15.974659983317034,0.45328116097300336,0.6479502735994627
Govisumber,1993,0.0625,0.07317073170731708,0.0,0.05233380480905234,0.02097902097902098,0.05774906721612742,0.041796711499078085,0.8573158399646963,0.8576766389414484,-15.878346082899283,0.5065823262311829,0.699982341090387
Govisumber,1994,0.04285714285714286,0.08235294117647059,0.0,0.181058495821727,0.06779661016949153,0.1074158014019923,0.07481303800496639,1.460163487810446,1.4803372097160516,-17.46447516547307,-0.3711988453793104,-0.15689890985920452
Govisumber,1995,0.025,0.02197802197802198,0.0,0.07003257328990228,0.02127659574468085,0.037927071361404247,0.027657438202521024,0.6200133377763526,0.6209317261474754,-15.330294460720463,0.8098800844681937,0.9960585966467779
Govisumber,1996,0.01123595505617977,0.009900990099009901,0.0,0.02389078498293515,0.01195219123505976,0.014376300885812479,0.011395984274636917,0.17861238401359467,0.17218080215088086,-16.600846354166645,0.10674277876329123,0.3096629509116266
Govisumber,1997,0.01941747572815534,0.06422018348623852,0.0,0.09015025041736228,0.03436426116838488,0.05263390685125392,0.04163043416002821,0.6883404634750393,0.7000081143837961,-16.264040798611088,0.29313465468851374,0.49161684668340555
Govisumber,1998,0.00847457627118644,0.008403361344537815,0.0,0.01,0.002967359050445104,0.008078593756343117,0.005969059333233872,0.6981241798856103,0.7030456659169313,-15.077425808376713,0.9498203606767903,1.1326669026962763
Govisumber,1999,0.01492537313432836,0.02985074626865672,0.0,0.03748125937031484,0.01438848920863309,0.024347702274587976,0.0193291735963866,0.6640983483898455,0.6477183939522971,-17.245377604166645,-0.24994786008845377,-0.03853490375472709
Govisumber,2000,0.054421768707483,0.125,0.0,0.109204368174727,0.07600950118764846,0.09002310861046921,0.07292712761397169,1.288558430536483,1.3107142308899542,-17.864611477322025,-0.5926386540793317,-0.37306624908428315
Govisumber,2001,0.3414634146341463,0.9339622641509434,0.0,0.4405458089668616,0.3298153034300791,0.516181978872943,0.40915735823640614,-0.9016676290968446,-0.9071947963257397,-20.838444349500847,-2.2383902712674564,-1.9796326122031334
Govisumber,2002,0.0,0.0,0.0,0.01030927835051546,0.007380073800738007,0.0042976094547408005,0.0035378704302506934,-0.7859662386810724,-0.7758113495572478,-14.794943237304665,1.1061493032069971,1.285273661837781
Govisumber,2003,0.0,0.0,0.0,0.0,0.002673796791443851,0.000675371454299865,0.0005347593582887702,-0.41086014485455197,-0.4047210706427329,-16.607697550455708,0.10295125184936052,0.30596170004171197
Govisumber,2004,0.0,0.0,0.0,0.0025,0.001879699248120301,0.0010545010545010545,0.0008759398496240602,0.7639344517961528,0.7503677340028977,-15.725272878011046,0.5912947109955669,0.7826777287057856
Govisumber,2005,0.0,0.0,0.0,0.002053388090349076,0.003067484662576687,0.0013271400132714001,0.0010241745505851526,-0.14155974026702345,-0.1426707270332416,-18.855971611870636,-1.1412681886818756,-0.9086329451158162
Govisumber,2006,0.008403361344537815,0.02222222222222222,0.0,0.008445945945945945,0.005006257822277847,0.008873916437286881,0.008815557466996766,-0.5326349222457117,-0.5463908422562048,-16.709821234809006,0.04643488865692897,0.2507909882997409
Govisumber,2007,0.0,0.0,0.0,0.0,0.0,0.0,0.0,-0.40960478755957286,-0.423990784584554,-13.309671359591992,1.9281149952193926,2.0876683966405074
Govisumber,2008,0.0625,0.04,0.0,0.03234501347708894,0.03578732106339468,0.04265524311657879,0.034126466908096724,-1.8090981498629901,-1.8088551986103218,-16.842062377929665,-0.026748805418715736,0.1793497938918054
Govisumber,2009,0.05479452054794521,0.05128205128205129,0.0,0.0406015037593985,0.04314994606256742,0.04538844577623056,0.037965604330392484,-0.4602338351958578,-0.43902810859815955,-16.346890513102192,0.24728471709353048,0.4468585935412618
Govisumber,2010,0.04285714285714286,0.05882352941176471,0.0,0.0860832137733142,0.100907029478458,0.07833288080369263,0.05773418310413596,-0.8117294860657777,-0.8140289371132959,-20.080781046549458,-1.8190911177132196,-1.5703169480718793
Govisumber,2011,0.0,0.0,0.0,0.003067484662576687,0.001300390117035111,0.0013981968082541825,0.0008735749559223595,-0.3673702344443323,-0.378927319107828,-17.016344875759525,-0.12319864472691201,0.08519641986959788
Govisumber,2012,0.0,0.0,0.0,0.00379746835443038,0.005149330587023687,0.002936685069893105,0.0017893597882908132,1.2798625027994837,1.2674359395303227,-19.979113430447025,-1.7628271476759088,-1.5153926200181047
Govisumber,2013,0.0,0.0,0.0,0.00704225352112676,0.009918845807033365,0.005577373684036831,0.003392219865632025,0.49534902730032127,0.49035440686302595,-19.645815700954838,-1.5783765410367359,-1.335333772019119
Govisumber,2014,0.0,0.01298701298701299,0.0,0.004958677685950413,0.006859756097560976,0.00537461896358094,0.004961089354104875,-0.06305665810324701,-0.062364808375314634,-15.079426405164908,0.948713208546516,1.1315861117963752
Govisumber,2015,0.006666666666666667,0.009615384615384616,0.0,0.005909389363099146,0.006211180124223602,0.006608399062033681,0.005680524153874806,0.6692823139933441,0.6819837307210782,-13.834889051649283,1.6374537834997835,1.8039278121348492
Govisumber,2016,0.02209944751381215,0.04032258064516129,0.0,0.03015966883500887,0.04860335195530726,0.03495707353490109,0.028237009789857916,-1.0288229258813164,-1.0132886274221746,-18.46919013129338,-0.9272190895836937,-0.6996803431098214
Govisumber,2017,0.004926108374384237,0.007352941176470589,0.0,0.00591715976331361,0.008460236886632826,0.006542561543695587,0.005331289240160253,-0.11854368728248303,-0.12349382531445226,-14.850046115451367,1.0756547681340787,1.2555051999414446
Govisumber,2018,0.08071748878923767,0.1409395973154362,0.0,0.07748538011695907,0.1009738595592004,0.09326400228285167,0.08002326515616667,-1.611881414142703,-1.614245492028172,-16.953910997178795,-0.0886470538817001,0.11892533926692721
Govisumber,2019,0.009708737864077669,0.007142857142857144,0.0,0.0134550696780394,0.01415351115949919,0.01176024904056792,0.00889203516889468,-0.40965874386201706,-0.4031450977436545,-17.684357706705708,-0.4928842471416226,-0.27568698900321975
Govisumber,2020,0.02202643171806168,0.02758620689655173,0.0,0.02596810933940774,0.04170957775489186,0.029278650919123343,0.023458065141782603,-0.5253191557649749,-0.5377918413647779,-14.839269595675976,1.081618611971414,1.2613270449901688
Govisumber,2021,0.04405286343612335,0.06134969325153374,0.0,0.07692307692307693,0.1086278586278586,0.0743545031815957,0.05819069844771853,-0.3775101777726737,-0.3570638612184899,-16.99840901692706,-0.11327274439964777,0.09488598506455662
Govisumber,2022,0.00411522633744856,0.005617977528089887,0.0,0.005925250683682771,0.00589622641509434,0.005348083857954892,0.004310936192863111,0.21480657167780082,0.21286620261745556,-15.613812934027756,0.6529778623179882,0.8428922076410016
Govisumber,2023,0.007220216606498195,0.01015228426395939,0.0,0.00847457627118644,0.01390433815350389,0.00958149163542774,0.007950283059029584,-0.3270991750483211,-0.34807848274391084,-16.595114135742165,0.10991505109588277,0.3127596916171905
Govisumber,2024,0.301948051948052,0.3094170403587444,0.1,0.3454784899034241,0.2953060011883542,0.31407853667180063,0.27042991667971494,-0.28359592177211074,-0.2731014653011822,-18.82168807983396,-1.1222953073138182,-0.8901118069932576
Khentii,1992,0.04169662113587348,0.04193205944798301,0.07954545454545453,0.04573804573804574,0.03813796971396522,0.043227475058043016,0.049410030116264395,0.8749573519003122,0.8794054362503234,-17.10031306914637,1.0722508701276132,1.3133699646502537
Khentii,1993,0.05358435916002897,0.1217948717948718,0.08860759493670885,0.06046286198957955,0.03808543489449305,0.07945500500068702,0.07250702455513644,0.1861524969539777,0.16135492895562034,-18.97302933705002,0.07986764411374556,0.2272527278784281
Khentii,1994,0.0293470286133529,0.04841601912731619,0.05555555555555556,0.05751947273816656,0.04339346660165773,0.04392341774153311,0.04684630852720978,1.1151935578386338,1.0979764255214608,-18.61179669215204,0.27129077832225407,0.4367564358520676
Khentii,1995,0.03554340396445659,0.05791284403669724,0.05479452054794521,0.0508234460775633,0.03076194983435873,0.04666529227393277,0.04596723289220422,0.3076799618360487,0.32444757186986156,-18.4574179218791,0.3530986339473957,0.5262913249641148
Khentii,1996,0.02134540750323415,0.02746636771300448,0.04225352112676056,0.03401883528733423,0.02286902286902287,0.02620647212677573,0.029590630899871257,0.8248791481458091,0.864075270447097,-18.021872463306774,0.5839013533243873,0.7788941554412777
Khentii,1997,0.01232285890326556,0.02092274678111588,0.01408450704225352,0.02255924170616114,0.01459034792368126,0.017432563675782435,0.01689594047129547,0.7785667308714265,0.7686742415689867,-18.88327511171749,0.1274298879039252,0.27930738926922427
Khentii,1998,0.008125362739408008,0.009410599306587419,0.01408450704225352,0.01514884622159591,0.01048836447066536,0.010068916544522638,0.011451535956102044,-0.2523747597655154,-0.24907088942491618,-17.093272007165556,1.0759820449579072,1.3174535617832577
Khentii,1999,0.01692139737991267,0.03317972350230415,0.0273972602739726,0.02568192694209603,0.0268058690744921,0.02538718612970876,0.02599723543455551,0.986056886769395,0.9940678689833583,-18.404244132383944,0.3812763016822172,0.5571304703835187
Khentii,2000,0.02058672156459084,0.02793539938891314,0.0273972602739726,0.02890855457227139,0.02544529262086514,0.025242002054396386,0.026054645684122624,0.22485612065572455,0.2135843204046885,-19.831256579950367,-0.3749211215735585,-0.2704924017800425
Khentii,2001,0.07935684647302904,0.3077981651376147,0.0684931506849315,0.1002033110659309,0.1154373457636414,0.16682880032768063,0.13425776382502952,-1.1623450064245127,-1.154447821250136,-23.682735510717443,-2.4158833066875096,-2.5042304887847244
Khentii,2002,0.02120343839541547,0.03197868087941372,0.03125,0.03271604938271605,0.03097696584590945,0.027825959650289785,0.029625026900690937,-0.5835574693164559,-0.5631843225867464,-17.65706662206205,0.7772179831886656,0.9904702062514087
Khentii,2003,0.03003533568904593,0.1416666666666667,0.03225806451612903,0.04253997826424468,0.05115830115830116,0.0663020131197874,0.0595316692588775,0.10051283602991154,0.08666017548602468,-20.797573028435664,-0.8869881393773691,-0.8309259115774885
Khentii,2004,0.0140597539543058,0.01726618705035971,0.01694915254237288,0.01380670611439842,0.01341437853699434,0.014795560060885511,0.015099235639686232,-0.22474108682787794,-0.2501040276098616,-19.18722101525413,-0.033636057565241566,0.10302821097871137
Khentii,2005,0.01248513674197384,0.02096890817064352,0.01818181818181818,0.01454968718172559,0.01758893280632411,0.015928117328633477,0.016754896616497046,-0.5044167497572924,-0.5039971256277266,-21.82676882200601,-1.432375958839506,-1.427827487415843
Khentii,2006,0.0157802454704851,0.02429149797570851,0.01960784313725491,0.0255656397801355,0.02726337448559671,0.022023172436381078,0.022501720169836145,0.4914600079639746,0.5114639379526734,-18.879391492368782,0.12948788182640888,0.28155976779980413
Khentii,2007,0.01363636363636364,0.01903007980356047,0.01960784313725491,0.01477440618252074,0.01431127012522361,0.015473898217570434,0.016271992576984674,-0.4394376414586553,-0.43665187797230676,-15.768621922746467,1.7779359643238666,2.08570944444794
Khentii,2008,0.1122905027932961,0.1168305378831695,0.0625,0.101755429931568,0.1313859692006844,0.11400366585531697,0.10495248796174361,-1.69002442940164,-1.6694488509477876,-18.929446179353715,0.10296307793669482,0.2525296049036326
Khentii,2009,0.05163991625959526,0.06746532156368222,0.025,0.04820472128545923,0.05700048614487117,0.05567730742167147,0.04986208905072158,0.3837042831434054,0.39455114196201013,-18.43141575422969,0.36687761128503565,0.5413717741285083
Khentii,2010,0.06382978723404255,0.1445264452644527,0.02702702702702703,0.1063829787234043,0.119133155637965,0.10770736725530176,0.09217987877737832,-0.1280564594492176,-0.11306004890257632,-22.752905305629017,-1.9231509508118765,-1.9649578662704095
Khentii,2011,0.01461377870563674,0.01965757767913761,0.02702702702702703,0.01638116633904334,0.01635079895949461,0.016778781931604824,0.018806069742067867,-0.30622480444754707,-0.30865110162104054,-19.124224814885757,-0.00025333236567606,0.13956404945242476
Khentii,2012,0.01150159744408946,0.01629450814725408,0.0,0.01552551242913214,0.01731553986985773,0.014918700085734008,0.01212743157806668,0.031658603699890264,-0.014448650994366525,-22.74327427344984,-1.9180473080723832,-1.9593721669111466
Khentii,2013,0.009849362688296639,0.01423097974822113,0.0,0.01463567347577679,0.01581595974119339,0.013415443171995094,0.01090639513069759,0.5450176939660062,0.5525160766029771,-22.36757652186138,-1.7189588753409957,-1.7414791465907624
Khentii,2014,0.008691206543967281,0.01254826254826255,0.0,0.01071910271881877,0.01207319373703075,0.010838567034093824,0.008806353109615871,0.30208528824855085,0.30647751501294873,-17.905813566441253,0.645402876247529,0.846204708848
Khentii,2015,0.01087941976427924,0.01167639699749791,0.0,0.01281810792221597,0.01427030614784701,0.012236922865881005,0.009928846166368025,1.2840220912611893,1.2483715710150014,-15.592371867377022,1.871333774515609,2.187928999219593
Khentii,2016,0.007258064516129033,0.01293422025129342,0.0,0.01242307471099097,0.01635785719823242,0.011815180572078334,0.00979464333532917,-1.1112806807622515,-1.0983120356982428,-18.447533381337333,0.35833661494783997,0.5320240512953701
Khentii,2017,0.01068376068376068,0.02430790006752195,0.02325581395348838,0.01718177596615242,0.01979625749584567,0.017653772475601206,0.01904510163335382,-0.5306954863431173,-0.5625019526389775,-18.950483252931726,0.09181518580746824,0.24032875599986767
Khentii,2018,0.03428388337071451,0.04861318222487325,0.02380952380952381,0.03900564971751412,0.04911667637351971,0.04191531012930952,0.03896578309922909,-1.457378072604432,-1.4585674196511973,-18.68227208133486,0.2339447076598139,0.39588290029755985
Khentii,2019,0.03982439636249608,0.02436260623229462,0.02325581395348838,0.03968557467601445,0.05281406724041855,0.03804550495238351,0.035988491692942416,-0.18540931991344578,-0.16175656206552635,-18.74353863036077,0.20147855322354746,0.36035020584990873
Khentii,2020,0.03995082974800246,0.06951731374606505,0.02325581395348838,0.05576601898244328,0.071126512392811,0.057896553895966055,0.051923297764562025,0.04357920074509013,0.04236733842660067,-19.001520940724284,0.06476947358296524,0.21072848318409892
Khentii,2021,0.03079315707620529,0.03549506271684014,0.0,0.04717021367339105,0.06075543779653705,0.04185963255690466,0.0348427742525947,0.8020510242878157,0.8251663979690962,-19.480983705158454,-0.18930575023902926,-0.06734501986992343
Khentii,2022,0.02450980392156863,0.03807418324735937,0.02439024390243903,0.0392695857058708,0.04883664566165778,0.036485044650862525,0.03501609248777913,0.8008099564496,0.8221950493223156,-17.265222013449346,0.984862901671973,1.2177279018481795
Khentii,2023,0.127190653212958,0.1644434222631095,0.07317073170731708,0.1578826413359889,0.1978548054781239,0.15722407140751246,0.1441084507994995,0.5015395196616599,0.5408926193880075,-18.771054025641956,0.18689769161510125,0.34439213168582905
Khentii,2024,0.2992741485203797,0.2970175006162189,0.175,0.370747849106552,0.3201609952433224,0.32052093001259163,0.29244009869729465,-0.11237814974100487,-0.09344969667358145,-20.718150838216122,-0.8449010113388083,-0.784863509462416
Khovd,1992,0.03350253807106598,0.03429878048780488,0.065015479876161,0.03049613108784707,0.03206291591046583,0.034323104906337845,0.03907516908666896,0.14255104563811757,0.10773551673197956,-16.33002279655869,0.5938205497870099,0.6145887641040847
Khovd,1993,0.02457264957264957,0.0273972602739726,0.02816901408450705,0.01489901776845823,0.01568405139833711,0.021115371397381386,0.02214439861958491,0.06009484324656067,0.07758835593166948,-16.249027340575573,0.6451692978701551,0.6643261956691198
Khovd,1994,0.02628811777076762,0.02979651162790697,0.02898550724637681,0.03592689295039164,0.02709847984137475,0.030420120837431498,0.02961910188736356,1.5601840705039702,1.5519257524812768,-17.547205145364654,-0.17783742832370872,-0.1328546948045711
Khovd,1995,0.01056676272814601,0.01265822784810127,0.01413427561837456,0.01279807481951433,0.0115648201027984,0.01210017961436439,0.012344432223386914,1.5550935241709711,1.5365567986989552,-15.72463329847257,0.9776197697813428,0.9863444183660407
Khovd,1996,0.02658662092624357,0.0261984392419175,0.02405498281786941,0.02674830808894618,0.02651282680741377,0.026400304681232663,0.026020235576478083,0.4891786741659465,0.48626640540283156,-17.145527804038746,0.0768142476264907,0.11380604724479483
Khovd,1997,0.05887372013651877,0.07452725250278086,0.02166064981949458,0.05336344188257666,0.05590770791075051,0.0602643618592262,0.05286655445042428,0.44561613002146444,0.43576771022315497,-16.21386218059709,0.6674629798936872,0.6859203050753051
Khovd,1998,0.05913978494623656,0.1151801535735381,0.02307692307692307,0.04861281610606433,0.04683229813664597,0.06916419030033756,0.058568395167881614,0.320502313258553,0.29091225274956645,-16.620061173675733,0.40994470909624925,0.4364829215232419
Khovd,1999,0.01994301994301994,0.02260273972602739,0.01606425702811245,0.01549145299145299,0.01725256194058892,0.018888689740614615,0.018270806325840338,0.4564701489562281,0.48603470089458123,-14.97492058215128,1.45291568530945,1.4467256146795606
Khovd,2000,0.05297397769516729,0.05298013245033113,0.032,0.02295788939624556,0.03002889810277673,0.03998589198245011,0.03818817952890414,0.6072424649819166,0.6344403832140378,-17.290054472794747,-0.014811429581807258,0.025055570945576307
Khovd,2001,0.1034136546184739,0.1471230881281864,0.04347826086956522,0.09231556066999105,0.09341558605061061,0.10765503659466893,0.09594923006736544,0.2846924799217093,0.29543378133091375,-17.423667680456262,-0.09951829193001288,-0.056993201934159105
Khovd,2002,0.2689912826899128,0.2724358974358975,0.1122448979591837,0.1842147054152771,0.1600638514003773,0.2146270214720079,0.19959012698012968,-0.9999189384629282,-1.0134838639537487,-16.556036088370803,0.4505347389494054,0.4757992419284663
Khovd,2003,0.02848101265822785,0.05524861878453038,0.01785714285714286,0.01852212906999415,0.01260249013058002,0.026649697063548906,0.02654227870009505,-0.5714041466650029,-0.5376366153618384,-17.127827103707222,0.08803597347748307,0.12467563691135426
Khovd,2004,0.008955223880597015,0.01221166892808684,0.00591715976331361,0.0049813200498132,0.003774044314584855,0.00683047025328028,0.0071678833872791045,1.3972010085817927,1.4045001253616047,-16.983902597990983,0.17927989694591492,0.21305633884955932
Khovd,2005,0.01366120218579235,0.01674641148325359,0.01204819277108434,0.008587786259541985,0.01439578264395783,0.013230995270818348,0.013087875068726018,-0.5249958631702945,-0.5729128187252578,-20.352705257046,-1.9564423726799458,-1.8556472652857356
Khovd,2006,0.01037613488975357,0.009513742071881607,0.00591715976331361,0.003412484003981231,0.003078932636685949,0.005899178940595584,0.006459690673123193,0.12231206632386944,0.09882554961748216,-18.286621064891747,-0.6466054761062627,-0.5869128669474859
Khovd,2007,0.00936768149882904,0.01045627376425856,0.005681818181818182,0.003664793549963352,0.004025256511444356,0.006193717756952288,0.0066391647012626984,-0.30131600283370524,-0.3122861603463933,-13.626356416165667,2.307865889523196,2.2748476013098804
Khovd,2008,0.02711496746203905,0.04427083333333333,0.01104972375690608,0.03361622396120358,0.03415758591785415,0.034119640944673235,0.030041866886267237,-1.12154151451339,-1.084918975171406,-18.836861042717086,-0.9954415146677079,-0.9248024795096839
Khovd,2009,0.04157303370786517,0.06038426349496798,0.01694915254237288,0.02672373900971773,0.02616795847258764,0.03523218875898175,0.034359629445502284,-1.2277023557075653,-1.2445052140718964,-17.523637170092695,-0.1628960219154052,-0.11838214763526034
Khovd,2010,0.1711491442542787,0.177732379979571,0.06779661016949153,0.1769878622739658,0.2128046850269072,0.18580770025742682,0.16129413634084283,-0.9199736261592026,-0.9246362547259962,-20.12491007775559,-1.812026897342956,-1.7157635273243954
Khovd,2011,0.03400309119010819,0.05185185185185186,0.01226993865030675,0.03769140164899882,0.03465851172273191,0.03799428052014893,0.034094959012799506,-0.032766856049933187,-0.04892444051583943,-19.567662888835766,-1.4587484920723073,-1.3735709488977126
Khovd,2012,0.01612903225806452,0.01484018264840183,0.0119047619047619,0.01105691056910569,0.01474026634136424,0.01404923222008789,0.013734230744339635,-0.32282246160826067,-0.32861267481964956,-19.68371366315979,-1.5323212857961956,-1.4448350386660762
Khovd,2013,0.01589403973509934,0.01886792452830189,0.01075268817204301,0.01028752308098127,0.0113322277501382,0.01339858684932247,0.013426880653312743,-0.30539597154473297,-0.2852951121708572,-18.58331350051481,-0.8346997951031063,-0.7691048125764038
Khovd,2014,0.01193317422434368,0.01216333622936577,0.005291005291005292,0.01063578350271803,0.01333446577204009,0.011908248819243584,0.01067155300389457,-0.1138708404350109,-0.09810634762553788,-17.9065279841141,-0.40563758949956114,-0.35350651884985834
Khovd,2015,0.01142263759086189,0.009406657018813314,0.004854368932038835,0.006331022007838408,0.006106870229007634,0.007777358146561268,0.007624311155712016,-0.38468982761163495,-0.380134859442809,-16.20580045370907,0.6725738787467577,0.6908708246386799
Khovd,2016,0.01394052044609666,0.0128122998078155,0.004587155963302753,0.01474201474201474,0.02445759368836292,0.017034641166268225,0.014107916929518512,0.6721063471715275,0.6918324269577245,-17.42631949927506,-0.1011994674334507,-0.05862162238592273
Khovd,2017,0.01059494702526487,0.01153212520593081,0.008368200836820085,0.008609794628751975,0.009371848864108192,0.009851039591620644,0.009695383312175185,0.27281833900051633,0.2649114840234752,-14.799313671932694,1.5642453257815416,1.5545617466369468
Khovd,2018,0.04012112036336109,0.03640897755610972,0.02334630350194553,0.04306436990027199,0.05961015412511333,0.045583306889158924,0.04051018508936033,-1.2657363838413727,-1.2172044114537797,-18.52762476422824,-0.799394766494541,-0.7349076508174298
Khovd,2019,0.04669260700389105,0.06711409395973154,0.01181102362204724,0.04283767671606199,0.03834790102178998,0.04722655148972858,0.04136066046470436,-0.5664764560612523,-0.5629713032418583,-19.745860871299197,-1.571720796498208,-1.4829981982442635
Khovd,2020,0.008540372670807454,0.01068947087119188,0.003875968992248062,0.006118959776837938,0.005149267455403666,0.007302431819670503,0.0068748079532978,-0.25184629842851985,-0.24876546985540846,-15.630328643293787,1.0374061605493947,1.0442547205711006
Khovd,2021,0.007604562737642586,0.00962052378407269,0.003891050583657588,0.01092071384178283,0.01108671789242591,0.009879093505073213,0.00862471376791632,-0.3892934442403979,-0.4417947825316326,-15.812080985716308,0.922180495957533,0.932644821184779
Khovd,2022,0.01227830832196453,0.01107899807321773,0.003623188405797101,0.009307461744754695,0.01222205104503672,0.011071476583606039,0.009702001518154155,-1.2108276953746802,-1.2761431562572814,-16.927916297281303,0.2147735726880182,0.24743622802146056
Khovd,2023,0.1138647019423979,0.09990253411306044,0.02027027027027027,0.07748632121017059,0.08673275908770789,0.09109471681045565,0.07965131732472142,-3.0828490808881455,-3.1116352306460935,-17.140467369133678,0.08002241522030841,0.11691354298915646
Khovd,2024,0.01749475157452764,0.02242609582059124,0.006514657980456026,0.02711184726702119,0.02467369926694082,0.022705539662524234,0.019644210381907383,-1.091819895067377,-1.1164177159069537,-16.90605020004523,0.2286360382412805,0.2608636913485433
Khuvsgul,1992,0.03389830508474576,0.03569249542403904,0.0634920634920635,0.05589198848406632,0.02720348204570185,0.039504159337561184,0.04323566690612329,0.689963783309701,0.6539543989509384,-20.341513407191776,0.6532713252463355,0.775977826629974
Khuvsgul,1993,0.03299941072480848,0.07280385078219014,0.05357142857142858,0.06202209005947323,0.03319919517102616,0.057283701484973804,0.05091919506178531,0.40199241719898804,0.36295392404173693,-21.663748243017082,-0.11120548462674817,-0.04317083775190951
Khuvsgul,1994,0.01102088167053364,0.01404580152671756,0.01886792452830189,0.01658433309809456,0.0148056755089451,0.013782520943349277,0.015064923266518551,1.398070543233858,1.3296709955089543,-20.959188126746096,0.29615019490687994,0.3933170406361131
Khuvsgul,1995,0.01261166579085654,0.0179876335019674,0.01851851851851852,0.02872340425531915,0.02124935995903738,0.018644595262861722,0.019818116405139797,1.7218169062368096,1.6808596244470402,-20.763243794364044,0.4094393732536626,0.5147081383557346
Khuvsgul,1996,0.01166180758017493,0.01235521235521236,0.01851851851851852,0.01662152179266191,0.01346801346801347,0.01296952162418317,0.014525014742916236,-0.17319858367847404,-0.17257967766350132,-21.232803053377495,0.1379541917632553,0.22380758918896473
Khuvsgul,1997,0.01148369315571888,0.0134777376654633,0.1296296296296296,0.01232777374909355,0.008220786846741046,0.012864112726993065,0.03502792420932928,-0.30354295088061123,-0.2783868268920513,-19.076315036020596,1.3847713496318332,1.5597913579654432
Khuvsgul,1998,0.02063213345039508,0.02804161013116237,0.01851851851851852,0.01701451905626134,0.01595566006046355,0.023075193332700895,0.020032488243360173,-0.1218928196667874,-0.14792488687168645,-19.679207075298002,1.0361971248444568,1.1862887127773787
Khuvsgul,1999,0.01315789473684211,0.01657579062159215,0.01851851851851852,0.0183083511777302,0.01328703004680658,0.015580962420706126,0.01596951702029791,0.44373983393055927,0.42581094038768835,-19.32014942354367,1.2437935674252056,1.408731495180003
Khuvsgul,2000,0.0453100158982512,0.105350476980506,0.03773584905660378,0.052994700529947,0.04344624447717231,0.07392603423340378,0.056967457388496054,-0.6121881862488595,-0.6305881835504463,-22.129013930632436,-0.38020825098449784,-0.33141144090841984
Khuvsgul,2001,0.2354993458351504,0.4304921968787515,0.1739130434782609,0.2355804847073764,0.1867398398101454,0.315861857652524,0.2524449821419369,-0.723710661992258,-0.6721608903801025,-23.07675462741294,-0.9281637009779339,-0.9185541366788973
Khuvsgul,2002,0.0208706022659511,0.01987315010570825,0.0,0.01592186245651592,0.01235370611183355,0.01826652143452536,0.013803864188001762,0.27006173686549756,0.29303393300083946,-19.9329956746024,0.8894641137925405,1.0290620337315304
Khuvsgul,2003,0.035650623885918,0.07185374149659864,0.03125,0.03471590170328956,0.0343448275862069,0.04793016960937694,0.04156301893440262,-1.0474499222430993,-1.0514757865812485,-21.832482327458134,-0.20876250785389425,-0.1477046891984382
Khuvsgul,2004,0.01879927228623408,0.01814254859611231,0.0,0.009799118079372856,0.007577551503670376,0.014670458832748064,0.010863698093077925,0.5112684149846211,0.5086372173055697,-19.681313109166393,1.034979478773147,1.18498398627669
Khuvsgul,2005,0.02306213965406791,0.0226510067114094,0.0,0.01920600858369098,0.01863354037267081,0.021138773628400186,0.01671053906436782,-0.05397413450656276,-0.03905442710481293,-24.556313059785197,-1.7836003297480172,-1.835167646559842
Khuvsgul,2006,0.01486486486486487,0.0105923891722244,0.0,0.008171505479715438,0.007083490744238761,0.010250474781862896,0.008142450052208693,-0.3171970788821601,-0.29236356886340353,-22.332111721594334,-0.49763334607353377,-0.4572342370545429
Khuvsgul,2007,0.01611820013431833,0.009430667132378624,0.0,0.008006405124099279,0.007847707847707847,0.010056178690708316,0.008280596047700817,0.8643441791540059,0.8787773882181354,-17.687020760446668,2.1880199307379025,2.4204845717843364
Khuvsgul,2008,0.01403743315508021,0.009325458501709667,0.0,0.009154587696788959,0.009670154987415552,0.010196679861557275,0.008437526868198878,-0.29359743422985946,-0.2699935735493527,-22.32607077194261,-0.4941406488663311,-0.453491758256729
Khuvsgul,2009,0.02635046113306983,0.0311598384304674,0.0,0.03362175525339926,0.04319387153800825,0.033841879663438636,0.02686518527098895,0.026245445671569702,0.008143999141565172,-21.529167328374648,-0.03339480719785378,0.04020450034514814
Khuvsgul,2010,0.06872190109184328,0.1554317548746518,0.04166666666666667,0.1891267963294281,0.1816933365177932,0.15575468909715637,0.12732809109607662,-0.4832452560942576,-0.4687895961083978,-25.246283107127937,-2.182520465875975,-2.262616710395416
Khuvsgul,2011,0.0168123739071957,0.03393085787451985,0.0,0.02111591758926607,0.01962323390894819,0.0243503209313446,0.01829647665598596,-0.4777820253061413,-0.45552368000422283,-23.37233245750845,-1.0990580009148918,-1.101670008522121
Khuvsgul,2012,0.0128783000643915,0.0165710643722116,0.0,0.01193825042881647,0.01434958177098356,0.014159288922655918,0.011147439327280627,-0.22366057014715038,-0.24591146946432912,-23.987936080389403,-1.4549816848288757,-1.4830477122466104
Khuvsgul,2013,0.02295285359801489,0.05991927972679292,0.0,0.02862949016795171,0.03222006651884701,0.03829747099353353,0.028744338002321308,-0.32312664717811723,-0.3759477960116881,-24.432980909625282,-1.7122933529883335,-1.7587611237988676
Khuvsgul,2014,0.00906344410876133,0.01199494949494949,0.0,0.006733224982586487,0.007132158904500393,0.008903954578268073,0.006984755498159539,-0.16801928194273236,-0.13284924670802695,-21.160026925590024,0.18003118179442099,0.2688937314238892
Khuvsgul,2015,0.01472995090016367,0.01238041643218908,0.0,0.01221771568774723,0.01438804495492157,0.013179621952566735,0.010743225595004308,-0.34500591333168046,-0.3506452196123399,-20.08162057623506,0.8035336212738503,0.9369861888304292
Khuvsgul,2016,0.01073071027082269,0.01479591836734694,0.0,0.008381598154164902,0.01003205508726107,0.011192744182513219,0.008788056375919121,-1.2838423783820223,-1.304953078174012,-21.516732501674987,-0.02620536067208012,0.047908102917749634
Khuvsgul,2017,0.02327663384064458,0.03962437013284471,0.0,0.04009159201381914,0.04019607843137255,0.036797826138548075,0.0286377348837362,0.7666746470973592,0.7357050659048625,-20.65186184386217,0.473837100412292,0.5837112938601872
Khuvsgul,2018,0.01290054099042863,0.02297853891177108,0.0,0.01320500481231954,0.01297270222890057,0.016138448942717598,0.012411357388683963,-1.4593779567426926,-1.4647432723061113,-21.689067438119416,-0.12584428930496933,-0.058856542204217085
Khuvsgul,2019,0.01259541984732824,0.01948186528497409,0.0,0.01547248933555057,0.01742889647326507,0.016529160889666772,0.012995734188223595,-0.25856424665853706,-0.2524916910655399,-23.611843990585157,-1.2375364374023152,-1.2500517839133152
Khuvsgul,2020,0.0440028388928318,0.05014577259475219,0.04166666666666667,0.07321726687336037,0.05345298478345689,0.05633097385331156,0.05249710596221359,0.9920203378853331,1.0214560540302164,-20.030593457268257,0.8330359820253791,0.9685984223130111
Khuvsgul,2021,0.01178637200736648,0.01416882857713031,0.04347826086956522,0.01216257434802501,0.01203157694502568,0.012738077066585257,0.01872552254942254,0.25676507940226745,0.23394919949677156,-20.373363067725695,0.6348567999133125,0.7562463794010169
Khuvsgul,2022,0.009162303664921465,0.01186836899838158,0.0,0.01061320754716981,0.01215902363495605,0.011000926810929602,0.008760580769085782,1.2324210420304569,1.2303211638864713,-20.285381902305804,0.685724889942972,0.8107523205483629
Khuvsgul,2023,0.0327116212338594,0.04159362549800797,0.04,0.04574366410704281,0.04765091687859724,0.04187081298525887,0.041539965543501485,-1.4058510204765824,-1.3430308525562726,-21.523580142518057,-0.03016446270526709,0.04366586417256766
Khuvsgul,2024,0.0590019299696719,0.09403453689167975,0.04,0.09163526752072343,0.07069146019243233,0.08128344615520955,0.07107263891490148,0.6229821116701986,0.5543864722481265,-22.47344336648587,-0.579347094715891,-0.5447917760113313
Orkhon,1992,0.01886792452830189,0.04216867469879518,,0.01982378854625551,0.01754385964912281,0.031458633765956305,0.024601061855618847,0.7463900199790093,0.7214760718344513,-16.833600531684006,0.17522633910809862,0.4704426353122977
Orkhon,1993,0.04545454545454546,0.06598984771573604,,0.06902654867256637,0.03225806451612903,0.06136869193527283,0.05318225158974423,0.5295892316473382,0.5306436208727238,-17.705814954969597,-0.30346715110973616,-0.00970649229329205
Orkhon,1994,0.04819277108433734,0.04411764705882353,,0.06289308176100629,0.02985074626865672,0.049031855090568406,0.04626356154320597,1.4677363969203892,1.5005625862720937,-17.06565789116751,0.047867349877624324,0.3426963658906802
Orkhon,1995,0.04651162790697675,0.04878048780487805,,0.05124223602484471,0.05142857142857143,0.04902221378393772,0.04949073079131774,2.1899356742138236,2.199979197767344,-15.904241943359352,0.6852820025230809,0.9820493039293041
Orkhon,1996,0.04347826086956522,0.04489795918367347,,0.07040229885057472,0.03686635944700461,0.04964785396203771,0.04891121958770451,0.15853332544908702,0.1787924044709812,-18.316719224717858,-0.6387469736712345,-0.3460058521057738
Orkhon,1997,0.02608695652173913,0.03529411764705882,,0.03536977491961415,0.02092050209205021,0.0319977302102708,0.02941783779511558,-0.577529154170207,-0.5645038098727535,-16.292795138888867,0.4720341126261555,0.7681529581671181
Orkhon,1998,0.01851851851851852,0.01762114537444934,0.0,0.01517706576728499,0.0145985401459854,0.017079592250050634,0.013183053961247651,0.4589115693349965,0.4608502016270084,-15.077154541015602,1.1392086342929557,1.4373562606670436
Orkhon,1999,0.01834862385321101,0.01666666666666667,0.0,0.0110410094637224,0.01474926253687316,0.01572876616567634,0.012161112504094648,1.016393903400003,1.041425484204158,-14.012413194444422,1.7235658035420458,2.023490375207315
Orkhon,2000,0.0234375,0.02158273381294964,0.0,0.02162849872773537,0.02017937219730942,0.02185603237141944,0.017365620947598887,0.019588505697850568,-0.038234924199991804,-17.395481703016472,-0.13314835845724346,0.16113021507391598
Orkhon,2001,0.0782608695652174,0.1564885496183206,0.0,0.08830845771144277,0.0874751491053678,0.11531590952812816,0.08210660520006971,-0.14483320115807913,-0.20955576142711818,-20.127289835611958,-1.6324342389538744,-1.3427147760586062
Orkhon,2002,0.06034482758620689,0.05829596412556054,0.0,0.02275600505689002,0.01433691756272402,0.044138971057363266,0.031146742866276295,0.17392386702942247,0.058231441556249784,-15.366015285915775,0.9806745004015335,1.2783400474968272
Orkhon,2003,0.1982758620689655,0.1941747572815534,0.0,0.1655359565807327,0.07276119402985075,0.1705476103165872,0.12614955399222044,-1.540840122985484,-1.5480507096805012,-19.44401482476126,-1.257435510440929,-0.966575730869669
Orkhon,2004,0.05128205128205129,0.02521008403361344,0.0,0.01869158878504673,0.01545253863134658,0.02870471747512734,0.022127252546411607,-0.4629593183565328,-0.4351181130080666,-16.915648735894074,0.13019619492466217,0.42527556099968905
Orkhon,2005,0.04123711340206186,0.01754385964912281,0.0,0.006637168141592919,0.006147540983606557,0.020228399433427764,0.014313136435276829,0.15847469028096656,0.25304229518766874,-19.870240275065083,-1.4913588932451571,-1.2012104407105884
Orkhon,2006,0.02564102564102564,0.007575757575757577,0.0,0.003584229390681004,0.004966887417218543,0.01010390247893316,0.008353580004936552,-0.18908074169089667,-0.22139808347680656,-17.634083387586784,-0.2640990399749457,0.029781331550411606
Orkhon,2007,0.01086956521739131,0.006451612903225806,0.0,0.001392757660167131,0.0012853470437018,0.004971306552782598,0.003999856564897208,0.22722612758109256,0.2002161718233791,-13.393709988064213,2.0631258811608633,2.3640830057111653
Orkhon,2008,0.009523809523809525,0.00546448087431694,0.0,0.002283105022831051,0.00106951871657754,0.004471944874138658,0.0036681828275070107,-0.014914625031722067,-0.04933851343023707,-16.920078870985222,0.1277648239540587,0.4228367965830483
Orkhon,2009,0.008849557522123894,0.009478672985781991,0.0,0.008108108108108109,0.009577015163607342,0.00901340395381792,0.007202670755924267,1.383440347403985,1.3832169651219053,-17.238980780707443,-0.04725666632010346,0.24728309137363036
Orkhon,2010,0.06140350877192982,0.136986301369863,0.0,0.1046511627906977,0.1315315315315315,0.11262090115593301,0.08691450089280442,-0.8117550075790266,-0.7523932817906269,-20.68662957085501,-1.9394141316646676,-1.65062815004343
Orkhon,2011,0.009345794392523366,0.005617977528089887,0.0,0.004103967168262654,0.005925925925925926,0.006191754857052599,0.004998733002960366,-1.0324838604489281,-1.017022973698257,-18.620674302842858,-0.8055652620790256,-0.5133314107032162
Orkhon,2012,0.00847457627118644,0.005319148936170213,0.0,0.01749271137026239,0.007246376811594203,0.00901864873127484,0.0077065626778426485,-0.24240507295334834,-0.19714396978510204,-19.189182874891472,-1.1175772459528588,-0.8262921777095454
Orkhon,2013,0.00847457627118644,0.00975609756097561,0.0,0.01371571072319202,0.009749303621169917,0.010329520232200786,0.008339137635304797,0.4441898678313524,0.45718271993969434,-20.172291395399284,-1.6571322411248253,-1.3674878812675082
Orkhon,2014,0.008620689655172414,0.004629629629629629,0.0,0.002503128911138924,0.0030441400304414,0.004795478548796849,0.0037595176452764737,0.3948272143232693,0.3639968313605433,-16.299532741970463,0.46833634445272576,0.7644439456176639
Orkhon,2015,0.01098901098901099,0.01098901098901099,0.0,0.005859374999999999,0.006726457399103138,0.009329908589559567,0.006912770875425023,-0.6711699019757329,-0.6312470372851212,-13.777488878038172,1.8524982517511999,2.152814888267868
Orkhon,2016,0.01098901098901099,0.005208333333333334,,0.004158004158004158,0.002309468822170901,0.005978117832838291,0.005666204325629845,-0.8400526321336922,-0.8497830954052685,-17.01796400282116,0.07404297053357779,0.36895158280781776
Orkhon,2017,0.02654867256637168,0.03703703703703703,,0.0493358633776091,0.03497942386831276,0.03614734220357869,0.03697524921233264,0.4098695988019411,0.4316301861907637,-17.395237562391472,-0.13301436786414483,0.16126461311295007
Orkhon,2018,0.04065040650406504,0.09589041095890412,,0.0440251572327044,0.04197530864197531,0.06540692855958893,0.05563532083441221,-1.9432363011204183,-1.9452227982834167,-17.31751776801213,-0.09035976523751815,0.20404892219185142
Orkhon,2019,0.01769911504424779,0.005714285714285714,0.0,0.004210526315789474,0.002631578947368421,0.00859932407059707,0.00605110120433828,-1.173590079432933,-1.2121140770711205,-18.232697550455708,-0.5926337388602514,-0.29975239364430695
Orkhon,2020,0.00819672131147541,0.01052631578947368,0.0,0.009881422924901186,0.006666666666666666,0.009175257731958764,0.007054225338503389,-0.05255626639687079,-0.016298478289540397,-15.34740295410154,0.9908894221448439,1.2885860313337452
Orkhon,2021,0.0,0.004926108374384237,0.0,0.001953125,0.005714285714285714,0.0031255034638311583,0.00251870381773399,-0.9396701818571619,-0.9561087325860754,-16.66637776692706,0.2670024514588206,0.5624978254929265
Orkhon,2022,0.006369426751592357,0.00411522633744856,0.0,0.006711409395973154,0.003642987249544627,0.005147723227731989,0.00416780994691174,1.8362750301538227,1.819202697527096,-15.390885416666643,0.9670251392198408,1.2646491805899447
Orkhon,2023,0.01724137931034483,0.02173913043478261,0.0,0.01508295625942685,0.02218430034129693,0.01933946036270703,0.015249553269170244,0.08028514495929702,0.12005706175783797,-16.544604153103275,0.3338349122179099,0.6295335140597561
Orkhon,2024,0.03773584905660378,0.05,0.0,0.04264705882352941,0.05914972273567468,0.04584890404073516,0.037906526123161574,1.4674848892698735,1.4442703103320025,-17.872469753689213,-0.39493154923345575,-0.10144902036922133
Selenge,1992,0.0469208211143695,0.0655241935483871,0.0,0.04853205512282804,0.02140672782874617,0.05592217781967746,0.03647675952286616,1.366519742430269,1.3727148687943511,-18.779155744586053,0.15315685799620626,0.4124649618548781
Selenge,1993,0.06017191977077364,0.1407867494824017,0.0,0.09317963496637849,0.05026455026455027,0.108481548492814,0.06888057089682081,0.3419679473321491,0.31938658141929754,-20.097405229535,-0.5848363342316778,-0.4092945617858158
Selenge,1994,0.03191489361702127,0.0372960372960373,0.0,0.04931034482758621,0.02331002331002331,0.03862432429993413,0.028366259810133614,1.259918872619049,1.2050038007767025,-17.87965414482248,0.6567231894098046,0.973188872294624
Selenge,1995,0.03626943005181347,0.05698924731182795,0.0,0.05670272041953458,0.03361344537815126,0.051079227500315565,0.03671496863226545,1.1226165152499021,1.090092893984516,-18.062642094126897,0.5542813812481047,0.85911934921174
Selenge,1996,0.03398058252427184,0.0389344262295082,0.0,0.05083022704168078,0.0254957507082153,0.03988202310920966,0.029848197300735225,0.5580487537842141,0.5020176126345105,-19.533955302991345,-0.26940119490626974,-0.05805577996309469
Selenge,1997,0.0269607843137255,0.04791029561671764,0.0,0.04569420035149385,0.01447527141133896,0.0404594798066882,0.02700811033865519,-0.3524328280589212,-0.309994060863404,-18.151071796082594,0.5047759433327829,0.8039947687855878
Selenge,1998,0.01932367149758454,0.02180685358255452,0.0,0.02181440443213296,0.01044932079414838,0.02040931114557303,0.014678850061284082,0.4225430002933963,0.4056587077630128,-17.899485417416198,0.645621084433109,0.9608266166625407
Selenge,1999,0.02494331065759637,0.03768115942028986,0.0,0.02181818181818182,0.01596638655462185,0.02938194289122493,0.020081807690137978,1.3307166073108254,1.412657526084877,-17.510368695175416,0.8634595856230769,1.2033909991713623
Selenge,2000,0.02591792656587473,0.03284671532846715,0.0,0.02805733455321744,0.01589595375722543,0.028673685383244208,0.02054358604095695,-0.4052780231308425,-0.34610515086604127,-19.751924160070566,-0.3914263005321501,-0.19393141367810726
Selenge,2001,0.04357298474945534,0.1133640552995392,0.0,0.0896551724137931,0.06694813027744269,0.08754765104352358,0.06270806854804607,-0.07710695713681975,-0.00856152528363964,-22.909070948550553,-2.158885998688295,-2.162007616693304
Selenge,2002,0.01882845188284519,0.01964839710444674,0.0,0.01463104325699746,0.01183431952662722,0.017342733266190954,0.012988442354183321,-0.8664601717213708,-0.8732821407878628,-17.744076323927473,0.732623472307683,1.057704259394692
Selenge,2003,0.05672268907563025,0.1689691817215728,0.125,0.103568045468898,0.09897458760588497,0.11798334236853779,0.1106469007743972,-0.8042090566668483,-0.7337311121324799,-20.17944062885483,-0.6307620614259323,-0.46043311441673135
Selenge,2004,0.02331002331002331,0.01538461538461539,0.0,0.01051840721262209,0.008754863813229572,0.01521908043647174,0.011593581944098073,-0.2783712702522478,-0.24341704472423228,-19.04735332288238,0.00301229946269037,0.24527816095056149
Selenge,2005,0.01518987341772152,0.01023391812865497,0.0,0.005126182965299685,0.005568445475638051,0.009481507542108272,0.007223683997462845,0.2207517274067422,0.21725140902103218,-22.437379013864597,-1.8948195677118267,-1.8679681772865053
Selenge,2006,0.01078167115902965,0.00542740841248304,0.0,0.003602305475504323,0.002932551319648094,0.005709127080320648,0.0045487872733330215,0.08910258418665526,0.12102257704197222,-19.25709314179,-0.1144059588110298,0.11453227738157411
Selenge,2007,0.00510204081632653,0.003525264394829612,0.0,0.001471020888496617,0.001614465611882467,0.0029513629607504283,0.0023425583423070453,0.14977058568448123,0.15180819703859766,-14.960534493964992,2.290928591519176,2.792885675613869
Selenge,2008,0.004415011037527595,0.001895734597156398,0.0,0.0008820286659316428,0.001175364362952515,0.001928494767909847,0.0016736277327136302,0.025662662093914226,0.03812505196447953,-18.651641256767387,0.22454305992159132,0.49195389468856815
Selenge,2009,0.007168458781362008,0.007457121551081283,0.0,0.008592910848549944,0.00650216738912971,0.00749303411401461,0.0059441317140245895,1.119959461787192,1.099743014313072,-18.59907820852177,0.25396933484974965,0.5247202154651649
Selenge,2010,0.02604166666666666,0.06919060052219321,0.0,0.05832536538724218,0.0787143325680551,0.061377463729755034,0.046454393028831434,-0.15272639114816444,-0.1433461229794168,-22.402087241724896,-1.8750622396201981,-1.845968282582902
Selenge,2011,0.006472491909385114,0.006968641114982578,0.0,0.00555374060764456,0.00581135449262405,0.0062876763273743115,0.0049612456249272605,-0.9446350461145684,-0.9737568666191792,-19.4174322295607,-0.20416829634563302,0.014581415354470873
Selenge,2012,0.006125574272588055,0.004608294930875575,0.0,0.009970775313735601,0.004984828781967924,0.006278341200611368,0.0051378946598334314,-0.004445193044587341,-0.08655136101828638,-20.663026722690496,-0.901487177711957,-0.7618870369457058
Selenge,2013,0.007342143906020559,0.006265664160401003,0.0,0.0040842999509884,0.005375188131584606,0.005773929391934328,0.004613459229798914,0.5186706193372064,0.5002397914149512,-22.80962406626917,-2.1032128329105806,-2.1000152369926837
Selenge,2014,0.005594405594405594,0.002915451895043732,0.0,0.001762255687279718,0.002239140170174653,0.0030490903547108444,0.0025022506693807398,0.03764608725087726,0.03588221289724478,-18.48290053250495,0.3190088702094707,0.597142099783188
Selenge,2015,0.006265664160401003,0.009155645981688708,0.0,0.004721705537272857,0.00544464609800363,0.006940618383802683,0.00511753235547324,-0.4274004810834965,-0.42638084940958815,-17.01142670480826,1.1427813653102128,1.5144173542048567
Selenge,2016,0.00364963503649635,0.00384985563041386,0.0,0.001892560780317368,0.002077706212341575,0.003090224363872221,0.0022939515319138305,-1.3724060113959544,-1.384488349933902,-17.915901799787534,0.6364307311886129,0.9505931072158103
Selenge,2017,0.02243589743589744,0.05037895675434686,0.0,0.04604297344187909,0.04078947368421053,0.04224842183438544,0.03192946026326678,-0.15217197077487174,-0.23072947670496913,-18.615013336717016,0.24504840124830385,0.5147867062892555
Selenge,2018,0.01362683438155136,0.01648351648351648,0.0,0.007436007436007436,0.009067096514205118,0.012777171879347677,0.009322690963056079,-1.9872480602241653,-1.9949673855269543,-18.15488515485795,0.5026411176811385,0.8016176285503843
Selenge,2019,0.006147540983606557,0.007380073800738007,0.0,0.003541578127213486,0.003851338340073176,0.005728265031948529,0.004184106250326246,-0.5552109393600657,-0.5361093753259943,-19.660620384885533,-0.34031187547028957,-0.13701521711645634
Selenge,2020,0.005802707930367504,0.005596211795092553,0.0,0.003088492010205451,0.002992021276595745,0.004673775189064775,0.0034958866024522505,-0.21297429232791432,-0.22132644832762827,-17.26468438934859,1.001000580106721,1.3565436614157662
Selenge,2021,0.008204193254329991,0.012890625,0.0,0.006382435537401072,0.00687593423019432,0.009546513517906485,0.006870637604385077,-0.0102031464204081,0.02403419748372735,-18.409893049273553,0.35988051569207735,0.6426529043216491
Selenge,2022,0.009174311926605505,0.008167613636363634,0.0,0.006355184182652701,0.007244094488188976,0.00785305874614178,0.006188240846762163,1.9016784840074936,1.910122728928376,-16.75725054824559,1.285076337022009,1.672863596530415
Selenge,2023,0.03018575851393189,0.04087102177554439,0.0,0.02962444599953347,0.0414871549385671,0.03623935939104283,0.02843367624551537,0.13532069199014554,0.16444692730129754,-19.003180199338658,0.02774165822740888,0.27281443945888656
Selenge,2024,0.03136136849607983,0.03066271018793274,0.0,0.0404873714938444,0.04895755770662695,0.034877388206894525,0.030293801576896782,0.8118019561551038,0.7931148246659618,-20.720968360231613,-0.9339245384240953,-0.7980062184878807
Sukhbaatar,1992,0.02618243243243243,0.02363367799113737,0.05755395683453238,0.02097678142514011,0.02715877437325905,0.024959017058642126,0.031101124611300268,0.7079628393444632,0.6883742072234732,-16.98270631195394,0.29625380186293676,0.4652413500607876
Sukhbaatar,1993,0.02729528535980149,0.02770083102493075,0.03937007874015748,0.0237334550433592,0.02201834862385321,0.026520450274155734,0.028023599758420427,0.4938369385728102,0.5309986818839622,-16.74515197097612,0.4243830350855825,0.5983763283637408
Sukhbaatar,1994,0.05602240896358543,0.1130434782608696,0.1139240506329114,0.0980603448275862,0.101123595505618,0.08949473501465649,0.09643477563811412,0.6822525911962877,0.699732016883832,-17.922085702547438,-0.21041747396586097,-0.06122452831515796
Sukhbaatar,1995,0.04204892966360856,0.06566604127579737,0.06722689075630252,0.08579225652396384,0.08287013643254168,0.06319588278230841,0.0687208509304428,0.292109540464517,0.25944601959722957,-17.07574311943462,0.2460727159062908,0.41309979249408
Sukhbaatar,1996,0.01704966641957005,0.03997539975399754,0.1491228070175439,0.0282030620467365,0.02423954372623574,0.030867628611989516,0.05171809579281674,-0.3061430488281791,-0.3095707483561921,-16.819014781008462,0.3845437916764396,0.5569806478193505
Sukhbaatar,1997,0.01502145922746781,0.06093649775497113,0.02678571428571429,0.03442065239143486,0.04652155356380708,0.03738384000417821,0.036737175444679034,0.6273777961746372,0.6300136627732915,-18.232243265131444,-0.3777065687831349,-0.23504926330063236
Sukhbaatar,1998,0.009038089089735312,0.01134328358208955,0.01694915254237288,0.04324223137401722,0.02983383685800604,0.01794359118329784,0.022081318689244202,0.48530414244615244,0.4667439461133554,-14.769455448273666,1.4900107120731778,1.705635882537793
Sukhbaatar,1999,0.01062573789846517,0.01136363636363636,0.02479338842975207,0.01354029062087186,0.0129582806573957,0.01189045620651618,0.014656266794024231,1.913716709555516,1.924618494749005,-16.37490339381718,0.624083306180944,0.8058784774882527
Sukhbaatar,2000,0.01433882103027084,0.02413629910080454,0.0,0.02565961148158887,0.03240607972469171,0.02118547766584612,0.01930816226747119,-0.334703176033797,-0.3237023948630772,-18.32542261923511,-0.4279645398407915,-0.2872707097107945
Sukhbaatar,2001,0.08740894901144641,0.3840648854961832,0.05737704918032787,0.1169664017844696,0.136804209360288,0.19762619762619762,0.15652429896654302,-1.0079919632280476,-1.009484241237687,-21.46886366977484,-2.1234363625335626,-2.0489811223161145
Sukhbaatar,2002,0.008747949699289229,0.01305293691080493,0.01652892561983471,0.01370056497175141,0.01391035548686244,0.011644417438104156,0.013188146537708546,-0.6068436424039045,-0.5891331894643467,-14.997830889301891,1.3668322846641743,1.5776451278284989
Sukhbaatar,2003,0.0333686440677966,0.03774928774928775,0.008064516129032258,0.01884669479606188,0.01769147788565264,0.02897306322018991,0.023144124125566223,0.9412424423271393,0.9289046003434432,-17.708843600365398,-0.09540148675676617,0.05828489647760036
Sukhbaatar,2004,0.03081664098613251,0.07204230006609386,0.01550387596899225,0.03363321799307958,0.03787878787878787,0.04264016384655748,0.03797496457861722,0.2563679025476736,0.31181115229995787,-16.556852837019047,0.5259455809481345,0.7039067135827614
Sukhbaatar,2005,0.04150943396226415,0.09104046242774566,0.02380952380952381,0.05973952434881088,0.06590951405697262,0.060638319893307785,0.05640169172106342,-0.801680239710644,-0.78158811266096,-19.86237658428887,-1.256948477706321,-1.1486413415746675
Sukhbaatar,2006,0.009566685424873383,0.01436552274541101,0.00847457627118644,0.01494252873563218,0.0204958032402889,0.013403824059630674,0.013569023283478383,-0.03975518440704069,-0.056631554313248074,-17.83372356455811,-0.16275775560464867,-0.011702842979547918
Sukhbaatar,2007,0.01758366420873511,0.02799377916018663,0.008849557522123894,0.01904635055940331,0.01463328631875882,0.019729319869534346,0.017621327553841555,-0.21788660171434063,-0.22344921299548856,-14.899513162592383,1.4198617299844731,1.63274632428901
Sukhbaatar,2008,0.2379518072289157,0.2656500802568219,0.1018518518518519,0.20340074713384,0.2475059382422803,0.23552331292979675,0.21127208494274194,-1.900418918069338,-1.8487250829748139,-17.041728456558698,0.2644191399483824,0.4321629735133272
Sukhbaatar,2009,0.01346801346801347,0.02249488752556237,0.01041666666666667,0.01404992497612877,0.01474622770919067,0.01576138424155221,0.015035144069112388,0.8150330762916886,0.8115186159591666,-17.182216947822138,0.18864412953141146,0.3534275896041816
Sukhbaatar,2010,0.01368821292775665,0.06085376930063579,0.009900990099009901,0.03162703525828745,0.03697208826538068,0.033235843246258674,0.03060841917021409,-0.4639585307841675,-0.4553911574662119,-19.981485674458142,-1.3211921212045494,-1.2153948518245645
Sukhbaatar,2011,0.01147873058744092,0.0328125,0.009174311926605505,0.0239284228048273,0.03498701653683203,0.024041874944307588,0.022476196371141153,-0.7134758426158961,-0.7142049539218019,-19.25685401834465,-0.9303489226146883,-0.8092822149550475
Sukhbaatar,2012,0.004851425106124924,0.00804681784930505,0.009345794392523366,0.008870967741935484,0.01299536798764797,0.008224267908417307,0.00882207461550736,0.3426833916248298,0.33571094216119557,-20.35843358193672,-1.5245057973567375,-1.4266515742946022
Sukhbaatar,2013,0.005446623093681918,0.01058901389808074,0.01020408163265306,0.01017601760176018,0.01443274577073228,0.009573914382130648,0.010169696399381634,1.2295093472532068,1.2293374859120916,-20.84823798723116,-1.7886906681577734,-1.701157603538895
Sukhbaatar,2014,0.001969473165928114,0.01686046511627907,0.0,0.002959066250205491,0.004378087112707678,0.006046690815052296,0.005233418329024071,0.2475857485638033,0.20017680527613382,-15.372943738711754,1.1645083802934468,1.3674168454836015
Sukhbaatar,2015,0.005622837370242215,0.005104645227156712,0.01162790697674419,0.004417728852838934,0.006688629330138764,0.005416936080935628,0.0066923495514241635,0.5932122127985651,0.5648389940027498,-14.441822831348682,1.6667252937243993,1.8892543387028191
Sukhbaatar,2016,0.03312788906009245,0.07086247086247086,0.01204819277108434,0.04610398200820215,0.08559479553903346,0.0541228958922128,0.049547466048176655,-0.4239927993637633,-0.3842443351549364,-19.426903574953773,-1.0220682286416494,-0.9045848052440464
Sukhbaatar,2017,0.001820167455405897,0.0210224558050645,0.0,0.003112436778627934,0.003311922922521076,0.006658818205601397,0.005853396592323881,-0.4369875085426612,-0.4589158893658011,-15.798800856067265,0.9348146366027662,1.1287494406030576
Sukhbaatar,2018,0.01299112801013941,0.0304054054054054,0.0,0.01674654327108467,0.02967719541825755,0.0203986535785014,0.017964054420977406,-1.5454948773608446,-1.5716673680643602,-18.246771666824152,-0.3855427251807612,-0.24319156217916915
Sukhbaatar,2019,0.01894286587228842,0.005564387917329093,0.0,0.01139378804432652,0.01407867494824017,0.012991657604133976,0.00999594335643684,-0.5697397902585639,-0.5692328311785184,-16.523813358429916,0.5437660216956125,0.7224233622240742
Sukhbaatar,2020,0.007145076110593352,0.01415270018621974,0.0,0.01187094155844156,0.01571268237934905,0.011423818819433926,0.00977628004692074,-0.2967875997789906,-0.32127103390282025,-15.920363067298783,0.8692478578614,1.0606211029429247
Sukhbaatar,2021,0.006344410876132931,0.01637593449626202,0.0,0.008526004313155124,0.01538822059053273,0.010718738520109985,0.009326914055216561,0.4592170191823295,0.41880611850072447,-19.115046281712004,-0.8538623533312568,-0.7298074730409814
Sukhbaatar,2022,0.004662643993417443,0.005515898767034393,0.0,0.002799449288664525,0.004689593568557391,0.004326797786396455,0.0035335171235347505,0.11771284226699147,0.13345362597782562,-15.995648521505354,0.8286412855689277,1.0184281155571224
Sukhbaatar,2023,0.06757763975155279,0.08894090111176126,0.0125,0.1130705394190871,0.1673637344846195,0.10044426671721106,0.08989056295340413,-0.5182368393951612,-0.5066448697288853,-16.88283314038346,0.3501222045204747,0.5212142801926953
Sukhbaatar,2024,0.1992901992901993,0.4474464579901153,0.03947368421052631,0.5282150282150282,0.4723298046303468,0.38567447499736274,0.33735103486724316,-0.433601833908541,-0.43116239563285846,-19.586283037739392,-1.1080324264504584,-0.99390744709752
Tuv,1992,0.03661436043747028,0.04854854854854854,0.08695652173913043,0.03541490063106339,0.02231121281464531,0.03980460806947268,0.04596910883417159,0.7924606698950748,0.7980186816490176,-17.437420810797253,0.6405569822855841,0.9032783214648786
Tuv,1993,0.04138266796494645,0.09398686205154119,0.05357142857142858,0.05254440047851293,0.02806652806652807,0.05994285801904392,0.05391037742659145,0.6307289539234944,0.6206027297406567,-18.581614482319416,0.01839694622407411,0.2163143207720695
Tuv,1994,0.03039073806078147,0.06401291016675632,0.0625,0.05504496491748197,0.04085510688836105,0.04758627055395123,0.050560744006676164,1.7269674613304205,1.7443944895128645,-18.876315549481422,-0.14184797658603016,0.039378344682701585
Tuv,1995,0.01999091322126307,0.02779234399580493,0.02380952380952381,0.03205780582129045,0.01549720189410245,0.025102820475321804,0.02382955774839694,1.4136626523897518,1.3981014348848129,-16.918100907474663,0.9229393252580025,1.215073507284501
Tuv,1996,0.016579053780833,0.02098880597014925,0.0,0.02071300537741486,0.01148260722728808,0.018460724553274133,0.013952694471137037,0.9798216108642761,0.9830644073317071,-18.367756862684818,0.13468291044102731,0.3447125890192464
Tuv,1997,0.01261467889908257,0.02801358234295416,0.0,0.01617171420170538,0.0103956107421311,0.01793043149178841,0.013439117237174641,0.22196847790686883,0.19226870572664057,-16.238942414397105,1.2922345617737636,1.6228344022459111
Tuv,1998,0.00856225472707813,0.01285656890317397,0.02439024390243903,0.01150895140664962,0.008327385201046872,0.010557539093203368,0.013129080828077525,0.01977977385875396,0.013504222185555675,-17.068161458902402,0.8413432804525024,1.1249784479246383
Tuv,1999,0.0370003303600925,0.1111954459203036,0.02439024390243903,0.05074194098584343,0.03995157384987894,0.06218720968563637,0.0526559070037115,0.45039695187742584,0.4294993790793994,-16.780786531177135,0.99760458467635,1.2975158731546925
Tuv,2000,0.1047430830039526,0.1795190713101161,0.04761904761904762,0.0755680367628287,0.08279352226720647,0.11682300358711706,0.0980485521926303,0.16863349758221083,0.13664342932563844,-19.85945739746091,-0.6764354182197257,-0.5508915317780064
Tuv,2001,0.2444889779559118,0.3718783930510315,0.1388888888888889,0.2021431166000726,0.1809346567411083,0.25914973196493984,0.22766680664740263,-0.5784155695293324,-0.5821946371566388,-21.838181345835128,-1.752374740134101,-1.738900304832554
Tuv,2002,0.02490918526206539,0.03080766028309742,0.0,0.02705119606528057,0.02555143044332824,0.026699422834745527,0.021663894410754322,-0.24445394237185386,-0.26086450400537153,-17.105123616820983,0.8212449543772128,1.1027866874648835
Tuv,2003,0.1496232508073197,0.2159194876486734,0.03703703703703703,0.1111799702528508,0.1386299148763681,0.15150461381785665,0.1304779321244498,-0.7442255123138355,-0.7440176160904933,-18.71201371057326,-0.052508172875977276,0.1380237500775613
Tuv,2004,0.02360774818401937,0.04153005464480874,0.0,0.0217991169977925,0.02196908055329536,0.026205625095299487,0.021781200075983193,0.2866301849395349,0.267098076053727,-18.718075077794904,-0.05580406634494153,0.13438455753534995
Tuv,2005,0.01300236406619385,0.015005359056806,0.0,0.009398496240601505,0.01070901033973412,0.012053111322295248,0.009623045940667095,-0.1945688814053539,-0.20148873474334517,-21.10702996954215,-1.3548081585643041,-1.2999233317279197
Tuv,2006,0.01114827201783723,0.0120259019426457,0.0,0.007479256748860582,0.008032761064734604,0.009809993089025913,0.0077372383548156235,-0.4025045379780546,-0.3928403491504025,-18.659721378068525,-0.024074001033718637,0.16941961498845642
Tuv,2007,0.00808489135927236,0.009916094584286805,0.0,0.005860876249039201,0.005491076999875204,0.0073674629915550524,0.005870587838494714,-0.06146119877921436,-0.05553831093607401,-14.933208780355365,2.0022326198484968,2.4067856015976536
Tuv,2008,0.04418604651162791,0.04770992366412214,0.0,0.03297846794204755,0.03519441674975075,0.04000910924588458,0.03201377097350967,-0.7669414179019288,-0.7476184298080264,-18.455596304940155,0.08691985081100836,0.2919745463502327
Tuv,2009,0.01128349788434415,0.01456876456876457,0.0,0.008414953786729204,0.01080154307758251,0.011001659990258742,0.009013751863484087,0.46344294268399516,0.4663028540447358,-18.483733867654134,0.0716199348365357,0.2750809966542049
Tuv,2010,0.1325611325611326,0.1395468589083419,0.07692307692307693,0.1564887722368037,0.1776649746192893,0.15042075797707058,0.1366369630497289,-0.5121223040069381,-0.52077900375274,-22.317308353877543,-2.0129020302432545,-2.0265640233767424
Tuv,2011,0.007507507507507507,0.01104651162790698,0.0,0.007507175977036873,0.009305654974946313,0.00860822022002346,0.007073370017479534,-0.9318419307839935,-0.9573707810333162,-19.21986786102079,-0.32865596535247454,-0.16688749671841113
Tuv,2012,0.007623318385650224,0.01135135135135135,0.0,0.006496614921698694,0.008081550188263386,0.00817502988605272,0.006710566969392731,0.4480721928023677,0.4354775189342903,-21.168987837927023,-1.388498005474002,-1.3371223009229232
Tuv,2013,0.009323064450749898,0.0135593220338983,0.0,0.01132398849237926,0.01592522070278691,0.012025211184366516,0.010026319135962873,0.09244947689646128,0.08582757360257695,-21.737765851498736,-1.6977734002277618,-1.6786117090836323
Tuv,2014,0.006346967559943582,0.00835421888053467,0.0,0.004956220056170494,0.006822057987492894,0.006472542800396906,0.005295892896828328,0.040474879920991046,0.03329045568211111,-17.17853525157295,0.7813270746848209,1.0587109758421125
Tuv,2015,0.00906344410876133,0.01624049758120249,0.0,0.01364256480218281,0.01717277486910995,0.013409329333074966,0.011223856272251314,0.31541471022689344,0.30169405861901283,-15.357750155931285,1.7713864929104481,2.1518946254596045
Tuv,2016,0.0241130820399113,0.04144258146156279,0.0,0.02179464600211342,0.03336871434257662,0.029045720321961524,0.024143804769232825,-1.237522583696982,-1.2508418984474665,-19.141139872090775,-0.2858472961115522,-0.11961989195189127
Tuv,2017,0.01646628332462101,0.0266707541385653,0.0,0.01342941369145103,0.01579320569844646,0.017801264166520427,0.014471931370616762,-0.24764292233676238,-0.266708690062847,-17.055352754748483,0.8483080662546314,1.132668683300229
Tuv,2018,0.0718849840255591,0.0785070785070785,0.0,0.03644711714274106,0.05240516229956981,0.05955194184868878,0.047848868394989696,-1.9069456132057687,-1.9295233692192426,-19.321454085058797,-0.38389389437086946,-0.2278789884713633
Tuv,2019,0.01259519625073228,0.01275239107332625,0.0,0.01392234515984159,0.01733067729083666,0.013824027928862354,0.011320121954947356,-0.6349124793326083,-0.6394779126182922,-19.48659014223892,-0.47368730771282697,-0.32702525131354254
Tuv,2020,0.01830910070005385,0.02166985340981517,0.0,0.02187189861821513,0.02675845555222987,0.021559976112757062,0.017721861656062803,-0.4018323718891693,-0.4130826152842475,-16.496478371075515,1.152198321334663,1.468212037583913
Tuv,2021,0.04058129969838224,0.04687985097795715,0.05555555555555556,0.03668858008896587,0.04653549010140029,0.04192072099094075,0.04524815528445222,-0.3849407271003869,-0.37425503385918696,-19.232079053758717,-0.3352958518535727,-0.1742189913991296
Tuv,2022,0.008408071748878924,0.011875,0.0,0.007690790771051075,0.01013005685902882,0.009252948666197932,0.007620783875791763,0.46175879374973205,0.4641640865062082,-17.96185351107224,0.35539453484706945,0.588413456502148
Tuv,2023,0.02733199598796389,0.0481651376146789,0.0,0.03516169245435213,0.04580340148584761,0.03738775922960155,0.03129244550856851,-0.0056546273178919235,-0.013288196834936147,-19.62492202011853,-0.5489058378201807,-0.41007851634786496
Tuv,2024,0.09172154280338664,0.09070422535211269,0.02439024390243903,0.1921898058803496,0.1752324037184595,0.1328339726027397,0.11484764433134949,0.32348711316355844,0.32120948405909233,-20.868448167636377,-1.2250783180908411,-1.1566808779292974
Umnugovi,1992,0.04153354632587859,0.052,0.04231433506044906,0.03440134907251265,0.03573931324456903,0.04027604259622821,0.04119770874068186,0.057092102496124404,0.0566680880377865,-11.319153284143496,-0.09030364016998095,-0.003212584746753125
Umnugovi,1993,0.09015025041736228,0.1506276150627615,0.06758080313418219,0.05753138075313807,0.03978469459396208,0.0720521389224852,0.08113494879228123,0.6999908745400661,0.6916993261064154,-11.08435098506784,0.07603834966225033,0.16927640109630862
Umnugovi,1994,0.01025641025641026,0.01895734597156398,0.01971522453450164,0.01362984218077475,0.01395247438412906,0.014938577272700284,0.015302259465475938,1.2802575168297956,1.254546711681579,-11.086070230272059,0.07482037748137661,0.16801342001452732
Umnugovi,1995,0.0103397341211226,0.008264462809917356,0.01528384279475982,0.01388888888888889,0.01088139281828074,0.012108594978119556,0.01173166428659388,0.7958618957625898,0.768609299457434,-10.494187418619768,0.49413043119602973,0.6028186426284144
Umnugovi,1996,0.01017811704834606,0.02380952380952381,0.004305705059203444,0.01641747288185283,0.01299879081015719,0.011815908706360099,0.013541921921816667,0.3868715773632169,0.3846826632560528,-11.977442310474514,-0.556658130546332,-0.4868007224713628
Umnugovi,1997,0.007891770011273957,0.009174311926605503,0.01399354144241119,0.01444141689373297,0.009060175794455713,0.010600004321241061,0.010912243213695865,1.0667866418676704,1.080127846687526,-9.925679976851828,0.8968805723589988,1.020451998267699
Umnugovi,1998,0.009861932938856016,0.02380952380952381,0.01789473684210526,0.02175525339925834,0.02265148901920202,0.018250520426499616,0.019194587201789088,0.6301239911604931,0.5919175129164341,-10.271540210865139,0.6518613380665876,0.7663783318545031
Umnugovi,1999,0.03169014084507042,0.08173076923076923,0.02149437052200614,0.0351123595505618,0.03377720038973692,0.03552508569647865,0.0407609681076289,0.3719745659277559,0.3575345375146236,-9.204416232638867,1.4078485095493043,1.550302226542408
Umnugovi,2000,0.138655462184874,0.3156565656565656,0.003036437246963563,0.09166666666666667,0.07206611570247934,0.10319429451218433,0.12421624949150982,-0.027532084717136168,-0.024955632584319126,-11.8862753373605,-0.4920723246386981,-0.4198282149758082
Umnugovi,2001,0.251008064516129,0.319327731092437,0.08728448275862069,0.1357689459392742,0.1084378957062277,0.16083564765506622,0.18036542400253772,-0.23128285203958718,-0.21729135069686187,-10.281319399233196,0.6449334261232608,0.759194406098176
Umnugovi,2002,0.2943854324734446,0.3801652892561983,0.0959902794653706,0.176056338028169,0.1904180238870793,0.19999271182558354,0.22740307262205234,-0.6768417813749872,-0.7202881814959412,-9.722127801400621,1.041083904406967,1.1699842151495048
Umnugovi,2003,0.1800947867298578,0.2173913043478261,0.0625,0.1159420289855072,0.09350463954318344,0.11075962655543578,0.1338865519212749,0.2738446998572949,0.2789172801680647,-12.38019273192792,-0.8419803219135589,-0.7826667000101071
Umnugovi,2004,0.0108991825613079,0.0,0.01424501424501425,0.01429980276134122,0.01064728747676187,0.011874106903230017,0.010018257408885048,1.2783462394477894,1.2542441283065664,-10.600666639539908,0.41869690455098335,0.5245975481068647
Umnugovi,2005,0.01711491442542787,0.02702702702702703,0.01836158192090396,0.02211621856027754,0.03067740144364242,0.024039752887456352,0.02305942867545576,0.09621337463232563,0.10510969348180724,-13.606681834326828,-1.7108672050647513,-1.683662398319638
Umnugovi,2006,0.02570093457943926,0.05813953488372093,0.02256699576868829,0.04220779220779221,0.03598937583001328,0.03281997791140017,0.03692092665393079,-1.1214543417842828,-1.138803658502805,-12.338903808593727,-0.8127298346207275,-0.7523352912440793
Umnugovi,2007,0.007109004739336493,0.01149425287356322,0.00697350069735007,0.01109350237717908,0.008068647540983607,0.00822889201911848,0.008947781645682495,-0.47937185605377963,-0.5143046607364661,-9.114763500072316,1.4713615755956113,1.6161623521857298
Umnugovi,2008,0.004310344827586207,0.009900990099009901,0.005305039787798408,0.008431703204047217,0.005454919720049403,0.005829290243826744,0.006680599527698228,-0.5141919007089518,-0.5052779070200664,-13.052886002152032,-1.3185392719593363,-1.2768363926459636
Umnugovi,2009,0.01509433962264151,0.03225806451612903,0.006188118811881188,0.02050113895216401,0.0184421052631579,0.016484896556282637,0.018496753433194728,-0.35965985658274613,-0.37209552147249103,-10.456663230613403,0.5207138510534578,0.6303844252433318
Umnugovi,2010,0.2420856610800745,0.4045801526717557,0.08168028004667445,0.3617247804099015,0.3729117431342189,0.2985667071503837,0.292596523468525,-1.7348776405095232,-1.7367851368008889,-12.861540381113665,-1.1829834810897146,-1.136271277873454
Umnugovi,2011,0.007978723404255319,0.01333333333333333,0.005966587112171838,0.01033834586466165,0.009422674244690397,0.008477434586895326,0.009407932791822508,-0.6611624369210837,-0.6764113965336567,-13.204373511561618,-1.4258582115485947,-1.3881211925342787
Umnugovi,2012,0.004608294930875576,0.01149425287356322,0.003416856492027335,0.008547008547008548,0.007384093935358915,0.0062308938743464255,0.007090101355766719,-0.6075157508366051,-0.6316373558069924,-13.584660734953681,-1.6952667041222873,-1.66748539701694
Umnugovi,2013,0.003992015968063873,0.009259259259259259,0.004110996916752313,0.008338892595063376,0.006969728492666182,0.006062013478666841,0.006534178646360999,-0.0024306375269622033,0.014606969756139366,-12.12857892071757,-0.6637284811489378,-0.5978277470244021
Umnugovi,2014,0.006872852233676976,0.007462686567164179,0.00387972841901067,0.006841505131128848,0.007004788082993439,0.0062934760586209225,0.006412312086794822,-0.610639342970168,-0.5959998595318824,-9.956099220558427,0.8753305383633064,0.9981056050776842
Umnugovi,2015,0.00904977375565611,0.006211180124223602,0.004436557231588287,0.006790744466800805,0.01074584096155377,0.008350707076800114,0.007446819307964514,0.6688781420328113,0.6923898951065938,-9.683980758101828,1.068108576284191,1.198007555795756
Umnugovi,2016,0.002695417789757413,0.005347593582887701,0.001686340640809444,0.005145413870246085,0.0051524259338772,0.004021493482995705,0.004005438363515568,0.23043160979472627,0.20788779039306077,-12.08997870551213,-0.6363827667734737,-0.5694715000867819
Umnugovi,2017,0.002344665885111372,0.004524886877828054,0.001532567049808429,0.004799385678633136,0.005337277345508328,0.0039271018472820645,0.003707756567377864,0.7950207615179036,0.7766422128485324,-9.022065791377292,1.5370318070112345,1.6842593590111536
Umnugovi,2018,0.01925025329280648,0.04074074074074074,0.003541076487252125,0.01547231270358306,0.02757259656047364,0.020140353670022947,0.021315395956971208,-1.2142225985589152,-1.1888496546890002,-11.811005090784121,-0.43874830421825417,-0.3645336605901489
Umnugovi,2019,0.001036269430051813,0.0,0.002626395272488509,0.001742160278745645,0.003784071424348135,0.0025479947867387,0.0018377792811268203,-0.4107732577792096,-0.4210725054283943,-13.640821131953464,-1.735052652656385,-1.7087415940864368
Umnugovi,2020,0.01095890410958904,0.01261829652996846,0.003799873337555415,0.00835421888053467,0.006454866364094806,0.007370972676566802,0.00843723184434848,-0.18705075907691937,-0.15584574546842458,-8.928180157696737,1.6035436051689325,1.753229031806283
Umnugovi,2021,0.04619565217391304,0.08734939759036144,0.03537170263788969,0.04175212423088192,0.0462972772539464,0.04531452233010637,0.051393230777398505,-1.16301079742032,-1.1503498542704287,-10.56020960277979,0.447358054905501,0.5543178415981979
Umnugovi,2022,0.006862745098039216,0.006389776357827477,0.006849315068493151,0.003829583532790809,0.003954305799648506,0.005223908343912167,0.005577145171359831,-0.26002343039007886,-0.30753432512771284,-10.851468008535857,0.24102062567438057,0.3403554263028374
Umnugovi,2023,0.05777777777777778,0.08908045977011496,0.03094660194174757,0.04439840165754032,0.07577594568380214,0.05830720688130552,0.059595837366196544,-1.585294253322245,-1.57903118614415,-10.497251609519653,0.49195965342460607,0.6005676460119788
Umnugovi,2024,0.06364617044228695,0.05797101449275362,0.03307888040712469,0.04092819294719532,0.03836674334538285,0.043576256135763804,0.04679820032694869,-0.9451905660321074,-0.9476953516528359,-11.702035861545117,-0.36155077040594646,-0.28448337184284966
Uvs,1992,0.08850931677018634,0.09344581440622973,0.07736389684813755,0.04921077065923863,0.05233143240523314,0.07455786850467376,0.07217224621780507,0.7528515365018391,0.7637858783841627,-19.007954834862556,0.2728863085557811,0.3744557951856723
Uvs,1993,0.06546080964685616,0.05592991913746631,0.04878048780487804,0.03508771929824561,0.02535301668806162,0.04870721165561555,0.046122390515101544,0.027145068928369365,0.038158545498523246,-18.24507337977272,0.6959781018423197,0.8354301508247868
Uvs,1994,0.02516309412861137,0.02448979591836735,0.04597701149425287,0.03677652733118971,0.0311614730878187,0.03022915650901999,0.032713580392048,1.9259302817653212,1.9086373229321456,-18.945981757074787,0.30725639376597375,0.41190329034968237
Uvs,1995,0.02521739130434783,0.03028467595396729,0.03162055335968379,0.03269561696527989,0.02242585001205691,0.028925783451052775,0.028448817519067145,1.765031963022387,1.7622619467481897,-18.035780462544004,0.8120513332489486,0.96189628395156
Uvs,1996,0.02559867877786953,0.03408466190214404,0.004048582995951417,0.02453209262979803,0.02038269550748752,0.02656770376225654,0.02172934236265011,0.6147870204401987,0.641795262176015,-19.062593814108844,0.2425836926533723,0.3414399601790779
Uvs,1997,0.02502017756255044,0.05103148751357221,0.004132231404958678,0.02009340719018138,0.0177734375,0.03029928057553957,0.023610148234252542,0.4847579064226657,0.4729038448330148,-17.047011150844927,1.3604198621237205,1.559364335239474
Uvs,1998,0.02898550724637681,0.03559693318729464,0.02074688796680498,0.0192327793456674,0.02285513361462729,0.02723599653360044,0.025483448272154225,1.0068825987713095,1.0011244749315247,-17.521133854635018,1.0974728162281173,1.27287368008549
Uvs,1999,0.02766798418972332,0.0406945198046663,0.02469135802469136,0.01881611065907242,0.01914106482226154,0.02782359876679989,0.026202207500082987,0.3810158141128705,0.36776656161592697,-16.516522407074316,1.6546273466847399,1.879914409175488
Uvs,2000,0.2982758620689655,0.3226190476190476,0.09691629955947138,0.1134401972872996,0.14,0.22156437190728365,0.19425028130695682,-0.5862344046364495,-0.589158385517685,-18.94901543852806,0.30557392302590985,0.4100701754616387
Uvs,2001,0.1108144192256342,0.184484389782403,0.02747252747252747,0.0649895178197065,0.060164782525388,0.10150476567318772,0.08958512736513183,0.833481988979172,0.8304576047573745,-19.16139571741042,0.18778844999923675,0.2817384909580186
Uvs,2002,0.1306306306306306,0.1283185840707964,0.07142857142857142,0.130806257521059,0.1567700122613417,0.13364596026109682,0.12359081118247983,-0.7583087610543396,-0.7778247715125839,-18.642381473239354,0.4756322111006724,0.5953550498323011
Uvs,2003,0.03284072249589491,0.0457280385078219,0.01351351351351351,0.01987544719756194,0.01652298850574713,0.02708983820607437,0.025696142044107882,-0.6956894473193864,-0.6841780389832345,-19.13271252382857,0.20369606412298233,0.29907043236365827
Uvs,2004,0.01095461658841941,0.01343784994400896,0.006410256410256411,0.005635566687539136,0.005738057667479558,0.008323314528807918,0.008435269459540696,0.5155897076886161,0.49220822794040986,-18.39882346320207,0.610708761393588,0.7425260106527609
Uvs,2005,0.03129445234708393,0.03988035892323031,0.0189873417721519,0.05041018998272884,0.06907697833113852,0.04893952095178302,0.0419298642712667,-0.5647887668296739,-0.5640651446960783,-22.94601871481328,-1.9111522441300888,-2.005136010873086
Uvs,2006,0.01639344262295082,0.02203856749311294,0.01265822784810127,0.01508555229320644,0.01639344262295082,0.017097596687026533,0.01651384657606446,0.016159556215989506,0.019256882694233462,-19.56578802387775,-0.03648632427010746,0.03738272420623608
Uvs,2007,0.02493765586034912,0.02916666666666667,0.0124223602484472,0.01862980769230769,0.01990586389488135,0.02205532265743848,0.021012470872530407,0.3966296730019556,0.4121095630171529,-16.01022982151386,1.9354157136364918,2.1858438518647305
Uvs,2008,0.06014150943396226,0.1105990783410138,0.0303030303030303,0.08238147394773901,0.08602902605350586,0.08458612666404597,0.07389082361585025,-0.83433063069235,-0.8082945898626658,-20.640691443427265,-0.6326245739978869,-0.6121322271603141
Uvs,2009,0.08070617906683482,0.1505922165820643,0.03726708074534161,0.1122633744855967,0.1166308712298067,0.11448769869537208,0.09949194442192882,-0.6680306322588941,-0.6656041111959262,-19.52153910904477,-0.011946007288009042,0.06412031871292292
Uvs,2010,0.213903743315508,0.2692307692307692,0.09433962264150943,0.3012837306785434,0.2816297355253753,0.27069342291698045,0.23207752027834108,-0.34955282111313635,-0.31021921177816264,-22.648970855054213,-1.7464103817622418,-1.8256435814362086
Uvs,2011,0.03182579564489112,0.02843601895734597,0.01379310344827586,0.02522847213283563,0.02427610412401287,0.02646999732118939,0.024711898861472292,0.07669973722584457,0.061263893808668715,-21.490860966012324,-1.1041260707352993,-1.1258507678889136
Uvs,2012,0.0234375,0.02612330198537095,0.006451612903225806,0.02818555490311216,0.02595306097106668,0.025714040142453015,0.02203020615255512,-0.5442414095378043,-0.5376228445409935,-22.639177347087152,-1.7409789312784159,-1.8197258126997402
Uvs,2013,0.01846590909090909,0.02037037037037037,0.01183431952662722,0.01588114754098361,0.01931804957523566,0.01806586949140577,0.01717395922082519,-0.5349513459513585,-0.5690299021530608,-21.051735630538513,-0.8605884615515906,-0.8605074210107113
Uvs,2014,0.009102730819245772,0.008972267536704732,0.005586592178770951,0.00480902617220013,0.00744818652849741,0.007140547696174423,0.007183760647083799,-0.13657898396101859,-0.13091238853223477,-20.139478022074503,-0.3546530964575791,-0.30927189099110186
Uvs,2015,0.01018099547511312,0.0110041265474553,0.005128205128205128,0.006188020626735422,0.007256062631277448,0.008185956232561329,0.007951482081757283,-0.8353656388538487,-0.8092395422329263,-18.92663321003351,0.31798704059263977,0.42359473198245173
Uvs,2016,0.03775510204081633,0.06760204081632652,0.00975609756097561,0.06507105459985041,0.0865048804513298,0.0649517479545996,0.05333783509385973,-1.0109123499083739,-1.058258276390002,-20.411069830658885,-0.5052771083132208,-0.4733823935124987
Uvs,2017,0.01135288552507096,0.01552795031055901,0.004566210045662101,0.009880130766436615,0.01179624664879357,0.011759942843534174,0.010624684659304452,0.24751255124164465,0.27793041577748306,-17.391297513746792,1.1694796659603508,1.351327839876859
Uvs,2018,0.03263598326359832,0.03730921424533634,0.00851063829787234,0.03949487790735133,0.04428014945544161,0.03815848549134927,0.03244617263391999,-1.5433587405276747,-1.5499971860383657,-21.457115220909188,-1.0854107805467406,-1.1054597582494825
Uvs,2019,0.02504038772213247,0.02897758337889557,0.01195219123505976,0.04610969387755102,0.05017640141121129,0.038477145740773495,0.03245125152497002,-0.5804207853663067,-0.5535261768120032,-22.785019755191918,-1.821862698435931,-1.907851706509853
Uvs,2020,0.009181331293037491,0.009197751660705161,0.00390625,0.009284646061814558,0.008996068944662837,0.009039545768311515,0.008113209592044009,0.6337017701198502,0.5919299690451033,-17.881941278032237,0.8973700888938314,1.0548542638306329
Uvs,2021,0.00574300071787509,0.005673758865248226,0.00392156862745098,0.003512664078387872,0.004254413954477771,0.004635637029620581,0.004621081248687988,0.23378977237266751,0.26000056677776695,-18.34925043851635,0.638201813915686,0.7724807211246402
Uvs,2022,0.01336728198599618,0.0175010175010175,0.007575757575757577,0.01606983985765124,0.01934752151577824,0.01648639829429844,0.014772283687240146,-0.38550738952291425,-0.33417467146950125,-20.189961780575516,-0.3826512392535956,-0.3397769162345123
Uvs,2023,0.0936936936936937,0.119233776387803,0.04411764705882353,0.1128513821518322,0.1280573413138255,0.11226859681165302,0.09959076812119559,-1.9625771920572357,-1.9241642905528105,-20.178945117831493,-0.37654143075673974,-0.33312005103502806
Uvs,2024,0.09709962168978563,0.07651245551601422,0.01544401544401545,0.09466461279932781,0.0808124459809853,0.08547844998022934,0.07290663028602568,-0.6681048991572425,-0.6473509153109274,-20.607867007175486,-0.6144202389668962,-0.5922979223028192
Uvurkhangai,1992,0.03161652218255992,0.03329969727547932,0.02527075812274368,0.02526243919091918,0.01656942823803967,0.028768715871058656,0.026403769001948352,0.4467785113722361,0.45395784215465695,-14.322987167444584,0.35857429103660127,0.4505958251368586
Uvurkhangai,1993,0.1028761061946903,0.1167256189994947,0.03240740740740741,0.06626910801276668,0.04173989455184535,0.08850642110119965,0.0720036270332409,0.8808423661082034,0.880626760532701,-14.80126059149616,0.07212844106236435,0.14765377884122635
Uvurkhangai,1994,0.007841087297438577,0.01215362177929023,0.009523809523809525,0.0133242227536727,0.01217626594511017,0.011071299446550907,0.011003801459864241,1.3979221273538067,1.4032107122969566,-15.165598663502472,-0.14607964549560531,-0.0831207436944335
Uvurkhangai,1995,0.009900990099009903,0.009754028837998302,0.009615384615384616,0.01219220655032273,0.008488410055501142,0.0102818598323102,0.009990204031643338,1.6729216357389376,1.6782243931024055,-14.112056693384181,0.48490403442034663,0.5842008013378265
Uvurkhangai,1996,0.04166666666666666,0.04285186553380126,0.009569377990430623,0.02399817156788054,0.02253903598099118,0.034866316010173294,0.028125023547954053,0.30537912894770086,0.311877584298402,-16.01515877071745,-0.6548952199715881,-0.6212386159998114
Uvurkhangai,1997,0.01156761069006781,0.02237136465324385,0.01020408163265306,0.009126259820649156,0.008117099135063206,0.013761102518268797,0.012277283186335416,0.5871840505903865,0.5816853745951582,-13.466191075211842,0.8717236164060708,0.9932970257185111
Uvurkhangai,1998,0.006957866254348667,0.01214128035320088,0.01041666666666667,0.006045301499846955,0.007891377509574096,0.008437677378946375,0.008690498456727456,-0.0220155510491397,-0.024369916868244555,-13.611273236463276,0.7848315147213977,0.9014008746880439
Uvurkhangai,1999,0.02113937656753852,0.02018413597733711,0.01538461538461538,0.01282513149362346,0.01469661977745119,0.017927369116851728,0.016845975840113134,0.26325184978396643,0.2565850074998946,-12.381677039194892,1.5212569779385425,1.6802365142732427
Uvurkhangai,2000,0.3149305555555555,0.3364864864864865,0.2590673575129533,0.1990724474738248,0.169926913155632,0.2737194582498504,0.2558967520368904,0.13549566179452452,0.14178597474453095,-15.935480003572431,-0.6071742908294065,-0.5707694752293603
Uvurkhangai,2001,0.1723750701852892,0.3718535469107551,0.0303030303030303,0.1244570349386214,0.1025044477897906,0.1969921580216039,0.16029862602549733,-0.5879190273584798,-0.5852030735003723,-14.840512576345647,0.048619779284462976,0.12279127130163416
Uvurkhangai,2002,0.1773049645390071,0.2497482376636455,0.06802721088435375,0.09636702886620568,0.1199146514935989,0.1538920658729415,0.1422724186893622,-0.2033149773364034,-0.20216995767070306,-13.770251370015096,0.68961688580307,0.8007029084777052
Uvurkhangai,2003,0.05121527777777778,0.05179282868525897,0.01503759398496241,0.02307978657401663,0.02440140308067714,0.03627702859159123,0.03310537802053858,-0.8710645152969593,-0.8831347753315719,-14.290862373308924,0.3778143606258414,0.47094391554472803
Uvurkhangai,2004,0.005654281098546042,0.00963855421686747,0.007142857142857144,0.004196438697969831,0.003797158255756982,0.005470230018419829,0.006085857882399495,1.3118121985002158,1.2980057854327174,-14.170910532461026,0.44965549851843184,0.5469223293473559
Uvurkhangai,2005,0.01203912716328066,0.01754385964912281,0.007246376811594203,0.0159547092125579,0.02114164904862579,0.01626402326823767,0.014785144377036272,-0.2846136370825958,-0.2901149006908585,-17.737002985894996,-1.6861361481452772,-1.7118679165564177
Uvurkhangai,2006,0.008052708638360176,0.01905717151454363,0.007633587786259543,0.006418121755545068,0.00937311026002822,0.009733007126901394,0.010106939990947328,-0.6953849810823504,-0.6953633097108689,-15.437224203853262,-0.3087606661581773,-0.25517043929105016
Uvurkhangai,2007,0.006609385327164573,0.009900990099009903,0.0,0.003708587440250535,0.004760225669957686,0.005704262793598107,0.004995837707276539,0.3229690982572058,0.32220446826445753,-11.44095062428273,2.084673559253068,2.2760998234315464
Uvurkhangai,2008,0.08857142857142856,0.08239700374531835,0.007407407407407408,0.03768552082620888,0.04124884432117204,0.058555222988992114,0.051462040974307045,-0.5284288693454176,-0.5230074254425154,-16.196080206747087,-0.7632520550285173,-0.7358356378984245
Uvurkhangai,2009,0.0138728323699422,0.0244807121661721,0.007092198581560284,0.02644659699209788,0.04105985757361904,0.026904607167055485,0.022590439536678303,-0.44583316424981273,-0.43675891460604044,-14.588494278212703,0.1995576988665616,0.28242158965297043
Uvurkhangai,2010,0.4367502726281352,0.5627214741318215,0.05263157894736843,0.4560718931063024,0.4610156692467435,0.46393480468244125,0.3938381776120742,-1.1422350857658068,-1.1289961955112657,-17.804709508863525,-1.7266867025880197,-1.7547537462600482
Uvurkhangai,2011,0.007908611599297012,0.01181102362204724,0.0,0.01115324559446799,0.01121865376154861,0.010150615676915895,0.00841830691547217,-0.7688195714454943,-0.7581739932809289,-17.33966338594079,-1.4481629016430158,-1.4601899737079036
Uvurkhangai,2012,0.002834868887313962,0.01434878587196468,0.0,0.002567027952082145,0.003284801136363636,0.004523496066761689,0.004607096769544885,-0.00527156265092435,0.003543879197191907,-18.032833793338387,-1.8633141028993527,-1.899249413535697
Uvurkhangai,2013,0.00469208211143695,0.007017543859649123,0.0,0.006255244488519337,0.007294429708222812,0.006112817139885965,0.005051860033565644,-0.477149584251112,-0.4736696814388921,-17.108184840315456,-1.3095265789497057,-1.3135696917544721
Uvurkhangai,2014,0.001942690626517727,0.002760524499654934,0.0,0.002205930059041069,0.002922119171642739,0.002373641770133103,0.0019662528713712936,-0.5757737920211906,-0.5714171987899077,-13.84001670880504,0.6478332725737658,0.756513009079794
Uvurkhangai,2015,0.01134062373430539,0.00818330605564648,0.009090909090909092,0.0140025259458569,0.01882173747484089,0.013446279587194226,0.012287820460311752,0.49701384754486744,0.4927021619473488,-12.336056578900159,1.5485798248043379,1.7091328628881406
Uvurkhangai,2016,0.007137758743754462,0.007352941176470589,0.0,0.007567514096349788,0.009602194787379972,0.007791498333976702,0.006332081760790961,-0.04184323091612322,-0.04930408082994505,-15.324470373466168,-0.24123053556994892,-0.18375130038975643
Uvurkhangai,2017,0.002473716759431045,0.003462870334744133,0.003802281368821293,0.004582720201807862,0.007475793740148616,0.0044817053044715035,0.00435947648099059,1.221777827303195,1.2236375307507983,-13.23424972275554,1.0106371217514047,1.1402104530598383
Uvurkhangai,2018,0.09038461538461538,0.09892689470154259,0.006944444444444445,0.0526790072466489,0.06253139126067303,0.07348856024564325,0.06229327060758487,-1.741617893968449,-1.7468667565486609,-15.469029382393163,-0.3278093126902538,-0.2753160827350326
Uvurkhangai,2019,0.01236093943139679,0.01395519647447668,0.003174603174603175,0.01657586646574707,0.02346602546976578,0.016343519713079662,0.0139065262031979,-0.8429398230187907,-0.8464158981538429,-17.431517847783127,-1.5031760553605373,-1.518371292661769
Uvurkhangai,2020,0.0352536543422184,0.03180574555403557,0.03363914373088685,0.03483197790394353,0.0413290113452188,0.03584939749744964,0.03537190657526063,-0.5171608236505739,-0.5214681848261566,-12.842805705097414,1.2450794066802877,1.3881540889720612
Uvurkhangai,2021,0.05212424134237772,0.0857823669579031,0.1804511278195489,0.0616548463356974,0.08711785556047852,0.07185882301682611,0.09342608760320112,-1.6728140265326272,-1.667254729009003,-14.36103189759333,0.3357886740307881,0.42649800196200577
Uvurkhangai,2022,0.002967359050445104,0.002503128911138924,0.0,0.002698785546504073,0.003280883829929696,0.002809864827912408,0.0022900314676035593,0.12682984725830762,0.1396006260987532,-14.811679025423707,0.06588866897447387,0.14105466307503906
Uvurkhangai,2023,0.03341661461586509,0.04142651296829971,0.005181347150259068,0.0373035493554653,0.04209109003629552,0.037612988849717144,0.03188382282523694,-1.4406525597437911,-1.4309668506391995,-14.606368958209172,0.18885225790512974,0.27109963057538233
Uvurkhangai,2024,0.01659988551803091,0.01504481434058899,0.004830917874396136,0.02567962835512732,0.02604920405209841,0.020413693433294192,0.017640890028048355,0.02957946719629353,0.040281296768813694,-15.589250407245851,-0.3998116693275493,-0.35146499974595113
Zavkhan,1992,0.03227931488801054,0.05268542199488491,0.04724409448818898,0.04797776640093615,0.02807714123652864,0.043579651282463217,0.04165274780170984,0.5591036828356944,0.5690534940614852,-20.013979098163052,0.4781683034235362,0.5372721738666497
Zavkhan,1993,0.1056149732620321,0.2147270854788878,0.04310344827586207,0.1152005888847994,0.06844516302883319,0.13693541834368356,0.10941825178608293,0.22970262799761235,0.23221718506725067,-19.94057543790791,0.5193942481121523,0.5800598763102092
Zavkhan,1994,0.006949270326615705,0.00949868073878628,0.009433962264150945,0.008910103420843278,0.006454816285998014,0.008342022940563087,0.008249366607278843,2.173300915099636,2.171264334447307,-19.638250024208013,0.6891902874354342,0.7562882796017335
Zavkhan,1995,0.01244813278008299,0.01458241272646929,0.01769911504424779,0.01440748283925473,0.01301476301476302,0.013829141785768048,0.014430381280963564,1.733712073220307,1.7444287700654282,-20.088270697613787,0.43644366245687183,0.493966883090888
Zavkhan,1996,0.00949868073878628,0.009682416731216111,0.05172413793103448,0.008876852478748214,0.01027900146842878,0.00998419394301927,0.018012217869642775,0.9219374816041874,0.9209372299281049,-20.64741048048315,0.12241210487984552,0.16803890387823328
Zavkhan,1997,0.01347305389221557,0.04066811909949165,0.009009009009009009,0.0153694730466384,0.01754385964912281,0.023337990464474302,0.019212702939295487,0.35589635970470823,0.33684221121483743,-18.310020498283784,1.4351683051420256,1.530526097367977
Zavkhan,1998,0.0244140625,0.0306553911205074,0.01851851851851852,0.0213713268032057,0.01987315010570824,0.02505336565859501,0.022966489809587973,0.3495997179314424,0.34645801441980917,-18.327592281550775,1.4252994053824313,1.5202833352057448
Zavkhan,1999,0.0526829268292683,0.04966300106420717,0.01801801801801802,0.04092487257147078,0.02979119563771778,0.045308126339377364,0.03821600282413641,0.8787167334436763,0.8786642706449701,-18.329745187236263,1.424090261718461,1.5190283856904274
Zavkhan,2000,0.208636836628512,0.3957258658806191,0.1018518518518519,0.1464514597673866,0.1470588235294118,0.2456295235499213,0.19994496753155627,-0.5070172941266217,-0.5238495027160657,-21.073365790129692,-0.11681860887847248,-0.08025455969102757
Zavkhan,2001,0.3086330935251799,0.5360759493670886,0.04597701149425288,0.3083000190367409,0.2275213675213675,0.35413090128755365,0.285301488188926,-0.07988497151661436,-0.09550583602419911,-21.029657407350157,-0.09227052279346376,-0.05477652126406883
Zavkhan,2002,0.06575073601570167,0.05630630630630631,0.03797468354430379,0.0569996041694155,0.06656609466339808,0.060842520341006914,0.05671948493982506,-0.3353303742837597,-0.32189484169990185,-19.71315097728357,0.6471234131421842,0.7126277907133557
Zavkhan,2003,0.04817987152034261,0.07211538461538461,0.01408450704225352,0.04307692307692308,0.05086301872934263,0.051691148209421625,0.0456639409968493,-0.8755669859314974,-0.8808245550177091,-20.244138197758005,0.34890327390726594,0.403110211998317
Zavkhan,2004,0.01168969181721573,0.02059496567505721,0.0,0.005429162357807653,0.003601440576230492,0.009591197395021529,0.008263052085262217,0.938267680783599,0.9106356893644738,-19.93987050760645,0.519790160489223,0.5804707869906502
Zavkhan,2005,0.02393340270551509,0.04257528556593977,0.015625,0.03155796700254678,0.04700587573446681,0.035635740369160666,0.03213950620169369,-0.46845758790421144,-0.46424409400334166,-24.252731600089394,-1.9024565262613975,-1.9335375943916357
Zavkhan,2006,0.009881422924901186,0.01119402985074627,0.01587301587301588,0.004871395167575994,0.00568973525313516,0.007570857067493986,0.009501919813874899,0.299845380701062,0.29314238824914735,-21.560290424330805,-0.3902917295283856,-0.3640876313419303
Zavkhan,2007,0.007950530035335688,0.009433962264150943,0.01515151515151515,0.005113863363963245,0.004941556590325953,0.006622359175848984,0.008518285481058197,0.4380994298748914,0.46851866897646627,-17.489250266803445,1.8961402518740782,2.008960991718521
Zavkhan,2008,0.02044025157232704,0.04081632653061224,0.01449275362318841,0.01719666985123516,0.0255244476350004,0.024701008719206115,0.023694089842472652,-0.8808305268752374,-0.8704747003995381,-22.398336276927555,-0.8609662414749129,-0.8525926520770085
Zavkhan,2009,0.04404945904173107,0.08811748998664885,0.01515151515151515,0.05769972983404092,0.07888237110219204,0.06609568605426655,0.05678011302322561,-0.7426058553128687,-0.733543554459328,-20.814158237634306,0.028761000978895078,0.07084002590246082
Zavkhan,2010,0.2419354838709677,0.4956331877729257,0.06060606060606061,0.3426812585499316,0.3749088921282799,0.35733275212921894,0.30315297658563306,-0.8288310694508604,-0.8097870460876835,-23.56342745752775,-1.5153203213895226,-1.5317355528786671
Zavkhan,2011,0.01713062098501071,0.04206241519674356,0.0,0.01792573623559539,0.0185212191920665,0.021770470123749146,0.019127998321883232,0.1367878866091125,0.12513221072720024,-23.157951245529215,-1.2875913521487792,-1.2953795531011267
Zavkhan,2012,0.0142314990512334,0.01440576230492197,0.0,0.009595753368721928,0.00974025974025974,0.011476186662395214,0.009594654893027407,0.03567494344781806,0.040370582109097664,-24.10500208858697,-1.819486703654377,-1.8474246354693284
Zavkhan,2013,0.02568493150684932,0.03051881993896236,0.015625,0.02474083108284694,0.02843966179861645,0.02677190315034356,0.025001848865455013,-0.7764582682513859,-0.7793811647472164,-22.514724782951753,-0.9263339097228745,-0.9204366362367076
Zavkhan,2014,0.007686395080707149,0.007805724197745013,0.0,0.008906250000000001,0.01201231013600715,0.00907979699364231,0.007282135882891863,-0.3934647104902794,-0.37898506001857546,-21.537569862075976,-0.3775311037018796,-0.3508435961844071
Zavkhan,2015,0.00746268656716418,0.006479481641468682,0.0,0.01515979240644632,0.008255752678728264,0.00997415290358167,0.007471542658761489,-1.0264928647253417,-1.0284557603088047,-19.5377721215099,0.745622030003345,0.8148578194292603
Zavkhan,2016,0.01594114040465972,0.05160478288231592,0.0,0.03596339668522429,0.05170330997825562,0.03771811438541184,0.031042525990091108,-0.11239581360371109,-0.1457969184072948,-21.981062027170665,-0.6266111005913731,-0.6093594621529872
Zavkhan,2017,0.009129967776584319,0.01566125290023202,0.0,0.01207952837822217,0.011674933231591,0.011883868646995902,0.009709136457325903,0.5775017547649021,0.5719505007917497,-18.750275997371087,1.1879061278725918,1.2738969152725421
Zavkhan,2018,0.01446480231436837,0.03329864724245578,0.01333333333333333,0.03879849812265331,0.07408502772643254,0.03885597942939385,0.03479606174784866,-1.9501535422083955,-1.9473971457112327,-22.654709750791117,-1.004954138214533,-1.0020352258664715
Zavkhan,2019,0.008089887640449439,0.01121951219512195,0.0,0.004870041039671683,0.007348959542043784,0.007537692761236491,0.006305680083457371,-0.634972593219003,-0.6256625035025118,-24.131526499559083,-1.8343836978346881,-1.8628859707790468
Zavkhan,2020,0.01723430447271235,0.0314822912111937,0.0,0.02506535445179148,0.02601156069364162,0.024380135334886085,0.019958702165867828,0.0033424252821037115,0.016824725072497538,-19.527512388591504,0.751384238322979,0.8208383168286657
Zavkhan,2021,0.01436417405999155,0.02,0.0,0.0105011667963107,0.01651472126737408,0.014804398190224702,0.012276012424735267,-0.31852351730475453,-0.2951589985026025,-20.21532999030646,0.36508292438855544,0.4199027943311937
Zavkhan,2022,0.004352987732489118,0.004486133768352366,0.0,0.004376139619692628,0.00473862354268522,0.004434440771220683,0.0035907769326438666,-0.022950041990144263,-0.00040295402100410657,-20.738236748417698,0.07140104241881735,0.11509539516307692
Zavkhan,2023,0.05559646539027982,0.07871939736346516,0.0,0.05379646298845706,0.07593067537110437,0.0638834930813006,0.052808600222661276,-2.137712399777057,-2.1378250530717016,-21.18643064861054,-0.18031960577366574,-0.14616115760026113
Zavkhan,2024,0.08011049723756906,0.1653976311336718,0.0,0.07446178155243925,0.06960578937345267,0.09747569204425434,0.07791513985942657,-0.6135459681802405,-0.6092162501824497,-21.144812526783337,-0.15694547998036604,-0.12190155246868471
