Aimag,Year,Mort_hor,Mort_cat,Mort_cam,Mort_sheep,Mort_goat,All_SFU,All
Arkhangai,1992,0.03066528066528067,0.03350604490500864,0.1176470588235294,0.03244228432563791,0.02230106436898125,0.03204597263045247,0.047312346617687566
Arkhangai,1993,0.05100379815518177,0.06713780918727916,0.08333333333333334,0.057321713514177,0.04795486600846263,0.059041605107706306,0.061350304039686776
Arkhangai,1994,0.008447729672650475,0.01126363956353397,0.1,0.02037697401935813,0.01148936170212766,0.012234319585327745,0.030315540991534044
Arkhangai,1995,0.02469135802469136,0.03677869372225745,0.1,0.07179612839990199,0.04731638418079096,0.03987683110194747,0.05611651286552836
Arkhangai,1996,0.01387645478961504,0.01576911633442428,0.0,0.01754385964912281,0.01234166937317311,0.015198772323602686,0.011906220029267047
Arkhangai,1997,0.007089241034195162,0.007309149972929075,0.0,0.007258809555232941,0.006994963626189145,0.0072011666492579895,0.0057304328377092645
Arkhangai,1998,0.007521773555027712,0.01364087301587302,0.0,0.007676622286194075,0.00691403549204886,0.010229687883728703,0.007150660869828733
Arkhangai,1999,0.00662739322533137,0.007942069609904227,0.0,0.007547582585867425,0.006341656757827983,0.007322659162567142,0.005691740435786201
Arkhangai,2000,0.06004696410600469,0.0668103448275862,0.25,0.06431718061674009,0.05497097242380261,0.06339991364583528,0.09922909239482672
Arkhangai,2001,0.2349066959385291,0.4122725151656556,0.125,0.2034823820317329,0.1834592005894271,0.30216328088353717,0.23182415874506895
Arkhangai,2002,0.04937701892016613,0.04543815362423368,0.0,0.03583453583453584,0.03333987056285546,0.04371721488262732,0.032797915788358216
Arkhangai,2003,0.07182599898836621,0.1128650355169692,0.0,0.05545454545454546,0.0582432176057674,0.08220481240020326,0.05967775951312966
Arkhangai,2004,0.01765316718587747,0.03421394543092248,0.0,0.01140590131415819,0.0103840448327015,0.021045399085025174,0.014731411752731929
Arkhangai,2005,0.01202928870292887,0.01510574018126888,0.0,0.009058181395888978,0.0081374321880651,0.01187464800832371,0.008866128493630365
Arkhangai,2006,0.01388888888888889,0.0122432859399684,0.0,0.008471157724889069,0.009667593696199179,0.011519993676847385,0.008854185249989106
Arkhangai,2007,0.01072124756335283,0.008173418621179816,0.0,0.005247763248451479,0.007606721162579474,0.008129553572833561,0.006349830119112719
Arkhangai,2008,0.01866181156121985,0.0148593107809042,0.0,0.01163390030189235,0.0167059748427673,0.015401740396664825,0.01237219949735674
Arkhangai,2009,0.01735817104149026,0.01303854875283447,0.0,0.01331681635181171,0.02246808510638298,0.015756240594504863,0.013236324250503886
Arkhangai,2010,0.2810509554140127,0.3275459963721172,0.0,0.2798835451542467,0.3239896242992218,0.3027571190390072,0.24249402424791966
Arkhangai,2011,0.01631820499745028,0.02814569536423841,0.0,0.0360075329566855,0.03377110694183865,0.02784138434811571,0.02284850805204257
Arkhangai,2012,0.01463191586648377,0.02768681155105687,0.0,0.01891301379216168,0.02022401991288115,0.020983549712910367,0.016291152224516693
Arkhangai,2013,0.05155071248952222,0.04877391538668822,0.0,0.06022441035035494,0.05785598163909342,0.0537689883357637,0.04368100397313176
Arkhangai,2014,0.03392990305741984,0.02645131086142322,0.0,0.02134663854739982,0.02845025622901573,0.02726210111731693,0.02203562173905172
Arkhangai,2015,0.02171767028627838,0.02089136490250696,0.0,0.02350302758466024,0.02460191082802548,0.02226048326438511,0.018142794720294213
Arkhangai,2016,0.0256014805675509,0.0782800441014333,0.0,0.02675873974967631,0.02707382339052416,0.045181231556867076,0.03154281756183693
Arkhangai,2017,0.02130044843049327,0.02426015141087405,0.0,0.02451274362818591,0.0302360407901305,0.02432851151159122,0.020061876851936743
Arkhangai,2018,0.0834426659669378,0.09351145038167939,0.07142857142857144,0.04713366841235809,0.06590497422321304,0.07512334120021238,0.07228426608255197
Arkhangai,2019,0.01083509513742072,0.01159047005795235,0.0,0.01183848682004158,0.01140532248382579,0.011442390889396444,0.009133874899848089
Arkhangai,2020,0.0596384127729514,0.04534572595409098,0.07142857142857144,0.07054466624514498,0.07310934207445563,0.05931815628985048,0.06401334369504288
Arkhangai,2021,0.0224342444559051,0.03608247422680412,0.07692307692307693,0.03057060437627524,0.03471429530651984,0.031137531460447964,0.040144939057716246
Arkhangai,2022,0.008887821282728801,0.009692605926336193,0.0,0.01342373343327314,0.01560188298587761,0.011117857266766125,0.00952120872564315
Arkhangai,2023,0.09914529914529914,0.1084100675260896,0.05882352941176471,0.1115121951219512,0.1339314951863252,0.10950651746217131,0.10236451727828597
Arkhangai,2024,0.1264214046822743,0.2072874493927125,0.06666666666666667,0.2390886287625418,0.1668643732700672,0.18707099221886087,0.1612657045548525
Bayan-Ulgii,1992,0.02173913043478261,0.03541666666666667,0.03370786516853932,0.02782905012068721,0.02201371346084446,0.02785023380029578,0.028141285170304054
Bayan-Ulgii,1993,0.05882352941176471,0.1257275902211874,0.02631578947368421,0.03453403833443489,0.03687150837988827,0.06592646230589749,0.0564544911641919
Bayan-Ulgii,1994,0.008025682182985555,0.02070645554202193,0.01388888888888889,0.01108925058129136,0.01425661914460285,0.01351638400393529,0.013593379267958117
Bayan-Ulgii,1995,0.007122507122507123,0.007063572149344097,0.0,0.004077638231936062,0.004366812227074236,0.005627647024695894,0.004526105946172304
Bayan-Ulgii,1996,0.009987515605493135,0.01172529313232831,0.01176470588235294,0.008346524679810044,0.007532122286220647,0.009649862026801499,0.009871232317241015
Bayan-Ulgii,1997,0.01542111506524318,0.04743390357698289,0.0119047619047619,0.01654306902452938,0.02276019035795572,0.026654907534637597,0.022812607985894615
Bayan-Ulgii,1998,0.1014823261117446,0.1882970742685671,0.03529411764705882,0.1129723934601983,0.1173657100809419,0.13230595473391685,0.11108232431370213
Bayan-Ulgii,1999,0.02255639097744361,0.02519548218940052,0.01219512195121951,0.01321856747617584,0.01503453880536368,0.019196402352566092,0.01764002027992063
Bayan-Ulgii,2000,0.08816120906801007,0.1982456140350877,0.125,0.0482394912362339,0.05326360643036995,0.10273442241447867,0.10258198415394033
Bayan-Ulgii,2001,0.09011627906976745,0.2149532710280374,0.02857142857142857,0.05947172257332686,0.06176865528486477,0.10743487093416243,0.090976271305485
Bayan-Ulgii,2002,0.1366366366366366,0.2605140186915888,0.04687499999999999,0.1158001350438893,0.1272627537026879,0.157526438053625,0.13741770881496052
Bayan-Ulgii,2003,0.0396039603960396,0.05100830367734283,0.01694915254237288,0.02293747687754347,0.0211864406779661,0.03311341533324617,0.03033706683425298
Bayan-Ulgii,2004,0.02415458937198068,0.03085714285714286,0.01785714285714286,0.01409740021969974,0.01448803516197298,0.02056287947401966,0.020290862093587825
Bayan-Ulgii,2005,0.0756578947368421,0.1290697674418605,0.04166666666666667,0.05755006314270251,0.06772784019975031,0.08144537398288675,0.07433444643756441
Bayan-Ulgii,2006,0.02430555555555555,0.02236024844720497,0.02325581395348838,0.009327354260089687,0.01047373509506929,0.015886428098471145,0.017944541462281575
Bayan-Ulgii,2007,0.03074433656957929,0.02702702702702703,0.02325581395348838,0.01310116086235489,0.01487928130263897,0.020456643927101916,0.02180152394301771
Bayan-Ulgii,2008,0.0669710806697108,0.1107594936708861,0.02325581395348838,0.0280811232449298,0.03120262758969176,0.0559692799254464,0.05205402782574138
Bayan-Ulgii,2009,0.09547738693467336,0.1362530413625304,0.025,0.06776859504132231,0.08051881340696032,0.09165686901244115,0.08100356734909728
Bayan-Ulgii,2010,0.1333333333333333,0.1669024045261669,0.05128205128205129,0.09326721342742705,0.1278391651319828,0.12727053948855313,0.11452483354019227
Bayan-Ulgii,2011,0.02298850574712644,0.02118003025718608,0.02631578947368421,0.01130926489778164,0.01155651859877212,0.01600409933743267,0.018670021794910098
Bayan-Ulgii,2012,0.01237113402061856,0.009900990099009901,0.0,0.005326494377589269,0.007698113207547169,0.00836478471847801,0.00705934634095298
Bayan-Ulgii,2013,0.02127659574468085,0.01949541284403669,0.0,0.005745125348189415,0.007213966238638003,0.012213145526519633,0.010746220035108991
Bayan-Ulgii,2014,0.006849315068493151,0.005708848715509039,0.0,0.002414001207000604,0.003232479958624257,0.004235957285020003,0.0036409289899254097
Bayan-Ulgii,2015,0.00574712643678161,0.005494505494505494,0.0,0.002250281285160645,0.002834145788459358,0.0038516638839411763,0.0032652118009814214
Bayan-Ulgii,2016,0.01681759379042691,0.02209944751381215,0.02127659574468085,0.01210909945920527,0.01695454063791459,0.017074486249453458,0.017851455429207956
Bayan-Ulgii,2017,0.009324009324009324,0.0109254498714653,0.0,0.004905620134371334,0.01088172480423065,0.008881015682992396,0.0072073608268153205
Bayan-Ulgii,2018,0.0310492505353319,0.04658385093167702,0.01886792452830189,0.02783360128617363,0.03387561779242174,0.03501840379112408,0.03164204901478124
Bayan-Ulgii,2019,0.03147953830010494,0.04682488774855677,0.01785714285714286,0.02368313597386688,0.02891229578675838,0.032693635314115316,0.029751400133285966
Bayan-Ulgii,2020,0.01111111111111111,0.007566204287515763,0.0,0.00281152726177327,0.004928747455266259,0.006222275404063283,0.005283518023133281
Bayan-Ulgii,2021,0.01102204408817635,0.006896551724137932,0.0,0.003200341369746106,0.004693917465284568,0.00610675810797833,0.0051625709294689905
Bayan-Ulgii,2022,0.009700176366843033,0.009345794392523364,0.0,0.004536489151873766,0.007144200037601053,0.007549946990828898,0.0061453319897682435
Bayan-Ulgii,2023,0.06255355612682091,0.0730005367686527,0.01639344262295082,0.04003267973856209,0.05220177796154642,0.05710264058756611,0.04883639864370658
Bayan-Ulgii,2024,0.04663212435233161,0.06210826210826211,0.01612903225806452,0.03011292346298619,0.04129387474191328,0.045698440909806744,0.03925524338471154
Bayankhongor,1992,0.01926782273603083,0.01685823754789272,0.03588516746411483,0.01465798045602606,0.01049475262368816,0.017032648908922594,0.019432792165550522
Bayankhongor,1993,0.09468599033816426,0.1686746987951807,0.03713527851458885,0.1413069688931758,0.08958396598846037,0.12142633639214033,0.106277380505914
Bayankhongor,1994,0.008008008008008008,0.01039168665067946,0.008403361344537815,0.01067711852953102,0.009959321082900827,0.009697964390961857,0.009487899123131426
Bayankhongor,1995,0.01305483028720627,0.01379310344827586,0.01055408970976253,0.01759530791788856,0.01467576791808874,0.014542366049578212,0.013934619856244394
Bayankhongor,1996,0.02262443438914027,0.02826855123674911,0.0251889168765743,0.02988397984296262,0.0303323965500533,0.027618007337982586,0.02725965577909592
Bayankhongor,1997,0.01704545454545454,0.01983471074380165,0.01291989664082687,0.01392791692119731,0.01641989369779803,0.01682098918420557,0.01602957450981568
Bayankhongor,1998,0.01407506702412869,0.015096304008329,0.0154639175257732,0.01459598318542737,0.01577975491018969,0.014936360732094655,0.015002205330769588
Bayankhongor,1999,0.03748411689961881,0.04367699339766379,0.01808785529715762,0.02505773672055427,0.03042401980356145,0.034093476845564755,0.030946144423711186
Bayankhongor,2000,0.1472431077694236,0.2419354838709677,0.002531645569620253,0.08699612844454567,0.05494872008671726,0.13191878404632204,0.1067310171482549
Bayankhongor,2001,0.2748414376321353,0.2359266287160025,0.1024258760107817,0.1802969596983267,0.1900840336134454,0.21556214479861627,0.19671498713413832
Bayankhongor,2002,0.4419695193434936,0.2889908256880734,0.2482269503546099,0.430188679245283,0.4580789834309206,0.39618798740560757,0.3734909916124761
Bayankhongor,2003,0.03512014787430684,0.05447941888619855,0.01030927835051547,0.02108126487589255,0.01334627517592817,0.03205422021768758,0.026867277032568315
Bayankhongor,2004,0.01458670988654781,0.02227432590855803,0.004830917874396136,0.00662451068955134,0.003837810779242449,0.011711237471790354,0.010430855027659152
Bayankhongor,2005,0.01057401812688822,0.01545253863134658,0.004761904761904762,0.007337526205450733,0.00575765506411934,0.009425226232935114,0.008776728557941928
Bayankhongor,2006,0.01836158192090396,0.02378490175801447,0.0131578947368421,0.01364348020577052,0.009824254993996289,0.01568219583243614,0.01575442272310547
Bayankhongor,2007,0.01913265306122449,0.02571166207529844,0.004329004329004329,0.01542223058115478,0.00888771559310102,0.015698986128906463,0.014696653127956611
Bayankhongor,2008,0.04069767441860465,0.07094594594594594,0.003968253968253969,0.03359337685081994,0.02389461144979329,0.037957080059327526,0.03461997252668356
Bayankhongor,2009,0.07860262008733625,0.08823529411764706,0.01094890510948905,0.08479863868406125,0.0667098827273263,0.07433357988363182,0.06585906814517198
Bayankhongor,2010,0.1919642857142857,0.2720125786163522,0.04713804713804714,0.2218543046357616,0.2454911574155139,0.22974666747248185,0.1956920747039921
Bayankhongor,2011,0.02419354838709677,0.04039408866995074,0.0132890365448505,0.01967635159985289,0.02002802274787769,0.024611892032770134,0.02351620958992572
Bayankhongor,2012,0.009744214372716201,0.02705139765554554,0.0033003300330033,0.007933937823834197,0.006585540443808159,0.011412827185060462,0.010923084065781479
Bayankhongor,2013,0.01711229946524064,0.0656763096168882,0.002898550724637681,0.01965508496068983,0.02117396479358516,0.028279929941591814,0.025303241912208303
Bayankhongor,2014,0.008333333333333333,0.01166781056966369,0.005376344086021505,0.01675843907110366,0.01553262388476835,0.013293605847244887,0.011533710188978108
Bayankhongor,2015,0.009501187648456057,0.01346604215456674,0.002398081534772182,0.01122345803842265,0.0226369206304663,0.01537761221621686,0.011845138001336786
Bayankhongor,2016,0.0148619957537155,0.0455026455026455,0.002247191011235955,0.03094402364677628,0.03288109229173868,0.030626946051285027,0.025287389641222385
Bayankhongor,2017,0.005656819610307983,0.0107577174929841,0.002012072434607646,0.005142214366061386,0.004904441244015414,0.00618208613964678,0.005694653029595305
Bayankhongor,2018,0.03997779011660189,0.04577611319184353,0.009208103130755065,0.05676634566649773,0.08833003880225491,0.06082873966056721,0.04801167818159062
Bayankhongor,2019,0.01193860147811256,0.01876563803169308,0.001742160278745645,0.009402697495183044,0.008874904191375207,0.011440712592955789,0.010144800295021909
Bayankhongor,2020,0.0337730870712401,0.02135093167701863,0.02581755593803787,0.02368421052631579,0.0281669532135933,0.026732376051546963,0.026558547685241136
Bayankhongor,2021,0.1867728107777097,0.2510170870626526,0.1441441441441441,0.1910569105691057,0.221521268925739,0.21277327373001287,0.1989024442958702
Bayankhongor,2022,0.004392386530014641,0.006568974229408792,0.0,0.003992435385585207,0.002450843870105275,0.004001077213095834,0.0034809280030227833
Bayankhongor,2023,0.0155860349127182,0.02825112107623318,0.002197802197802198,0.0121841155234657,0.009300407751866954,0.01520119845922305,0.013503896292417248
Bayankhongor,2024,0.08121827411167512,0.162048698572628,0.02044989775051125,0.08314182534471437,0.06508182312811284,0.092089369578122,0.0823881037815283
Bulgan,1992,0.02802241793434748,0.0423968343697004,0.08108108108108107,0.02466293982242683,0.01578458681522748,0.03291430548295999,0.03838957200455665
Bulgan,1993,0.08236208236208237,0.1108647450110865,0.1612903225806452,0.0649739788676865,0.04590984974958264,0.08860810298023877,0.09308019571421665
Bulgan,1994,0.007564296520423602,0.01270207852193996,0.1111111111111111,0.01828245555182825,0.009737827715355805,0.012368259633078684,0.031879553884131745
Bulgan,1995,0.009377093101138646,0.01378579003181336,0.06666666666666667,0.02042918454935622,0.009554140127388535,0.013462861072902338,0.023962574895272683
Bulgan,1996,0.024330900243309,0.01452784503631961,0.7692307692307692,0.0155628566487982,0.006966773847802787,0.019465146028371953,0.16612382900139974
Bulgan,1997,0.01235294117647059,0.01225601452564684,0.0,0.01244324869682193,0.006466512702078522,0.011963046403677215,0.008703743420203577
Bulgan,1998,0.006722689075630252,0.006893580353295994,0.0,0.006541037221616571,0.004685669660288949,0.006613279396850739,0.004968595262166353
Bulgan,1999,0.006160164271047227,0.01048810004033885,0.0,0.009006473402758232,0.005581089954038082,0.0083135020855356,0.006247165533636479
Bulgan,2000,0.08285714285714285,0.1127080181543117,0.8,0.06301678777248809,0.05423122765196662,0.08921482876942742,0.22256263528718184
Bulgan,2001,0.1203995793901157,0.2803365810451727,0.1,0.09810333551340746,0.09282576866764275,0.17117232032526802,0.13833305292326772
Bulgan,2002,0.03896848137535817,0.0425,0.0,0.02896995708154507,0.02282983806742766,0.03599918058600331,0.02665365530486618
Bulgan,2003,0.2252712188895979,0.4273564847625797,0.0,0.1895700174317257,0.1829298727227352,0.26881239506947524,0.20502551876132769
Bulgan,2004,0.01792673421667965,0.01995305164319249,0.0,0.01350601295097132,0.01245400509482027,0.0165406448033046,0.012767960781132745
Bulgan,2005,0.01165501165501166,0.01301775147928994,0.0,0.006573403000168549,0.007139340226489414,0.009965052674230146,0.007677101272191912
Bulgan,2006,0.007331378299120234,0.007135575942915392,0.0,0.00391815411406182,0.004207868714496107,0.005897223046497913,0.004518595414118711
Bulgan,2007,0.0108254397834912,0.005221932114882506,0.0,0.00448267506663436,0.004964903269988015,0.0068603778245030205,0.0050989900469992164
Bulgan,2008,0.006293266205160478,0.005054151624548736,0.0,0.004040812203252854,0.004719600222098834,0.005095491634017568,0.00402156605101218
Bulgan,2009,0.01294316263365222,0.01418002466091245,0.0,0.01000250062515629,0.01212537176847403,0.012229914790018259,0.009850211937638999
Bulgan,2010,0.05498652291105121,0.0734094616639478,0.0,0.08996773467397014,0.08825795091889513,0.07560304887817874,0.06132433403357285
Bulgan,2011,0.02405686167304538,0.02441794434980125,0.0,0.03517545346668927,0.03277165981159613,0.028653206430243387,0.023284383860226406
Bulgan,2012,0.01397849462365591,0.01492537313432836,0.0,0.01026936026936027,0.01121019108280255,0.01271781473792251,0.010076683822029418
Bulgan,2013,0.0095333667837431,0.01281394156842645,0.0,0.01379773269689737,0.01673987890300368,0.012739931085731663,0.01057698399041412
Bulgan,2014,0.007532122286220647,0.005882352941176471,0.0,0.005725717439293599,0.005815305885089556,0.006329335789764782,0.004991099710356055
Bulgan,2015,0.01775848460931334,0.01581180100269957,0.0,0.02298641436196021,0.02680136068446552,0.02004271454155278,0.016671612131687726
Bulgan,2016,0.01967461218312523,0.02450284090909091,0.0,0.01566733419719637,0.0199203187250996,0.019911797025394688,0.015953021202902422
Bulgan,2017,0.03281079110462996,0.03405994550408719,0.0,0.02208134099822705,0.0239764973464746,0.028752858052862054,0.022585714990683757
Bulgan,2018,0.06567392134402444,0.08559351884466362,0.0,0.02401917075345519,0.03078129595137731,0.05395616181733611,0.04121358137870411
Bulgan,2019,0.006967213114754098,0.007833920877399137,0.0,0.008098076706782139,0.007890122735242549,0.00766355014506786,0.006157866686835585
Bulgan,2020,0.05110294117647059,0.04957507082152975,0.0,0.05327996673250858,0.03571428571428571,0.04884039236559957,0.03793445288895893
Bulgan,2021,0.006664053312426499,0.008524833209785025,0.0,0.008721753412244435,0.009239130434782607,0.008148052116419264,0.006629954073847713
Bulgan,2022,0.008050402520126006,0.009533537623425264,0.0,0.009224034603158059,0.009621380846325168,0.009004665049449523,0.0072858711186069
Bulgan,2023,0.04731766124171187,0.05629139072847682,0.0,0.0668858572970851,0.07818411097099622,0.059484805877168784,0.049735804047654
Bulgan,2024,0.1036741669040159,0.08554147465437788,0.05,0.2092039001392907,0.1419507575757576,0.13014698896564827,0.11807405985468841
Darkhan-Uul,1992,0.04166666666666667,0.03571428571428572,0.0,0.05672969966629587,0.03149606299212599,0.0426568403959654,0.03312134300787485
Darkhan-Uul,1993,0.05825242718446601,0.1003584229390681,0.0,0.08305647840531562,0.08235294117647059,0.08611111111111111,0.06480405394106406
Darkhan-Uul,1994,0.01941747572815534,0.02032520325203252,,0.02420382165605095,0.02366863905325444,0.021250119651574615,0.021903784922373312
Darkhan-Uul,1995,0.06481481481481481,0.06343283582089553,0.0,0.1049382716049383,0.06220095693779905,0.07356478869056457,0.05907737583568954
Darkhan-Uul,1996,0.04310344827586207,0.06354515050167224,,0.05405405405405406,0.04310344827586207,0.05569933610892314,0.05095152527686261
Darkhan-Uul,1997,0.02654867256637168,0.06529209621993126,,0.04507042253521127,0.0311284046692607,0.050081936578213485,0.04200989899769373
Darkhan-Uul,1998,0.01818181818181818,0.01544401544401545,0.0,0.02074688796680498,0.01454545454545455,0.017154114259736328,0.013783635227618631
Darkhan-Uul,1999,0.01639344262295082,0.01929260450160772,0.0,0.02728351126927639,0.01975308641975309,0.020394151303242212,0.016544528962717603
Darkhan-Uul,2000,0.03937007874015748,0.03592814371257485,0.0,0.02666666666666666,0.02088167053364269,0.0332306075157075,0.024569311930608333
Darkhan-Uul,2001,0.03937007874015748,0.1107594936708861,0.0,0.0911917098445596,0.08582089552238806,0.0882519328681878,0.06542843555559825
Darkhan-Uul,2002,0.007575757575757577,0.01730103806228374,0.0,0.008264462809917354,0.007575757575757577,0.011944193516009234,0.008143403204743249
Darkhan-Uul,2003,0.03738317757009346,0.09795918367346938,0.0,0.08041504539559015,0.07462686567164178,0.07764421694369356,0.058076854462158954
Darkhan-Uul,2004,0.0,0.005780346820809248,,0.005376344086021506,0.004950495049504951,0.004216114928169893,0.004026796489083926
Darkhan-Uul,2005,0.01234567901234568,0.005847953216374269,,0.003502626970227671,0.00234192037470726,0.0062394537534827136,0.006009544893413719
Darkhan-Uul,2006,0.0,0.005154639175257733,0.0,0.001529051987767584,0.00198019801980198,0.002818911685994648,0.0017327778365654593
Darkhan-Uul,2007,0.0,0.004739336492890996,0.0,0.00120918984280532,0.001464128843338214,0.0024168629730473893,0.0014825310358069059
Darkhan-Uul,2008,0.0,0.003831417624521073,0.0,0.0009784735812133072,0.001066098081023454,0.0019724358334165587,0.001175197857351567
Darkhan-Uul,2009,0.0,0.006134969325153374,0.0,0.0049079754601227,0.005763688760806916,0.004867399162521027,0.0033613267092165978
Darkhan-Uul,2010,0.03603603603603604,0.1117021276595745,0.0,0.1082152974504249,0.1647058823529412,0.11132075471698114,0.08413186869979533
Darkhan-Uul,2011,0.009803921568627453,0.006153846153846154,0.0,0.007836990595611286,0.01269035532994924,0.008112377780624227,0.007297022729606827
Darkhan-Uul,2012,0.01818181818181818,0.01179941002949853,0.0,0.0064,0.008092485549132947,0.01076685537828101,0.008894742752089933
Darkhan-Uul,2013,0.01769911504424779,0.01404494382022472,0.0,0.01102941176470588,0.01410105757931845,0.013759388121193006,0.011374905641699368
Darkhan-Uul,2014,0.0078125,0.00510204081632653,0.0,0.006211180124223602,0.004884004884004884,0.0058044488528866105,0.0048019451649110026
Darkhan-Uul,2015,0.007042253521126762,0.0128755364806867,0.0,0.01073985680190931,0.01148225469728601,0.011194972525737383,0.008427980300201757
Darkhan-Uul,2016,0.006802721088435375,0.006396588486140725,0.0,0.005571030640668525,0.004819277108433735,0.006068645332449015,0.0047179234647356716
Darkhan-Uul,2017,0.03550295857988166,0.04897959183673469,0.0,0.05980271270036992,0.0667361835245047,0.05150383330057009,0.042204289328298186
Darkhan-Uul,2018,0.005882352941176471,0.02385685884691849,,0.009283819628647213,0.009698275862068966,0.015432287214556114,0.012180326819702783
Darkhan-Uul,2019,0.005649717514124295,0.004514672686230249,0.0,0.002039428959891231,0.003092783505154639,0.0039545308997758575,0.003059320533080083
Darkhan-Uul,2020,0.005181347150259068,0.006329113924050633,0.0,0.00862600123228589,0.00422654268808115,0.006315606080404199,0.004872600998935348
Darkhan-Uul,2021,0.004926108374384237,0.0102880658436214,0.0,0.007416563658838071,0.009244992295839752,0.008389214668499761,0.006375146034536691
Darkhan-Uul,2022,0.009049773755656108,0.009823182711198428,0.0,0.008547008547008546,0.006756756756756757,0.008919776731968919,0.006835344354123968
Darkhan-Uul,2023,0.02314814814814815,0.04752066115702479,,0.08748221906116643,0.1315789473684211,0.061894031488125244,0.07243249393369011
Darkhan-Uul,2024,0.0182648401826484,0.02173913043478261,,0.02406417112299465,0.02712700369913687,0.021936890754934987,0.022798786359890633
Dornod,1992,0.04403866809881847,0.05806451612903226,0.07627118644067796,0.04955465587044534,0.03755868544600939,0.05138021548987463,0.053097542396996676
Dornod,1993,0.04437229437229437,0.07380373073803731,0.09090909090909091,0.05266138165345414,0.04282655246252676,0.058517976224270754,0.06091461002708069
Dornod,1994,0.03243243243243243,0.03656462585034014,0.06976744186046512,0.05030453417550192,0.02165354330708662,0.0387720675606858,0.04214451552516525
Dornod,1995,0.05280172413793104,0.07043478260869565,0.06493506493506493,0.06431039064576136,0.03924914675767917,0.061793773586993804,0.058346221817026436
Dornod,1996,0.03280542986425339,0.04028648164726947,0.1176470588235294,0.03537883531621791,0.01996927803379417,0.03748993233352342,0.04921741673701287
Dornod,1997,0.01149425287356322,0.0189018901890189,0.01612903225806452,0.01496815286624204,0.01451187335092348,0.015271017633614005,0.01520104030756243
Dornod,1998,0.007786429365962179,0.009852216748768473,0.01639344262295082,0.01135040745052386,0.009394572025052193,0.009508794673756605,0.010955413642651506
Dornod,1999,0.01257861635220126,0.01956358164033108,0.03278688524590164,0.01401869158878505,0.01118760757314974,0.015900437173882388,0.018027076480073755
Dornod,2000,0.01442307692307692,0.01983584131326949,0.7166666666666667,0.01735709326544781,0.02186234817813765,0.02723496063715027,0.1580290052693197
Dornod,2001,0.01895734597156398,0.243167484232656,0.03389830508474576,0.05792474344355758,0.06437125748502993,0.11742878869781122,0.08366382724351065
Dornod,2002,0.009124087591240877,0.01798201798201798,0.01666666666666667,0.01620859760394644,0.02030124426981009,0.01427383945372859,0.01605652282273641
Dornod,2003,0.01643598615916955,0.0551654964894684,0.01612903225806452,0.03416965352449224,0.04207119741100324,0.03366011780052971,0.03279427316843959
Dornod,2004,0.005747126436781609,0.01780415430267062,0.01587301587301588,0.01105922831162448,0.01106833493743985,0.010922854045341598,0.01231037197230649
Dornod,2005,0.008821170809943865,0.02538071065989848,0.015625,0.01132075471698113,0.01749146757679181,0.014871929643430351,0.015727820752723057
Dornod,2006,0.003881987577639751,0.009018036072144289,0.01587301587301588,0.00574590338369866,0.005845816587504568,0.0060227833799646815,0.00807295189880063
Dornod,2007,0.002962962962962963,0.006578947368421052,0.0,0.003413616537075669,0.004137115839243499,0.004114081938117009,0.0034185285415406367
Dornod,2008,0.008397480755773267,0.01276595744680851,0.0,0.0135754007196598,0.01770736253494874,0.011899885901524238,0.010489240291438062
Dornod,2009,0.02061855670103093,0.03554119547657512,0.03174603174603175,0.08597153645076967,0.139453125,0.05841207259873565,0.0626660890748815
Dornod,2010,0.0649536045681656,0.2263406940063092,0.03125,0.2131799460303934,0.2678495986480777,0.17258218937478906,0.1607147686505892
Dornod,2011,0.003668378576669112,0.008348794063079777,0.0,0.01034858387799564,0.01216389244558259,0.007316696848379526,0.0069059297926654245
Dornod,2012,0.006939625260235948,0.007292616226071103,0.0,0.0106229744328412,0.01909877648463145,0.009193186226679051,0.008790798480755941
Dornod,2013,0.009946949602122016,0.05764411027568923,0.02,0.03984268125854994,0.04641106947247046,0.03345562187246134,0.03476896212176633
Dornod,2014,0.003107520198881292,0.007217321571772253,0.02127659574468085,0.007251264755480607,0.008907363420427554,0.005869468741500007,0.009552013138248511
Dornod,2015,0.00339943342776204,0.004912280701754385,0.0,0.004604188326154761,0.007061790668348045,0.004459784009034085,0.003995538624803846
Dornod,2016,0.002544529262086514,0.00794135613927917,0.0,0.008050449483429492,0.01325842696629214,0.006408730158730159,0.006358952370217464
Dornod,2017,0.002222222222222222,0.01537585421412301,0.0,0.002285301900408949,0.008233841086867023,0.006423295150412163,0.005623443884724241
Dornod,2018,0.001994415636218588,0.003848003848003848,0.0,0.002995207667731629,0.004053369363283229,0.002948657002841314,0.002578199303047459
Dornod,2019,0.003228120516499283,0.003702180172768408,0.0,0.00226540036594929,0.004130465745620281,0.003239283641330271,0.002665233360167452
Dornod,2020,0.002353732347007398,0.003965392934390772,0.0,0.005307351077313054,0.01004833375731366,0.004403515853353006,0.0043349620232049765
Dornod,2021,0.001232665639445301,0.007210750573582432,0.0,0.002071982196301129,0.003946232581082748,0.0034998321442877975,0.002892326198082322
Dornod,2022,0.00135685210312076,0.007644394110985278,0.0,0.002312610529179703,0.004339157968804973,0.0037926022015173284,0.0031306029424181423
Dornod,2023,0.01499286054259876,0.04254789748693705,0.0,0.02630927324501671,0.03884683882457703,0.028249795755295636,0.02453937401982591
Dornod,2024,0.07886435331230283,0.2015325670498084,0.01538461538461539,0.1276989105315286,0.1581594166457128,0.13286588257243026,0.11632797258479362
Dornogovi,1992,0.02053915275994865,0.0326975476839237,0.03047619047619048,0.02732689541812205,0.01945137157107232,0.0263189495392487,0.026098231581851438
Dornogovi,1993,0.05,0.07547169811320754,0.07956989247311828,0.0410431808465156,0.05528375733855186,0.05799643820715984,0.06027370575427865
Dornogovi,1994,0.02990897269180754,0.05150214592274678,0.03631284916201118,0.05,0.02376137512639029,0.04008092989132927,0.03829706858059116
Dornogovi,1995,0.01474201474201474,0.01449275362318841,0.02409638554216867,0.01722017220172202,0.01187335092348285,0.015773763288133336,0.016484935406515338
Dornogovi,1996,0.01118568232662192,0.01529411764705882,0.01923076923076923,0.01393302371058421,0.01178637200736648,0.013561238915306518,0.01428599298448013
Dornogovi,1997,0.01774530271398747,0.06147091108671789,0.01666666666666667,0.04302382109868741,0.0251358695652174,0.035408796414100885,0.03280851422625537
Dornogovi,1998,0.007835455435847209,0.02470461868958109,0.02054794520547945,0.01831325301204819,0.02809509107749305,0.017964916902263137,0.019899272684089798
Dornogovi,1999,0.006323396567299006,0.01387406616862327,0.01355932203389831,0.01273885350318471,0.0130699970955562,0.010899389902733576,0.0119131270737123
Dornogovi,2000,0.03084415584415584,0.103182256509161,0.0033003300330033,0.05697528278173439,0.08597285067873303,0.06019260655155957,0.056054975169357514
Dornogovi,2001,0.2169890664423886,0.4205816554809843,0.05704697986577181,0.1896893588896233,0.1500290191526407,0.23987395584071805,0.20686721596628174
Dornogovi,2002,0.06765067650676507,0.1101123595505618,0.02846975088967971,0.03419037199124726,0.04454203262233375,0.05965183657434689,0.056993038312117515
Dornogovi,2003,0.01203208556149733,0.0160427807486631,0.01063829787234043,0.01116333725029377,0.01971014492753623,0.013845054873693096,0.01391732927206617
Dornogovi,2004,0.004813477737665463,0.01789709172259508,0.006896551724137932,0.00563221627710504,0.005065123010130246,0.007248395371240875,0.008060892094326753
Dornogovi,2005,0.01714285714285714,0.04208416833667335,0.01683501683501683,0.02775595705682116,0.03534923339011925,0.027421793730629404,0.027833446552297546
Dornogovi,2006,0.07838179519595449,0.2483221476510067,0.05614035087719298,0.1259060402684564,0.1476916181084716,0.12896898440016566,0.13128839042021645
Dornogovi,2007,0.006956521739130435,0.007352941176470589,0.01176470588235294,0.00958126330731015,0.009054011863877614,0.008557157218963484,0.008941888793828345
Dornogovi,2008,0.008223684210526315,0.01,0.004081632653061225,0.01929880990672242,0.01956241956241956,0.01342310877470925,0.012233309266545905
Dornogovi,2009,0.003095975232198143,0.005830903790087464,0.00398406374501992,0.004261363636363636,0.004379242391066345,0.004138296702941424,0.004310309758947102
Dornogovi,2010,0.01236263736263736,0.045,0.01149425287356322,0.02618057254710056,0.07102380052890064,0.03576810214925847,0.03321225266244036
Dornogovi,2011,0.003875968992248062,0.004938271604938272,0.007117437722419928,0.004747211013529551,0.005310457516339869,0.004834269600053714,0.005197869369895136
Dornogovi,2012,0.004624277456647399,0.0087527352297593,0.006666666666666667,0.00754242614707731,0.01338028169014084,0.008244970766029135,0.008193277438058304
Dornogovi,2013,0.004184100418410042,0.005964214711729622,0.006369426751592357,0.006773283160865475,0.007753190114682603,0.006099183918364769,0.00620884303145602
Dornogovi,2014,0.003738317757009346,0.0202020202020202,0.006097560975609757,0.004085634907664651,0.004254112308564946,0.006438842916080414,0.007675529230173781
Dornogovi,2015,0.00413907284768212,0.009174311926605503,0.00574712643678161,0.007818155494425945,0.009935483870967743,0.0072959074351832,0.007362830115292584
Dornogovi,2016,0.0858662613981763,0.105865522174535,0.008310249307479223,0.05137077455416556,0.0742427973405565,0.07253918787539787,0.06513112095498252
Dornogovi,2017,0.002527379949452401,0.006349206349206349,0.005305039787798408,0.003823839662447258,0.002450980392156862,0.003543042180074856,0.004091289228212255
Dornogovi,2018,0.009009009009009009,0.01652892561983471,0.004914004914004914,0.008705745792222866,0.009847806624888093,0.009891141836873386,0.009801098391991917
Dornogovi,2019,0.002142857142857143,0.002481389578163772,0.007009345794392523,0.003562945368171021,0.004590027122887545,0.00347897327017718,0.003957313001294401
Dornogovi,2020,0.002621231979030145,0.003264417845484222,0.004597701149425287,0.004894283476898982,0.004659236250685182,0.003951777389277389,0.004007374140304764
Dornogovi,2021,0.008484848484848484,0.01928640308582449,0.002202643171806168,0.01327474992988688,0.01687077160229511,0.0131472084910166,0.012023883254932225
Dornogovi,2022,0.002176278563656148,0.002540220152413209,0.002070393374741201,0.002071644367716875,0.002003171688506803,0.0021593878604847672,0.0021723416294068473
Dornogovi,2023,0.06280909990108803,0.09961977186311786,0.009505703422053232,0.03790860171873746,0.0666510208871157,0.06043220501051827,0.05529883955842246
Dornogovi,2024,0.3267326732673267,0.3524514338575394,0.01467889908256881,0.3523103137215596,0.2453261321146656,0.29829806230907757,0.258299890408732
Dundgovi,1992,0.0437862202189311,0.04231166150670794,0.04781704781704781,0.03218909609217247,0.03445867287543655,0.03956078981338348,0.04011253970205918
Dundgovi,1993,0.0964261631827377,0.09684210526315788,0.08759124087591241,0.05142524723676557,0.05477308294209703,0.0778854688571921,0.07741156790013412
Dundgovi,1994,0.03184230477634572,0.07847800237812129,0.02866242038216561,0.05026724357342836,0.05878438331854481,0.04929009299745715,0.049606870885721153
Dundgovi,1995,0.01558073654390935,0.01360544217687075,0.02295081967213115,0.01351175782772509,0.01219016659894352,0.014534581202866681,0.015567784563915974
Dundgovi,1996,0.01037851037851038,0.01447876447876448,0.009771986970684038,0.009988901220865704,0.01007431874483898,0.010980763069976049,0.010938496358732716
Dundgovi,1997,0.006030701754385965,0.0146551724137931,0.0101010101010101,0.00724379527372046,0.007263563593240439,0.008376884168781193,0.009058848627230012
Dundgovi,1998,0.00306435137895812,0.008600469116497264,0.006711409395973154,0.00521411138229421,0.006485925541574783,0.005409290069316189,0.006015253363059507
Dundgovi,1999,0.03853211009174312,0.08078602620087336,0.02380952380952381,0.01729284611425631,0.02124927028604787,0.038228669143227784,0.03633395530048889
Dundgovi,2000,0.3431734317343174,0.6121642969984202,0.01408450704225352,0.3022245214692189,0.3733211631242666,0.37723355029919703,0.32899358407369533
Dundgovi,2001,0.07773851590106008,0.2933025404157044,0.01421800947867299,0.04926182585116,0.03330312641594925,0.0834835673980061,0.09356480361250934
Dundgovi,2002,0.02321428571428572,0.02325581395348837,0.005154639175257733,0.01664233576642336,0.01597386095480124,0.018827957420810646,0.016848187112851284
Dundgovi,2003,0.05555555555555555,0.05198776758409785,0.02030456852791878,0.01385647607934656,0.02950136283469616,0.035265454327468596,0.03424114611632298
Dundgovi,2004,0.003600360036003601,0.01897018970189702,0.004901960784313726,0.001795580110497238,0.001983564749220742,0.004088899005007479,0.006250331076386466
Dundgovi,2005,0.01574150787075393,0.01425178147268408,0.004694835680751174,0.01168996188055908,0.01777997283615261,0.014544598902169558,0.012831611948180175
Dundgovi,2006,0.02175732217573222,0.04337899543378995,0.009661835748792272,0.0251311455410516,0.02956142476375091,0.026455868313709604,0.02589814473262339
Dundgovi,2007,0.01118359739049394,0.007444168734491315,0.0,0.002537192941990543,0.002641552773630412,0.005276919766750664,0.004761302368121242
Dundgovi,2008,0.07258834765998089,0.0892018779342723,0.005050505050505051,0.02149740548554485,0.0254432535310027,0.04083582741522112,0.04275627793226115
Dundgovi,2009,0.01785714285714286,0.02046783625730994,0.005025125628140704,0.01514326179322366,0.01909404834450538,0.017065048910907245,0.01551748297606451
Dundgovi,2010,0.2585365853658537,0.3846153846153846,0.05797101449275362,0.3877592934894229,0.448741440833253,0.3690906285989,0.3075247437593336
Dundgovi,2011,0.003898635477582846,0.005376344086021505,0.0,0.003398149896167642,0.00466436828229568,0.0038149334823778668,0.0034674995484135344
Dundgovi,2012,0.001675041876046901,0.0,0.0,0.002566158781074579,0.002720870678617157,0.0020949338701031603,0.0013924142671477274
Dundgovi,2013,0.001388888888888889,0.003623188405797101,0.0,0.002320185614849188,0.002973112719751809,0.0022910167328417472,0.0020610751258573973
Dundgovi,2014,0.001176470588235294,0.002808988764044944,0.0,0.0009758213162745312,0.0008616975441619992,0.0010851146059398878,0.0011645956425433536
Dundgovi,2015,0.001902949571836347,0.004357298474945534,0.003571428571428572,0.001255830642267671,0.001751620248730075,0.0019128470451067556,0.00256782550184164
Dundgovi,2016,0.01940177849636216,0.03825136612021858,0.003246753246753247,0.01634812825777918,0.03453092263521378,0.02401114604551125,0.02235578975126539
Dundgovi,2017,0.00145985401459854,0.001594896331738437,0.0,0.001252522441027068,0.0009358577496220576,0.001185594431284426,0.0010486261073972204
Dundgovi,2018,0.03308364544319601,0.06905710491367863,0.002717391304347826,0.01648677499703475,0.02263550715771443,0.02643177184436387,0.02879608476319433
Dundgovi,2019,0.002455494168201351,0.003942181340341656,0.0,0.002402927202228169,0.005301176744727951,0.003325311832616299,0.002820355891099825
Dundgovi,2020,0.008417508417508417,0.01150895140664962,0.002421307506053269,0.00612549544448448,0.01009283246977547,0.00815604374950301,0.007713219048894252
Dundgovi,2021,0.06066066066066066,0.1171770972037284,0.04556354916067146,0.1276797677534613,0.1449057962318493,0.11318988064287865,0.09919737420207422
Dundgovi,2022,0.001260239445494644,0.0030441400304414,0.002538071065989848,0.000978218338333116,0.001966067137551882,0.0015721899062277058,0.0019573472035621783
Dundgovi,2023,0.009830693610049153,0.01476510067114094,0.004866180048661801,0.009279665932026447,0.01814893351627791,0.012229832244102668,0.01137811475563125
Dundgovi,2024,0.2137718396711203,0.1005847953216374,0.03661327231121281,0.1203477470310813,0.1103150954162176,0.13638854806501594,0.11632654995025389
Govi-Altai,1992,0.01420118343195266,0.0201765447667087,0.01680672268907563,0.01409921671018277,0.0132651127534584,0.015268123591442547,0.01570975607027563
Govi-Altai,1993,0.06535141800246609,0.1361256544502618,0.02771362586605081,0.07985517449461935,0.08464057921048095,0.08303400882206895,0.0787372904047758
Govi-Altai,1994,0.01005025125628141,0.01608187134502924,0.002557544757033248,0.01552926262412846,0.01279216677195199,0.012946058710693466,0.01140221935088487
Govi-Altai,1995,0.01096491228070175,0.01831501831501831,0.01262626262626263,0.01774177007486412,0.01692973523421589,0.015870748254118022,0.01531553970621254
Govi-Altai,1996,0.01360544217687075,0.02310924369747899,0.002481389578163772,0.01813255523134639,0.01956665929692682,0.017396548240753776,0.015379057996157344
Govi-Altai,1997,0.04553903345724908,0.09384775808133472,0.02072538860103627,0.03452066842568162,0.02843399251737039,0.04510639597940822,0.04461336821653441
Govi-Altai,1998,0.04775828460038987,0.1006864988558352,0.02710027100271003,0.05139402082633523,0.05289672544080604,0.057648321897026567,0.05596716014521528
Govi-Altai,1999,0.03192488262910798,0.04225352112676056,0.0169971671388102,0.03126823007817058,0.02633624878522838,0.030963188658127097,0.029756009951615543
Govi-Altai,2000,0.07342995169082125,0.1464646464646465,0.03768115942028986,0.03102295006342982,0.03352443883004567,0.059153559164615906,0.06442462929384662
Govi-Altai,2001,0.0750816104461371,0.1283333333333333,0.02830188679245283,0.07679603633360858,0.06664674237895996,0.07699198879667195,0.07503192185689836
Govi-Altai,2002,0.5685752330226366,0.6190476190476191,0.1590106007067138,0.4290457629565468,0.3618570778334092,0.44054522177874844,0.4275072587133851
Govi-Altai,2003,0.02279202279202279,0.03636363636363636,0.008968609865470852,0.01538031319910515,0.01001727115716753,0.015671585886583263,0.018704370675480538
Govi-Altai,2004,0.009876543209876543,0.01507537688442211,0.004184100418410042,0.003732271709380443,0.002451296606889434,0.005123652035588111,0.0070639177657957145
Govi-Altai,2005,0.01059322033898305,0.01209677419354839,0.00816326530612245,0.007253886010362694,0.007495315427857589,0.008354115992897974,0.009120492255374837
Govi-Altai,2006,0.005514705882352942,0.006535947712418301,0.008,0.003743406499914923,0.002815662120545535,0.004078349529337594,0.00532194444304634
Govi-Altai,2007,0.006389776357827477,0.008,0.007692307692307693,0.005832977663963579,0.005109116122910737,0.005862545297322649,0.006604835567401897
Govi-Altai,2008,0.01536312849162011,0.0330188679245283,0.007326007326007326,0.02864146561733969,0.03101515730480194,0.026986930183938346,0.023072925332859474
Govi-Altai,2009,0.04336043360433605,0.07142857142857142,0.01481481481481482,0.0492783773241451,0.04441656210790464,0.04634892028449136,0.0446597518559544
Govi-Altai,2010,0.3575757575757576,0.4683195592286502,0.08921933085501858,0.3584497910963838,0.3311086392287727,0.3415991623959883,0.3209346155969166
Govi-Altai,2011,0.02061855670103093,0.04347826086956522,0.01646090534979424,0.03608377491799142,0.04464072571019336,0.03649732135298884,0.03225644470971504
Govi-Altai,2012,0.0128755364806867,0.01809954751131222,0.007936507936507938,0.02014294996751137,0.02249952732085461,0.01917418889978584,0.016310813843374565
Govi-Altai,2013,0.01272727272727273,0.01355932203389831,0.01063829787234043,0.01747102577408753,0.02081455379824633,0.017550864304416717,0.015042094441169065
Govi-Altai,2014,0.007656967840735069,0.01015228426395939,0.006578947368421053,0.01207480488882344,0.01830955929316585,0.013721045979110495,0.01095451273102096
Govi-Altai,2015,0.006518904823989569,0.01012145748987854,0.006097560975609757,0.00601353044349787,0.006292412091301665,0.006600294985250737,0.007008773164855481
Govi-Altai,2016,0.006787330316742081,0.01530612244897959,0.005763688760806916,0.009127900582865943,0.01370611041336755,0.011205730073975644,0.010138230504552415
Govi-Altai,2017,0.002808988764044944,0.004219409282700422,0.002597402597402597,0.002980760545569506,0.003174019044114265,0.0031397351426875318,0.003156116046766347
Govi-Altai,2018,0.01616814874696847,0.03981264637002341,0.009523809523809525,0.03097271053072158,0.04605263157894737,0.034884669508290334,0.028505989350094074
Govi-Altai,2019,0.01615384615384615,0.02934272300469484,0.002288329519450801,0.01654533421575116,0.01611434814275309,0.017019929318946116,0.016088916207299207
Govi-Altai,2020,0.009063444108761328,0.01183431952662722,0.004504504504504504,0.007499765632323989,0.008856186112090237,0.008706984474747857,0.008351643976861455
Govi-Altai,2021,0.04914004914004914,0.077733860342556,0.01594533029612756,0.07920059215396003,0.08977015825169556,0.07462986015165816,0.06235799803687765
Govi-Altai,2022,0.006060606060606061,0.00574712643678161,0.002288329519450801,0.005304740406320542,0.005064505810854035,0.005237855888046741,0.00489306164680261
Govi-Altai,2023,0.04545454545454546,0.06417112299465241,0.006607929515418502,0.05577005577005577,0.04740099632667438,0.0484105949458854,0.0438809300122693
Govi-Altai,2024,0.03373493975903614,0.0482573726541555,0.006329113924050633,0.04442429737080689,0.04473809902881707,0.04053096360509582,0.035496764547373244
Govisumber,1992,0.03225806451612903,0.04,0.0,0.1091445427728614,0.04201680672268907,0.06541945414717898,0.0446838828023359
Govisumber,1993,0.0625,0.07317073170731708,0.0,0.05233380480905234,0.02097902097902098,0.05774906721612742,0.041796711499078085
Govisumber,1994,0.04285714285714286,0.08235294117647059,0.0,0.181058495821727,0.06779661016949153,0.1074158014019923,0.07481303800496639
Govisumber,1995,0.025,0.02197802197802198,0.0,0.07003257328990228,0.02127659574468085,0.037927071361404247,0.027657438202521024
Govisumber,1996,0.01123595505617977,0.009900990099009901,0.0,0.02389078498293515,0.01195219123505976,0.014376300885812479,0.011395984274636917
Govisumber,1997,0.01941747572815534,0.06422018348623852,0.0,0.09015025041736228,0.03436426116838488,0.05263390685125392,0.04163043416002821
Govisumber,1998,0.00847457627118644,0.008403361344537815,0.0,0.01,0.002967359050445104,0.008078593756343117,0.005969059333233872
Govisumber,1999,0.01492537313432836,0.02985074626865672,0.0,0.03748125937031484,0.01438848920863309,0.024347702274587976,0.0193291735963866
Govisumber,2000,0.054421768707483,0.125,0.0,0.109204368174727,0.07600950118764846,0.09002310861046921,0.07292712761397169
Govisumber,2001,0.3414634146341463,0.9339622641509434,0.0,0.4405458089668616,0.3298153034300791,0.516181978872943,0.40915735823640614
Govisumber,2002,0.0,0.0,0.0,0.01030927835051546,0.007380073800738007,0.0042976094547408005,0.0035378704302506934
Govisumber,2003,0.0,0.0,0.0,0.0,0.002673796791443851,0.000675371454299865,0.0005347593582887702
Govisumber,2004,0.0,0.0,0.0,0.0025,0.001879699248120301,0.0010545010545010545,0.0008759398496240602
Govisumber,2005,0.0,0.0,0.0,0.002053388090349076,0.003067484662576687,0.0013271400132714001,0.0010241745505851526
Govisumber,2006,0.008403361344537815,0.02222222222222222,0.0,0.008445945945945945,0.005006257822277847,0.008873916437286881,0.008815557466996766
Govisumber,2007,0.0,0.0,0.0,0.0,0.0,0.0,0.0
Govisumber,2008,0.0625,0.04,0.0,0.03234501347708894,0.03578732106339468,0.04265524311657879,0.034126466908096724
Govisumber,2009,0.05479452054794521,0.05128205128205129,0.0,0.0406015037593985,0.04314994606256742,0.04538844577623056,0.037965604330392484
Govisumber,2010,0.04285714285714286,0.05882352941176471,0.0,0.0860832137733142,0.100907029478458,0.07833288080369263,0.05773418310413596
Govisumber,2011,0.0,0.0,0.0,0.003067484662576687,0.001300390117035111,0.0013981968082541825,0.0008735749559223595
Govisumber,2012,0.0,0.0,0.0,0.00379746835443038,0.005149330587023687,0.002936685069893105,0.0017893597882908132
Govisumber,2013,0.0,0.0,0.0,0.00704225352112676,0.009918845807033365,0.005577373684036831,0.003392219865632025
Govisumber,2014,0.0,0.01298701298701299,0.0,0.004958677685950413,0.006859756097560976,0.00537461896358094,0.004961089354104875
Govisumber,2015,0.006666666666666667,0.009615384615384616,0.0,0.005909389363099146,0.006211180124223602,0.006608399062033681,0.005680524153874806
Govisumber,2016,0.02209944751381215,0.04032258064516129,0.0,0.03015966883500887,0.04860335195530726,0.03495707353490109,0.028237009789857916
Govisumber,2017,0.004926108374384237,0.007352941176470589,0.0,0.00591715976331361,0.008460236886632826,0.006542561543695587,0.005331289240160253
Govisumber,2018,0.08071748878923767,0.1409395973154362,0.0,0.07748538011695907,0.1009738595592004,0.09326400228285167,0.08002326515616667
Govisumber,2019,0.009708737864077669,0.007142857142857144,0.0,0.0134550696780394,0.01415351115949919,0.01176024904056792,0.00889203516889468
Govisumber,2020,0.02202643171806168,0.02758620689655173,0.0,0.02596810933940774,0.04170957775489186,0.029278650919123343,0.023458065141782603
Govisumber,2021,0.04405286343612335,0.06134969325153374,0.0,0.07692307692307693,0.1086278586278586,0.0743545031815957,0.05819069844771853
Govisumber,2022,0.00411522633744856,0.005617977528089887,0.0,0.005925250683682771,0.00589622641509434,0.005348083857954892,0.004310936192863111
Govisumber,2023,0.007220216606498195,0.01015228426395939,0.0,0.00847457627118644,0.01390433815350389,0.00958149163542774,0.007950283059029584
Govisumber,2024,0.301948051948052,0.3094170403587444,0.1,0.3454784899034241,0.2953060011883542,0.31407853667180063,0.27042991667971494
Khentii,1992,0.04169662113587348,0.04193205944798301,0.07954545454545453,0.04573804573804574,0.03813796971396522,0.043227475058043016,0.049410030116264395
Khentii,1993,0.05358435916002897,0.1217948717948718,0.08860759493670885,0.06046286198957955,0.03808543489449305,0.07945500500068702,0.07250702455513644
Khentii,1994,0.0293470286133529,0.04841601912731619,0.05555555555555556,0.05751947273816656,0.04339346660165773,0.04392341774153311,0.04684630852720978
Khentii,1995,0.03554340396445659,0.05791284403669724,0.05479452054794521,0.0508234460775633,0.03076194983435873,0.04666529227393277,0.04596723289220422
Khentii,1996,0.02134540750323415,0.02746636771300448,0.04225352112676056,0.03401883528733423,0.02286902286902287,0.02620647212677573,0.029590630899871257
Khentii,1997,0.01232285890326556,0.02092274678111588,0.01408450704225352,0.02255924170616114,0.01459034792368126,0.017432563675782435,0.01689594047129547
Khentii,1998,0.008125362739408008,0.009410599306587419,0.01408450704225352,0.01514884622159591,0.01048836447066536,0.010068916544522638,0.011451535956102044
Khentii,1999,0.01692139737991267,0.03317972350230415,0.0273972602739726,0.02568192694209603,0.0268058690744921,0.02538718612970876,0.02599723543455551
Khentii,2000,0.02058672156459084,0.02793539938891314,0.0273972602739726,0.02890855457227139,0.02544529262086514,0.025242002054396386,0.026054645684122624
Khentii,2001,0.07935684647302904,0.3077981651376147,0.0684931506849315,0.1002033110659309,0.1154373457636414,0.16682880032768063,0.13425776382502952
Khentii,2002,0.02120343839541547,0.03197868087941372,0.03125,0.03271604938271605,0.03097696584590945,0.027825959650289785,0.029625026900690937
Khentii,2003,0.03003533568904593,0.1416666666666667,0.03225806451612903,0.04253997826424468,0.05115830115830116,0.0663020131197874,0.0595316692588775
Khentii,2004,0.0140597539543058,0.01726618705035971,0.01694915254237288,0.01380670611439842,0.01341437853699434,0.014795560060885511,0.015099235639686232
Khentii,2005,0.01248513674197384,0.02096890817064352,0.01818181818181818,0.01454968718172559,0.01758893280632411,0.015928117328633477,0.016754896616497046
Khentii,2006,0.0157802454704851,0.02429149797570851,0.01960784313725491,0.0255656397801355,0.02726337448559671,0.022023172436381078,0.022501720169836145
Khentii,2007,0.01363636363636364,0.01903007980356047,0.01960784313725491,0.01477440618252074,0.01431127012522361,0.015473898217570434,0.016271992576984674
Khentii,2008,0.1122905027932961,0.1168305378831695,0.0625,0.101755429931568,0.1313859692006844,0.11400366585531697,0.10495248796174361
Khentii,2009,0.05163991625959526,0.06746532156368222,0.025,0.04820472128545923,0.05700048614487117,0.05567730742167147,0.04986208905072158
Khentii,2010,0.06382978723404255,0.1445264452644527,0.02702702702702703,0.1063829787234043,0.119133155637965,0.10770736725530176,0.09217987877737832
Khentii,2011,0.01461377870563674,0.01965757767913761,0.02702702702702703,0.01638116633904334,0.01635079895949461,0.016778781931604824,0.018806069742067867
Khentii,2012,0.01150159744408946,0.01629450814725408,0.0,0.01552551242913214,0.01731553986985773,0.014918700085734008,0.01212743157806668
Khentii,2013,0.009849362688296639,0.01423097974822113,0.0,0.01463567347577679,0.01581595974119339,0.013415443171995094,0.01090639513069759
Khentii,2014,0.008691206543967281,0.01254826254826255,0.0,0.01071910271881877,0.01207319373703075,0.010838567034093824,0.008806353109615871
Khentii,2015,0.01087941976427924,0.01167639699749791,0.0,0.01281810792221597,0.01427030614784701,0.012236922865881005,0.009928846166368025
Khentii,2016,0.007258064516129033,0.01293422025129342,0.0,0.01242307471099097,0.01635785719823242,0.011815180572078334,0.00979464333532917
Khentii,2017,0.01068376068376068,0.02430790006752195,0.02325581395348838,0.01718177596615242,0.01979625749584567,0.017653772475601206,0.01904510163335382
Khentii,2018,0.03428388337071451,0.04861318222487325,0.02380952380952381,0.03900564971751412,0.04911667637351971,0.04191531012930952,0.03896578309922909
Khentii,2019,0.03982439636249608,0.02436260623229462,0.02325581395348838,0.03968557467601445,0.05281406724041855,0.03804550495238351,0.035988491692942416
Khentii,2020,0.03995082974800246,0.06951731374606505,0.02325581395348838,0.05576601898244328,0.071126512392811,0.057896553895966055,0.051923297764562025
Khentii,2021,0.03079315707620529,0.03549506271684014,0.0,0.04717021367339105,0.06075543779653705,0.04185963255690466,0.0348427742525947
Khentii,2022,0.02450980392156863,0.03807418324735937,0.02439024390243903,0.0392695857058708,0.04883664566165778,0.036485044650862525,0.03501609248777913
Khentii,2023,0.127190653212958,0.1644434222631095,0.07317073170731708,0.1578826413359889,0.1978548054781239,0.15722407140751246,0.1441084507994995
Khentii,2024,0.2992741485203797,0.2970175006162189,0.175,0.370747849106552,0.3201609952433224,0.32052093001259163,0.29244009869729465
Khovd,1992,0.03350253807106598,0.03429878048780488,0.065015479876161,0.03049613108784707,0.03206291591046583,0.034323104906337845,0.03907516908666896
Khovd,1993,0.02457264957264957,0.0273972602739726,0.02816901408450705,0.01489901776845823,0.01568405139833711,0.021115371397381386,0.02214439861958491
Khovd,1994,0.02628811777076762,0.02979651162790697,0.02898550724637681,0.03592689295039164,0.02709847984137475,0.030420120837431498,0.02961910188736356
Khovd,1995,0.01056676272814601,0.01265822784810127,0.01413427561837456,0.01279807481951433,0.0115648201027984,0.01210017961436439,0.012344432223386914
Khovd,1996,0.02658662092624357,0.0261984392419175,0.02405498281786941,0.02674830808894618,0.02651282680741377,0.026400304681232663,0.026020235576478083
Khovd,1997,0.05887372013651877,0.07452725250278086,0.02166064981949458,0.05336344188257666,0.05590770791075051,0.0602643618592262,0.05286655445042428
Khovd,1998,0.05913978494623656,0.1151801535735381,0.02307692307692307,0.04861281610606433,0.04683229813664597,0.06916419030033756,0.058568395167881614
Khovd,1999,0.01994301994301994,0.02260273972602739,0.01606425702811245,0.01549145299145299,0.01725256194058892,0.018888689740614615,0.018270806325840338
Khovd,2000,0.05297397769516729,0.05298013245033113,0.032,0.02295788939624556,0.03002889810277673,0.03998589198245011,0.03818817952890414
Khovd,2001,0.1034136546184739,0.1471230881281864,0.04347826086956522,0.09231556066999105,0.09341558605061061,0.10765503659466893,0.09594923006736544
Khovd,2002,0.2689912826899128,0.2724358974358975,0.1122448979591837,0.1842147054152771,0.1600638514003773,0.2146270214720079,0.19959012698012968
Khovd,2003,0.02848101265822785,0.05524861878453038,0.01785714285714286,0.01852212906999415,0.01260249013058002,0.026649697063548906,0.02654227870009505
Khovd,2004,0.008955223880597015,0.01221166892808684,0.00591715976331361,0.0049813200498132,0.003774044314584855,0.00683047025328028,0.0071678833872791045
Khovd,2005,0.01366120218579235,0.01674641148325359,0.01204819277108434,0.008587786259541985,0.01439578264395783,0.013230995270818348,0.013087875068726018
Khovd,2006,0.01037613488975357,0.009513742071881607,0.00591715976331361,0.003412484003981231,0.003078932636685949,0.005899178940595584,0.006459690673123193
Khovd,2007,0.00936768149882904,0.01045627376425856,0.005681818181818182,0.003664793549963352,0.004025256511444356,0.006193717756952288,0.0066391647012626984
Khovd,2008,0.02711496746203905,0.04427083333333333,0.01104972375690608,0.03361622396120358,0.03415758591785415,0.034119640944673235,0.030041866886267237
Khovd,2009,0.04157303370786517,0.06038426349496798,0.01694915254237288,0.02672373900971773,0.02616795847258764,0.03523218875898175,0.034359629445502284
Khovd,2010,0.1711491442542787,0.177732379979571,0.06779661016949153,0.1769878622739658,0.2128046850269072,0.18580770025742682,0.16129413634084283
Khovd,2011,0.03400309119010819,0.05185185185185186,0.01226993865030675,0.03769140164899882,0.03465851172273191,0.03799428052014893,0.034094959012799506
Khovd,2012,0.01612903225806452,0.01484018264840183,0.0119047619047619,0.01105691056910569,0.01474026634136424,0.01404923222008789,0.013734230744339635
Khovd,2013,0.01589403973509934,0.01886792452830189,0.01075268817204301,0.01028752308098127,0.0113322277501382,0.01339858684932247,0.013426880653312743
Khovd,2014,0.01193317422434368,0.01216333622936577,0.005291005291005292,0.01063578350271803,0.01333446577204009,0.011908248819243584,0.01067155300389457
Khovd,2015,0.01142263759086189,0.009406657018813314,0.004854368932038835,0.006331022007838408,0.006106870229007634,0.007777358146561268,0.007624311155712016
Khovd,2016,0.01394052044609666,0.0128122998078155,0.004587155963302753,0.01474201474201474,0.02445759368836292,0.017034641166268225,0.014107916929518512
Khovd,2017,0.01059494702526487,0.01153212520593081,0.008368200836820085,0.008609794628751975,0.009371848864108192,0.009851039591620644,0.009695383312175185
Khovd,2018,0.04012112036336109,0.03640897755610972,0.02334630350194553,0.04306436990027199,0.05961015412511333,0.045583306889158924,0.04051018508936033
Khovd,2019,0.04669260700389105,0.06711409395973154,0.01181102362204724,0.04283767671606199,0.03834790102178998,0.04722655148972858,0.04136066046470436
Khovd,2020,0.008540372670807454,0.01068947087119188,0.003875968992248062,0.006118959776837938,0.005149267455403666,0.007302431819670503,0.0068748079532978
Khovd,2021,0.007604562737642586,0.00962052378407269,0.003891050583657588,0.01092071384178283,0.01108671789242591,0.009879093505073213,0.00862471376791632
Khovd,2022,0.01227830832196453,0.01107899807321773,0.003623188405797101,0.009307461744754695,0.01222205104503672,0.011071476583606039,0.009702001518154155
Khovd,2023,0.1138647019423979,0.09990253411306044,0.02027027027027027,0.07748632121017059,0.08673275908770789,0.09109471681045565,0.07965131732472142
Khovd,2024,0.01749475157452764,0.02242609582059124,0.006514657980456026,0.02711184726702119,0.02467369926694082,0.022705539662524234,0.019644210381907383
Khuvsgul,1992,0.03389830508474576,0.03569249542403904,0.0634920634920635,0.05589198848406632,0.02720348204570185,0.039504159337561184,0.04323566690612329
Khuvsgul,1993,0.03299941072480848,0.07280385078219014,0.05357142857142858,0.06202209005947323,0.03319919517102616,0.057283701484973804,0.05091919506178531
Khuvsgul,1994,0.01102088167053364,0.01404580152671756,0.01886792452830189,0.01658433309809456,0.0148056755089451,0.013782520943349277,0.015064923266518551
Khuvsgul,1995,0.01261166579085654,0.0179876335019674,0.01851851851851852,0.02872340425531915,0.02124935995903738,0.018644595262861722,0.019818116405139797
Khuvsgul,1996,0.01166180758017493,0.01235521235521236,0.01851851851851852,0.01662152179266191,0.01346801346801347,0.01296952162418317,0.014525014742916236
Khuvsgul,1997,0.01148369315571888,0.0134777376654633,0.1296296296296296,0.01232777374909355,0.008220786846741046,0.012864112726993065,0.03502792420932928
Khuvsgul,1998,0.02063213345039508,0.02804161013116237,0.01851851851851852,0.01701451905626134,0.01595566006046355,0.023075193332700895,0.020032488243360173
Khuvsgul,1999,0.01315789473684211,0.01657579062159215,0.01851851851851852,0.0183083511777302,0.01328703004680658,0.015580962420706126,0.01596951702029791
Khuvsgul,2000,0.0453100158982512,0.105350476980506,0.03773584905660378,0.052994700529947,0.04344624447717231,0.07392603423340378,0.056967457388496054
Khuvsgul,2001,0.2354993458351504,0.4304921968787515,0.1739130434782609,0.2355804847073764,0.1867398398101454,0.315861857652524,0.2524449821419369
Khuvsgul,2002,0.0208706022659511,0.01987315010570825,0.0,0.01592186245651592,0.01235370611183355,0.01826652143452536,0.013803864188001762
Khuvsgul,2003,0.035650623885918,0.07185374149659864,0.03125,0.03471590170328956,0.0343448275862069,0.04793016960937694,0.04156301893440262
Khuvsgul,2004,0.01879927228623408,0.01814254859611231,0.0,0.009799118079372856,0.007577551503670376,0.014670458832748064,0.010863698093077925
Khuvsgul,2005,0.02306213965406791,0.0226510067114094,0.0,0.01920600858369098,0.01863354037267081,0.021138773628400186,0.01671053906436782
Khuvsgul,2006,0.01486486486486487,0.0105923891722244,0.0,0.008171505479715438,0.007083490744238761,0.010250474781862896,0.008142450052208693
Khuvsgul,2007,0.01611820013431833,0.009430667132378624,0.0,0.008006405124099279,0.007847707847707847,0.010056178690708316,0.008280596047700817
Khuvsgul,2008,0.01403743315508021,0.009325458501709667,0.0,0.009154587696788959,0.009670154987415552,0.010196679861557275,0.008437526868198878
Khuvsgul,2009,0.02635046113306983,0.0311598384304674,0.0,0.03362175525339926,0.04319387153800825,0.033841879663438636,0.02686518527098895
Khuvsgul,2010,0.06872190109184328,0.1554317548746518,0.04166666666666667,0.1891267963294281,0.1816933365177932,0.15575468909715637,0.12732809109607662
Khuvsgul,2011,0.0168123739071957,0.03393085787451985,0.0,0.02111591758926607,0.01962323390894819,0.0243503209313446,0.01829647665598596
Khuvsgul,2012,0.0128783000643915,0.0165710643722116,0.0,0.01193825042881647,0.01434958177098356,0.014159288922655918,0.011147439327280627
Khuvsgul,2013,0.02295285359801489,0.05991927972679292,0.0,0.02862949016795171,0.03222006651884701,0.03829747099353353,0.028744338002321308
Khuvsgul,2014,0.00906344410876133,0.01199494949494949,0.0,0.006733224982586487,0.007132158904500393,0.008903954578268073,0.006984755498159539
Khuvsgul,2015,0.01472995090016367,0.01238041643218908,0.0,0.01221771568774723,0.01438804495492157,0.013179621952566735,0.010743225595004308
Khuvsgul,2016,0.01073071027082269,0.01479591836734694,0.0,0.008381598154164902,0.01003205508726107,0.011192744182513219,0.008788056375919121
Khuvsgul,2017,0.02327663384064458,0.03962437013284471,0.0,0.04009159201381914,0.04019607843137255,0.036797826138548075,0.0286377348837362
Khuvsgul,2018,0.01290054099042863,0.02297853891177108,0.0,0.01320500481231954,0.01297270222890057,0.016138448942717598,0.012411357388683963
Khuvsgul,2019,0.01259541984732824,0.01948186528497409,0.0,0.01547248933555057,0.01742889647326507,0.016529160889666772,0.012995734188223595
Khuvsgul,2020,0.0440028388928318,0.05014577259475219,0.04166666666666667,0.07321726687336037,0.05345298478345689,0.05633097385331156,0.05249710596221359
Khuvsgul,2021,0.01178637200736648,0.01416882857713031,0.04347826086956522,0.01216257434802501,0.01203157694502568,0.012738077066585257,0.01872552254942254
Khuvsgul,2022,0.009162303664921465,0.01186836899838158,0.0,0.01061320754716981,0.01215902363495605,0.011000926810929602,0.008760580769085782
Khuvsgul,2023,0.0327116212338594,0.04159362549800797,0.04,0.04574366410704281,0.04765091687859724,0.04187081298525887,0.041539965543501485
Khuvsgul,2024,0.0590019299696719,0.09403453689167975,0.04,0.09163526752072343,0.07069146019243233,0.08128344615520955,0.07107263891490148
Orkhon,1992,0.01886792452830189,0.04216867469879518,,0.01982378854625551,0.01754385964912281,0.031458633765956305,0.024601061855618847
Orkhon,1993,0.04545454545454546,0.06598984771573604,,0.06902654867256637,0.03225806451612903,0.06136869193527283,0.05318225158974423
Orkhon,1994,0.04819277108433734,0.04411764705882353,,0.06289308176100629,0.02985074626865672,0.049031855090568406,0.04626356154320597
Orkhon,1995,0.04651162790697675,0.04878048780487805,,0.05124223602484471,0.05142857142857143,0.04902221378393772,0.04949073079131774
Orkhon,1996,0.04347826086956522,0.04489795918367347,,0.07040229885057472,0.03686635944700461,0.04964785396203771,0.04891121958770451
Orkhon,1997,0.02608695652173913,0.03529411764705882,,0.03536977491961415,0.02092050209205021,0.0319977302102708,0.02941783779511558
Orkhon,1998,0.01851851851851852,0.01762114537444934,0.0,0.01517706576728499,0.0145985401459854,0.017079592250050634,0.013183053961247651
Orkhon,1999,0.01834862385321101,0.01666666666666667,0.0,0.0110410094637224,0.01474926253687316,0.01572876616567634,0.012161112504094648
Orkhon,2000,0.0234375,0.02158273381294964,0.0,0.02162849872773537,0.02017937219730942,0.02185603237141944,0.017365620947598887
Orkhon,2001,0.0782608695652174,0.1564885496183206,0.0,0.08830845771144277,0.0874751491053678,0.11531590952812816,0.08210660520006971
Orkhon,2002,0.06034482758620689,0.05829596412556054,0.0,0.02275600505689002,0.01433691756272402,0.044138971057363266,0.031146742866276295
Orkhon,2003,0.1982758620689655,0.1941747572815534,0.0,0.1655359565807327,0.07276119402985075,0.1705476103165872,0.12614955399222044
Orkhon,2004,0.05128205128205129,0.02521008403361344,0.0,0.01869158878504673,0.01545253863134658,0.02870471747512734,0.022127252546411607
Orkhon,2005,0.04123711340206186,0.01754385964912281,0.0,0.006637168141592919,0.006147540983606557,0.020228399433427764,0.014313136435276829
Orkhon,2006,0.02564102564102564,0.007575757575757577,0.0,0.003584229390681004,0.004966887417218543,0.01010390247893316,0.008353580004936552
Orkhon,2007,0.01086956521739131,0.006451612903225806,0.0,0.001392757660167131,0.0012853470437018,0.004971306552782598,0.003999856564897208
Orkhon,2008,0.009523809523809525,0.00546448087431694,0.0,0.002283105022831051,0.00106951871657754,0.004471944874138658,0.0036681828275070107
Orkhon,2009,0.008849557522123894,0.009478672985781991,0.0,0.008108108108108109,0.009577015163607342,0.00901340395381792,0.007202670755924267
Orkhon,2010,0.06140350877192982,0.136986301369863,0.0,0.1046511627906977,0.1315315315315315,0.11262090115593301,0.08691450089280442
Orkhon,2011,0.009345794392523366,0.005617977528089887,0.0,0.004103967168262654,0.005925925925925926,0.006191754857052599,0.004998733002960366
Orkhon,2012,0.00847457627118644,0.005319148936170213,0.0,0.01749271137026239,0.007246376811594203,0.00901864873127484,0.0077065626778426485
Orkhon,2013,0.00847457627118644,0.00975609756097561,0.0,0.01371571072319202,0.009749303621169917,0.010329520232200786,0.008339137635304797
Orkhon,2014,0.008620689655172414,0.004629629629629629,0.0,0.002503128911138924,0.0030441400304414,0.004795478548796849,0.0037595176452764737
Orkhon,2015,0.01098901098901099,0.01098901098901099,0.0,0.005859374999999999,0.006726457399103138,0.009329908589559567,0.006912770875425023
Orkhon,2016,0.01098901098901099,0.005208333333333334,,0.004158004158004158,0.002309468822170901,0.005978117832838291,0.005666204325629845
Orkhon,2017,0.02654867256637168,0.03703703703703703,,0.0493358633776091,0.03497942386831276,0.03614734220357869,0.03697524921233264
Orkhon,2018,0.04065040650406504,0.09589041095890412,,0.0440251572327044,0.04197530864197531,0.06540692855958893,0.05563532083441221
Orkhon,2019,0.01769911504424779,0.005714285714285714,0.0,0.004210526315789474,0.002631578947368421,0.00859932407059707,0.00605110120433828
Orkhon,2020,0.00819672131147541,0.01052631578947368,0.0,0.009881422924901186,0.006666666666666666,0.009175257731958764,0.007054225338503389
Orkhon,2021,0.0,0.004926108374384237,0.0,0.001953125,0.005714285714285714,0.0031255034638311583,0.00251870381773399
Orkhon,2022,0.006369426751592357,0.00411522633744856,0.0,0.006711409395973154,0.003642987249544627,0.005147723227731989,0.00416780994691174
Orkhon,2023,0.01724137931034483,0.02173913043478261,0.0,0.01508295625942685,0.02218430034129693,0.01933946036270703,0.015249553269170244
Orkhon,2024,0.03773584905660378,0.05,0.0,0.04264705882352941,0.05914972273567468,0.04584890404073516,0.037906526123161574
Selenge,1992,0.0469208211143695,0.0655241935483871,0.0,0.04853205512282804,0.02140672782874617,0.05592217781967746,0.03647675952286616
Selenge,1993,0.06017191977077364,0.1407867494824017,0.0,0.09317963496637849,0.05026455026455027,0.108481548492814,0.06888057089682081
Selenge,1994,0.03191489361702127,0.0372960372960373,0.0,0.04931034482758621,0.02331002331002331,0.03862432429993413,0.028366259810133614
Selenge,1995,0.03626943005181347,0.05698924731182795,0.0,0.05670272041953458,0.03361344537815126,0.051079227500315565,0.03671496863226545
Selenge,1996,0.03398058252427184,0.0389344262295082,0.0,0.05083022704168078,0.0254957507082153,0.03988202310920966,0.029848197300735225
Selenge,1997,0.0269607843137255,0.04791029561671764,0.0,0.04569420035149385,0.01447527141133896,0.0404594798066882,0.02700811033865519
Selenge,1998,0.01932367149758454,0.02180685358255452,0.0,0.02181440443213296,0.01044932079414838,0.02040931114557303,0.014678850061284082
Selenge,1999,0.02494331065759637,0.03768115942028986,0.0,0.02181818181818182,0.01596638655462185,0.02938194289122493,0.020081807690137978
Selenge,2000,0.02591792656587473,0.03284671532846715,0.0,0.02805733455321744,0.01589595375722543,0.028673685383244208,0.02054358604095695
Selenge,2001,0.04357298474945534,0.1133640552995392,0.0,0.0896551724137931,0.06694813027744269,0.08754765104352358,0.06270806854804607
Selenge,2002,0.01882845188284519,0.01964839710444674,0.0,0.01463104325699746,0.01183431952662722,0.017342733266190954,0.012988442354183321
Selenge,2003,0.05672268907563025,0.1689691817215728,0.125,0.103568045468898,0.09897458760588497,0.11798334236853779,0.1106469007743972
Selenge,2004,0.02331002331002331,0.01538461538461539,0.0,0.01051840721262209,0.008754863813229572,0.01521908043647174,0.011593581944098073
Selenge,2005,0.01518987341772152,0.01023391812865497,0.0,0.005126182965299685,0.005568445475638051,0.009481507542108272,0.007223683997462845
Selenge,2006,0.01078167115902965,0.00542740841248304,0.0,0.003602305475504323,0.002932551319648094,0.005709127080320648,0.0045487872733330215
Selenge,2007,0.00510204081632653,0.003525264394829612,0.0,0.001471020888496617,0.001614465611882467,0.0029513629607504283,0.0023425583423070453
Selenge,2008,0.004415011037527595,0.001895734597156398,0.0,0.0008820286659316428,0.001175364362952515,0.001928494767909847,0.0016736277327136302
Selenge,2009,0.007168458781362008,0.007457121551081283,0.0,0.008592910848549944,0.00650216738912971,0.00749303411401461,0.0059441317140245895
Selenge,2010,0.02604166666666666,0.06919060052219321,0.0,0.05832536538724218,0.0787143325680551,0.061377463729755034,0.046454393028831434
Selenge,2011,0.006472491909385114,0.006968641114982578,0.0,0.00555374060764456,0.00581135449262405,0.0062876763273743115,0.0049612456249272605
Selenge,2012,0.006125574272588055,0.004608294930875575,0.0,0.009970775313735601,0.004984828781967924,0.006278341200611368,0.0051378946598334314
Selenge,2013,0.007342143906020559,0.006265664160401003,0.0,0.0040842999509884,0.005375188131584606,0.005773929391934328,0.004613459229798914
Selenge,2014,0.005594405594405594,0.002915451895043732,0.0,0.001762255687279718,0.002239140170174653,0.0030490903547108444,0.0025022506693807398
Selenge,2015,0.006265664160401003,0.009155645981688708,0.0,0.004721705537272857,0.00544464609800363,0.006940618383802683,0.00511753235547324
Selenge,2016,0.00364963503649635,0.00384985563041386,0.0,0.001892560780317368,0.002077706212341575,0.003090224363872221,0.0022939515319138305
Selenge,2017,0.02243589743589744,0.05037895675434686,0.0,0.04604297344187909,0.04078947368421053,0.04224842183438544,0.03192946026326678
Selenge,2018,0.01362683438155136,0.01648351648351648,0.0,0.007436007436007436,0.009067096514205118,0.012777171879347677,0.009322690963056079
Selenge,2019,0.006147540983606557,0.007380073800738007,0.0,0.003541578127213486,0.003851338340073176,0.005728265031948529,0.004184106250326246
Selenge,2020,0.005802707930367504,0.005596211795092553,0.0,0.003088492010205451,0.002992021276595745,0.004673775189064775,0.0034958866024522505
Selenge,2021,0.008204193254329991,0.012890625,0.0,0.006382435537401072,0.00687593423019432,0.009546513517906485,0.006870637604385077
Selenge,2022,0.009174311926605505,0.008167613636363634,0.0,0.006355184182652701,0.007244094488188976,0.00785305874614178,0.006188240846762163
Selenge,2023,0.03018575851393189,0.04087102177554439,0.0,0.02962444599953347,0.0414871549385671,0.03623935939104283,0.02843367624551537
Selenge,2024,0.03136136849607983,0.03066271018793274,0.0,0.0404873714938444,0.04895755770662695,0.034877388206894525,0.030293801576896782
Sukhbaatar,1992,0.02618243243243243,0.02363367799113737,0.05755395683453238,0.02097678142514011,0.02715877437325905,0.024959017058642126,0.031101124611300268
Sukhbaatar,1993,0.02729528535980149,0.02770083102493075,0.03937007874015748,0.0237334550433592,0.02201834862385321,0.026520450274155734,0.028023599758420427
Sukhbaatar,1994,0.05602240896358543,0.1130434782608696,0.1139240506329114,0.0980603448275862,0.101123595505618,0.08949473501465649,0.09643477563811412
Sukhbaatar,1995,0.04204892966360856,0.06566604127579737,0.06722689075630252,0.08579225652396384,0.08287013643254168,0.06319588278230841,0.0687208509304428
Sukhbaatar,1996,0.01704966641957005,0.03997539975399754,0.1491228070175439,0.0282030620467365,0.02423954372623574,0.030867628611989516,0.05171809579281674
Sukhbaatar,1997,0.01502145922746781,0.06093649775497113,0.02678571428571429,0.03442065239143486,0.04652155356380708,0.03738384000417821,0.036737175444679034
Sukhbaatar,1998,0.009038089089735312,0.01134328358208955,0.01694915254237288,0.04324223137401722,0.02983383685800604,0.01794359118329784,0.022081318689244202
Sukhbaatar,1999,0.01062573789846517,0.01136363636363636,0.02479338842975207,0.01354029062087186,0.0129582806573957,0.01189045620651618,0.014656266794024231
Sukhbaatar,2000,0.01433882103027084,0.02413629910080454,0.0,0.02565961148158887,0.03240607972469171,0.02118547766584612,0.01930816226747119
Sukhbaatar,2001,0.08740894901144641,0.3840648854961832,0.05737704918032787,0.1169664017844696,0.136804209360288,0.19762619762619762,0.15652429896654302
Sukhbaatar,2002,0.008747949699289229,0.01305293691080493,0.01652892561983471,0.01370056497175141,0.01391035548686244,0.011644417438104156,0.013188146537708546
Sukhbaatar,2003,0.0333686440677966,0.03774928774928775,0.008064516129032258,0.01884669479606188,0.01769147788565264,0.02897306322018991,0.023144124125566223
Sukhbaatar,2004,0.03081664098613251,0.07204230006609386,0.01550387596899225,0.03363321799307958,0.03787878787878787,0.04264016384655748,0.03797496457861722
Sukhbaatar,2005,0.04150943396226415,0.09104046242774566,0.02380952380952381,0.05973952434881088,0.06590951405697262,0.060638319893307785,0.05640169172106342
Sukhbaatar,2006,0.009566685424873383,0.01436552274541101,0.00847457627118644,0.01494252873563218,0.0204958032402889,0.013403824059630674,0.013569023283478383
Sukhbaatar,2007,0.01758366420873511,0.02799377916018663,0.008849557522123894,0.01904635055940331,0.01463328631875882,0.019729319869534346,0.017621327553841555
Sukhbaatar,2008,0.2379518072289157,0.2656500802568219,0.1018518518518519,0.20340074713384,0.2475059382422803,0.23552331292979675,0.21127208494274194
Sukhbaatar,2009,0.01346801346801347,0.02249488752556237,0.01041666666666667,0.01404992497612877,0.01474622770919067,0.01576138424155221,0.015035144069112388
Sukhbaatar,2010,0.01368821292775665,0.06085376930063579,0.009900990099009901,0.03162703525828745,0.03697208826538068,0.033235843246258674,0.03060841917021409
Sukhbaatar,2011,0.01147873058744092,0.0328125,0.009174311926605505,0.0239284228048273,0.03498701653683203,0.024041874944307588,0.022476196371141153
Sukhbaatar,2012,0.004851425106124924,0.00804681784930505,0.009345794392523366,0.008870967741935484,0.01299536798764797,0.008224267908417307,0.00882207461550736
Sukhbaatar,2013,0.005446623093681918,0.01058901389808074,0.01020408163265306,0.01017601760176018,0.01443274577073228,0.009573914382130648,0.010169696399381634
Sukhbaatar,2014,0.001969473165928114,0.01686046511627907,0.0,0.002959066250205491,0.004378087112707678,0.006046690815052296,0.005233418329024071
Sukhbaatar,2015,0.005622837370242215,0.005104645227156712,0.01162790697674419,0.004417728852838934,0.006688629330138764,0.005416936080935628,0.0066923495514241635
Sukhbaatar,2016,0.03312788906009245,0.07086247086247086,0.01204819277108434,0.04610398200820215,0.08559479553903346,0.0541228958922128,0.049547466048176655
Sukhbaatar,2017,0.001820167455405897,0.0210224558050645,0.0,0.003112436778627934,0.003311922922521076,0.006658818205601397,0.005853396592323881
Sukhbaatar,2018,0.01299112801013941,0.0304054054054054,0.0,0.01674654327108467,0.02967719541825755,0.0203986535785014,0.017964054420977406
Sukhbaatar,2019,0.01894286587228842,0.005564387917329093,0.0,0.01139378804432652,0.01407867494824017,0.012991657604133976,0.00999594335643684
Sukhbaatar,2020,0.007145076110593352,0.01415270018621974,0.0,0.01187094155844156,0.01571268237934905,0.011423818819433926,0.00977628004692074
Sukhbaatar,2021,0.006344410876132931,0.01637593449626202,0.0,0.008526004313155124,0.01538822059053273,0.010718738520109985,0.009326914055216561
Sukhbaatar,2022,0.004662643993417443,0.005515898767034393,0.0,0.002799449288664525,0.004689593568557391,0.004326797786396455,0.0035335171235347505
Sukhbaatar,2023,0.06757763975155279,0.08894090111176126,0.0125,0.1130705394190871,0.1673637344846195,0.10044426671721106,0.08989056295340413
Sukhbaatar,2024,0.1992901992901993,0.4474464579901153,0.03947368421052631,0.5282150282150282,0.4723298046303468,0.38567447499736274,0.33735103486724316
Tuv,1992,0.03661436043747028,0.04854854854854854,0.08695652173913043,0.03541490063106339,0.02231121281464531,0.03980460806947268,0.04596910883417159
Tuv,1993,0.04138266796494645,0.09398686205154119,0.05357142857142858,0.05254440047851293,0.02806652806652807,0.05994285801904392,0.05391037742659145
Tuv,1994,0.03039073806078147,0.06401291016675632,0.0625,0.05504496491748197,0.04085510688836105,0.04758627055395123,0.050560744006676164
Tuv,1995,0.01999091322126307,0.02779234399580493,0.02380952380952381,0.03205780582129045,0.01549720189410245,0.025102820475321804,0.02382955774839694
Tuv,1996,0.016579053780833,0.02098880597014925,0.0,0.02071300537741486,0.01148260722728808,0.018460724553274133,0.013952694471137037
Tuv,1997,0.01261467889908257,0.02801358234295416,0.0,0.01617171420170538,0.0103956107421311,0.01793043149178841,0.013439117237174641
Tuv,1998,0.00856225472707813,0.01285656890317397,0.02439024390243903,0.01150895140664962,0.008327385201046872,0.010557539093203368,0.013129080828077525
Tuv,1999,0.0370003303600925,0.1111954459203036,0.02439024390243903,0.05074194098584343,0.03995157384987894,0.06218720968563637,0.0526559070037115
Tuv,2000,0.1047430830039526,0.1795190713101161,0.04761904761904762,0.0755680367628287,0.08279352226720647,0.11682300358711706,0.0980485521926303
Tuv,2001,0.2444889779559118,0.3718783930510315,0.1388888888888889,0.2021431166000726,0.1809346567411083,0.25914973196493984,0.22766680664740263
Tuv,2002,0.02490918526206539,0.03080766028309742,0.0,0.02705119606528057,0.02555143044332824,0.026699422834745527,0.021663894410754322
Tuv,2003,0.1496232508073197,0.2159194876486734,0.03703703703703703,0.1111799702528508,0.1386299148763681,0.15150461381785665,0.1304779321244498
Tuv,2004,0.02360774818401937,0.04153005464480874,0.0,0.0217991169977925,0.02196908055329536,0.026205625095299487,0.021781200075983193
Tuv,2005,0.01300236406619385,0.015005359056806,0.0,0.009398496240601505,0.01070901033973412,0.012053111322295248,0.009623045940667095
Tuv,2006,0.01114827201783723,0.0120259019426457,0.0,0.007479256748860582,0.008032761064734604,0.009809993089025913,0.0077372383548156235
Tuv,2007,0.00808489135927236,0.009916094584286805,0.0,0.005860876249039201,0.005491076999875204,0.0073674629915550524,0.005870587838494714
Tuv,2008,0.04418604651162791,0.04770992366412214,0.0,0.03297846794204755,0.03519441674975075,0.04000910924588458,0.03201377097350967
Tuv,2009,0.01128349788434415,0.01456876456876457,0.0,0.008414953786729204,0.01080154307758251,0.011001659990258742,0.009013751863484087
Tuv,2010,0.1325611325611326,0.1395468589083419,0.07692307692307693,0.1564887722368037,0.1776649746192893,0.15042075797707058,0.1366369630497289
Tuv,2011,0.007507507507507507,0.01104651162790698,0.0,0.007507175977036873,0.009305654974946313,0.00860822022002346,0.007073370017479534
Tuv,2012,0.007623318385650224,0.01135135135135135,0.0,0.006496614921698694,0.008081550188263386,0.00817502988605272,0.006710566969392731
Tuv,2013,0.009323064450749898,0.0135593220338983,0.0,0.01132398849237926,0.01592522070278691,0.012025211184366516,0.010026319135962873
Tuv,2014,0.006346967559943582,0.00835421888053467,0.0,0.004956220056170494,0.006822057987492894,0.006472542800396906,0.005295892896828328
Tuv,2015,0.00906344410876133,0.01624049758120249,0.0,0.01364256480218281,0.01717277486910995,0.013409329333074966,0.011223856272251314
Tuv,2016,0.0241130820399113,0.04144258146156279,0.0,0.02179464600211342,0.03336871434257662,0.029045720321961524,0.024143804769232825
Tuv,2017,0.01646628332462101,0.0266707541385653,0.0,0.01342941369145103,0.01579320569844646,0.017801264166520427,0.014471931370616762
Tuv,2018,0.0718849840255591,0.0785070785070785,0.0,0.03644711714274106,0.05240516229956981,0.05955194184868878,0.047848868394989696
Tuv,2019,0.01259519625073228,0.01275239107332625,0.0,0.01392234515984159,0.01733067729083666,0.013824027928862354,0.011320121954947356
Tuv,2020,0.01830910070005385,0.02166985340981517,0.0,0.02187189861821513,0.02675845555222987,0.021559976112757062,0.017721861656062803
Tuv,2021,0.04058129969838224,0.04687985097795715,0.05555555555555556,0.03668858008896587,0.04653549010140029,0.04192072099094075,0.04524815528445222
Tuv,2022,0.008408071748878924,0.011875,0.0,0.007690790771051075,0.01013005685902882,0.009252948666197932,0.007620783875791763
Tuv,2023,0.02733199598796389,0.0481651376146789,0.0,0.03516169245435213,0.04580340148584761,0.03738775922960155,0.03129244550856851
Tuv,2024,0.09172154280338664,0.09070422535211269,0.02439024390243903,0.1921898058803496,0.1752324037184595,0.1328339726027397,0.11484764433134949
Umnugovi,1992,0.04153354632587859,0.052,0.04231433506044906,0.03440134907251265,0.03573931324456903,0.04027604259622821,0.04119770874068186
Umnugovi,1993,0.09015025041736228,0.1506276150627615,0.06758080313418219,0.05753138075313807,0.03978469459396208,0.0720521389224852,0.08113494879228123
Umnugovi,1994,0.01025641025641026,0.01895734597156398,0.01971522453450164,0.01362984218077475,0.01395247438412906,0.014938577272700284,0.015302259465475938
Umnugovi,1995,0.0103397341211226,0.008264462809917356,0.01528384279475982,0.01388888888888889,0.01088139281828074,0.012108594978119556,0.01173166428659388
Umnugovi,1996,0.01017811704834606,0.02380952380952381,0.004305705059203444,0.01641747288185283,0.01299879081015719,0.011815908706360099,0.013541921921816667
Umnugovi,1997,0.007891770011273957,0.009174311926605503,0.01399354144241119,0.01444141689373297,0.009060175794455713,0.010600004321241061,0.010912243213695865
Umnugovi,1998,0.009861932938856016,0.02380952380952381,0.01789473684210526,0.02175525339925834,0.02265148901920202,0.018250520426499616,0.019194587201789088
Umnugovi,1999,0.03169014084507042,0.08173076923076923,0.02149437052200614,0.0351123595505618,0.03377720038973692,0.03552508569647865,0.0407609681076289
Umnugovi,2000,0.138655462184874,0.3156565656565656,0.003036437246963563,0.09166666666666667,0.07206611570247934,0.10319429451218433,0.12421624949150982
Umnugovi,2001,0.251008064516129,0.319327731092437,0.08728448275862069,0.1357689459392742,0.1084378957062277,0.16083564765506622,0.18036542400253772
Umnugovi,2002,0.2943854324734446,0.3801652892561983,0.0959902794653706,0.176056338028169,0.1904180238870793,0.19999271182558354,0.22740307262205234
Umnugovi,2003,0.1800947867298578,0.2173913043478261,0.0625,0.1159420289855072,0.09350463954318344,0.11075962655543578,0.1338865519212749
Umnugovi,2004,0.0108991825613079,0.0,0.01424501424501425,0.01429980276134122,0.01064728747676187,0.011874106903230017,0.010018257408885048
Umnugovi,2005,0.01711491442542787,0.02702702702702703,0.01836158192090396,0.02211621856027754,0.03067740144364242,0.024039752887456352,0.02305942867545576
Umnugovi,2006,0.02570093457943926,0.05813953488372093,0.02256699576868829,0.04220779220779221,0.03598937583001328,0.03281997791140017,0.03692092665393079
Umnugovi,2007,0.007109004739336493,0.01149425287356322,0.00697350069735007,0.01109350237717908,0.008068647540983607,0.00822889201911848,0.008947781645682495
Umnugovi,2008,0.004310344827586207,0.009900990099009901,0.005305039787798408,0.008431703204047217,0.005454919720049403,0.005829290243826744,0.006680599527698228
Umnugovi,2009,0.01509433962264151,0.03225806451612903,0.006188118811881188,0.02050113895216401,0.0184421052631579,0.016484896556282637,0.018496753433194728
Umnugovi,2010,0.2420856610800745,0.4045801526717557,0.08168028004667445,0.3617247804099015,0.3729117431342189,0.2985667071503837,0.292596523468525
Umnugovi,2011,0.007978723404255319,0.01333333333333333,0.005966587112171838,0.01033834586466165,0.009422674244690397,0.008477434586895326,0.009407932791822508
Umnugovi,2012,0.004608294930875576,0.01149425287356322,0.003416856492027335,0.008547008547008548,0.007384093935358915,0.0062308938743464255,0.007090101355766719
Umnugovi,2013,0.003992015968063873,0.009259259259259259,0.004110996916752313,0.008338892595063376,0.006969728492666182,0.006062013478666841,0.006534178646360999
Umnugovi,2014,0.006872852233676976,0.007462686567164179,0.00387972841901067,0.006841505131128848,0.007004788082993439,0.0062934760586209225,0.006412312086794822
Umnugovi,2015,0.00904977375565611,0.006211180124223602,0.004436557231588287,0.006790744466800805,0.01074584096155377,0.008350707076800114,0.007446819307964514
Umnugovi,2016,0.002695417789757413,0.005347593582887701,0.001686340640809444,0.005145413870246085,0.0051524259338772,0.004021493482995705,0.004005438363515568
Umnugovi,2017,0.002344665885111372,0.004524886877828054,0.001532567049808429,0.004799385678633136,0.005337277345508328,0.0039271018472820645,0.003707756567377864
Umnugovi,2018,0.01925025329280648,0.04074074074074074,0.003541076487252125,0.01547231270358306,0.02757259656047364,0.020140353670022947,0.021315395956971208
Umnugovi,2019,0.001036269430051813,0.0,0.002626395272488509,0.001742160278745645,0.003784071424348135,0.0025479947867387,0.0018377792811268203
Umnugovi,2020,0.01095890410958904,0.01261829652996846,0.003799873337555415,0.00835421888053467,0.006454866364094806,0.007370972676566802,0.00843723184434848
Umnugovi,2021,0.04619565217391304,0.08734939759036144,0.03537170263788969,0.04175212423088192,0.0462972772539464,0.04531452233010637,0.051393230777398505
Umnugovi,2022,0.006862745098039216,0.006389776357827477,0.006849315068493151,0.003829583532790809,0.003954305799648506,0.005223908343912167,0.005577145171359831
Umnugovi,2023,0.05777777777777778,0.08908045977011496,0.03094660194174757,0.04439840165754032,0.07577594568380214,0.05830720688130552,0.059595837366196544
Umnugovi,2024,0.06364617044228695,0.05797101449275362,0.03307888040712469,0.04092819294719532,0.03836674334538285,0.043576256135763804,0.04679820032694869
Uvs,1992,0.08850931677018634,0.09344581440622973,0.07736389684813755,0.04921077065923863,0.05233143240523314,0.07455786850467376,0.07217224621780507
Uvs,1993,0.06546080964685616,0.05592991913746631,0.04878048780487804,0.03508771929824561,0.02535301668806162,0.04870721165561555,0.046122390515101544
Uvs,1994,0.02516309412861137,0.02448979591836735,0.04597701149425287,0.03677652733118971,0.0311614730878187,0.03022915650901999,0.032713580392048
Uvs,1995,0.02521739130434783,0.03028467595396729,0.03162055335968379,0.03269561696527989,0.02242585001205691,0.028925783451052775,0.028448817519067145
Uvs,1996,0.02559867877786953,0.03408466190214404,0.004048582995951417,0.02453209262979803,0.02038269550748752,0.02656770376225654,0.02172934236265011
Uvs,1997,0.02502017756255044,0.05103148751357221,0.004132231404958678,0.02009340719018138,0.0177734375,0.03029928057553957,0.023610148234252542
Uvs,1998,0.02898550724637681,0.03559693318729464,0.02074688796680498,0.0192327793456674,0.02285513361462729,0.02723599653360044,0.025483448272154225
Uvs,1999,0.02766798418972332,0.0406945198046663,0.02469135802469136,0.01881611065907242,0.01914106482226154,0.02782359876679989,0.026202207500082987
Uvs,2000,0.2982758620689655,0.3226190476190476,0.09691629955947138,0.1134401972872996,0.14,0.22156437190728365,0.19425028130695682
Uvs,2001,0.1108144192256342,0.184484389782403,0.02747252747252747,0.0649895178197065,0.060164782525388,0.10150476567318772,0.08958512736513183
Uvs,2002,0.1306306306306306,0.1283185840707964,0.07142857142857142,0.130806257521059,0.1567700122613417,0.13364596026109682,0.12359081118247983
Uvs,2003,0.03284072249589491,0.0457280385078219,0.01351351351351351,0.01987544719756194,0.01652298850574713,0.02708983820607437,0.025696142044107882
Uvs,2004,0.01095461658841941,0.01343784994400896,0.006410256410256411,0.005635566687539136,0.005738057667479558,0.008323314528807918,0.008435269459540696
Uvs,2005,0.03129445234708393,0.03988035892323031,0.0189873417721519,0.05041018998272884,0.06907697833113852,0.04893952095178302,0.0419298642712667
Uvs,2006,0.01639344262295082,0.02203856749311294,0.01265822784810127,0.01508555229320644,0.01639344262295082,0.017097596687026533,0.01651384657606446
Uvs,2007,0.02493765586034912,0.02916666666666667,0.0124223602484472,0.01862980769230769,0.01990586389488135,0.02205532265743848,0.021012470872530407
Uvs,2008,0.06014150943396226,0.1105990783410138,0.0303030303030303,0.08238147394773901,0.08602902605350586,0.08458612666404597,0.07389082361585025
Uvs,2009,0.08070617906683482,0.1505922165820643,0.03726708074534161,0.1122633744855967,0.1166308712298067,0.11448769869537208,0.09949194442192882
Uvs,2010,0.213903743315508,0.2692307692307692,0.09433962264150943,0.3012837306785434,0.2816297355253753,0.27069342291698045,0.23207752027834108
Uvs,2011,0.03182579564489112,0.02843601895734597,0.01379310344827586,0.02522847213283563,0.02427610412401287,0.02646999732118939,0.024711898861472292
Uvs,2012,0.0234375,0.02612330198537095,0.006451612903225806,0.02818555490311216,0.02595306097106668,0.025714040142453015,0.02203020615255512
Uvs,2013,0.01846590909090909,0.02037037037037037,0.01183431952662722,0.01588114754098361,0.01931804957523566,0.01806586949140577,0.01717395922082519
Uvs,2014,0.009102730819245772,0.008972267536704732,0.005586592178770951,0.00480902617220013,0.00744818652849741,0.007140547696174423,0.007183760647083799
Uvs,2015,0.01018099547511312,0.0110041265474553,0.005128205128205128,0.006188020626735422,0.007256062631277448,0.008185956232561329,0.007951482081757283
Uvs,2016,0.03775510204081633,0.06760204081632652,0.00975609756097561,0.06507105459985041,0.0865048804513298,0.0649517479545996,0.05333783509385973
Uvs,2017,0.01135288552507096,0.01552795031055901,0.004566210045662101,0.009880130766436615,0.01179624664879357,0.011759942843534174,0.010624684659304452
Uvs,2018,0.03263598326359832,0.03730921424533634,0.00851063829787234,0.03949487790735133,0.04428014945544161,0.03815848549134927,0.03244617263391999
Uvs,2019,0.02504038772213247,0.02897758337889557,0.01195219123505976,0.04610969387755102,0.05017640141121129,0.038477145740773495,0.03245125152497002
Uvs,2020,0.009181331293037491,0.009197751660705161,0.00390625,0.009284646061814558,0.008996068944662837,0.009039545768311515,0.008113209592044009
Uvs,2021,0.00574300071787509,0.005673758865248226,0.00392156862745098,0.003512664078387872,0.004254413954477771,0.004635637029620581,0.004621081248687988
Uvs,2022,0.01336728198599618,0.0175010175010175,0.007575757575757577,0.01606983985765124,0.01934752151577824,0.01648639829429844,0.014772283687240146
Uvs,2023,0.0936936936936937,0.119233776387803,0.04411764705882353,0.1128513821518322,0.1280573413138255,0.11226859681165302,0.09959076812119559
Uvs,2024,0.09709962168978563,0.07651245551601422,0.01544401544401545,0.09466461279932781,0.0808124459809853,0.08547844998022934,0.07290663028602568
Uvurkhangai,1992,0.03161652218255992,0.03329969727547932,0.02527075812274368,0.02526243919091918,0.01656942823803967,0.028768715871058656,0.026403769001948352
Uvurkhangai,1993,0.1028761061946903,0.1167256189994947,0.03240740740740741,0.06626910801276668,0.04173989455184535,0.08850642110119965,0.0720036270332409
Uvurkhangai,1994,0.007841087297438577,0.01215362177929023,0.009523809523809525,0.0133242227536727,0.01217626594511017,0.011071299446550907,0.011003801459864241
Uvurkhangai,1995,0.009900990099009903,0.009754028837998302,0.009615384615384616,0.01219220655032273,0.008488410055501142,0.0102818598323102,0.009990204031643338
Uvurkhangai,1996,0.04166666666666666,0.04285186553380126,0.009569377990430623,0.02399817156788054,0.02253903598099118,0.034866316010173294,0.028125023547954053
Uvurkhangai,1997,0.01156761069006781,0.02237136465324385,0.01020408163265306,0.009126259820649156,0.008117099135063206,0.013761102518268797,0.012277283186335416
Uvurkhangai,1998,0.006957866254348667,0.01214128035320088,0.01041666666666667,0.006045301499846955,0.007891377509574096,0.008437677378946375,0.008690498456727456
Uvurkhangai,1999,0.02113937656753852,0.02018413597733711,0.01538461538461538,0.01282513149362346,0.01469661977745119,0.017927369116851728,0.016845975840113134
Uvurkhangai,2000,0.3149305555555555,0.3364864864864865,0.2590673575129533,0.1990724474738248,0.169926913155632,0.2737194582498504,0.2558967520368904
Uvurkhangai,2001,0.1723750701852892,0.3718535469107551,0.0303030303030303,0.1244570349386214,0.1025044477897906,0.1969921580216039,0.16029862602549733
Uvurkhangai,2002,0.1773049645390071,0.2497482376636455,0.06802721088435375,0.09636702886620568,0.1199146514935989,0.1538920658729415,0.1422724186893622
Uvurkhangai,2003,0.05121527777777778,0.05179282868525897,0.01503759398496241,0.02307978657401663,0.02440140308067714,0.03627702859159123,0.03310537802053858
Uvurkhangai,2004,0.005654281098546042,0.00963855421686747,0.007142857142857144,0.004196438697969831,0.003797158255756982,0.005470230018419829,0.006085857882399495
Uvurkhangai,2005,0.01203912716328066,0.01754385964912281,0.007246376811594203,0.0159547092125579,0.02114164904862579,0.01626402326823767,0.014785144377036272
Uvurkhangai,2006,0.008052708638360176,0.01905717151454363,0.007633587786259543,0.006418121755545068,0.00937311026002822,0.009733007126901394,0.010106939990947328
Uvurkhangai,2007,0.006609385327164573,0.009900990099009903,0.0,0.003708587440250535,0.004760225669957686,0.005704262793598107,0.004995837707276539
Uvurkhangai,2008,0.08857142857142856,0.08239700374531835,0.007407407407407408,0.03768552082620888,0.04124884432117204,0.058555222988992114,0.051462040974307045
Uvurkhangai,2009,0.0138728323699422,0.0244807121661721,0.007092198581560284,0.02644659699209788,0.04105985757361904,0.026904607167055485,0.022590439536678303
Uvurkhangai,2010,0.4367502726281352,0.5627214741318215,0.05263157894736843,0.4560718931063024,0.4610156692467435,0.46393480468244125,0.3938381776120742
Uvurkhangai,2011,0.007908611599297012,0.01181102362204724,0.0,0.01115324559446799,0.01121865376154861,0.010150615676915895,0.00841830691547217
Uvurkhangai,2012,0.002834868887313962,0.01434878587196468,0.0,0.002567027952082145,0.003284801136363636,0.004523496066761689,0.004607096769544885
Uvurkhangai,2013,0.00469208211143695,0.007017543859649123,0.0,0.006255244488519337,0.007294429708222812,0.006112817139885965,0.005051860033565644
Uvurkhangai,2014,0.001942690626517727,0.002760524499654934,0.0,0.002205930059041069,0.002922119171642739,0.002373641770133103,0.0019662528713712936
Uvurkhangai,2015,0.01134062373430539,0.00818330605564648,0.009090909090909092,0.0140025259458569,0.01882173747484089,0.013446279587194226,0.012287820460311752
Uvurkhangai,2016,0.007137758743754462,0.007352941176470589,0.0,0.007567514096349788,0.009602194787379972,0.007791498333976702,0.006332081760790961
Uvurkhangai,2017,0.002473716759431045,0.003462870334744133,0.003802281368821293,0.004582720201807862,0.007475793740148616,0.0044817053044715035,0.00435947648099059
Uvurkhangai,2018,0.09038461538461538,0.09892689470154259,0.006944444444444445,0.0526790072466489,0.06253139126067303,0.07348856024564325,0.06229327060758487
Uvurkhangai,2019,0.01236093943139679,0.01395519647447668,0.003174603174603175,0.01657586646574707,0.02346602546976578,0.016343519713079662,0.0139065262031979
Uvurkhangai,2020,0.0352536543422184,0.03180574555403557,0.03363914373088685,0.03483197790394353,0.0413290113452188,0.03584939749744964,0.03537190657526063
Uvurkhangai,2021,0.05212424134237772,0.0857823669579031,0.1804511278195489,0.0616548463356974,0.08711785556047852,0.07185882301682611,0.09342608760320112
Uvurkhangai,2022,0.002967359050445104,0.002503128911138924,0.0,0.002698785546504073,0.003280883829929696,0.002809864827912408,0.0022900314676035593
Uvurkhangai,2023,0.03341661461586509,0.04142651296829971,0.005181347150259068,0.0373035493554653,0.04209109003629552,0.037612988849717144,0.03188382282523694
Uvurkhangai,2024,0.01659988551803091,0.01504481434058899,0.004830917874396136,0.02567962835512732,0.02604920405209841,0.020413693433294192,0.017640890028048355
Zavkhan,1992,0.03227931488801054,0.05268542199488491,0.04724409448818898,0.04797776640093615,0.02807714123652864,0.043579651282463217,0.04165274780170984
Zavkhan,1993,0.1056149732620321,0.2147270854788878,0.04310344827586207,0.1152005888847994,0.06844516302883319,0.13693541834368356,0.10941825178608293
Zavkhan,1994,0.006949270326615705,0.00949868073878628,0.009433962264150945,0.008910103420843278,0.006454816285998014,0.008342022940563087,0.008249366607278843
Zavkhan,1995,0.01244813278008299,0.01458241272646929,0.01769911504424779,0.01440748283925473,0.01301476301476302,0.013829141785768048,0.014430381280963564
Zavkhan,1996,0.00949868073878628,0.009682416731216111,0.05172413793103448,0.008876852478748214,0.01027900146842878,0.00998419394301927,0.018012217869642775
Zavkhan,1997,0.01347305389221557,0.04066811909949165,0.009009009009009009,0.0153694730466384,0.01754385964912281,0.023337990464474302,0.019212702939295487
Zavkhan,1998,0.0244140625,0.0306553911205074,0.01851851851851852,0.0213713268032057,0.01987315010570824,0.02505336565859501,0.022966489809587973
Zavkhan,1999,0.0526829268292683,0.04966300106420717,0.01801801801801802,0.04092487257147078,0.02979119563771778,0.045308126339377364,0.03821600282413641
Zavkhan,2000,0.208636836628512,0.3957258658806191,0.1018518518518519,0.1464514597673866,0.1470588235294118,0.2456295235499213,0.19994496753155627
Zavkhan,2001,0.3086330935251799,0.5360759493670886,0.04597701149425288,0.3083000190367409,0.2275213675213675,0.35413090128755365,0.285301488188926
Zavkhan,2002,0.06575073601570167,0.05630630630630631,0.03797468354430379,0.0569996041694155,0.06656609466339808,0.060842520341006914,0.05671948493982506
Zavkhan,2003,0.04817987152034261,0.07211538461538461,0.01408450704225352,0.04307692307692308,0.05086301872934263,0.051691148209421625,0.0456639409968493
Zavkhan,2004,0.01168969181721573,0.02059496567505721,0.0,0.005429162357807653,0.003601440576230492,0.009591197395021529,0.008263052085262217
Zavkhan,2005,0.02393340270551509,0.04257528556593977,0.015625,0.03155796700254678,0.04700587573446681,0.035635740369160666,0.03213950620169369
Zavkhan,2006,0.009881422924901186,0.01119402985074627,0.01587301587301588,0.004871395167575994,0.00568973525313516,0.007570857067493986,0.009501919813874899
Zavkhan,2007,0.007950530035335688,0.009433962264150943,0.01515151515151515,0.005113863363963245,0.004941556590325953,0.006622359175848984,0.008518285481058197
Zavkhan,2008,0.02044025157232704,0.04081632653061224,0.01449275362318841,0.01719666985123516,0.0255244476350004,0.024701008719206115,0.023694089842472652
Zavkhan,2009,0.04404945904173107,0.08811748998664885,0.01515151515151515,0.05769972983404092,0.07888237110219204,0.06609568605426655,0.05678011302322561
Zavkhan,2010,0.2419354838709677,0.4956331877729257,0.06060606060606061,0.3426812585499316,0.3749088921282799,0.35733275212921894,0.30315297658563306
Zavkhan,2011,0.01713062098501071,0.04206241519674356,0.0,0.01792573623559539,0.0185212191920665,0.021770470123749146,0.019127998321883232
Zavkhan,2012,0.0142314990512334,0.01440576230492197,0.0,0.009595753368721928,0.00974025974025974,0.011476186662395214,0.009594654893027407
Zavkhan,2013,0.02568493150684932,0.03051881993896236,0.015625,0.02474083108284694,0.02843966179861645,0.02677190315034356,0.025001848865455013
Zavkhan,2014,0.007686395080707149,0.007805724197745013,0.0,0.008906250000000001,0.01201231013600715,0.00907979699364231,0.007282135882891863
Zavkhan,2015,0.00746268656716418,0.006479481641468682,0.0,0.01515979240644632,0.008255752678728264,0.00997415290358167,0.007471542658761489
Zavkhan,2016,0.01594114040465972,0.05160478288231592,0.0,0.03596339668522429,0.05170330997825562,0.03771811438541184,0.031042525990091108
Zavkhan,2017,0.009129967776584319,0.01566125290023202,0.0,0.01207952837822217,0.011674933231591,0.011883868646995902,0.009709136457325903
Zavkhan,2018,0.01446480231436837,0.03329864724245578,0.01333333333333333,0.03879849812265331,0.07408502772643254,0.03885597942939385,0.03479606174784866
Zavkhan,2019,0.008089887640449439,0.01121951219512195,0.0,0.004870041039671683,0.007348959542043784,0.007537692761236491,0.006305680083457371
Zavkhan,2020,0.01723430447271235,0.0314822912111937,0.0,0.02506535445179148,0.02601156069364162,0.024380135334886085,0.019958702165867828
Zavkhan,2021,0.01436417405999155,0.02,0.0,0.0105011667963107,0.01651472126737408,0.014804398190224702,0.012276012424735267
Zavkhan,2022,0.004352987732489118,0.004486133768352366,0.0,0.004376139619692628,0.00473862354268522,0.004434440771220683,0.0035907769326438666
Zavkhan,2023,0.05559646539027982,0.07871939736346516,0.0,0.05379646298845706,0.07593067537110437,0.0638834930813006,0.052808600222661276
Zavkhan,2024,0.08011049723756906,0.1653976311336718,0.0,0.07446178155243925,0.06960578937345267,0.09747569204425434,0.07791513985942657
