Aimag,Year,Season,Seasonal_SPEI3
Arkhangai,1950,DJF,0.0948809191071051
Arkhangai,1950,JJA,2.113166094814176
Arkhangai,1950,MAM,-0.11502030726854547
Arkhangai,1950,SON,1.3430946626464606
Arkhangai,1951,DJF,0.17995562452643435
Arkhangai,1951,JJA,0.6142954327262827
Arkhangai,1951,MAM,1.5676313913274806
Arkhangai,1951,SON,0.7101016095642029
Arkhangai,1952,DJF,-0.10969148277903816
Arkhangai,1952,JJA,0.7913249443443502
Arkhangai,1952,MAM,0.5030766201115181
Arkhangai,1952,SON,1.5053281854685234
Arkhangai,1953,DJF,1.0560216191486045
Arkhangai,1953,JJA,0.4739953089993373
Arkhangai,1953,MAM,1.4167940753848325
Arkhangai,1953,SON,0.1392843387023739
Arkhangai,1954,DJF,0.09040734123220469
Arkhangai,1954,JJA,1.2669378793800148
Arkhangai,1954,MAM,1.0759941798964925
Arkhangai,1954,SON,1.4895877645974391
Arkhangai,1955,DJF,0.8114323460587635
Arkhangai,1955,JJA,1.4541668340826435
Arkhangai,1955,MAM,1.5491657709694198
Arkhangai,1955,SON,1.2633727289593055
Arkhangai,1956,DJF,0.48119821239554406
Arkhangai,1956,JJA,1.4413922167886746
Arkhangai,1956,MAM,0.854307824751317
Arkhangai,1956,SON,0.7672357934386416
Arkhangai,1957,DJF,0.7560449230508379
Arkhangai,1957,JJA,0.35810556602921007
Arkhangai,1957,MAM,0.45404181545215666
Arkhangai,1957,SON,0.1872643441830903
Arkhangai,1958,DJF,-0.12330078439973881
Arkhangai,1958,JJA,1.3072933916563074
Arkhangai,1958,MAM,1.6777744065268807
Arkhangai,1958,SON,1.3101136527611084
Arkhangai,1959,DJF,0.055136580159908424
Arkhangai,1959,JJA,1.3336625420105623
Arkhangai,1959,MAM,1.2974648989079476
Arkhangai,1959,SON,1.1846056077500866
Arkhangai,1960,DJF,0.5098209220113865
Arkhangai,1960,JJA,1.6274461022008408
Arkhangai,1960,MAM,0.5941639004422891
Arkhangai,1960,SON,0.9061889388350568
Arkhangai,1961,DJF,0.4491172697093301
Arkhangai,1961,JJA,1.003206001211131
Arkhangai,1961,MAM,1.0117140017925572
Arkhangai,1961,SON,0.3026526561252037
Arkhangai,1962,DJF,-0.05300775622116637
Arkhangai,1962,JJA,0.22600490641034982
Arkhangai,1962,MAM,-0.02758405016110474
Arkhangai,1962,SON,0.4583328630124978
Arkhangai,1963,DJF,-0.4136352674148443
Arkhangai,1963,JJA,0.9096808725186137
Arkhangai,1963,MAM,-0.05391637712579481
Arkhangai,1963,SON,0.4639411379199724
Arkhangai,1964,DJF,-0.08206256064358684
Arkhangai,1964,JJA,1.444536929283127
Arkhangai,1964,MAM,1.7537676369757218
Arkhangai,1964,SON,1.7641957685104872
Arkhangai,1965,DJF,0.41654860289750834
Arkhangai,1965,JJA,0.8840215980244782
Arkhangai,1965,MAM,0.40797398630498316
Arkhangai,1965,SON,-0.3718257320351246
Arkhangai,1966,DJF,0.003409366154506134
Arkhangai,1966,JJA,0.7000317230087211
Arkhangai,1966,MAM,1.698380548718824
Arkhangai,1966,SON,-0.5113340376842915
Arkhangai,1967,DJF,0.1527242696432193
Arkhangai,1967,JJA,1.2546033346857484
Arkhangai,1967,MAM,1.4636073713728606
Arkhangai,1967,SON,-0.41944898578337403
Arkhangai,1968,DJF,0.8284001739424164
Arkhangai,1968,JJA,0.03485981675299122
Arkhangai,1968,MAM,0.39175680482302466
Arkhangai,1968,SON,1.3297043027616224
Arkhangai,1969,DJF,1.3027410576195593
Arkhangai,1969,JJA,0.8065845953603841
Arkhangai,1969,MAM,1.3738459247092063
Arkhangai,1969,SON,1.345155042278334
Arkhangai,1970,DJF,0.5353668038137148
Arkhangai,1970,JJA,0.18029227086710262
Arkhangai,1970,MAM,1.8495935179011243
Arkhangai,1970,SON,0.7980962625776867
Arkhangai,1971,DJF,1.0604682048556429
Arkhangai,1971,JJA,1.5525247657915837
Arkhangai,1971,MAM,1.2927749307917722
Arkhangai,1971,SON,0.883510036664822
Arkhangai,1972,DJF,0.9845113698121845
Arkhangai,1972,JJA,0.937477200887505
Arkhangai,1972,MAM,0.9186809130207045
Arkhangai,1972,SON,1.5723370880281977
Arkhangai,1973,DJF,1.115529264156462
Arkhangai,1973,JJA,1.5281420792088307
Arkhangai,1973,MAM,0.8036366402113985
Arkhangai,1973,SON,1.7616178937182239
Arkhangai,1974,DJF,0.6342135191237508
Arkhangai,1974,JJA,-0.24417384739917722
Arkhangai,1974,MAM,1.0526207311903306
Arkhangai,1974,SON,1.2188731589313382
Arkhangai,1975,DJF,-0.1362399014656841
Arkhangai,1975,JJA,0.5442594626529531
Arkhangai,1975,MAM,1.4552128697252704
Arkhangai,1975,SON,0.6856398796749801
Arkhangai,1976,DJF,-0.030432878542772393
Arkhangai,1976,JJA,1.3878285671490698
Arkhangai,1976,MAM,2.124707696315487
Arkhangai,1976,SON,0.8528721935449892
Arkhangai,1977,DJF,1.5483906409350372
Arkhangai,1977,JJA,0.5017747507626502
Arkhangai,1977,MAM,1.5389724810473588
Arkhangai,1977,SON,-0.929673985317225
Arkhangai,1978,DJF,-0.2431226722744123
Arkhangai,1978,JJA,0.4192106412931412
Arkhangai,1978,MAM,-0.7075358395692112
Arkhangai,1978,SON,-0.4270068576373555
Arkhangai,1979,DJF,0.2652663989311154
Arkhangai,1979,JJA,0.31408491051007625
Arkhangai,1979,MAM,1.5578312703168313
Arkhangai,1979,SON,0.9932024585503951
Arkhangai,1980,DJF,-0.2898404396269115
Arkhangai,1980,JJA,0.2575823664451517
Arkhangai,1980,MAM,1.166811902466927
Arkhangai,1980,SON,0.7408389750483124
Arkhangai,1981,DJF,1.0822955839162305
Arkhangai,1981,JJA,0.6691055364720583
Arkhangai,1981,MAM,1.4517936732121859
Arkhangai,1981,SON,1.8122972067039884
Arkhangai,1982,DJF,0.352985200920654
Arkhangai,1982,JJA,0.7337023310600833
Arkhangai,1982,MAM,0.3358228883297856
Arkhangai,1982,SON,1.2699845570803654
Arkhangai,1983,DJF,0.8855418378258715
Arkhangai,1983,JJA,1.0585532383663985
Arkhangai,1983,MAM,0.364643597523404
Arkhangai,1983,SON,0.34216306563951876
Arkhangai,1984,DJF,0.2631687944067704
Arkhangai,1984,JJA,0.538660980476699
Arkhangai,1984,MAM,0.43917223618620516
Arkhangai,1984,SON,2.5987846557005896
Arkhangai,1985,DJF,1.0905439875640515
Arkhangai,1985,JJA,0.4448983981313995
Arkhangai,1985,MAM,1.05936456154729
Arkhangai,1985,SON,0.8898051461781225
Arkhangai,1986,DJF,0.6868464533079467
Arkhangai,1986,JJA,0.8855845249196506
Arkhangai,1986,MAM,1.170456602600518
Arkhangai,1986,SON,1.2661584739723708
Arkhangai,1987,DJF,1.0048963169882854
Arkhangai,1987,JJA,0.34455760857130235
Arkhangai,1987,MAM,1.003014944836964
Arkhangai,1987,SON,1.4526158808174103
Arkhangai,1988,DJF,1.1297707284144851
Arkhangai,1988,JJA,-0.25483924685156295
Arkhangai,1988,MAM,0.8573451640221088
Arkhangai,1988,SON,-0.19598915421198837
Arkhangai,1989,DJF,0.03904221201599273
Arkhangai,1989,JJA,0.1928511771698334
Arkhangai,1989,MAM,0.7230518962191379
Arkhangai,1989,SON,1.4773952150560503
Arkhangai,1990,DJF,0.004070317400674963
Arkhangai,1990,JJA,1.813976367088806
Arkhangai,1990,MAM,1.3938210617324642
Arkhangai,1990,SON,0.20918413544210154
Arkhangai,1991,DJF,-0.5114911498479388
Arkhangai,1991,JJA,0.7141517478369422
Arkhangai,1991,MAM,0.402455740089952
Arkhangai,1991,SON,0.8520707675217131
Arkhangai,1992,DJF,-0.14134560418213546
Arkhangai,1992,JJA,1.136253576358482
Arkhangai,1992,MAM,-0.20575509711095008
Arkhangai,1992,SON,1.2923947046537
Arkhangai,1993,DJF,0.6139659311125666
Arkhangai,1993,JJA,2.1609286189657713
Arkhangai,1993,MAM,0.9807284936556188
Arkhangai,1993,SON,0.8125501818511812
Arkhangai,1994,DJF,-0.111045413714756
Arkhangai,1994,JJA,1.4773468933630978
Arkhangai,1994,MAM,0.044049805576838796
Arkhangai,1994,SON,1.3737106552349625
Arkhangai,1995,DJF,0.3250989556666075
Arkhangai,1995,JJA,0.694140083110277
Arkhangai,1995,MAM,0.973627479336002
Arkhangai,1995,SON,-0.6197533762239391
Arkhangai,1996,DJF,-0.9656330845367684
Arkhangai,1996,JJA,-0.38851249912134034
Arkhangai,1996,MAM,-0.5461015386370149
Arkhangai,1996,SON,-0.09822831742395019
Arkhangai,1997,DJF,-0.6106116673701786
Arkhangai,1997,JJA,-0.13049951447520056
Arkhangai,1997,MAM,-0.4053348830625745
Arkhangai,1997,SON,0.38290971000313306
Arkhangai,1998,DJF,-0.6927727789717563
Arkhangai,1998,JJA,-0.0526257345145135
Arkhangai,1998,MAM,-0.3333241309207992
Arkhangai,1998,SON,0.6580850869426682
Arkhangai,1999,DJF,-0.7577298129276298
Arkhangai,1999,JJA,0.2616975258251739
Arkhangai,1999,MAM,0.45245261739999504
Arkhangai,1999,SON,0.7027513746764997
Arkhangai,2000,DJF,0.04609861061623667
Arkhangai,2000,JJA,-0.5743497832304212
Arkhangai,2000,MAM,0.5880798844563248
Arkhangai,2000,SON,-0.13607683461184447
Arkhangai,2001,DJF,1.2428752816580926
Arkhangai,2001,JJA,-0.37434162127665277
Arkhangai,2001,MAM,0.9230844800014414
Arkhangai,2001,SON,-0.8986005670673674
Arkhangai,2002,DJF,0.4108637847151225
Arkhangai,2002,JJA,-1.6286637156922146
Arkhangai,2002,MAM,-0.4486477491239709
Arkhangai,2002,SON,-1.7169139968466476
Arkhangai,2003,DJF,0.04092744597049437
Arkhangai,2003,JJA,0.15252516242928102
Arkhangai,2003,MAM,1.1822322675974448
Arkhangai,2003,SON,0.30468625960509665
Arkhangai,2004,DJF,0.4382134701598703
Arkhangai,2004,JJA,-0.665033843385928
Arkhangai,2004,MAM,-0.9238226244670771
Arkhangai,2004,SON,0.003583011988522334
Arkhangai,2005,DJF,-0.14873095973593864
Arkhangai,2005,JJA,-0.39884150554979686
Arkhangai,2005,MAM,-0.21646399723492513
Arkhangai,2005,SON,-0.7054464738195271
Arkhangai,2006,DJF,-0.671840014275326
Arkhangai,2006,JJA,0.4136144830665509
Arkhangai,2006,MAM,-0.15149890469633845
Arkhangai,2006,SON,-0.8564524687267848
Arkhangai,2007,DJF,-1.4018717552263007
Arkhangai,2007,JJA,-0.6133484781830248
Arkhangai,2007,MAM,-0.8909486221011054
Arkhangai,2007,SON,0.236516160860557
Arkhangai,2008,DJF,-0.8005411503575857
Arkhangai,2008,JJA,0.10144948320653646
Arkhangai,2008,MAM,-0.02256995020939094
Arkhangai,2008,SON,-1.0498486092974741
Arkhangai,2009,DJF,-0.8328435470697939
Arkhangai,2009,JJA,-0.5815628931649668
Arkhangai,2009,MAM,-0.19392855225063135
Arkhangai,2009,SON,-0.7225441911009236
Arkhangai,2010,DJF,1.3094018329983315
Arkhangai,2010,JJA,-0.26000938120270906
Arkhangai,2010,MAM,1.1677859621863425
Arkhangai,2010,SON,-0.4939049202642336
Arkhangai,2011,DJF,0.9770955285487085
Arkhangai,2011,JJA,-0.019731525429783306
Arkhangai,2011,MAM,0.09559045350343078
Arkhangai,2011,SON,0.25992410961893975
Arkhangai,2012,DJF,0.19224726054024557
Arkhangai,2012,JJA,-0.10141102066229728
Arkhangai,2012,MAM,-0.6634918212744235
Arkhangai,2012,SON,0.18959045511775785
Arkhangai,2013,DJF,1.1273691839414275
Arkhangai,2013,JJA,-0.45653872227850384
Arkhangai,2013,MAM,-0.3986298323679146
Arkhangai,2013,SON,0.08602396500517515
Arkhangai,2014,DJF,-0.16264972205126368
Arkhangai,2014,JJA,-0.40370192596216525
Arkhangai,2014,MAM,0.05040537072284357
Arkhangai,2014,SON,-0.521471373667565
Arkhangai,2015,DJF,-0.9069604907452352
Arkhangai,2015,JJA,-0.41375566532100305
Arkhangai,2015,MAM,-0.36688885105435737
Arkhangai,2015,SON,0.14336806321712856
Arkhangai,2016,DJF,0.34740419544569595
Arkhangai,2016,JJA,0.9120678585777149
Arkhangai,2016,MAM,1.1011453980334434
Arkhangai,2016,SON,1.0743845620909813
Arkhangai,2017,DJF,0.9058321413378851
Arkhangai,2017,JJA,-2.198387729248864
Arkhangai,2017,MAM,-0.7395673699286864
Arkhangai,2017,SON,-0.24024811638996443
Arkhangai,2018,DJF,0.6050147796382443
Arkhangai,2018,JJA,-0.22601930170708193
Arkhangai,2018,MAM,-1.3038541008635272
Arkhangai,2018,SON,1.0118471976687375
Arkhangai,2019,DJF,-0.6419192312984883
Arkhangai,2019,JJA,-0.5964354094093092
Arkhangai,2019,MAM,-0.8426839648190421
Arkhangai,2019,SON,-1.351838372692464
Arkhangai,2020,DJF,0.3685242972284808
Arkhangai,2020,JJA,-0.7872577088550091
Arkhangai,2020,MAM,-2.6699893873698395
Arkhangai,2020,SON,0.34342573669270177
Arkhangai,2021,DJF,-0.6562814690438089
Arkhangai,2021,JJA,0.6974097138127943
Arkhangai,2021,MAM,-0.39398850833713167
Arkhangai,2021,SON,1.0311071468999762
Arkhangai,2022,DJF,-1.0496465052646196
Arkhangai,2022,JJA,-1.1925779794066802
Arkhangai,2022,MAM,-0.8208569221898016
Arkhangai,2022,SON,-0.7476516250639976
Arkhangai,2023,DJF,0.16422443834693715
Arkhangai,2023,JJA,0.24625048282456793
Arkhangai,2023,MAM,-0.7513588794689965
Arkhangai,2023,SON,1.2178878945683365
Arkhangai,2024,DJF,1.6152169251442487
Arkhangai,2024,JJA,-1.0455700846756393
Arkhangai,2024,MAM,0.3496659319853434
Arkhangai,2024,SON,-0.30604123210269996
Arkhangai,2025,DJF,0.3703085748944844
Bayan-Ulgii,1950,DJF,-0.684741832887219
Bayan-Ulgii,1950,JJA,-1.0577291729255
Bayan-Ulgii,1950,MAM,-0.8585796105552789
Bayan-Ulgii,1950,SON,-0.38875467276852665
Bayan-Ulgii,1951,DJF,0.015681396134469068
Bayan-Ulgii,1951,JJA,0.25897249254651694
Bayan-Ulgii,1951,MAM,-0.5143730646077297
Bayan-Ulgii,1951,SON,0.13631671523751115
Bayan-Ulgii,1952,DJF,0.14290322018620288
Bayan-Ulgii,1952,JJA,-0.15748527804798013
Bayan-Ulgii,1952,MAM,-0.14840980429270317
Bayan-Ulgii,1952,SON,-0.36203894135577985
Bayan-Ulgii,1953,DJF,0.33821457494256635
Bayan-Ulgii,1953,JJA,-1.2007821028798658
Bayan-Ulgii,1953,MAM,0.040613715704992066
Bayan-Ulgii,1953,SON,-0.9848925658912002
Bayan-Ulgii,1954,DJF,0.1606035478176747
Bayan-Ulgii,1954,JJA,0.6090945493043944
Bayan-Ulgii,1954,MAM,0.18179677727022017
Bayan-Ulgii,1954,SON,0.03912066136592249
Bayan-Ulgii,1955,DJF,0.5021521877303003
Bayan-Ulgii,1955,JJA,-1.1424933243689332
Bayan-Ulgii,1955,MAM,0.7405799409408752
Bayan-Ulgii,1955,SON,-0.902308368630956
Bayan-Ulgii,1956,DJF,0.20513011217407784
Bayan-Ulgii,1956,JJA,0.040012830345801303
Bayan-Ulgii,1956,MAM,0.5819656362405062
Bayan-Ulgii,1956,SON,0.1438383285573154
Bayan-Ulgii,1957,DJF,-0.7039936873806781
Bayan-Ulgii,1957,JJA,-1.0207109185766146
Bayan-Ulgii,1957,MAM,-0.6105688553970715
Bayan-Ulgii,1957,SON,0.3262643312937655
Bayan-Ulgii,1958,DJF,0.10690899705384017
Bayan-Ulgii,1958,JJA,1.2880389714014557
Bayan-Ulgii,1958,MAM,-0.042517185880744525
Bayan-Ulgii,1958,SON,1.1020959102553693
Bayan-Ulgii,1959,DJF,-0.4058549547491546
Bayan-Ulgii,1959,JJA,0.9138869769410471
Bayan-Ulgii,1959,MAM,0.6925574939493961
Bayan-Ulgii,1959,SON,-0.9898997181954461
Bayan-Ulgii,1960,DJF,-0.024243806896715594
Bayan-Ulgii,1960,JJA,0.36184207677237434
Bayan-Ulgii,1960,MAM,0.9289577774040881
Bayan-Ulgii,1960,SON,-0.5633871568958013
Bayan-Ulgii,1961,DJF,0.6998494045462794
Bayan-Ulgii,1961,JJA,1.3046148982247068
Bayan-Ulgii,1961,MAM,0.43992298166011556
Bayan-Ulgii,1961,SON,0.5080612936053788
Bayan-Ulgii,1962,DJF,-0.31133986596036733
Bayan-Ulgii,1962,JJA,-0.26402894221004497
Bayan-Ulgii,1962,MAM,-1.4426342418539686
Bayan-Ulgii,1962,SON,-0.9264453851191479
Bayan-Ulgii,1963,DJF,0.02802374093501123
Bayan-Ulgii,1963,JJA,-0.14562422933374275
Bayan-Ulgii,1963,MAM,0.543203349679961
Bayan-Ulgii,1963,SON,0.38633779913085203
Bayan-Ulgii,1964,DJF,-0.030498853996873465
Bayan-Ulgii,1964,JJA,-0.2514659967742175
Bayan-Ulgii,1964,MAM,0.29730779671212076
Bayan-Ulgii,1964,SON,0.3262984327435873
Bayan-Ulgii,1965,DJF,-0.14007986148226811
Bayan-Ulgii,1965,JJA,-0.40695569826875166
Bayan-Ulgii,1965,MAM,-0.5298825114629823
Bayan-Ulgii,1965,SON,0.33134176572761603
Bayan-Ulgii,1966,DJF,0.999200156311962
Bayan-Ulgii,1966,JJA,0.10909251133751582
Bayan-Ulgii,1966,MAM,1.4597765924018835
Bayan-Ulgii,1966,SON,0.20917965511081676
Bayan-Ulgii,1967,DJF,0.17814290127715576
Bayan-Ulgii,1967,JJA,0.1063069935448961
Bayan-Ulgii,1967,MAM,-1.2724909480076407
Bayan-Ulgii,1967,SON,0.22336750108981945
Bayan-Ulgii,1968,DJF,-1.1248637800486718
Bayan-Ulgii,1968,JJA,-0.6753039463219932
Bayan-Ulgii,1968,MAM,0.5458508007986856
Bayan-Ulgii,1968,SON,1.4271955000629173
Bayan-Ulgii,1969,DJF,1.3964409994411056
Bayan-Ulgii,1969,JJA,1.9349917768790825
Bayan-Ulgii,1969,MAM,0.08587308985316222
Bayan-Ulgii,1969,SON,1.6203304749339167
Bayan-Ulgii,1970,DJF,-0.09835523624593599
Bayan-Ulgii,1970,JJA,1.2358333345464954
Bayan-Ulgii,1970,MAM,0.5252329620542502
Bayan-Ulgii,1970,SON,0.4350800438727923
Bayan-Ulgii,1971,DJF,0.5097437632270391
Bayan-Ulgii,1971,JJA,0.8768843193947987
Bayan-Ulgii,1971,MAM,0.7520780734003605
Bayan-Ulgii,1971,SON,1.052967302017186
Bayan-Ulgii,1972,DJF,0.3820195792106801
Bayan-Ulgii,1972,JJA,-0.1404441907146545
Bayan-Ulgii,1972,MAM,0.8772598517637057
Bayan-Ulgii,1972,SON,0.5919499180637469
Bayan-Ulgii,1973,DJF,0.8235646042582113
Bayan-Ulgii,1973,JJA,0.8429417409722382
Bayan-Ulgii,1973,MAM,0.3127002996213202
Bayan-Ulgii,1973,SON,0.9826467685481775
Bayan-Ulgii,1974,DJF,-1.325057724433376
Bayan-Ulgii,1974,JJA,-1.3998807271994032
Bayan-Ulgii,1974,MAM,-0.8082629441021836
Bayan-Ulgii,1974,SON,0.20884432946463327
Bayan-Ulgii,1975,DJF,-0.3138442838404611
Bayan-Ulgii,1975,JJA,0.8244040186778308
Bayan-Ulgii,1975,MAM,0.8020491341277304
Bayan-Ulgii,1975,SON,-0.16181589850313266
Bayan-Ulgii,1976,DJF,0.07360515541320362
Bayan-Ulgii,1976,JJA,1.2845928498694092
Bayan-Ulgii,1976,MAM,1.2243601506852493
Bayan-Ulgii,1976,SON,1.5298824887845708
Bayan-Ulgii,1977,DJF,0.30136215780319175
Bayan-Ulgii,1977,JJA,-0.051348380609987185
Bayan-Ulgii,1977,MAM,0.33707298349502995
Bayan-Ulgii,1977,SON,-0.3710637175005499
Bayan-Ulgii,1978,DJF,-0.3659683413866741
Bayan-Ulgii,1978,JJA,0.21987602304625478
Bayan-Ulgii,1978,MAM,-0.25806262088208143
Bayan-Ulgii,1978,SON,-0.4437167874022867
Bayan-Ulgii,1979,DJF,0.9511147342827979
Bayan-Ulgii,1979,JJA,0.9292300199911893
Bayan-Ulgii,1979,MAM,0.9178357098460336
Bayan-Ulgii,1979,SON,0.9698875687892476
Bayan-Ulgii,1980,DJF,-0.13122165303681563
Bayan-Ulgii,1980,JJA,0.1525290454298096
Bayan-Ulgii,1980,MAM,0.5281037774176869
Bayan-Ulgii,1980,SON,-0.5673115084304848
Bayan-Ulgii,1981,DJF,0.37397374562218166
Bayan-Ulgii,1981,JJA,-0.21610031522129627
Bayan-Ulgii,1981,MAM,-0.669900060122859
Bayan-Ulgii,1981,SON,0.8072154935497048
Bayan-Ulgii,1982,DJF,-1.2647779182708239
Bayan-Ulgii,1982,JJA,-0.5806097444353304
Bayan-Ulgii,1982,MAM,-1.1334956897428512
Bayan-Ulgii,1982,SON,-0.1712761975973479
Bayan-Ulgii,1983,DJF,-0.6186108458462503
Bayan-Ulgii,1983,JJA,1.7319541949042794
Bayan-Ulgii,1983,MAM,-0.6413460005237701
Bayan-Ulgii,1983,SON,0.45934959080702886
Bayan-Ulgii,1984,DJF,-0.5664061211414734
Bayan-Ulgii,1984,JJA,2.024139806047124
Bayan-Ulgii,1984,MAM,-0.005443809749303535
Bayan-Ulgii,1984,SON,1.792976353453534
Bayan-Ulgii,1985,DJF,0.5344229593135995
Bayan-Ulgii,1985,JJA,0.19464480582185076
Bayan-Ulgii,1985,MAM,-0.7271024936476321
Bayan-Ulgii,1985,SON,0.3149277219729529
Bayan-Ulgii,1986,DJF,-0.20691678077357178
Bayan-Ulgii,1986,JJA,1.0502591218120876
Bayan-Ulgii,1986,MAM,-0.406880178416009
Bayan-Ulgii,1986,SON,-0.173770918092702
Bayan-Ulgii,1987,DJF,0.13410063466415062
Bayan-Ulgii,1987,JJA,1.603436973877603
Bayan-Ulgii,1987,MAM,0.5304975419061218
Bayan-Ulgii,1987,SON,1.2950875115122253
Bayan-Ulgii,1988,DJF,1.7963391107113982
Bayan-Ulgii,1988,JJA,0.5668514952052436
Bayan-Ulgii,1988,MAM,0.42651270117246104
Bayan-Ulgii,1988,SON,0.4262842963277408
Bayan-Ulgii,1989,DJF,0.8669845880790521
Bayan-Ulgii,1989,JJA,0.018085445800432007
Bayan-Ulgii,1989,MAM,-1.034486637119844
Bayan-Ulgii,1989,SON,0.7159316801411197
Bayan-Ulgii,1990,DJF,0.5542029098595697
Bayan-Ulgii,1990,JJA,0.2307538627810582
Bayan-Ulgii,1990,MAM,0.3074158415052617
Bayan-Ulgii,1990,SON,0.251845191944968
Bayan-Ulgii,1991,DJF,0.05006818328104853
Bayan-Ulgii,1991,JJA,0.2699983222934195
Bayan-Ulgii,1991,MAM,-0.419221836017111
Bayan-Ulgii,1991,SON,0.3029875690669128
Bayan-Ulgii,1992,DJF,-0.118361907284077
Bayan-Ulgii,1992,JJA,-0.2503165393852641
Bayan-Ulgii,1992,MAM,-0.028103140359616346
Bayan-Ulgii,1992,SON,1.6497784592536835
Bayan-Ulgii,1993,DJF,0.43802874000203273
Bayan-Ulgii,1993,JJA,1.7783674530920686
Bayan-Ulgii,1993,MAM,1.3311514365174681
Bayan-Ulgii,1993,SON,0.9586788413149231
Bayan-Ulgii,1994,DJF,0.4138719030799451
Bayan-Ulgii,1994,JJA,1.578853724625827
Bayan-Ulgii,1994,MAM,-0.016771632029324655
Bayan-Ulgii,1994,SON,0.3156156186059689
Bayan-Ulgii,1995,DJF,0.05264154020087067
Bayan-Ulgii,1995,JJA,0.09193324550846513
Bayan-Ulgii,1995,MAM,-0.1691753180050052
Bayan-Ulgii,1995,SON,-0.5471254746052227
Bayan-Ulgii,1996,DJF,-1.1989250322935472
Bayan-Ulgii,1996,JJA,0.733913061585062
Bayan-Ulgii,1996,MAM,0.8408271226441251
Bayan-Ulgii,1996,SON,0.8553923108207189
Bayan-Ulgii,1997,DJF,0.9236173523200327
Bayan-Ulgii,1997,JJA,0.12796311092442078
Bayan-Ulgii,1997,MAM,-0.30173638978597705
Bayan-Ulgii,1997,SON,-0.05514188343113646
Bayan-Ulgii,1998,DJF,-0.30137206555058166
Bayan-Ulgii,1998,JJA,0.3315642895317859
Bayan-Ulgii,1998,MAM,0.7767027473094306
Bayan-Ulgii,1998,SON,-0.6403950002178684
Bayan-Ulgii,1999,DJF,-0.27929342367358856
Bayan-Ulgii,1999,JJA,0.23309806113451223
Bayan-Ulgii,1999,MAM,0.48394001095604233
Bayan-Ulgii,1999,SON,0.8536776970193294
Bayan-Ulgii,2000,DJF,-0.8315041720090048
Bayan-Ulgii,2000,JJA,0.1448059533669775
Bayan-Ulgii,2000,MAM,-1.2588067782431305
Bayan-Ulgii,2000,SON,-0.3436305303091488
Bayan-Ulgii,2001,DJF,0.8865741431275925
Bayan-Ulgii,2001,JJA,-0.6338760370707102
Bayan-Ulgii,2001,MAM,0.25513947959010663
Bayan-Ulgii,2001,SON,-0.11671045143631872
Bayan-Ulgii,2002,DJF,-0.8930544989684038
Bayan-Ulgii,2002,JJA,-0.8540268510479481
Bayan-Ulgii,2002,MAM,0.6717286877787542
Bayan-Ulgii,2002,SON,-1.8761447302511498
Bayan-Ulgii,2003,DJF,-0.11248356975820495
Bayan-Ulgii,2003,JJA,0.5446965428303313
Bayan-Ulgii,2003,MAM,-0.1378569083404749
Bayan-Ulgii,2003,SON,0.3477370845915859
Bayan-Ulgii,2004,DJF,-0.5646057431811662
Bayan-Ulgii,2004,JJA,-0.43897881574208436
Bayan-Ulgii,2004,MAM,-0.022544279313969507
Bayan-Ulgii,2004,SON,-0.18911654138613057
Bayan-Ulgii,2005,DJF,0.19531389267490998
Bayan-Ulgii,2005,JJA,0.21910935570888762
Bayan-Ulgii,2005,MAM,-0.3753043349415196
Bayan-Ulgii,2005,SON,0.004853431792818917
Bayan-Ulgii,2006,DJF,-0.027224218706653005
Bayan-Ulgii,2006,JJA,-0.4385248240199298
Bayan-Ulgii,2006,MAM,0.03374310840533814
Bayan-Ulgii,2006,SON,-1.0297034050987828
Bayan-Ulgii,2007,DJF,-0.9048822767344715
Bayan-Ulgii,2007,JJA,-0.9076799948825952
Bayan-Ulgii,2007,MAM,-0.9092852311544538
Bayan-Ulgii,2007,SON,-0.7640277317449464
Bayan-Ulgii,2008,DJF,-0.16368239123059838
Bayan-Ulgii,2008,JJA,-1.0906038965239113
Bayan-Ulgii,2008,MAM,0.5619404168261121
Bayan-Ulgii,2008,SON,-0.5708993221699774
Bayan-Ulgii,2009,DJF,-0.43041679707912817
Bayan-Ulgii,2009,JJA,-1.0415633285205765
Bayan-Ulgii,2009,MAM,-0.0993649447009279
Bayan-Ulgii,2009,SON,0.23627588855435114
Bayan-Ulgii,2010,DJF,1.675885997380471
Bayan-Ulgii,2010,JJA,-0.31068986931149173
Bayan-Ulgii,2010,MAM,1.6546248163493849
Bayan-Ulgii,2010,SON,-0.3744253837546371
Bayan-Ulgii,2011,DJF,0.644898910967698
Bayan-Ulgii,2011,JJA,-0.2417414563869022
Bayan-Ulgii,2011,MAM,-1.1093526637107476
Bayan-Ulgii,2011,SON,-1.4997467913621432
Bayan-Ulgii,2012,DJF,-0.8869708910981184
Bayan-Ulgii,2012,JJA,0.46826908427723896
Bayan-Ulgii,2012,MAM,-1.190581002145494
Bayan-Ulgii,2012,SON,0.6769112563214607
Bayan-Ulgii,2013,DJF,0.818586568550865
Bayan-Ulgii,2013,JJA,0.5530635885298746
Bayan-Ulgii,2013,MAM,-0.11726432286064448
Bayan-Ulgii,2013,SON,-0.06059009420273401
Bayan-Ulgii,2014,DJF,-0.2382069550085936
Bayan-Ulgii,2014,JJA,-0.006973393614991121
Bayan-Ulgii,2014,MAM,0.4159832653100889
Bayan-Ulgii,2014,SON,-0.7895802645812204
Bayan-Ulgii,2015,DJF,-0.16090700795581384
Bayan-Ulgii,2015,JJA,-0.3462207361120804
Bayan-Ulgii,2015,MAM,-0.11230212003676521
Bayan-Ulgii,2015,SON,0.2420767470291085
Bayan-Ulgii,2016,DJF,0.8159496838512001
Bayan-Ulgii,2016,JJA,0.7027040554513556
Bayan-Ulgii,2016,MAM,0.43921768444622067
Bayan-Ulgii,2016,SON,0.2876851002317544
Bayan-Ulgii,2017,DJF,0.8953955890987595
Bayan-Ulgii,2017,JJA,-1.168405369489131
Bayan-Ulgii,2017,MAM,-0.21744839504052113
Bayan-Ulgii,2017,SON,0.1846012148570199
Bayan-Ulgii,2018,DJF,-1.0005632657960746
Bayan-Ulgii,2018,JJA,-0.5388530040070256
Bayan-Ulgii,2018,MAM,0.24994726581606264
Bayan-Ulgii,2018,SON,0.2991465890314115
Bayan-Ulgii,2019,DJF,0.3201750159965264
Bayan-Ulgii,2019,JJA,0.4415557471391454
Bayan-Ulgii,2019,MAM,-1.2773872453496309
Bayan-Ulgii,2019,SON,0.5731689791349883
Bayan-Ulgii,2020,DJF,-0.448720998460594
Bayan-Ulgii,2020,JJA,0.6196964940503811
Bayan-Ulgii,2020,MAM,-2.1533148945964724
Bayan-Ulgii,2020,SON,0.7872397912181156
Bayan-Ulgii,2021,DJF,-1.1712480879858862
Bayan-Ulgii,2021,JJA,-0.4188657309800315
Bayan-Ulgii,2021,MAM,0.10876552731895929
Bayan-Ulgii,2021,SON,-0.030598391707098365
Bayan-Ulgii,2022,DJF,-0.20324086491657414
Bayan-Ulgii,2022,JJA,-2.3769659025577163
Bayan-Ulgii,2022,MAM,-0.7251449046058656
Bayan-Ulgii,2022,SON,-1.245095374818419
Bayan-Ulgii,2023,DJF,-0.19173269602055834
Bayan-Ulgii,2023,JJA,-0.8750901216289177
Bayan-Ulgii,2023,MAM,0.7347318504804193
Bayan-Ulgii,2023,SON,1.1676107053974474
Bayan-Ulgii,2024,DJF,1.7022854493790252
Bayan-Ulgii,2024,JJA,-0.9743305813001025
Bayan-Ulgii,2024,MAM,0.0008132309606209614
Bayan-Ulgii,2024,SON,-0.48787536936602344
Bayan-Ulgii,2025,DJF,0.9915961764251463
Bayankhongor,1950,DJF,0.4814435225679909
Bayankhongor,1950,JJA,1.1502512559115246
Bayankhongor,1950,MAM,-0.44639969458895
Bayankhongor,1950,SON,-0.09408755622615633
Bayankhongor,1951,DJF,-0.4046193595475546
Bayankhongor,1951,JJA,-0.2368964492989502
Bayankhongor,1951,MAM,0.6436876364235584
Bayankhongor,1951,SON,0.03239899372424266
Bayankhongor,1952,DJF,0.42715950184543044
Bayankhongor,1952,JJA,-0.17000907725293238
Bayankhongor,1952,MAM,0.1302093321947493
Bayankhongor,1952,SON,1.076750678607304
Bayankhongor,1953,DJF,0.8862628557958068
Bayankhongor,1953,JJA,-0.2890685168316017
Bayankhongor,1953,MAM,0.939992677809449
Bayankhongor,1953,SON,0.5906833610309197
Bayankhongor,1954,DJF,1.801086192198277
Bayankhongor,1954,JJA,0.9333445441596441
Bayankhongor,1954,MAM,0.6506393172058151
Bayankhongor,1954,SON,1.044537441814454
Bayankhongor,1955,DJF,0.9818227155045074
Bayankhongor,1955,JJA,1.329833488061173
Bayankhongor,1955,MAM,1.0646582100258417
Bayankhongor,1955,SON,0.9974254517267414
Bayankhongor,1956,DJF,-0.24047407283879924
Bayankhongor,1956,JJA,0.2657275060805136
Bayankhongor,1956,MAM,0.20481990317922333
Bayankhongor,1956,SON,-0.7917515505599148
Bayankhongor,1957,DJF,0.06863486998837953
Bayankhongor,1957,JJA,-0.10850559330900064
Bayankhongor,1957,MAM,-0.254009724268729
Bayankhongor,1957,SON,-0.37689554007631487
Bayankhongor,1958,DJF,0.19688705741706303
Bayankhongor,1958,JJA,0.6021142417747839
Bayankhongor,1958,MAM,0.5616017859395424
Bayankhongor,1958,SON,1.075329394414275
Bayankhongor,1959,DJF,0.43748057953475095
Bayankhongor,1959,JJA,0.6508983409608088
Bayankhongor,1959,MAM,0.6004295092977062
Bayankhongor,1959,SON,0.27878883846065156
Bayankhongor,1960,DJF,0.5650765538486275
Bayankhongor,1960,JJA,0.21455181224588363
Bayankhongor,1960,MAM,0.3937305500353619
Bayankhongor,1960,SON,-0.03278239679769738
Bayankhongor,1961,DJF,0.9251302405637497
Bayankhongor,1961,JJA,0.0514896539256683
Bayankhongor,1961,MAM,0.8725779925300825
Bayankhongor,1961,SON,0.8384772406430391
Bayankhongor,1962,DJF,0.4571655022295787
Bayankhongor,1962,JJA,0.13528510016789377
Bayankhongor,1962,MAM,-0.23480176382072057
Bayankhongor,1962,SON,0.1778221977657092
Bayankhongor,1963,DJF,-0.9833671311778557
Bayankhongor,1963,JJA,0.17773505589381267
Bayankhongor,1963,MAM,-0.3520694533608474
Bayankhongor,1963,SON,-0.12768438591571774
Bayankhongor,1964,DJF,0.15463438233636556
Bayankhongor,1964,JJA,1.010045955168553
Bayankhongor,1964,MAM,1.9624947815412856
Bayankhongor,1964,SON,0.9973946952888861
Bayankhongor,1965,DJF,0.47676236332377314
Bayankhongor,1965,JJA,-0.052984698844903255
Bayankhongor,1965,MAM,0.10830708703381493
Bayankhongor,1965,SON,-1.1920029782279318
Bayankhongor,1966,DJF,-0.3013542822866401
Bayankhongor,1966,JJA,0.057346259053475325
Bayankhongor,1966,MAM,-0.4784341477732288
Bayankhongor,1966,SON,0.4068249291957084
Bayankhongor,1967,DJF,0.5525726380735813
Bayankhongor,1967,JJA,-0.2867947619492716
Bayankhongor,1967,MAM,0.1558173751267701
Bayankhongor,1967,SON,-0.16670300733034274
Bayankhongor,1968,DJF,1.8917905348315092
Bayankhongor,1968,JJA,0.06290238472705068
Bayankhongor,1968,MAM,0.5420431379072677
Bayankhongor,1968,SON,0.7339316849828025
Bayankhongor,1969,DJF,0.7795250439554113
Bayankhongor,1969,JJA,0.37466098961009375
Bayankhongor,1969,MAM,0.09227605599848823
Bayankhongor,1969,SON,0.8011535602995431
Bayankhongor,1970,DJF,-0.18816723426123722
Bayankhongor,1970,JJA,-0.194029834131384
Bayankhongor,1970,MAM,1.270844844426528
Bayankhongor,1970,SON,0.024324268541023507
Bayankhongor,1971,DJF,0.22800595762918652
Bayankhongor,1971,JJA,1.132094193153438
Bayankhongor,1971,MAM,1.0750856711309902
Bayankhongor,1971,SON,1.4641652295557368
Bayankhongor,1972,DJF,1.411282481914672
Bayankhongor,1972,JJA,0.07159636347914979
Bayankhongor,1972,MAM,0.09315914250507756
Bayankhongor,1972,SON,-0.06494235060445405
Bayankhongor,1973,DJF,0.433520810739066
Bayankhongor,1973,JJA,0.9081637769631209
Bayankhongor,1973,MAM,0.16820013581068255
Bayankhongor,1973,SON,1.234428345806426
Bayankhongor,1974,DJF,0.6142965281973202
Bayankhongor,1974,JJA,0.19711632630653955
Bayankhongor,1974,MAM,0.6633167039376298
Bayankhongor,1974,SON,1.3665544506269867
Bayankhongor,1975,DJF,0.3726504145346272
Bayankhongor,1975,JJA,1.2628117181018106
Bayankhongor,1975,MAM,1.097728184185923
Bayankhongor,1975,SON,0.8508327837303873
Bayankhongor,1976,DJF,0.7670839352292402
Bayankhongor,1976,JJA,1.3657524296488872
Bayankhongor,1976,MAM,1.0160478871166645
Bayankhongor,1976,SON,0.7677745404923864
Bayankhongor,1977,DJF,1.1172698082908685
Bayankhongor,1977,JJA,1.1186173711979353
Bayankhongor,1977,MAM,0.40002852439617004
Bayankhongor,1977,SON,-0.15802086788300965
Bayankhongor,1978,DJF,0.6390566352665399
Bayankhongor,1978,JJA,0.5268677172890867
Bayankhongor,1978,MAM,-0.029938522005601532
Bayankhongor,1978,SON,-0.15072065763463902
Bayankhongor,1979,DJF,-0.30218105058175115
Bayankhongor,1979,JJA,1.1864862711379913
Bayankhongor,1979,MAM,0.4772330369446679
Bayankhongor,1979,SON,0.2888503242225921
Bayankhongor,1980,DJF,-0.902094454976046
Bayankhongor,1980,JJA,-0.2525402453413597
Bayankhongor,1980,MAM,0.5109758226008447
Bayankhongor,1980,SON,0.28089529867419527
Bayankhongor,1981,DJF,0.17553157563727786
Bayankhongor,1981,JJA,0.5047311496411832
Bayankhongor,1981,MAM,0.12879310276413922
Bayankhongor,1981,SON,1.2904300283902472
Bayankhongor,1982,DJF,0.17019959287237316
Bayankhongor,1982,JJA,0.13575552699670293
Bayankhongor,1982,MAM,-0.2654385545726976
Bayankhongor,1982,SON,1.3879648435429486
Bayankhongor,1983,DJF,-0.1618729906610378
Bayankhongor,1983,JJA,0.16435069464225557
Bayankhongor,1983,MAM,-0.011939132281826659
Bayankhongor,1983,SON,0.42654410413527116
Bayankhongor,1984,DJF,0.8234373805185362
Bayankhongor,1984,JJA,0.6926824163211178
Bayankhongor,1984,MAM,0.6457509480282672
Bayankhongor,1984,SON,0.7186574067977384
Bayankhongor,1985,DJF,0.5338582073861519
Bayankhongor,1985,JJA,0.08878705384558937
Bayankhongor,1985,MAM,0.45341464821310484
Bayankhongor,1985,SON,0.5212119456152703
Bayankhongor,1986,DJF,-0.10997060453421362
Bayankhongor,1986,JJA,0.1615116998361652
Bayankhongor,1986,MAM,0.12132675151095572
Bayankhongor,1986,SON,1.2222819062923633
Bayankhongor,1987,DJF,0.48705469374051363
Bayankhongor,1987,JJA,0.43654693755179586
Bayankhongor,1987,MAM,0.4154216081377352
Bayankhongor,1987,SON,0.18764462848728294
Bayankhongor,1988,DJF,1.9516844821162793
Bayankhongor,1988,JJA,-0.3285152383760401
Bayankhongor,1988,MAM,1.5121902089286743
Bayankhongor,1988,SON,-0.189680365733886
Bayankhongor,1989,DJF,0.20180479933251508
Bayankhongor,1989,JJA,-0.5561194913985558
Bayankhongor,1989,MAM,0.06562304282086413
Bayankhongor,1989,SON,1.1025421210541981
Bayankhongor,1990,DJF,0.4356962385041765
Bayankhongor,1990,JJA,0.9071426253968674
Bayankhongor,1990,MAM,1.305382798138115
Bayankhongor,1990,SON,-0.22475054783393317
Bayankhongor,1991,DJF,-0.19885062964838426
Bayankhongor,1991,JJA,-0.043188070496495354
Bayankhongor,1991,MAM,0.5475837479080464
Bayankhongor,1991,SON,0.6461962568919726
Bayankhongor,1992,DJF,0.14948710700461967
Bayankhongor,1992,JJA,0.623100543390468
Bayankhongor,1992,MAM,0.6861228279700545
Bayankhongor,1992,SON,0.7428242871182595
Bayankhongor,1993,DJF,1.5981621794816283
Bayankhongor,1993,JJA,1.5239154420995427
Bayankhongor,1993,MAM,1.8908808759887619
Bayankhongor,1993,SON,1.313742374592842
Bayankhongor,1994,DJF,0.3612660653455732
Bayankhongor,1994,JJA,1.030902064773461
Bayankhongor,1994,MAM,0.16546519070937651
Bayankhongor,1994,SON,0.6186959311267578
Bayankhongor,1995,DJF,-0.04085950200794063
Bayankhongor,1995,JJA,0.08962841095511773
Bayankhongor,1995,MAM,0.40134845478188813
Bayankhongor,1995,SON,0.1487786271239601
Bayankhongor,1996,DJF,-0.5068390671956915
Bayankhongor,1996,JJA,0.4854813603875639
Bayankhongor,1996,MAM,0.4026408577268419
Bayankhongor,1996,SON,-0.0706955503791439
Bayankhongor,1997,DJF,-0.008094385764943018
Bayankhongor,1997,JJA,0.6977506532511966
Bayankhongor,1997,MAM,-0.2801480438178096
Bayankhongor,1997,SON,0.1944540294125749
Bayankhongor,1998,DJF,-0.059977546580013474
Bayankhongor,1998,JJA,-0.01482165215781359
Bayankhongor,1998,MAM,0.6322028117446099
Bayankhongor,1998,SON,-0.13040182066977127
Bayankhongor,1999,DJF,-1.2329340835910545
Bayankhongor,1999,JJA,0.3803557653619008
Bayankhongor,1999,MAM,0.28632253458063217
Bayankhongor,1999,SON,1.3592191330963745
Bayankhongor,2000,DJF,0.2346061072058768
Bayankhongor,2000,JJA,-0.11744151039898494
Bayankhongor,2000,MAM,-0.24379969277291544
Bayankhongor,2000,SON,0.1934460852748605
Bayankhongor,2001,DJF,0.3309679693773487
Bayankhongor,2001,JJA,-0.7251201584822654
Bayankhongor,2001,MAM,-0.48624086276692646
Bayankhongor,2001,SON,-0.04826627976853244
Bayankhongor,2002,DJF,1.5032086018003115
Bayankhongor,2002,JJA,-0.547438291082469
Bayankhongor,2002,MAM,1.2700160695677112
Bayankhongor,2002,SON,-1.244361150520523
Bayankhongor,2003,DJF,0.7818200462132694
Bayankhongor,2003,JJA,1.4137710852124248
Bayankhongor,2003,MAM,1.9415919163279294
Bayankhongor,2003,SON,0.9059954247192223
Bayankhongor,2004,DJF,0.27108151411646564
Bayankhongor,2004,JJA,-0.6072935352168496
Bayankhongor,2004,MAM,-1.0539443741206358
Bayankhongor,2004,SON,0.13255756331657817
Bayankhongor,2005,DJF,0.5931861475597524
Bayankhongor,2005,JJA,-0.7648801541716898
Bayankhongor,2005,MAM,0.02565675915239868
Bayankhongor,2005,SON,-0.3474028785488697
Bayankhongor,2006,DJF,-0.006759328239554234
Bayankhongor,2006,JJA,-0.07486099993809765
Bayankhongor,2006,MAM,-0.5435209436698977
Bayankhongor,2006,SON,-1.372839608407481
Bayankhongor,2007,DJF,-1.4542425140787574
Bayankhongor,2007,JJA,-0.5438854784247608
Bayankhongor,2007,MAM,-0.07012472249144316
Bayankhongor,2007,SON,0.7283654743393182
Bayankhongor,2008,DJF,0.27452490834584353
Bayankhongor,2008,JJA,-0.7537081337155328
Bayankhongor,2008,MAM,-0.3027728568504403
Bayankhongor,2008,SON,-0.8031206380090185
Bayankhongor,2009,DJF,-0.9252247736499984
Bayankhongor,2009,JJA,-1.5519037935636326
Bayankhongor,2009,MAM,-1.057398984252072
Bayankhongor,2009,SON,-1.3336051230660562
Bayankhongor,2010,DJF,0.5460631019659321
Bayankhongor,2010,JJA,-0.3369561332651347
Bayankhongor,2010,MAM,0.7438180536399944
Bayankhongor,2010,SON,-0.003883442126174589
Bayankhongor,2011,DJF,-0.13214872269831276
Bayankhongor,2011,JJA,0.3934211412445176
Bayankhongor,2011,MAM,0.08924341126307665
Bayankhongor,2011,SON,0.006652994782692947
Bayankhongor,2012,DJF,0.21217205627563449
Bayankhongor,2012,JJA,-0.3034926209387992
Bayankhongor,2012,MAM,-0.3341754684416428
Bayankhongor,2012,SON,0.9242483160850462
Bayankhongor,2013,DJF,0.9130356302892197
Bayankhongor,2013,JJA,-0.5509675478114223
Bayankhongor,2013,MAM,-1.5403670819302122
Bayankhongor,2013,SON,-0.815898847186167
Bayankhongor,2014,DJF,-0.8709861605937279
Bayankhongor,2014,JJA,0.7487523364891744
Bayankhongor,2014,MAM,-0.40136186416645475
Bayankhongor,2014,SON,-0.39089653483444714
Bayankhongor,2015,DJF,-1.443808639758453
Bayankhongor,2015,JJA,0.5795835072436998
Bayankhongor,2015,MAM,-0.7487116243818202
Bayankhongor,2015,SON,0.16442244005896503
Bayankhongor,2016,DJF,0.19611634097542727
Bayankhongor,2016,JJA,1.2841783949291814
Bayankhongor,2016,MAM,-0.4200290095484159
Bayankhongor,2016,SON,0.453310009603407
Bayankhongor,2017,DJF,0.06625723028702447
Bayankhongor,2017,JJA,-1.3960425994225518
Bayankhongor,2017,MAM,0.2646517437381359
Bayankhongor,2017,SON,-1.182578226642431
Bayankhongor,2018,DJF,-0.47696289819853394
Bayankhongor,2018,JJA,-0.9881332066502221
Bayankhongor,2018,MAM,-1.8806827907851493
Bayankhongor,2018,SON,0.19247008027583237
Bayankhongor,2019,DJF,-0.12324191193469969
Bayankhongor,2019,JJA,0.07233691635056187
Bayankhongor,2019,MAM,-0.03570516794450326
Bayankhongor,2019,SON,-1.0224536136254656
Bayankhongor,2020,DJF,-1.13003050810995
Bayankhongor,2020,JJA,-1.3472568843735657
Bayankhongor,2020,MAM,-1.9246027835762067
Bayankhongor,2020,SON,-0.6255412053941486
Bayankhongor,2021,DJF,-0.7686623998747311
Bayankhongor,2021,JJA,-0.050975763814811004
Bayankhongor,2021,MAM,-1.3749733600305418
Bayankhongor,2021,SON,0.31778814072329287
Bayankhongor,2022,DJF,-0.2825706381186481
Bayankhongor,2022,JJA,-2.0505324150917468
Bayankhongor,2022,MAM,-0.3820746786589476
Bayankhongor,2022,SON,-2.069737602903391
Bayankhongor,2023,DJF,-0.13030009704589454
Bayankhongor,2023,JJA,-0.54922413949977
Bayankhongor,2023,MAM,-0.8263724771538948
Bayankhongor,2023,SON,-0.6292937094929546
Bayankhongor,2024,DJF,0.3611729210535355
Bayankhongor,2024,JJA,-0.9293621746080866
Bayankhongor,2024,MAM,-0.19924796819975496
Bayankhongor,2024,SON,0.36964060473535437
Bayankhongor,2025,DJF,1.0077685443124345
Bulgan,1950,DJF,-0.10678130025441572
Bulgan,1950,JJA,3.120574315931957
Bulgan,1950,MAM,1.0002718418053185
Bulgan,1950,SON,1.7966879499897368
Bulgan,1951,DJF,0.464724547511493
Bulgan,1951,JJA,0.16061354668008254
Bulgan,1951,MAM,1.8329124102183427
Bulgan,1951,SON,0.08448271438311365
Bulgan,1952,DJF,-0.16762311047192696
Bulgan,1952,JJA,0.9713280833694795
Bulgan,1952,MAM,0.20210704766054882
Bulgan,1952,SON,1.3311553479563667
Bulgan,1953,DJF,1.1113171932830663
Bulgan,1953,JJA,1.1185371408792915
Bulgan,1953,MAM,1.0480451346142896
Bulgan,1953,SON,-0.5606737368360093
Bulgan,1954,DJF,0.14907146735895843
Bulgan,1954,JJA,0.6519551817413116
Bulgan,1954,MAM,1.6876889749895145
Bulgan,1954,SON,1.6188997813345898
Bulgan,1955,DJF,0.6243169226030939
Bulgan,1955,JJA,0.7865767179415182
Bulgan,1955,MAM,2.1125656645371453
Bulgan,1955,SON,0.7992118793285384
Bulgan,1956,DJF,-0.10099261166571893
Bulgan,1956,JJA,1.4144286132675443
Bulgan,1956,MAM,0.40522226066768724
Bulgan,1956,SON,0.9895886975794039
Bulgan,1957,DJF,0.9141516513940431
Bulgan,1957,JJA,0.11797724215658503
Bulgan,1957,MAM,1.0176314026113848
Bulgan,1957,SON,0.6450585160683069
Bulgan,1958,DJF,0.04016723977201816
Bulgan,1958,JJA,0.2979716515960705
Bulgan,1958,MAM,2.5423556838420462
Bulgan,1958,SON,-0.1523082172611921
Bulgan,1959,DJF,-1.2572157631344871
Bulgan,1959,JJA,0.9882373600223001
Bulgan,1959,MAM,0.4609125284685675
Bulgan,1959,SON,1.124649554116965
Bulgan,1960,DJF,0.24824237291146084
Bulgan,1960,JJA,1.343664262121294
Bulgan,1960,MAM,0.48992658374631864
Bulgan,1960,SON,0.7110551020927874
Bulgan,1961,DJF,0.028696829524428227
Bulgan,1961,JJA,0.1390797411478232
Bulgan,1961,MAM,-0.4314692310556595
Bulgan,1961,SON,0.23545980372497202
Bulgan,1962,DJF,-0.18011112334494495
Bulgan,1962,JJA,0.5358106572161012
Bulgan,1962,MAM,0.15698198120447845
Bulgan,1962,SON,0.634307281550731
Bulgan,1963,DJF,-0.2273611657909988
Bulgan,1963,JJA,1.0292373979712628
Bulgan,1963,MAM,0.2303053545944333
Bulgan,1963,SON,0.8135932864414683
Bulgan,1964,DJF,-0.16701532041407424
Bulgan,1964,JJA,1.7652235657254896
Bulgan,1964,MAM,2.28262848203708
Bulgan,1964,SON,1.5138272344607038
Bulgan,1965,DJF,0.3284834570499355
Bulgan,1965,JJA,0.8982481501760269
Bulgan,1965,MAM,0.5782116756561612
Bulgan,1965,SON,-0.050441559445216465
Bulgan,1966,DJF,0.4754242273782246
Bulgan,1966,JJA,0.7662239615032561
Bulgan,1966,MAM,1.2260281581405323
Bulgan,1966,SON,-0.3229826103163986
Bulgan,1967,DJF,0.20030479306774196
Bulgan,1967,JJA,1.7792280153188862
Bulgan,1967,MAM,1.5480825759790189
Bulgan,1967,SON,0.5191250961504874
Bulgan,1968,DJF,0.928716485248949
Bulgan,1968,JJA,0.09887447931299195
Bulgan,1968,MAM,1.3765650589152794
Bulgan,1968,SON,1.0364530844824058
Bulgan,1969,DJF,1.0150159294644436
Bulgan,1969,JJA,0.07494979620803889
Bulgan,1969,MAM,1.0314441537816363
Bulgan,1969,SON,1.3230575878266884
Bulgan,1970,DJF,0.978445193814992
Bulgan,1970,JJA,0.040651726378766774
Bulgan,1970,MAM,1.4710354309957687
Bulgan,1970,SON,1.4160138571310525
Bulgan,1971,DJF,1.1264884839030354
Bulgan,1971,JJA,2.1091047720995424
Bulgan,1971,MAM,1.1334423076053701
Bulgan,1971,SON,0.3748025239678377
Bulgan,1972,DJF,0.2010587839382641
Bulgan,1972,JJA,0.4595464458405487
Bulgan,1972,MAM,0.44197136957964256
Bulgan,1972,SON,1.9064239788488528
Bulgan,1973,DJF,0.8441465933196981
Bulgan,1973,JJA,1.7777487415289495
Bulgan,1973,MAM,0.7520939555154955
Bulgan,1973,SON,2.168390830810477
Bulgan,1974,DJF,-0.12384743641938405
Bulgan,1974,JJA,-0.012520438605089241
Bulgan,1974,MAM,0.29069488451572817
Bulgan,1974,SON,1.0266300296526893
Bulgan,1975,DJF,-0.317707028866558
Bulgan,1975,JJA,0.9167408321790745
Bulgan,1975,MAM,1.6663018834068597
Bulgan,1975,SON,0.7556317358232643
Bulgan,1976,DJF,-0.014362446360071817
Bulgan,1976,JJA,1.480847741417824
Bulgan,1976,MAM,2.2438078618504127
Bulgan,1976,SON,1.185231883113935
Bulgan,1977,DJF,1.4646937338933184
Bulgan,1977,JJA,0.5363204025562895
Bulgan,1977,MAM,1.5511054120305194
Bulgan,1977,SON,-1.5694430855126444
Bulgan,1978,DJF,-0.594999152048632
Bulgan,1978,JJA,0.16853580257328088
Bulgan,1978,MAM,-0.42321518597915153
Bulgan,1978,SON,-0.14981478021495243
Bulgan,1979,DJF,0.8285358344144852
Bulgan,1979,JJA,-0.18670210729499
Bulgan,1979,MAM,1.9087219794849173
Bulgan,1979,SON,1.0555369645381398
Bulgan,1980,DJF,0.7349583510578245
Bulgan,1980,JJA,-0.1631641753336441
Bulgan,1980,MAM,1.245191466484603
Bulgan,1980,SON,-0.10750803566709542
Bulgan,1981,DJF,0.7731219081208337
Bulgan,1981,JJA,0.1676700925331935
Bulgan,1981,MAM,1.124268426360984
Bulgan,1981,SON,0.8898350327918773
Bulgan,1982,DJF,-0.01477621129094089
Bulgan,1982,JJA,1.2704052828105292
Bulgan,1982,MAM,0.5053513785852135
Bulgan,1982,SON,1.0924249085672457
Bulgan,1983,DJF,0.9630730504234878
Bulgan,1983,JJA,1.2864317027556291
Bulgan,1983,MAM,0.08608618610244458
Bulgan,1983,SON,0.32951266772586196
Bulgan,1984,DJF,0.30535696073944435
Bulgan,1984,JJA,0.3490302971893881
Bulgan,1984,MAM,0.5500167529405456
Bulgan,1984,SON,1.8017423498544518
Bulgan,1985,DJF,0.8854167308996734
Bulgan,1985,JJA,1.1652625244267136
Bulgan,1985,MAM,1.6272073587857057
Bulgan,1985,SON,0.7461667034200016
Bulgan,1986,DJF,0.8348975799873884
Bulgan,1986,JJA,0.8441224747035961
Bulgan,1986,MAM,1.1215758035841035
Bulgan,1986,SON,-0.44668634938476126
Bulgan,1987,DJF,1.00718839403517
Bulgan,1987,JJA,-0.04784367970338861
Bulgan,1987,MAM,0.2961495039757761
Bulgan,1987,SON,0.9538392732759189
Bulgan,1988,DJF,0.08411373384535095
Bulgan,1988,JJA,0.7360624134479645
Bulgan,1988,MAM,0.8557552242008539
Bulgan,1988,SON,0.5089710309012134
Bulgan,1989,DJF,-0.18197440362709874
Bulgan,1989,JJA,0.18536194459192917
Bulgan,1989,MAM,0.1697177994767519
Bulgan,1989,SON,1.2161302538896697
Bulgan,1990,DJF,-0.1866382614169732
Bulgan,1990,JJA,1.3004468904244673
Bulgan,1990,MAM,0.04536207099750359
Bulgan,1990,SON,0.6350649601829141
Bulgan,1991,DJF,-0.4366221037687955
Bulgan,1991,JJA,0.9160943346733015
Bulgan,1991,MAM,0.34313284201009586
Bulgan,1991,SON,0.48337642839779105
Bulgan,1992,DJF,-0.3339257792511466
Bulgan,1992,JJA,0.6822924796156675
Bulgan,1992,MAM,-0.876607508785341
Bulgan,1992,SON,1.314775173590064
Bulgan,1993,DJF,0.372968546061582
Bulgan,1993,JJA,1.722807269648121
Bulgan,1993,MAM,0.19445718928169975
Bulgan,1993,SON,1.0969881796925731
Bulgan,1994,DJF,0.2431423559719606
Bulgan,1994,JJA,1.686413260692846
Bulgan,1994,MAM,0.838877400988977
Bulgan,1994,SON,1.4428367386349708
Bulgan,1995,DJF,-0.17664445317487998
Bulgan,1995,JJA,0.07240953761459439
Bulgan,1995,MAM,0.581111855811056
Bulgan,1995,SON,-0.46253589808877893
Bulgan,1996,DJF,-1.055333643369314
Bulgan,1996,JJA,-0.6178025649314031
Bulgan,1996,MAM,-0.6539664671703339
Bulgan,1996,SON,-0.569847258447496
Bulgan,1997,DJF,0.21327751296369574
Bulgan,1997,JJA,0.037573013527932346
Bulgan,1997,MAM,-0.6801183775295739
Bulgan,1997,SON,-0.35494100261594147
Bulgan,1998,DJF,-1.2458722913035771
Bulgan,1998,JJA,0.7940678162173923
Bulgan,1998,MAM,-0.9262482635818665
Bulgan,1998,SON,1.3272375559705498
Bulgan,1999,DJF,-0.592247330317246
Bulgan,1999,JJA,0.2964949795972176
Bulgan,1999,MAM,0.21057461154937862
Bulgan,1999,SON,0.05327947598294412
Bulgan,2000,DJF,0.04368085959873787
Bulgan,2000,JJA,-0.25471221933327604
Bulgan,2000,MAM,0.8266698268687089
Bulgan,2000,SON,0.09328347899129305
Bulgan,2001,DJF,0.9706692824379725
Bulgan,2001,JJA,0.17600038489126774
Bulgan,2001,MAM,1.0681789672512754
Bulgan,2001,SON,-0.7057136049958707
Bulgan,2002,DJF,0.048187726933130656
Bulgan,2002,JJA,-1.1821636837089595
Bulgan,2002,MAM,-0.30012550529086424
Bulgan,2002,SON,-1.609844093228752
Bulgan,2003,DJF,0.981462867687938
Bulgan,2003,JJA,-0.12412222704907777
Bulgan,2003,MAM,0.9493082054437139
Bulgan,2003,SON,0.7671452841162383
Bulgan,2004,DJF,0.31384372307737407
Bulgan,2004,JJA,-0.26055886676848145
Bulgan,2004,MAM,0.3630429566260116
Bulgan,2004,SON,-0.24627046713261985
Bulgan,2005,DJF,0.10752337970513269
Bulgan,2005,JJA,-0.35519707522140576
Bulgan,2005,MAM,-0.037672054707778214
Bulgan,2005,SON,-0.9353497084999044
Bulgan,2006,DJF,-0.8911384787155987
Bulgan,2006,JJA,0.2853052376805707
Bulgan,2006,MAM,0.09222052142524531
Bulgan,2006,SON,-0.30916375076046254
Bulgan,2007,DJF,-0.8010908733257885
Bulgan,2007,JJA,-0.1283534589440832
Bulgan,2007,MAM,-0.56833212891474
Bulgan,2007,SON,0.24466096708879975
Bulgan,2008,DJF,-0.47378189877328
Bulgan,2008,JJA,0.9735060646497662
Bulgan,2008,MAM,-0.32770039923435523
Bulgan,2008,SON,-0.786911227793761
Bulgan,2009,DJF,-1.093043594336378
Bulgan,2009,JJA,-0.6116849170947815
Bulgan,2009,MAM,-0.884327894224092
Bulgan,2009,SON,-0.5399410684940449
Bulgan,2010,DJF,0.814030231311517
Bulgan,2010,JJA,-0.9390478069923146
Bulgan,2010,MAM,1.0998511499469479
Bulgan,2010,SON,-0.48344606379292543
Bulgan,2011,DJF,0.8861257743203343
Bulgan,2011,JJA,-0.21608856692463066
Bulgan,2011,MAM,1.0175141565505552
Bulgan,2011,SON,-1.0911849203025843
Bulgan,2012,DJF,-0.08910658777521469
Bulgan,2012,JJA,0.11059677608522578
Bulgan,2012,MAM,-0.30679152674162813
Bulgan,2012,SON,-0.46633367338904963
Bulgan,2013,DJF,1.3781044732720138
Bulgan,2013,JJA,0.3945623745056033
Bulgan,2013,MAM,0.5250876435999775
Bulgan,2013,SON,1.0966298901843579
Bulgan,2014,DJF,0.12803827141961432
Bulgan,2014,JJA,-0.6690000712438723
Bulgan,2014,MAM,-0.13758925792043855
Bulgan,2014,SON,-0.5401921296071425
Bulgan,2015,DJF,-0.5177665298813018
Bulgan,2015,JJA,-1.1295866492101505
Bulgan,2015,MAM,-0.1346438922328038
Bulgan,2015,SON,0.2842908143136259
Bulgan,2016,DJF,-0.12661547388560826
Bulgan,2016,JJA,0.5239150770553793
Bulgan,2016,MAM,0.69570074452503
Bulgan,2016,SON,0.328580621206795
Bulgan,2017,DJF,0.6998598401297424
Bulgan,2017,JJA,-1.8620328129784727
Bulgan,2017,MAM,-0.8267281165508049
Bulgan,2017,SON,0.4532313454599963
Bulgan,2018,DJF,0.6785766451031172
Bulgan,2018,JJA,-0.48875161370054354
Bulgan,2018,MAM,-0.702278620688306
Bulgan,2018,SON,0.7090464829815109
Bulgan,2019,DJF,-0.5623948401428086
Bulgan,2019,JJA,-0.31260181950991023
Bulgan,2019,MAM,-1.6645489002649418
Bulgan,2019,SON,-0.7273884115064664
Bulgan,2020,DJF,0.13374734653204634
Bulgan,2020,JJA,-0.5979151424159743
Bulgan,2020,MAM,-1.6052015798390402
Bulgan,2020,SON,0.49893503449846527
Bulgan,2021,DJF,-0.41479116934845534
Bulgan,2021,JJA,1.4450511204616403
Bulgan,2021,MAM,0.3974984854293081
Bulgan,2021,SON,1.5261055878905012
Bulgan,2022,DJF,-0.7125919362898878
Bulgan,2022,JJA,-0.2556525220346314
Bulgan,2022,MAM,-0.9046704309673037
Bulgan,2022,SON,0.31783100021994887
Bulgan,2023,DJF,-0.035723704272465864
Bulgan,2023,JJA,1.2187762480591324
Bulgan,2023,MAM,-0.20925224922023716
Bulgan,2023,SON,1.7990591330383015
Bulgan,2024,DJF,0.8409973247019423
Bulgan,2024,JJA,0.12368331663383868
Bulgan,2024,MAM,-0.18386973051579655
Bulgan,2024,SON,0.10889378424426828
Bulgan,2025,DJF,0.034722160404306306
Darkhan-Uul,1950,DJF,-0.28541751922697606
Darkhan-Uul,1950,JJA,2.5119291418978853
Darkhan-Uul,1950,MAM,0.8257802250078988
Darkhan-Uul,1950,SON,1.2885176064419999
Darkhan-Uul,1951,DJF,0.7795820324928232
Darkhan-Uul,1951,JJA,-0.007388339660686778
Darkhan-Uul,1951,MAM,2.481882556558423
Darkhan-Uul,1951,SON,0.11384956752580182
Darkhan-Uul,1952,DJF,-0.41928996125369195
Darkhan-Uul,1952,JJA,0.984579639031543
Darkhan-Uul,1952,MAM,0.07967921664459006
Darkhan-Uul,1952,SON,1.0824235886770457
Darkhan-Uul,1953,DJF,-0.256634795229434
Darkhan-Uul,1953,JJA,0.033883674234533555
Darkhan-Uul,1953,MAM,0.3120582554302009
Darkhan-Uul,1953,SON,-0.5039254839957658
Darkhan-Uul,1954,DJF,0.11454142071451608
Darkhan-Uul,1954,JJA,-0.25221243507737545
Darkhan-Uul,1954,MAM,1.1074247593319173
Darkhan-Uul,1954,SON,0.9407530683585589
Darkhan-Uul,1955,DJF,-0.4682242566316993
Darkhan-Uul,1955,JJA,-0.15416356867446593
Darkhan-Uul,1955,MAM,1.5175327959893274
Darkhan-Uul,1955,SON,0.20285522897839475
Darkhan-Uul,1956,DJF,-1.134918282206685
Darkhan-Uul,1956,JJA,-0.1495155452759651
Darkhan-Uul,1956,MAM,0.45329808934601845
Darkhan-Uul,1956,SON,0.46479292873496475
Darkhan-Uul,1957,DJF,-0.43625638490766444
Darkhan-Uul,1957,JJA,0.709889381383022
Darkhan-Uul,1957,MAM,1.4696623347552464
Darkhan-Uul,1957,SON,0.8474098793604996
Darkhan-Uul,1958,DJF,-0.6262143746880944
Darkhan-Uul,1958,JJA,-0.40320570738403677
Darkhan-Uul,1958,MAM,2.2626123271776315
Darkhan-Uul,1958,SON,-0.5633345735264118
Darkhan-Uul,1959,DJF,-1.365495313661253
Darkhan-Uul,1959,JJA,1.073511111930101
Darkhan-Uul,1959,MAM,0.870256321422532
Darkhan-Uul,1959,SON,0.8378672315816668
Darkhan-Uul,1960,DJF,0.19610033351233666
Darkhan-Uul,1960,JJA,0.385751432152786
Darkhan-Uul,1960,MAM,1.0133244982705312
Darkhan-Uul,1960,SON,0.1368425092203498
Darkhan-Uul,1961,DJF,-1.0925297563787428
Darkhan-Uul,1961,JJA,-0.20574895419490866
Darkhan-Uul,1961,MAM,-1.1553317216055203
Darkhan-Uul,1961,SON,0.22528956439777922
Darkhan-Uul,1962,DJF,0.8371962778468209
Darkhan-Uul,1962,JJA,0.37244479522908747
Darkhan-Uul,1962,MAM,0.5488208530744042
Darkhan-Uul,1962,SON,0.3249491138452561
Darkhan-Uul,1963,DJF,-0.003301381973516255
Darkhan-Uul,1963,JJA,0.8162541660320902
Darkhan-Uul,1963,MAM,0.27136804406726023
Darkhan-Uul,1963,SON,0.8560004756620242
Darkhan-Uul,1964,DJF,-0.8710323562435432
Darkhan-Uul,1964,JJA,2.369599335577274
Darkhan-Uul,1964,MAM,2.2733510423799377
Darkhan-Uul,1964,SON,0.71712146233437
Darkhan-Uul,1965,DJF,0.05459688556472017
Darkhan-Uul,1965,JJA,-0.014113397311437471
Darkhan-Uul,1965,MAM,-0.15531597430900934
Darkhan-Uul,1965,SON,-0.33325283589030913
Darkhan-Uul,1966,DJF,0.9435906474332934
Darkhan-Uul,1966,JJA,1.316933616048219
Darkhan-Uul,1966,MAM,1.4839917631301593
Darkhan-Uul,1966,SON,0.059681550155753146
Darkhan-Uul,1967,DJF,0.679826306341573
Darkhan-Uul,1967,JJA,2.3451518065462693
Darkhan-Uul,1967,MAM,1.555608908542112
Darkhan-Uul,1967,SON,0.24431529982536085
Darkhan-Uul,1968,DJF,0.4200965396289375
Darkhan-Uul,1968,JJA,0.5010745145009549
Darkhan-Uul,1968,MAM,1.7387705815454255
Darkhan-Uul,1968,SON,0.5451381628034472
Darkhan-Uul,1969,DJF,0.37104931121814877
Darkhan-Uul,1969,JJA,-0.5528579476105253
Darkhan-Uul,1969,MAM,0.6455735481959538
Darkhan-Uul,1969,SON,1.5874875525484315
Darkhan-Uul,1970,DJF,0.7240282183018055
Darkhan-Uul,1970,JJA,0.7732338972772246
Darkhan-Uul,1970,MAM,1.5802660608149346
Darkhan-Uul,1970,SON,1.5476336748673254
Darkhan-Uul,1971,DJF,0.40376313850348505
Darkhan-Uul,1971,JJA,2.710380286043399
Darkhan-Uul,1971,MAM,1.4415301053032084
Darkhan-Uul,1971,SON,0.18920271321884757
Darkhan-Uul,1972,DJF,-0.08624416660025284
Darkhan-Uul,1972,JJA,-0.4339760061444194
Darkhan-Uul,1972,MAM,0.9524119388219604
Darkhan-Uul,1972,SON,1.3472600255292335
Darkhan-Uul,1973,DJF,0.08411312865220243
Darkhan-Uul,1973,JJA,2.4060513538767387
Darkhan-Uul,1973,MAM,0.8167929194908865
Darkhan-Uul,1973,SON,2.2139797638983882
Darkhan-Uul,1974,DJF,0.48422838997852086
Darkhan-Uul,1974,JJA,-0.03337570408453045
Darkhan-Uul,1974,MAM,0.8345636967792341
Darkhan-Uul,1974,SON,1.4252174076608277
Darkhan-Uul,1975,DJF,0.2780941266537657
Darkhan-Uul,1975,JJA,1.3898598090976826
Darkhan-Uul,1975,MAM,1.8067922762735114
Darkhan-Uul,1975,SON,0.6149409734959781
Darkhan-Uul,1976,DJF,0.22644435300965157
Darkhan-Uul,1976,JJA,0.7086936743018227
Darkhan-Uul,1976,MAM,1.4788841014624108
Darkhan-Uul,1976,SON,0.5156274572725902
Darkhan-Uul,1977,DJF,0.2928532905639312
Darkhan-Uul,1977,JJA,-0.06864857381980896
Darkhan-Uul,1977,MAM,1.1490666077028768
Darkhan-Uul,1977,SON,-0.8282887888726091
Darkhan-Uul,1978,DJF,-0.02178236481298315
Darkhan-Uul,1978,JJA,1.0658544580733038
Darkhan-Uul,1978,MAM,1.1969156380921837
Darkhan-Uul,1978,SON,0.22408336154345515
Darkhan-Uul,1979,DJF,0.2092404218439003
Darkhan-Uul,1979,JJA,-0.8015427297802991
Darkhan-Uul,1979,MAM,1.425660599231128
Darkhan-Uul,1979,SON,-0.2838978708771375
Darkhan-Uul,1980,DJF,0.8302812465753932
Darkhan-Uul,1980,JJA,-0.8121828264671651
Darkhan-Uul,1980,MAM,1.0669046557522446
Darkhan-Uul,1980,SON,-0.776034738514313
Darkhan-Uul,1981,DJF,0.6035033423349715
Darkhan-Uul,1981,JJA,0.8491718253499204
Darkhan-Uul,1981,MAM,2.2661621221786037
Darkhan-Uul,1981,SON,0.872933188510211
Darkhan-Uul,1982,DJF,0.06305652912509742
Darkhan-Uul,1982,JJA,1.582551276349017
Darkhan-Uul,1982,MAM,0.1670082594557472
Darkhan-Uul,1982,SON,0.6916588749136313
Darkhan-Uul,1983,DJF,0.3757740113267146
Darkhan-Uul,1983,JJA,2.055878361800866
Darkhan-Uul,1983,MAM,0.5508955312062712
Darkhan-Uul,1983,SON,0.23409356564739195
Darkhan-Uul,1984,DJF,-0.5152420909580493
Darkhan-Uul,1984,JJA,0.6505983020581284
Darkhan-Uul,1984,MAM,0.45033957710609973
Darkhan-Uul,1984,SON,0.7740763403396511
Darkhan-Uul,1985,DJF,0.7997819404876687
Darkhan-Uul,1985,JJA,2.0128953769338582
Darkhan-Uul,1985,MAM,1.7717353508113485
Darkhan-Uul,1985,SON,0.7458659266567117
Darkhan-Uul,1986,DJF,0.1384852417866861
Darkhan-Uul,1986,JJA,0.259517026841322
Darkhan-Uul,1986,MAM,0.8173444400964947
Darkhan-Uul,1986,SON,-1.5908190213026878
Darkhan-Uul,1987,DJF,1.0053767576276313
Darkhan-Uul,1987,JJA,-0.1085531246244341
Darkhan-Uul,1987,MAM,0.5892225530489481
Darkhan-Uul,1987,SON,-0.05041762527241977
Darkhan-Uul,1988,DJF,0.12008199307980924
Darkhan-Uul,1988,JJA,2.2329236640468584
Darkhan-Uul,1988,MAM,2.0454631422804073
Darkhan-Uul,1988,SON,1.0136180783126847
Darkhan-Uul,1989,DJF,-0.32153895166633506
Darkhan-Uul,1989,JJA,-0.2555612261813699
Darkhan-Uul,1989,MAM,-0.281231240429386
Darkhan-Uul,1989,SON,0.9139507468048591
Darkhan-Uul,1990,DJF,0.577633809009032
Darkhan-Uul,1990,JJA,1.4895350620751797
Darkhan-Uul,1990,MAM,0.13005254358209256
Darkhan-Uul,1990,SON,0.8444625873570458
Darkhan-Uul,1991,DJF,-0.3988826670553485
Darkhan-Uul,1991,JJA,1.4645677470845146
Darkhan-Uul,1991,MAM,0.702761141410632
Darkhan-Uul,1991,SON,1.1669717478160078
Darkhan-Uul,1992,DJF,-0.10512583647825918
Darkhan-Uul,1992,JJA,0.6540015332973687
Darkhan-Uul,1992,MAM,-0.20661485246357356
Darkhan-Uul,1992,SON,1.101369198445179
Darkhan-Uul,1993,DJF,0.44358426660001715
Darkhan-Uul,1993,JJA,1.5237379567711486
Darkhan-Uul,1993,MAM,1.0447157622212964
Darkhan-Uul,1993,SON,1.2618865956279024
Darkhan-Uul,1994,DJF,0.08862482985189396
Darkhan-Uul,1994,JJA,0.9467658442748671
Darkhan-Uul,1994,MAM,-0.10594772975048818
Darkhan-Uul,1994,SON,1.6499816220240746
Darkhan-Uul,1995,DJF,0.7117572868468764
Darkhan-Uul,1995,JJA,0.7982144676070773
Darkhan-Uul,1995,MAM,1.5592242102654306
Darkhan-Uul,1995,SON,-0.2732550452571661
Darkhan-Uul,1996,DJF,-0.7001571578259952
Darkhan-Uul,1996,JJA,-0.4225099854841523
Darkhan-Uul,1996,MAM,0.008051349929463264
Darkhan-Uul,1996,SON,-1.0460558363754309
Darkhan-Uul,1997,DJF,1.005853599334968
Darkhan-Uul,1997,JJA,0.5536481183384853
Darkhan-Uul,1997,MAM,-0.6423429508380808
Darkhan-Uul,1997,SON,0.20327040500233773
Darkhan-Uul,1998,DJF,-1.1163952308102782
Darkhan-Uul,1998,JJA,1.2063677732408982
Darkhan-Uul,1998,MAM,-1.1130515287364606
Darkhan-Uul,1998,SON,1.033306962057517
Darkhan-Uul,1999,DJF,0.30353445625854686
Darkhan-Uul,1999,JJA,-0.6759731448712778
Darkhan-Uul,1999,MAM,0.30059979994416053
Darkhan-Uul,1999,SON,0.2369166161615325
Darkhan-Uul,2000,DJF,-0.78489517103063
Darkhan-Uul,2000,JJA,-0.2617347406975631
Darkhan-Uul,2000,MAM,-0.29634469683181797
Darkhan-Uul,2000,SON,0.5480016860072163
Darkhan-Uul,2001,DJF,1.5546092055822038
Darkhan-Uul,2001,JJA,-1.1435527702670558
Darkhan-Uul,2001,MAM,0.8725215169645755
Darkhan-Uul,2001,SON,-0.3998192534098687
Darkhan-Uul,2002,DJF,-0.44925634492005556
Darkhan-Uul,2002,JJA,-1.213945217338353
Darkhan-Uul,2002,MAM,-0.08884800167713973
Darkhan-Uul,2002,SON,-1.1853356747264983
Darkhan-Uul,2003,DJF,1.0721842170617972
Darkhan-Uul,2003,JJA,-0.19311488703819873
Darkhan-Uul,2003,MAM,0.24291675281995398
Darkhan-Uul,2003,SON,0.8301177999241456
Darkhan-Uul,2004,DJF,0.8627509649006713
Darkhan-Uul,2004,JJA,0.04461174093741416
Darkhan-Uul,2004,MAM,1.2117493172843932
Darkhan-Uul,2004,SON,-0.20602931953476405
Darkhan-Uul,2005,DJF,0.4251889567100458
Darkhan-Uul,2005,JJA,-0.14171302726465793
Darkhan-Uul,2005,MAM,1.1385465642159387
Darkhan-Uul,2005,SON,-1.5911543834660113
Darkhan-Uul,2006,DJF,-0.9331651167324814
Darkhan-Uul,2006,JJA,0.28393684969451155
Darkhan-Uul,2006,MAM,0.3720974963048861
Darkhan-Uul,2006,SON,-0.7180000585879703
Darkhan-Uul,2007,DJF,-0.7969819947386321
Darkhan-Uul,2007,JJA,0.20675207146343613
Darkhan-Uul,2007,MAM,-0.009996031737511785
Darkhan-Uul,2007,SON,-0.5364501441476002
Darkhan-Uul,2008,DJF,-0.28253671141135084
Darkhan-Uul,2008,JJA,1.2056461024860965
Darkhan-Uul,2008,MAM,-1.0453470493564094
Darkhan-Uul,2008,SON,-1.123125064796537
Darkhan-Uul,2009,DJF,-0.8006810748347031
Darkhan-Uul,2009,JJA,-0.03538896507595464
Darkhan-Uul,2009,MAM,-0.8633159295564131
Darkhan-Uul,2009,SON,0.21933355510382269
Darkhan-Uul,2010,DJF,0.4971328713808976
Darkhan-Uul,2010,JJA,-0.7083557575728774
Darkhan-Uul,2010,MAM,0.8228675460469761
Darkhan-Uul,2010,SON,-0.6765341614543113
Darkhan-Uul,2011,DJF,0.11871649682237598
Darkhan-Uul,2011,JJA,0.1823781048524303
Darkhan-Uul,2011,MAM,0.9917497597921143
Darkhan-Uul,2011,SON,-1.3383088930415337
Darkhan-Uul,2012,DJF,-1.102943775320207
Darkhan-Uul,2012,JJA,0.6270539618404563
Darkhan-Uul,2012,MAM,-0.3942118320047363
Darkhan-Uul,2012,SON,-0.5737002053442606
Darkhan-Uul,2013,DJF,1.4324014205281728
Darkhan-Uul,2013,JJA,-0.14306448998658994
Darkhan-Uul,2013,MAM,-0.41750505710816666
Darkhan-Uul,2013,SON,0.7037563724686776
Darkhan-Uul,2014,DJF,-0.19321317705496496
Darkhan-Uul,2014,JJA,-0.664476249418471
Darkhan-Uul,2014,MAM,-0.21902191551912475
Darkhan-Uul,2014,SON,-1.0632030282562286
Darkhan-Uul,2015,DJF,-0.43538512492940534
Darkhan-Uul,2015,JJA,-1.4987482327609962
Darkhan-Uul,2015,MAM,-0.2847198271133148
Darkhan-Uul,2015,SON,0.4842548334806696
Darkhan-Uul,2016,DJF,-0.5902160774490235
Darkhan-Uul,2016,JJA,0.018159400206981948
Darkhan-Uul,2016,MAM,0.21768951901814057
Darkhan-Uul,2016,SON,0.009882591946082644
Darkhan-Uul,2017,DJF,0.4225456256364959
Darkhan-Uul,2017,JJA,-1.858254980465016
Darkhan-Uul,2017,MAM,-1.152976647081152
Darkhan-Uul,2017,SON,0.700025565350127
Darkhan-Uul,2018,DJF,0.1709307936076322
Darkhan-Uul,2018,JJA,-0.6012416050977102
Darkhan-Uul,2018,MAM,-0.5800879636761064
Darkhan-Uul,2018,SON,0.9693562362319696
Darkhan-Uul,2019,DJF,-1.392336181258231
Darkhan-Uul,2019,JJA,-0.26483952755620155
Darkhan-Uul,2019,MAM,-2.1412285354670977
Darkhan-Uul,2019,SON,-0.36615893289538903
Darkhan-Uul,2020,DJF,-0.22395224784412426
Darkhan-Uul,2020,JJA,-0.28594110591959315
Darkhan-Uul,2020,MAM,-1.6841256362835741
Darkhan-Uul,2020,SON,0.16430863079878266
Darkhan-Uul,2021,DJF,-0.6514072634008985
Darkhan-Uul,2021,JJA,2.017898036358887
Darkhan-Uul,2021,MAM,0.6588800796425457
Darkhan-Uul,2021,SON,0.8940381488593334
Darkhan-Uul,2022,DJF,-1.4354119698628556
Darkhan-Uul,2022,JJA,-0.15783226178956294
Darkhan-Uul,2022,MAM,-1.140279713666167
Darkhan-Uul,2022,SON,-0.16388096378593
Darkhan-Uul,2023,DJF,0.11709266460069964
Darkhan-Uul,2023,JJA,0.8134538223517765
Darkhan-Uul,2023,MAM,-0.0797523133739657
Darkhan-Uul,2023,SON,1.1484892921817214
Darkhan-Uul,2024,DJF,0.8916099765177272
Darkhan-Uul,2024,JJA,0.4010790521661014
Darkhan-Uul,2024,MAM,0.15715905488196313
Darkhan-Uul,2024,SON,-0.4517690817411694
Darkhan-Uul,2025,DJF,0.27900473314898444
Dornod,1950,DJF,-0.8096440861865626
Dornod,1950,JJA,0.5615675882357268
Dornod,1950,MAM,0.465876844404133
Dornod,1950,SON,0.37344179396424465
Dornod,1951,DJF,0.8757702936464459
Dornod,1951,JJA,0.3468713447539725
Dornod,1951,MAM,2.557160281840569
Dornod,1951,SON,1.5782838126325536
Dornod,1952,DJF,-0.5702986455504672
Dornod,1952,JJA,1.427688657369249
Dornod,1952,MAM,0.8946113881107045
Dornod,1952,SON,1.1205683851745334
Dornod,1953,DJF,0.16037755565176562
Dornod,1953,JJA,1.7376343289012588
Dornod,1953,MAM,0.5137976136135839
Dornod,1953,SON,0.5228512678149765
Dornod,1954,DJF,0.6834950393767047
Dornod,1954,JJA,1.5199919988118826
Dornod,1954,MAM,1.6962356451520921
Dornod,1954,SON,1.6000139184901794
Dornod,1955,DJF,0.347865576881737
Dornod,1955,JJA,1.0649882179869385
Dornod,1955,MAM,1.5799654893584882
Dornod,1955,SON,1.47141650473708
Dornod,1956,DJF,0.6019287592446305
Dornod,1956,JJA,0.016251931028902693
Dornod,1956,MAM,1.6896690686358555
Dornod,1956,SON,0.5137972629065325
Dornod,1957,DJF,0.8152734900927106
Dornod,1957,JJA,1.5504154161107848
Dornod,1957,MAM,1.9916358050780807
Dornod,1957,SON,0.9854686380198499
Dornod,1958,DJF,0.5861040629881238
Dornod,1958,JJA,1.1531159653277985
Dornod,1958,MAM,2.4454108991226344
Dornod,1958,SON,0.7146933817562033
Dornod,1959,DJF,-1.0254238031408962
Dornod,1959,JJA,1.0221730131932898
Dornod,1959,MAM,0.4914819954070592
Dornod,1959,SON,1.3244629173522542
Dornod,1960,DJF,0.41289836339259767
Dornod,1960,JJA,0.7640103409367347
Dornod,1960,MAM,1.2319651899048236
Dornod,1960,SON,0.31654175699983816
Dornod,1961,DJF,-0.32063344186295717
Dornod,1961,JJA,-0.38035773551163665
Dornod,1961,MAM,-0.703746237200327
Dornod,1961,SON,0.704479387525064
Dornod,1962,DJF,0.10468884501421724
Dornod,1962,JJA,0.5880027091440776
Dornod,1962,MAM,1.1560235336673261
Dornod,1962,SON,1.2246532542321584
Dornod,1963,DJF,-0.6292072148822059
Dornod,1963,JJA,0.07953927205135194
Dornod,1963,MAM,-0.21672818061636964
Dornod,1963,SON,1.078820289948321
Dornod,1964,DJF,0.36141350146375456
Dornod,1964,JJA,0.18855452057511557
Dornod,1964,MAM,1.8322994327540345
Dornod,1964,SON,0.842052529043848
Dornod,1965,DJF,0.1891741288342989
Dornod,1965,JJA,-0.704934397617664
Dornod,1965,MAM,-0.1038726155391857
Dornod,1965,SON,-0.04545879586382414
Dornod,1966,DJF,0.7291901771031672
Dornod,1966,JJA,-0.002099400840694454
Dornod,1966,MAM,1.8694419248082843
Dornod,1966,SON,0.25537376838659565
Dornod,1967,DJF,0.4154250347378168
Dornod,1967,JJA,1.1389481063531612
Dornod,1967,MAM,1.1940008730560623
Dornod,1967,SON,-0.13745845444734398
Dornod,1968,DJF,0.4754076369156453
Dornod,1968,JJA,0.05116926222231776
Dornod,1968,MAM,1.37727089996025
Dornod,1968,SON,0.8454732444929289
Dornod,1969,DJF,1.4388028733248492
Dornod,1969,JJA,0.015004957435803988
Dornod,1969,MAM,1.4248419291305046
Dornod,1969,SON,1.3740071269214986
Dornod,1970,DJF,1.3031610493165884
Dornod,1970,JJA,-0.2383901765952185
Dornod,1970,MAM,1.1358853633911354
Dornod,1970,SON,1.0378668670840658
Dornod,1971,DJF,0.6310445453886734
Dornod,1971,JJA,0.6006857581243809
Dornod,1971,MAM,1.266957016633521
Dornod,1971,SON,1.0217650195275405
Dornod,1972,DJF,1.0675212531051634
Dornod,1972,JJA,-0.4821754870275728
Dornod,1972,MAM,1.249615638726264
Dornod,1972,SON,0.9991171908937824
Dornod,1973,DJF,1.3140999661537909
Dornod,1973,JJA,0.3297271681933634
Dornod,1973,MAM,1.3691768424402242
Dornod,1973,SON,0.2800551353660745
Dornod,1974,DJF,0.0891082715533537
Dornod,1974,JJA,0.7539526754191932
Dornod,1974,MAM,1.2188237982228127
Dornod,1974,SON,1.2437011600460786
Dornod,1975,DJF,0.6503855959929715
Dornod,1975,JJA,0.7870400144028246
Dornod,1975,MAM,1.370104246739233
Dornod,1975,SON,0.45520801531432786
Dornod,1976,DJF,0.3479265504850842
Dornod,1976,JJA,0.5214611153905475
Dornod,1976,MAM,1.520588529854459
Dornod,1976,SON,-0.21112450289020618
Dornod,1977,DJF,0.5514285827109353
Dornod,1977,JJA,1.1900515775288432
Dornod,1977,MAM,0.8890793997292051
Dornod,1977,SON,-0.5274079779705771
Dornod,1978,DJF,0.25065180874199405
Dornod,1978,JJA,0.3618841656281382
Dornod,1978,MAM,0.9203901798306537
Dornod,1978,SON,0.03287284440734282
Dornod,1979,DJF,0.6661515678430052
Dornod,1979,JJA,0.15763917990544438
Dornod,1979,MAM,1.7750670412142335
Dornod,1979,SON,0.4432166496868825
Dornod,1980,DJF,0.1911098897020039
Dornod,1980,JJA,0.43871715689473517
Dornod,1980,MAM,1.3032779616633128
Dornod,1980,SON,0.8888066862615461
Dornod,1981,DJF,0.8564926298733406
Dornod,1981,JJA,0.04191700736188458
Dornod,1981,MAM,1.6592480856176564
Dornod,1981,SON,0.09226336120194506
Dornod,1982,DJF,0.14580253604088458
Dornod,1982,JJA,-0.2356861784026019
Dornod,1982,MAM,0.4290660496921374
Dornod,1982,SON,0.6607572110028365
Dornod,1983,DJF,0.4749953619739559
Dornod,1983,JJA,0.2939700990619366
Dornod,1983,MAM,0.31066330434040457
Dornod,1983,SON,1.2623071600864058
Dornod,1984,DJF,0.762773464231289
Dornod,1984,JJA,1.0906248981167597
Dornod,1984,MAM,1.5309235324103956
Dornod,1984,SON,1.4691660625979348
Dornod,1985,DJF,1.020395140837969
Dornod,1985,JJA,0.760511473794875
Dornod,1985,MAM,1.163414248892765
Dornod,1985,SON,0.8996685834739393
Dornod,1986,DJF,-0.08219122662372737
Dornod,1986,JJA,-0.38981419975171433
Dornod,1986,MAM,0.26919799029391595
Dornod,1986,SON,-0.04615494996769079
Dornod,1987,DJF,0.5806480394054604
Dornod,1987,JJA,0.23205467490370751
Dornod,1987,MAM,0.531666410158827
Dornod,1987,SON,1.3987720277987126
Dornod,1988,DJF,0.7025952842554992
Dornod,1988,JJA,0.8348495224580819
Dornod,1988,MAM,1.132669595535276
Dornod,1988,SON,1.144466490112197
Dornod,1989,DJF,-0.10251773085023065
Dornod,1989,JJA,0.9745472060757835
Dornod,1989,MAM,-0.013469941196393302
Dornod,1989,SON,0.07250709545366918
Dornod,1990,DJF,0.12832751702152015
Dornod,1990,JJA,1.956254313311475
Dornod,1990,MAM,0.06995122529225842
Dornod,1990,SON,1.451266732703112
Dornod,1991,DJF,0.04131651401030343
Dornod,1991,JJA,0.6501334971006001
Dornod,1991,MAM,0.898780162107285
Dornod,1991,SON,1.0848801766070881
Dornod,1992,DJF,-0.34969739448417897
Dornod,1992,JJA,0.054844304351433004
Dornod,1992,MAM,0.42822688514620233
Dornod,1992,SON,0.9686231715719332
Dornod,1993,DJF,0.15676819200063014
Dornod,1993,JJA,0.5861368574496785
Dornod,1993,MAM,-0.15250095887308007
Dornod,1993,SON,0.8612019224967831
Dornod,1994,DJF,0.009185545685975887
Dornod,1994,JJA,0.7303828412532166
Dornod,1994,MAM,-0.11844361158540899
Dornod,1994,SON,1.285463711456755
Dornod,1995,DJF,0.1087055535984562
Dornod,1995,JJA,0.4385699816663597
Dornod,1995,MAM,0.9231717409751846
Dornod,1995,SON,-0.07433701730794434
Dornod,1996,DJF,-1.2081689316768813
Dornod,1996,JJA,0.7608740947174704
Dornod,1996,MAM,-0.11269267239615526
Dornod,1996,SON,0.016585743093656097
Dornod,1997,DJF,0.38943625048981545
Dornod,1997,JJA,-0.15150891682081769
Dornod,1997,MAM,-0.5681728630208579
Dornod,1997,SON,0.3805527661649882
Dornod,1998,DJF,-1.0832895955624906
Dornod,1998,JJA,1.672478963448048
Dornod,1998,MAM,-1.1820781637769837
Dornod,1998,SON,1.8356799980222953
Dornod,1999,DJF,0.2477121261754033
Dornod,1999,JJA,-0.6963706125353933
Dornod,1999,MAM,0.7267576850379522
Dornod,1999,SON,0.27944128762933895
Dornod,2000,DJF,-0.5809454053669942
Dornod,2000,JJA,-0.7538601469880671
Dornod,2000,MAM,-0.7056150560256355
Dornod,2000,SON,-0.31117613892055995
Dornod,2001,DJF,1.3734064815197506
Dornod,2001,JJA,-0.7887891684276636
Dornod,2001,MAM,1.224473495324724
Dornod,2001,SON,-1.1034909053738182
Dornod,2002,DJF,-0.164314764108783
Dornod,2002,JJA,0.8441742122326598
Dornod,2002,MAM,0.2113224832011705
Dornod,2002,SON,0.005316186804096312
Dornod,2003,DJF,1.1080339904861962
Dornod,2003,JJA,-0.5337469989510633
Dornod,2003,MAM,0.72417243612887
Dornod,2003,SON,0.09810580181273361
Dornod,2004,DJF,0.3896570434889081
Dornod,2004,JJA,-1.291551321698148
Dornod,2004,MAM,0.736756437399275
Dornod,2004,SON,-0.7321445847289351
Dornod,2005,DJF,0.28235618451497935
Dornod,2005,JJA,0.13661884200635385
Dornod,2005,MAM,0.9288640506063778
Dornod,2005,SON,-1.4324584263417084
Dornod,2006,DJF,-0.8186945628847224
Dornod,2006,JJA,-0.16580628703565312
Dornod,2006,MAM,0.09469391080433631
Dornod,2006,SON,-1.0454539469054942
Dornod,2007,DJF,-0.8225545010543079
Dornod,2007,JJA,-1.7850760586545686
Dornod,2007,MAM,0.1038880680787644
Dornod,2007,SON,-1.7440949574296718
Dornod,2008,DJF,-0.5584608047216747
Dornod,2008,JJA,0.5691718675722426
Dornod,2008,MAM,-0.7044201306243796
Dornod,2008,SON,-0.02953488904251303
Dornod,2009,DJF,0.308998558591181
Dornod,2009,JJA,-0.003086498704161816
Dornod,2009,MAM,-0.28822953250231687
Dornod,2009,SON,-0.20991582007292545
Dornod,2010,DJF,0.21576134729142785
Dornod,2010,JJA,-0.38752639473859823
Dornod,2010,MAM,1.5335527113852883
Dornod,2010,SON,-0.6038728010054837
Dornod,2011,DJF,0.817718216586117
Dornod,2011,JJA,-0.14004249016730894
Dornod,2011,MAM,-0.4942778383822014
Dornod,2011,SON,-0.7264178807548318
Dornod,2012,DJF,0.40852097277921684
Dornod,2012,JJA,0.9661564357894933
Dornod,2012,MAM,-0.12213763428121688
Dornod,2012,SON,0.19299366047031352
Dornod,2013,DJF,1.7039469179138673
Dornod,2013,JJA,0.8870269867729862
Dornod,2013,MAM,0.9558573302897624
Dornod,2013,SON,0.7515768863791883
Dornod,2014,DJF,-0.19766091748676412
Dornod,2014,JJA,0.9401573330312473
Dornod,2014,MAM,-0.7554895151437838
Dornod,2014,SON,-0.40682636185855214
Dornod,2015,DJF,-0.42356076777852214
Dornod,2015,JJA,-0.2590969603449289
Dornod,2015,MAM,-1.1452220956992378
Dornod,2015,SON,-0.1239941612377374
Dornod,2016,DJF,0.22612374913439906
Dornod,2016,JJA,-1.143116273748635
Dornod,2016,MAM,-0.07289300190704466
Dornod,2016,SON,0.14167277167105444
Dornod,2017,DJF,0.6762713164765516
Dornod,2017,JJA,-1.3239098520264636
Dornod,2017,MAM,-0.6311803441265212
Dornod,2017,SON,0.05010658062412062
Dornod,2018,DJF,-0.2552951509614191
Dornod,2018,JJA,-0.0732456182530061
Dornod,2018,MAM,-0.5816169821167648
Dornod,2018,SON,0.8027588442817193
Dornod,2019,DJF,-1.8738053237133783
Dornod,2019,JJA,-0.21409106057783606
Dornod,2019,MAM,-1.9014992842103766
Dornod,2019,SON,-0.2493714908715966
Dornod,2020,DJF,-0.3708732714051475
Dornod,2020,JJA,0.4902869300731895
Dornod,2020,MAM,-1.3996100876793536
Dornod,2020,SON,1.0521855915267293
Dornod,2021,DJF,-0.06988374931783255
Dornod,2021,JJA,0.8750384513753139
Dornod,2021,MAM,-0.12843064670627075
Dornod,2021,SON,1.384583274999056
Dornod,2022,DJF,-0.9087072328465314
Dornod,2022,JJA,0.16799817528087232
Dornod,2022,MAM,-0.8158032400267504
Dornod,2022,SON,-0.23074412162603128
Dornod,2023,DJF,-0.4842486938275078
Dornod,2023,JJA,-0.28885271003097157
Dornod,2023,MAM,-0.6653525186699369
Dornod,2023,SON,0.24455159775504848
Dornod,2024,DJF,0.7110147619307325
Dornod,2024,JJA,0.5703794251800928
Dornod,2024,MAM,0.16314396530635825
Dornod,2024,SON,0.485254472791893
Dornod,2025,DJF,-0.3669649364999387
Dornogovi,1950,DJF,-0.3955691381011668
Dornogovi,1950,JJA,1.7659161615259453
Dornogovi,1950,MAM,0.7803739750101575
Dornogovi,1950,SON,0.4463198447753768
Dornogovi,1951,DJF,-0.4907019316022839
Dornogovi,1951,JJA,0.2100877579537166
Dornogovi,1951,MAM,1.6045943014552604
Dornogovi,1951,SON,1.5853183250650753
Dornogovi,1952,DJF,0.2644677273139748
Dornogovi,1952,JJA,1.0355563094866518
Dornogovi,1952,MAM,1.273403993659512
Dornogovi,1952,SON,1.4395298279161923
Dornogovi,1953,DJF,0.11656259311980943
Dornogovi,1953,JJA,0.8274815177118803
Dornogovi,1953,MAM,1.145108992554283
Dornogovi,1953,SON,2.0055750092700304
Dornogovi,1954,DJF,1.2176495087043167
Dornogovi,1954,JJA,1.7658010835400095
Dornogovi,1954,MAM,1.6039625330988379
Dornogovi,1954,SON,0.8239031007801437
Dornogovi,1955,DJF,0.34948259018634714
Dornogovi,1955,JJA,1.762088358217991
Dornogovi,1955,MAM,1.61464520687624
Dornogovi,1955,SON,2.261829455302215
Dornogovi,1956,DJF,-0.19524380812449893
Dornogovi,1956,JJA,1.3423638310828367
Dornogovi,1956,MAM,0.9167287469012868
Dornogovi,1956,SON,-0.01659468642380421
Dornogovi,1957,DJF,1.5114452592882484
Dornogovi,1957,JJA,0.25481831965987994
Dornogovi,1957,MAM,1.0395239373989784
Dornogovi,1957,SON,-0.4448828407603245
Dornogovi,1958,DJF,0.7153094900109069
Dornogovi,1958,JJA,0.6899933302540238
Dornogovi,1958,MAM,1.45841197415519
Dornogovi,1958,SON,1.3510505038176441
Dornogovi,1959,DJF,0.13670502013255062
Dornogovi,1959,JJA,1.337914326564298
Dornogovi,1959,MAM,0.7141798050098402
Dornogovi,1959,SON,1.7881615291139605
Dornogovi,1960,DJF,0.822296200030867
Dornogovi,1960,JJA,0.7114087950192848
Dornogovi,1960,MAM,1.2492744606651738
Dornogovi,1960,SON,0.35169669355010824
Dornogovi,1961,DJF,0.44490214527666205
Dornogovi,1961,JJA,-0.2855648034161769
Dornogovi,1961,MAM,-0.6593533513799762
Dornogovi,1961,SON,1.3690647616743468
Dornogovi,1962,DJF,1.5086046985976072
Dornogovi,1962,JJA,0.40976553682630457
Dornogovi,1962,MAM,0.9460200732231315
Dornogovi,1962,SON,0.6136712138126884
Dornogovi,1963,DJF,-0.5937630357527884
Dornogovi,1963,JJA,-0.38564602682591836
Dornogovi,1963,MAM,0.7170005278846273
Dornogovi,1963,SON,0.7945155040940046
Dornogovi,1964,DJF,1.786494346463612
Dornogovi,1964,JJA,0.19346871683349323
Dornogovi,1964,MAM,2.1706334913877
Dornogovi,1964,SON,1.6831163078849811
Dornogovi,1965,DJF,0.013092209489168371
Dornogovi,1965,JJA,-0.8982673444981879
Dornogovi,1965,MAM,-0.14679890071080548
Dornogovi,1965,SON,-1.4051119452900134
Dornogovi,1966,DJF,-1.0250200612938425
Dornogovi,1966,JJA,-0.3878992147783369
Dornogovi,1966,MAM,-0.1171055216624008
Dornogovi,1966,SON,0.0313251684065662
Dornogovi,1967,DJF,1.2211290443180594
Dornogovi,1967,JJA,1.5605602109335426
Dornogovi,1967,MAM,1.85809662192333
Dornogovi,1967,SON,-0.0062906729607474215
Dornogovi,1968,DJF,1.825612239090492
Dornogovi,1968,JJA,-0.6517008665919842
Dornogovi,1968,MAM,0.9640391052798872
Dornogovi,1968,SON,1.1179269471322044
Dornogovi,1969,DJF,1.0581793810944227
Dornogovi,1969,JJA,0.4731463060514031
Dornogovi,1969,MAM,1.5756447960854236
Dornogovi,1969,SON,1.1069402449152856
Dornogovi,1970,DJF,0.862405314311734
Dornogovi,1970,JJA,0.42898198053966663
Dornogovi,1970,MAM,1.616645508113259
Dornogovi,1970,SON,0.721637465525498
Dornogovi,1971,DJF,0.5089194068385697
Dornogovi,1971,JJA,0.35021276213784325
Dornogovi,1971,MAM,0.95626909471037
Dornogovi,1971,SON,1.2335193342185409
Dornogovi,1972,DJF,2.0028032931339292
Dornogovi,1972,JJA,-0.2659358380465842
Dornogovi,1972,MAM,0.8887283645107054
Dornogovi,1972,SON,0.8914136945149038
Dornogovi,1973,DJF,1.8654582133868471
Dornogovi,1973,JJA,1.5771451039049114
Dornogovi,1973,MAM,0.7411045606651352
Dornogovi,1973,SON,2.3736227117745243
Dornogovi,1974,DJF,0.4821784178768285
Dornogovi,1974,JJA,0.8348882370481555
Dornogovi,1974,MAM,0.7463058683661522
Dornogovi,1974,SON,0.7261206071563371
Dornogovi,1975,DJF,0.890521512698859
Dornogovi,1975,JJA,0.6436292180325798
Dornogovi,1975,MAM,0.78379080901012
Dornogovi,1975,SON,1.171893012551451
Dornogovi,1976,DJF,0.6505407598152994
Dornogovi,1976,JJA,1.325385559013485
Dornogovi,1976,MAM,1.2445385483496747
Dornogovi,1976,SON,0.976448092393251
Dornogovi,1977,DJF,1.5879158642935507
Dornogovi,1977,JJA,1.4413959827514589
Dornogovi,1977,MAM,0.7243200777142644
Dornogovi,1977,SON,1.2675910215126036
Dornogovi,1978,DJF,1.3786869984632548
Dornogovi,1978,JJA,0.20684437690862856
Dornogovi,1978,MAM,0.4161672748159349
Dornogovi,1978,SON,-0.19785007341796118
Dornogovi,1979,DJF,-0.11648646870831669
Dornogovi,1979,JJA,0.9858064846195804
Dornogovi,1979,MAM,0.855607015631612
Dornogovi,1979,SON,0.5441380480582634
Dornogovi,1980,DJF,-0.03423721254495733
Dornogovi,1980,JJA,-0.632712371526836
Dornogovi,1980,MAM,0.708965564417464
Dornogovi,1980,SON,0.5832912254901321
Dornogovi,1981,DJF,1.336026860286334
Dornogovi,1981,JJA,0.7969039170851376
Dornogovi,1981,MAM,1.1571559554441615
Dornogovi,1981,SON,1.704288480220434
Dornogovi,1982,DJF,1.3881386062258931
Dornogovi,1982,JJA,0.3355441271649183
Dornogovi,1982,MAM,0.22304818860521075
Dornogovi,1982,SON,0.17388030826903472
Dornogovi,1983,DJF,0.6633896974001384
Dornogovi,1983,JJA,0.6709267476475088
Dornogovi,1983,MAM,0.6822007623051684
Dornogovi,1983,SON,1.7248630813546206
Dornogovi,1984,DJF,0.3703255040644772
Dornogovi,1984,JJA,1.0187769477907733
Dornogovi,1984,MAM,1.066729335541232
Dornogovi,1984,SON,1.477854889484908
Dornogovi,1985,DJF,0.63908420986898
Dornogovi,1985,JJA,0.5831227647688965
Dornogovi,1985,MAM,1.319907982994455
Dornogovi,1985,SON,0.4386811753467645
Dornogovi,1986,DJF,1.22949019704311
Dornogovi,1986,JJA,0.65370568688414
Dornogovi,1986,MAM,0.876604226736708
Dornogovi,1986,SON,1.7748044182281904
Dornogovi,1987,DJF,2.2394626969656857
Dornogovi,1987,JJA,0.5189014996536134
Dornogovi,1987,MAM,1.3417794525490045
Dornogovi,1987,SON,1.9267534517722817
Dornogovi,1988,DJF,1.0763862991445305
Dornogovi,1988,JJA,0.655074680176535
Dornogovi,1988,MAM,1.2828270855151156
Dornogovi,1988,SON,0.9828495899898141
Dornogovi,1989,DJF,0.03268022560825992
Dornogovi,1989,JJA,-0.013585941682077479
Dornogovi,1989,MAM,-0.02080334134102757
Dornogovi,1989,SON,0.47591679011745425
Dornogovi,1990,DJF,1.0614253728562364
Dornogovi,1990,JJA,1.1422631173543853
Dornogovi,1990,MAM,1.2422343510435876
Dornogovi,1990,SON,0.9009916073506233
Dornogovi,1991,DJF,0.14519162505181823
Dornogovi,1991,JJA,0.478794248811107
Dornogovi,1991,MAM,1.7641272369809367
Dornogovi,1991,SON,-0.1446316757725562
Dornogovi,1992,DJF,0.6285917853606621
Dornogovi,1992,JJA,0.49999883975136983
Dornogovi,1992,MAM,1.0935388509920503
Dornogovi,1992,SON,0.773612181362107
Dornogovi,1993,DJF,1.2009814627093054
Dornogovi,1993,JJA,1.0457386019886676
Dornogovi,1993,MAM,0.8747560359713463
Dornogovi,1993,SON,0.38991993724389223
Dornogovi,1994,DJF,0.7485772131121367
Dornogovi,1994,JJA,-0.006677289515377021
Dornogovi,1994,MAM,-0.2364315789033705
Dornogovi,1994,SON,1.4400452417263059
Dornogovi,1995,DJF,0.20397199593755283
Dornogovi,1995,JJA,0.04186022327899828
Dornogovi,1995,MAM,0.3166337986889746
Dornogovi,1995,SON,1.02983461895007
Dornogovi,1996,DJF,-0.19876895350557713
Dornogovi,1996,JJA,1.193587982365363
Dornogovi,1996,MAM,-0.1558331603431215
Dornogovi,1996,SON,1.2477072429136664
Dornogovi,1997,DJF,0.6498691876128798
Dornogovi,1997,JJA,0.55610857113035
Dornogovi,1997,MAM,-0.00564080219870916
Dornogovi,1997,SON,0.4420533585871148
Dornogovi,1998,DJF,-0.11326318767593756
Dornogovi,1998,JJA,1.0641939524862152
Dornogovi,1998,MAM,0.16173861892059588
Dornogovi,1998,SON,0.9489059910922407
Dornogovi,1999,DJF,-0.5476363298376714
Dornogovi,1999,JJA,-0.44648428528968975
Dornogovi,1999,MAM,0.7366845442482529
Dornogovi,1999,SON,0.03869240118892273
Dornogovi,2000,DJF,0.47030135226412784
Dornogovi,2000,JJA,-0.7490672151363093
Dornogovi,2000,MAM,-0.13708386963826305
Dornogovi,2000,SON,0.17679998426567087
Dornogovi,2001,DJF,0.6098606453788916
Dornogovi,2001,JJA,-0.5562953108077614
Dornogovi,2001,MAM,-0.31954884380064835
Dornogovi,2001,SON,0.12107617309447125
Dornogovi,2002,DJF,-0.26110047269448067
Dornogovi,2002,JJA,0.40608376374991517
Dornogovi,2002,MAM,0.3089732591360301
Dornogovi,2002,SON,-0.22852884398875403
Dornogovi,2003,DJF,1.4810398349901228
Dornogovi,2003,JJA,1.3417420419386594
Dornogovi,2003,MAM,1.566806835616896
Dornogovi,2003,SON,0.7345902049827272
Dornogovi,2004,DJF,-0.4621019139853176
Dornogovi,2004,JJA,-0.2279058902711887
Dornogovi,2004,MAM,-0.8464253409771546
Dornogovi,2004,SON,-0.5443903572868486
Dornogovi,2005,DJF,-0.10197616590507427
Dornogovi,2005,JJA,-1.0899118859928196
Dornogovi,2005,MAM,0.0697873779526845
Dornogovi,2005,SON,-1.290586872677546
Dornogovi,2006,DJF,-0.8332027508264668
Dornogovi,2006,JJA,-0.1604518605105802
Dornogovi,2006,MAM,-0.1766087583490146
Dornogovi,2006,SON,-0.824769788613601
Dornogovi,2007,DJF,-1.0524603671274206
Dornogovi,2007,JJA,-0.6753638761749474
Dornogovi,2007,MAM,-0.40341025075513304
Dornogovi,2007,SON,-1.041323425578106
Dornogovi,2008,DJF,-0.33196790638140977
Dornogovi,2008,JJA,0.3732678246911873
Dornogovi,2008,MAM,-0.4348253203087127
Dornogovi,2008,SON,0.3476381314750606
Dornogovi,2009,DJF,-1.0795832749426486
Dornogovi,2009,JJA,-0.9491280161797351
Dornogovi,2009,MAM,-0.012461982209491806
Dornogovi,2009,SON,-1.4340387164625288
Dornogovi,2010,DJF,0.5864790054541071
Dornogovi,2010,JJA,-0.043300694951948444
Dornogovi,2010,MAM,1.6161296314917124
Dornogovi,2010,SON,-0.5736646544575028
Dornogovi,2011,DJF,-0.07285535417407313
Dornogovi,2011,JJA,0.5422625231061061
Dornogovi,2011,MAM,0.23386165869081654
Dornogovi,2011,SON,-0.1880548588704924
Dornogovi,2012,DJF,1.0031608761810775
Dornogovi,2012,JJA,0.775453049208368
Dornogovi,2012,MAM,0.3442334629978669
Dornogovi,2012,SON,0.6934520752477145
Dornogovi,2013,DJF,0.5575827375099488
Dornogovi,2013,JJA,-0.5524830211132311
Dornogovi,2013,MAM,-0.3755374136331214
Dornogovi,2013,SON,-0.7673042041755602
Dornogovi,2014,DJF,-1.4947255387419591
Dornogovi,2014,JJA,-0.14705725063678232
Dornogovi,2014,MAM,-1.2232650494858808
Dornogovi,2014,SON,-0.5715282035410376
Dornogovi,2015,DJF,-1.2129970968002188
Dornogovi,2015,JJA,-0.2987277856580408
Dornogovi,2015,MAM,-1.1066005459860186
Dornogovi,2015,SON,-0.4429889800430214
Dornogovi,2016,DJF,0.3934313647481182
Dornogovi,2016,JJA,0.37472027655843665
Dornogovi,2016,MAM,-0.7914138963902555
Dornogovi,2016,SON,-0.06566453119522715
Dornogovi,2017,DJF,0.12157524742940543
Dornogovi,2017,JJA,-1.4672923900860317
Dornogovi,2017,MAM,-0.6173648451065749
Dornogovi,2017,SON,-0.9097361475790835
Dornogovi,2018,DJF,-0.3317868165653649
Dornogovi,2018,JJA,-0.6214329205392337
Dornogovi,2018,MAM,-1.5502459151520733
Dornogovi,2018,SON,0.7835661810743494
Dornogovi,2019,DJF,-0.9346248753878861
Dornogovi,2019,JJA,-0.6695695791313903
Dornogovi,2019,MAM,-0.6507146868075641
Dornogovi,2019,SON,-0.1441454220891161
Dornogovi,2020,DJF,0.2029126378219634
Dornogovi,2020,JJA,-0.6804627703327392
Dornogovi,2020,MAM,-1.3497936897098826
Dornogovi,2020,SON,0.6760430144907159
Dornogovi,2021,DJF,0.08962331073623925
Dornogovi,2021,JJA,0.08015108669519196
Dornogovi,2021,MAM,-1.5291305037388303
Dornogovi,2021,SON,0.3657509935181714
Dornogovi,2022,DJF,-0.5422073000783141
Dornogovi,2022,JJA,-0.8286309734588003
Dornogovi,2022,MAM,-0.9274116560368485
Dornogovi,2022,SON,-1.3249889382471303
Dornogovi,2023,DJF,-0.14947255406115004
Dornogovi,2023,JJA,-0.8570872768462205
Dornogovi,2023,MAM,-1.1785769382937894
Dornogovi,2023,SON,-1.2679938202717973
Dornogovi,2024,DJF,1.172242393571464
Dornogovi,2024,JJA,-0.37157609607038417
Dornogovi,2024,MAM,-0.8289180054827624
Dornogovi,2024,SON,3.146963179094121
Dornogovi,2025,DJF,0.824732909158981
Dundgovi,1950,DJF,-0.03232401902427122
Dundgovi,1950,JJA,2.3422977813241097
Dundgovi,1950,MAM,0.3921307534253532
Dundgovi,1950,SON,0.10527076721673043
Dundgovi,1951,DJF,-0.2348839594602293
Dundgovi,1951,JJA,-0.4453774612086921
Dundgovi,1951,MAM,2.036522861378978
Dundgovi,1951,SON,0.9338714716470181
Dundgovi,1952,DJF,0.05069573854335735
Dundgovi,1952,JJA,0.1192239020654145
Dundgovi,1952,MAM,1.1202395721648888
Dundgovi,1952,SON,1.362966900810851
Dundgovi,1953,DJF,0.4338240806031248
Dundgovi,1953,JJA,0.28852685478507595
Dundgovi,1953,MAM,0.8702283028897501
Dundgovi,1953,SON,0.9789389483528754
Dundgovi,1954,DJF,0.49820618087483703
Dundgovi,1954,JJA,1.5025646200822453
Dundgovi,1954,MAM,1.724953598480929
Dundgovi,1954,SON,1.1132447500528773
Dundgovi,1955,DJF,0.43204535256743637
Dundgovi,1955,JJA,1.247036268981902
Dundgovi,1955,MAM,1.4020977237135226
Dundgovi,1955,SON,2.5821360928321067
Dundgovi,1956,DJF,0.14840534943313496
Dundgovi,1956,JJA,1.3073095125233047
Dundgovi,1956,MAM,1.3566672889318394
Dundgovi,1956,SON,-0.34506602886144594
Dundgovi,1957,DJF,1.849666911268629
Dundgovi,1957,JJA,0.638132002148945
Dundgovi,1957,MAM,1.2131104904606311
Dundgovi,1957,SON,0.16797795772276883
Dundgovi,1958,DJF,0.4344547385830783
Dundgovi,1958,JJA,1.3912958612978261
Dundgovi,1958,MAM,1.9549297155570426
Dundgovi,1958,SON,1.0607380865122744
Dundgovi,1959,DJF,-0.22846838906634923
Dundgovi,1959,JJA,1.3884509133505947
Dundgovi,1959,MAM,0.2976168098707076
Dundgovi,1959,SON,1.0111519961025202
Dundgovi,1960,DJF,0.941757935817087
Dundgovi,1960,JJA,1.1902007358860285
Dundgovi,1960,MAM,1.2212327199917108
Dundgovi,1960,SON,0.07877444394161126
Dundgovi,1961,DJF,0.08227097703295241
Dundgovi,1961,JJA,0.671076495494468
Dundgovi,1961,MAM,0.21642843626090483
Dundgovi,1961,SON,1.7335161009233977
Dundgovi,1962,DJF,2.3933248799658657
Dundgovi,1962,JJA,1.0469132383905249
Dundgovi,1962,MAM,1.7746344549775748
Dundgovi,1962,SON,0.2335080183419599
Dundgovi,1963,DJF,-0.9481915560737095
Dundgovi,1963,JJA,0.26055338374497133
Dundgovi,1963,MAM,0.7474691228167775
Dundgovi,1963,SON,1.1306510426249488
Dundgovi,1964,DJF,1.2216043802373147
Dundgovi,1964,JJA,0.8659604840721625
Dundgovi,1964,MAM,2.2861183417509423
Dundgovi,1964,SON,1.9663525797111592
Dundgovi,1965,DJF,-0.08430555890083784
Dundgovi,1965,JJA,-0.46063693280555973
Dundgovi,1965,MAM,0.03459182489099118
Dundgovi,1965,SON,-0.9033600038944258
Dundgovi,1966,DJF,-0.9108662969789988
Dundgovi,1966,JJA,0.5729473681365411
Dundgovi,1966,MAM,0.2662049768642057
Dundgovi,1966,SON,0.9600675551022515
Dundgovi,1967,DJF,1.0273759253156045
Dundgovi,1967,JJA,1.5728014542902986
Dundgovi,1967,MAM,1.641881422047619
Dundgovi,1967,SON,-0.5451408709265024
Dundgovi,1968,DJF,2.0954949432192578
Dundgovi,1968,JJA,0.11931638398311536
Dundgovi,1968,MAM,1.1899961873575031
Dundgovi,1968,SON,0.7973616229237217
Dundgovi,1969,DJF,0.721520538576742
Dundgovi,1969,JJA,0.5916676637158356
Dundgovi,1969,MAM,1.687281774685931
Dundgovi,1969,SON,1.2788442208094009
Dundgovi,1970,DJF,0.5704435269863868
Dundgovi,1970,JJA,-0.14288053408712795
Dundgovi,1970,MAM,1.9760449149871593
Dundgovi,1970,SON,0.28117238857439486
Dundgovi,1971,DJF,1.0813836619852468
Dundgovi,1971,JJA,1.4392192772316723
Dundgovi,1971,MAM,1.5207579042601742
Dundgovi,1971,SON,2.1308927594316667
Dundgovi,1972,DJF,2.080244706831505
Dundgovi,1972,JJA,0.36505687122470326
Dundgovi,1972,MAM,1.0789554328061333
Dundgovi,1972,SON,0.48522375506808424
Dundgovi,1973,DJF,2.1329360779535245
Dundgovi,1973,JJA,1.8924711883218142
Dundgovi,1973,MAM,0.9123076413898181
Dundgovi,1973,SON,2.0406708962115125
Dundgovi,1974,DJF,0.394903206687753
Dundgovi,1974,JJA,0.8204861500164495
Dundgovi,1974,MAM,1.005408180874809
Dundgovi,1974,SON,1.4896601921970403
Dundgovi,1975,DJF,0.699854348087145
Dundgovi,1975,JJA,0.991424587934397
Dundgovi,1975,MAM,1.0084885223476425
Dundgovi,1975,SON,1.1185428682951541
Dundgovi,1976,DJF,-0.442831482813571
Dundgovi,1976,JJA,1.9066882277042656
Dundgovi,1976,MAM,1.4961417814914428
Dundgovi,1976,SON,1.0244020518600077
Dundgovi,1977,DJF,2.0413818222929385
Dundgovi,1977,JJA,1.6500188683537818
Dundgovi,1977,MAM,1.5073028774612456
Dundgovi,1977,SON,0.7502766053694064
Dundgovi,1978,DJF,0.8038513159695286
Dundgovi,1978,JJA,0.53457151866697
Dundgovi,1978,MAM,0.5218620999780154
Dundgovi,1978,SON,-0.2604219643476398
Dundgovi,1979,DJF,-0.05264180257365834
Dundgovi,1979,JJA,0.7547941848990413
Dundgovi,1979,MAM,1.2828917966325994
Dundgovi,1979,SON,0.6771549225143322
Dundgovi,1980,DJF,-0.11500883066374036
Dundgovi,1980,JJA,0.07613045862323273
Dundgovi,1980,MAM,1.3546917130929748
Dundgovi,1980,SON,0.7927611809823191
Dundgovi,1981,DJF,1.1369016029203654
Dundgovi,1981,JJA,0.2067986482388794
Dundgovi,1981,MAM,1.4084659441460057
Dundgovi,1981,SON,1.5845198711432986
Dundgovi,1982,DJF,1.720396205117223
Dundgovi,1982,JJA,0.47256761654518303
Dundgovi,1982,MAM,0.457788904756389
Dundgovi,1982,SON,0.9692595726249147
Dundgovi,1983,DJF,0.44795335024940086
Dundgovi,1983,JJA,0.6547518792435529
Dundgovi,1983,MAM,0.4955261619958671
Dundgovi,1983,SON,1.4132406883731914
Dundgovi,1984,DJF,0.655278154303654
Dundgovi,1984,JJA,0.6949810966379141
Dundgovi,1984,MAM,1.4529165333903997
Dundgovi,1984,SON,1.5880326375026723
Dundgovi,1985,DJF,0.9569074799202428
Dundgovi,1985,JJA,0.6972645496189892
Dundgovi,1985,MAM,1.5953387291615602
Dundgovi,1985,SON,0.4319247963243398
Dundgovi,1986,DJF,1.1477833029159286
Dundgovi,1986,JJA,0.816120305549665
Dundgovi,1986,MAM,1.138977042820738
Dundgovi,1986,SON,1.7380235669698911
Dundgovi,1987,DJF,2.144458811254536
Dundgovi,1987,JJA,1.0135638006653915
Dundgovi,1987,MAM,2.1260664579904076
Dundgovi,1987,SON,2.2280935166208793
Dundgovi,1988,DJF,2.0396457222594124
Dundgovi,1988,JJA,0.4974213432836659
Dundgovi,1988,MAM,2.1920666334618577
Dundgovi,1988,SON,1.026348013055288
Dundgovi,1989,DJF,0.10853354152573177
Dundgovi,1989,JJA,0.2696751518041085
Dundgovi,1989,MAM,0.30231869902583275
Dundgovi,1989,SON,0.8220193267766762
Dundgovi,1990,DJF,0.09506391157264965
Dundgovi,1990,JJA,1.5497596700232545
Dundgovi,1990,MAM,1.5990987337949043
Dundgovi,1990,SON,0.9365341214762221
Dundgovi,1991,DJF,0.40216116675007735
Dundgovi,1991,JJA,0.359874441024249
Dundgovi,1991,MAM,1.1491268315774965
Dundgovi,1991,SON,0.5289074703187118
Dundgovi,1992,DJF,0.03910691598400785
Dundgovi,1992,JJA,0.8728374142969769
Dundgovi,1992,MAM,0.660799441386431
Dundgovi,1992,SON,0.7470942487536403
Dundgovi,1993,DJF,0.8691408346927336
Dundgovi,1993,JJA,1.5692247170734765
Dundgovi,1993,MAM,0.757452804864484
Dundgovi,1993,SON,1.2575895495475267
Dundgovi,1994,DJF,0.9752225150594908
Dundgovi,1994,JJA,1.16923554606116
Dundgovi,1994,MAM,0.1854832403022274
Dundgovi,1994,SON,0.949771239148619
Dundgovi,1995,DJF,-0.2205998169726613
Dundgovi,1995,JJA,0.2998928122353237
Dundgovi,1995,MAM,0.7312100947913878
Dundgovi,1995,SON,0.55279815898299
Dundgovi,1996,DJF,-0.25088982751724564
Dundgovi,1996,JJA,0.6791562761355582
Dundgovi,1996,MAM,0.065040392909574
Dundgovi,1996,SON,0.3372902156496385
Dundgovi,1997,DJF,0.18218580776211588
Dundgovi,1997,JJA,0.666934455305048
Dundgovi,1997,MAM,-0.6236693364050322
Dundgovi,1997,SON,1.0232095944446171
Dundgovi,1998,DJF,-0.5515243111441664
Dundgovi,1998,JJA,0.8029169622361176
Dundgovi,1998,MAM,0.9676187542723665
Dundgovi,1998,SON,0.8161361357663774
Dundgovi,1999,DJF,-0.8689961780162638
Dundgovi,1999,JJA,-0.09746304037540185
Dundgovi,1999,MAM,0.5585820812795825
Dundgovi,1999,SON,0.5343124515277433
Dundgovi,2000,DJF,0.5015321346402545
Dundgovi,2000,JJA,-0.9317105832121534
Dundgovi,2000,MAM,0.43221663117477727
Dundgovi,2000,SON,-0.048764514286734735
Dundgovi,2001,DJF,0.357115327325553
Dundgovi,2001,JJA,0.2286632842083128
Dundgovi,2001,MAM,-0.062198544320731845
Dundgovi,2001,SON,0.08207994524336842
Dundgovi,2002,DJF,0.3488530522107529
Dundgovi,2002,JJA,-0.0947490531675902
Dundgovi,2002,MAM,0.5722246059900509
Dundgovi,2002,SON,-0.8638303131453249
Dundgovi,2003,DJF,0.8494453836413381
Dundgovi,2003,JJA,1.453080909622851
Dundgovi,2003,MAM,1.4433149864687589
Dundgovi,2003,SON,1.105686202327728
Dundgovi,2004,DJF,-0.10740425512285076
Dundgovi,2004,JJA,-0.1261581154748393
Dundgovi,2004,MAM,-0.562983873484178
Dundgovi,2004,SON,-0.11464674577136297
Dundgovi,2005,DJF,-0.050525083754487166
Dundgovi,2005,JJA,-0.8475433799939975
Dundgovi,2005,MAM,0.17081178817251486
Dundgovi,2005,SON,-0.8096381797271255
Dundgovi,2006,DJF,-1.0362114006993648
Dundgovi,2006,JJA,0.050759033033499344
Dundgovi,2006,MAM,-0.36785303992900187
Dundgovi,2006,SON,-1.4228860829373604
Dundgovi,2007,DJF,-1.3012710984477163
Dundgovi,2007,JJA,-1.2207917826312427
Dundgovi,2007,MAM,-0.2513536473300824
Dundgovi,2007,SON,-1.0087755542390935
Dundgovi,2008,DJF,-0.6080510202019437
Dundgovi,2008,JJA,-0.2952594999616195
Dundgovi,2008,MAM,-0.449515051882368
Dundgovi,2008,SON,-0.8526574276590947
Dundgovi,2009,DJF,-1.1819783049013164
Dundgovi,2009,JJA,-1.3918991923214081
Dundgovi,2009,MAM,-0.6769576996639518
Dundgovi,2009,SON,-1.2454165348322908
Dundgovi,2010,DJF,0.906177708434537
Dundgovi,2010,JJA,-0.7143694176904948
Dundgovi,2010,MAM,1.8451072783204692
Dundgovi,2010,SON,-0.6580352316793061
Dundgovi,2011,DJF,-0.10562865455885338
Dundgovi,2011,JJA,0.4241573493414449
Dundgovi,2011,MAM,0.22691846134097668
Dundgovi,2011,SON,0.12809399818912454
Dundgovi,2012,DJF,0.7373235662713986
Dundgovi,2012,JJA,-0.13614051291825605
Dundgovi,2012,MAM,-0.6036085669532044
Dundgovi,2012,SON,0.4402711704579108
Dundgovi,2013,DJF,0.628549457452118
Dundgovi,2013,JJA,-0.14013773722070696
Dundgovi,2013,MAM,-0.4047851335812107
Dundgovi,2013,SON,-0.2671116227288152
Dundgovi,2014,DJF,-1.2125671276031267
Dundgovi,2014,JJA,0.024743215524546152
Dundgovi,2014,MAM,-0.7994487835055946
Dundgovi,2014,SON,-0.9962815150698383
Dundgovi,2015,DJF,-1.8530186907953634
Dundgovi,2015,JJA,-0.4420635235049466
Dundgovi,2015,MAM,-1.3364724999920234
Dundgovi,2015,SON,-0.5774173782760866
Dundgovi,2016,DJF,0.7813551204410679
Dundgovi,2016,JJA,0.43537672554215673
Dundgovi,2016,MAM,-0.6117305932195192
Dundgovi,2016,SON,0.6822565656584934
Dundgovi,2017,DJF,0.40260184332985643
Dundgovi,2017,JJA,-1.2148371292935047
Dundgovi,2017,MAM,-0.5589953470328831
Dundgovi,2017,SON,-0.5128491307055345
Dundgovi,2018,DJF,-0.25821927154766167
Dundgovi,2018,JJA,-0.6869907012333311
Dundgovi,2018,MAM,-2.078798073261871
Dundgovi,2018,SON,1.033073734622369
Dundgovi,2019,DJF,-0.924301726102533
Dundgovi,2019,JJA,-0.7945164550799514
Dundgovi,2019,MAM,-0.37769463762294825
Dundgovi,2019,SON,-0.8899415097701483
Dundgovi,2020,DJF,-0.5426737866923937
Dundgovi,2020,JJA,-1.3699358727811215
Dundgovi,2020,MAM,-1.9149054891108346
Dundgovi,2020,SON,-0.3399643596806873
Dundgovi,2021,DJF,-0.5278399174285482
Dundgovi,2021,JJA,-0.14981903109604625
Dundgovi,2021,MAM,-1.746875751658473
Dundgovi,2021,SON,0.317165432324585
Dundgovi,2022,DJF,-0.8919826487359792
Dundgovi,2022,JJA,-0.5481774013407195
Dundgovi,2022,MAM,-0.6021997971346776
Dundgovi,2022,SON,-1.084380307243562
Dundgovi,2023,DJF,-0.1870577284120536
Dundgovi,2023,JJA,-0.1185962891113559
Dundgovi,2023,MAM,-1.0299925600829765
Dundgovi,2023,SON,-0.8029552221889952
Dundgovi,2024,DJF,1.3700187097151204
Dundgovi,2024,JJA,-0.03878285928031532
Dundgovi,2024,MAM,-0.026447707310463905
Dundgovi,2024,SON,1.6668620652378179
Dundgovi,2025,DJF,0.19911371626833488
Govi-Altai,1950,DJF,0.45510527755725616
Govi-Altai,1950,JJA,-0.033776829885725494
Govi-Altai,1950,MAM,-0.5621757539903279
Govi-Altai,1950,SON,-0.6264785466741875
Govi-Altai,1951,DJF,-0.0889547164437712
Govi-Altai,1951,JJA,-0.7484321857223795
Govi-Altai,1951,MAM,0.11590199511663347
Govi-Altai,1951,SON,-0.3554314509468861
Govi-Altai,1952,DJF,-0.6130063907257661
Govi-Altai,1952,JJA,-1.020040784384386
Govi-Altai,1952,MAM,-0.5574829028783718
Govi-Altai,1952,SON,0.23146502004125605
Govi-Altai,1953,DJF,0.4206399433616861
Govi-Altai,1953,JJA,-1.1930244011946383
Govi-Altai,1953,MAM,0.32906993040836224
Govi-Altai,1953,SON,0.023154294869063795
Govi-Altai,1954,DJF,1.765181436286368
Govi-Altai,1954,JJA,-0.045162876582350464
Govi-Altai,1954,MAM,0.06905017994514609
Govi-Altai,1954,SON,0.2410658611225404
Govi-Altai,1955,DJF,0.9191217787876542
Govi-Altai,1955,JJA,0.4694533987359594
Govi-Altai,1955,MAM,1.0757318402738087
Govi-Altai,1955,SON,0.2607323805350177
Govi-Altai,1956,DJF,-0.9624802177380427
Govi-Altai,1956,JJA,-0.13628803236266412
Govi-Altai,1956,MAM,0.03107602413360258
Govi-Altai,1956,SON,-0.8281273256854291
Govi-Altai,1957,DJF,0.21284341153192549
Govi-Altai,1957,JJA,-0.8952543516504458
Govi-Altai,1957,MAM,-0.423095053169696
Govi-Altai,1957,SON,-0.201826562270022
Govi-Altai,1958,DJF,-0.15007363337606913
Govi-Altai,1958,JJA,0.14279912655868288
Govi-Altai,1958,MAM,0.4966596830046205
Govi-Altai,1958,SON,0.9157914341570035
Govi-Altai,1959,DJF,0.30345285274489825
Govi-Altai,1959,JJA,-0.016356735889964964
Govi-Altai,1959,MAM,0.6384608486007799
Govi-Altai,1959,SON,-0.5209351588745865
Govi-Altai,1960,DJF,1.059901817048317
Govi-Altai,1960,JJA,-0.26759811540830875
Govi-Altai,1960,MAM,0.2693293479879988
Govi-Altai,1960,SON,-0.5327136857184553
Govi-Altai,1961,DJF,0.8648168535760177
Govi-Altai,1961,JJA,0.12220424706048606
Govi-Altai,1961,MAM,0.7357821358538512
Govi-Altai,1961,SON,0.6559831239511107
Govi-Altai,1962,DJF,0.5678631144935744
Govi-Altai,1962,JJA,-0.18389464551031992
Govi-Altai,1962,MAM,-0.11913964564957966
Govi-Altai,1962,SON,-0.347907417137963
Govi-Altai,1963,DJF,-0.962623669171781
Govi-Altai,1963,JJA,0.09659969638181327
Govi-Altai,1963,MAM,-0.26586379968696694
Govi-Altai,1963,SON,0.43223309627690487
Govi-Altai,1964,DJF,0.23587763651395907
Govi-Altai,1964,JJA,0.4475307907788399
Govi-Altai,1964,MAM,2.0455579748691846
Govi-Altai,1964,SON,0.42568070553270737
Govi-Altai,1965,DJF,0.1674894639535379
Govi-Altai,1965,JJA,-0.4681619724294215
Govi-Altai,1965,MAM,-0.5824922836207239
Govi-Altai,1965,SON,-0.9339145918238643
Govi-Altai,1966,DJF,0.47555139078944825
Govi-Altai,1966,JJA,-0.3314182048398255
Govi-Altai,1966,MAM,-0.11962075584338162
Govi-Altai,1966,SON,0.12425917977409494
Govi-Altai,1967,DJF,0.6786023810386671
Govi-Altai,1967,JJA,-0.8742118262752723
Govi-Altai,1967,MAM,-0.014751226179400426
Govi-Altai,1967,SON,0.29077904345166045
Govi-Altai,1968,DJF,1.706267419273149
Govi-Altai,1968,JJA,-0.37506022486554236
Govi-Altai,1968,MAM,0.6525702784575363
Govi-Altai,1968,SON,0.8397564822915078
Govi-Altai,1969,DJF,0.5596726238826516
Govi-Altai,1969,JJA,0.4588269132488366
Govi-Altai,1969,MAM,0.09123515176982387
Govi-Altai,1969,SON,0.6543582115392669
Govi-Altai,1970,DJF,-0.12011863644041341
Govi-Altai,1970,JJA,-0.013358958034053226
Govi-Altai,1970,MAM,0.9114627167203927
Govi-Altai,1970,SON,0.31724189843603
Govi-Altai,1971,DJF,0.3667690530806699
Govi-Altai,1971,JJA,0.7059806208205459
Govi-Altai,1971,MAM,1.2068626553648396
Govi-Altai,1971,SON,0.9096401667784488
Govi-Altai,1972,DJF,1.0066936317286372
Govi-Altai,1972,JJA,-0.2487297337516331
Govi-Altai,1972,MAM,-0.2531131741320624
Govi-Altai,1972,SON,0.1624268385646227
Govi-Altai,1973,DJF,0.25020782902032596
Govi-Altai,1973,JJA,0.654926850415218
Govi-Altai,1973,MAM,0.34507433345866406
Govi-Altai,1973,SON,1.5579342447809224
Govi-Altai,1974,DJF,0.2543280844318545
Govi-Altai,1974,JJA,-1.0044689328625143
Govi-Altai,1974,MAM,0.1773977947519296
Govi-Altai,1974,SON,0.8232332901303727
Govi-Altai,1975,DJF,0.29160534689375783
Govi-Altai,1975,JJA,0.9839977945876226
Govi-Altai,1975,MAM,0.6197500296289447
Govi-Altai,1975,SON,0.12564409843288288
Govi-Altai,1976,DJF,0.36116203898982735
Govi-Altai,1976,JJA,1.2087127183100488
Govi-Altai,1976,MAM,0.9647589411758507
Govi-Altai,1976,SON,0.9394943032937673
Govi-Altai,1977,DJF,1.3668399825454556
Govi-Altai,1977,JJA,0.9159141902041573
Govi-Altai,1977,MAM,0.666859016923636
Govi-Altai,1977,SON,-0.4614115445851521
Govi-Altai,1978,DJF,0.2978372966895914
Govi-Altai,1978,JJA,0.6067068896679357
Govi-Altai,1978,MAM,-0.015527056612393954
Govi-Altai,1978,SON,-0.42846399609926467
Govi-Altai,1979,DJF,-0.7263896320429282
Govi-Altai,1979,JJA,1.444612764369946
Govi-Altai,1979,MAM,0.49983445735770043
Govi-Altai,1979,SON,0.6896180312641069
Govi-Altai,1980,DJF,-0.433104373732307
Govi-Altai,1980,JJA,-0.8369563532689873
Govi-Altai,1980,MAM,0.41274743582041307
Govi-Altai,1980,SON,0.01603232661520133
Govi-Altai,1981,DJF,0.39242140331270947
Govi-Altai,1981,JJA,-0.040195901338034905
Govi-Altai,1981,MAM,0.19147186517734466
Govi-Altai,1981,SON,0.8922509150523381
Govi-Altai,1982,DJF,0.5895437989058397
Govi-Altai,1982,JJA,-0.3164605470217793
Govi-Altai,1982,MAM,-0.3582494148176156
Govi-Altai,1982,SON,0.7814001849405872
Govi-Altai,1983,DJF,0.076520509558397
Govi-Altai,1983,JJA,0.320661623998122
Govi-Altai,1983,MAM,0.12982802021109632
Govi-Altai,1983,SON,0.4986713078691359
Govi-Altai,1984,DJF,1.0057230544928448
Govi-Altai,1984,JJA,1.4583814404207456
Govi-Altai,1984,MAM,0.8142833418637401
Govi-Altai,1984,SON,1.1658708806575697
Govi-Altai,1985,DJF,0.23528135725162697
Govi-Altai,1985,JJA,-0.9084186629163231
Govi-Altai,1985,MAM,0.05192335276856854
Govi-Altai,1985,SON,0.4433519569129803
Govi-Altai,1986,DJF,-0.22452953796167083
Govi-Altai,1986,JJA,-0.14286018775199832
Govi-Altai,1986,MAM,0.052945801520216385
Govi-Altai,1986,SON,0.9926595013860066
Govi-Altai,1987,DJF,0.18938369253751267
Govi-Altai,1987,JJA,1.090535827755966
Govi-Altai,1987,MAM,0.20717115866804803
Govi-Altai,1987,SON,0.7068472433172387
Govi-Altai,1988,DJF,1.8036546291596258
Govi-Altai,1988,JJA,-0.1447868256924537
Govi-Altai,1988,MAM,1.436989494062029
Govi-Altai,1988,SON,-0.614640363620527
Govi-Altai,1989,DJF,0.028480670239453342
Govi-Altai,1989,JJA,-0.600801947360093
Govi-Altai,1989,MAM,-0.384854115476341
Govi-Altai,1989,SON,1.312676069608983
Govi-Altai,1990,DJF,0.059900705333637186
Govi-Altai,1990,JJA,0.4709071719192165
Govi-Altai,1990,MAM,0.8168629956723708
Govi-Altai,1990,SON,-0.5198502985247866
Govi-Altai,1991,DJF,-0.47917269263932155
Govi-Altai,1991,JJA,-0.07829973263891896
Govi-Altai,1991,MAM,0.2575941613602649
Govi-Altai,1991,SON,0.7060652682979476
Govi-Altai,1992,DJF,-0.20289389095437257
Govi-Altai,1992,JJA,0.40177162398536614
Govi-Altai,1992,MAM,0.555874361377716
Govi-Altai,1992,SON,1.1488658289067324
Govi-Altai,1993,DJF,1.127046779310202
Govi-Altai,1993,JJA,1.4960095820949748
Govi-Altai,1993,MAM,1.7103335558821913
Govi-Altai,1993,SON,0.8833642866186691
Govi-Altai,1994,DJF,0.06233485023829285
Govi-Altai,1994,JJA,0.9041930349404056
Govi-Altai,1994,MAM,0.07955668763011317
Govi-Altai,1994,SON,0.663170198708123
Govi-Altai,1995,DJF,0.20730188640784372
Govi-Altai,1995,JJA,0.26636279389718504
Govi-Altai,1995,MAM,0.3943879810517061
Govi-Altai,1995,SON,0.37248081006534683
Govi-Altai,1996,DJF,-0.8154273222106905
Govi-Altai,1996,JJA,0.38497552348305086
Govi-Altai,1996,MAM,0.4508235044733596
Govi-Altai,1996,SON,0.11261474108617223
Govi-Altai,1997,DJF,0.3372311488915419
Govi-Altai,1997,JJA,0.26048910495234084
Govi-Altai,1997,MAM,-0.510251871397051
Govi-Altai,1997,SON,0.14998746556270165
Govi-Altai,1998,DJF,-0.34535548026285295
Govi-Altai,1998,JJA,0.37207032247480504
Govi-Altai,1998,MAM,0.7133189795863761
Govi-Altai,1998,SON,-0.324612051081861
Govi-Altai,1999,DJF,-1.4122327912513202
Govi-Altai,1999,JJA,0.44488573825809596
Govi-Altai,1999,MAM,0.47759423194559775
Govi-Altai,1999,SON,1.0761842407719606
Govi-Altai,2000,DJF,-0.10314745329580503
Govi-Altai,2000,JJA,0.3818230382256296
Govi-Altai,2000,MAM,-0.23111371577746764
Govi-Altai,2000,SON,0.3071770531629947
Govi-Altai,2001,DJF,0.5004775179177217
Govi-Altai,2001,JJA,-0.7770657033636619
Govi-Altai,2001,MAM,-0.09424986887142806
Govi-Altai,2001,SON,-0.4187312362910452
Govi-Altai,2002,DJF,1.1991577705603806
Govi-Altai,2002,JJA,-0.2069930280029651
Govi-Altai,2002,MAM,1.685417642348756
Govi-Altai,2002,SON,-1.3450891075580034
Govi-Altai,2003,DJF,0.6142540727772352
Govi-Altai,2003,JJA,1.627890981361814
Govi-Altai,2003,MAM,1.8337756881294958
Govi-Altai,2003,SON,1.5183695646934308
Govi-Altai,2004,DJF,0.1597409148248975
Govi-Altai,2004,JJA,-0.7199640481851919
Govi-Altai,2004,MAM,-0.7816631145014155
Govi-Altai,2004,SON,0.38602713777115183
Govi-Altai,2005,DJF,0.5773581224889635
Govi-Altai,2005,JJA,-0.3494121840894393
Govi-Altai,2005,MAM,-0.2297283164622092
Govi-Altai,2005,SON,0.08019294582316024
Govi-Altai,2006,DJF,0.39042116335837873
Govi-Altai,2006,JJA,-0.34876619889803995
Govi-Altai,2006,MAM,-0.42565962716211714
Govi-Altai,2006,SON,-1.4387190005324761
Govi-Altai,2007,DJF,-1.3067064240000552
Govi-Altai,2007,JJA,-0.7375480031940232
Govi-Altai,2007,MAM,-0.383036346510411
Govi-Altai,2007,SON,0.4600827543096124
Govi-Altai,2008,DJF,-0.06773446307634982
Govi-Altai,2008,JJA,-1.11545320176051
Govi-Altai,2008,MAM,-0.28055364430135765
Govi-Altai,2008,SON,-0.599868342104352
Govi-Altai,2009,DJF,-0.6817423753974379
Govi-Altai,2009,JJA,-1.562901440723972
Govi-Altai,2009,MAM,-1.0526973909066706
Govi-Altai,2009,SON,-0.702041106428097
Govi-Altai,2010,DJF,1.0520782091713607
Govi-Altai,2010,JJA,-0.04930429072019755
Govi-Altai,2010,MAM,0.8607972146266357
Govi-Altai,2010,SON,-0.08727803866540533
Govi-Altai,2011,DJF,0.5082932142737552
Govi-Altai,2011,JJA,0.025170320745995244
Govi-Altai,2011,MAM,0.11527090852277733
Govi-Altai,2011,SON,-0.40600335991553055
Govi-Altai,2012,DJF,-0.05686987820573691
Govi-Altai,2012,JJA,-0.43076142808272516
Govi-Altai,2012,MAM,-0.21859691924156383
Govi-Altai,2012,SON,0.5465939897173807
Govi-Altai,2013,DJF,0.8736113465960946
Govi-Altai,2013,JJA,-0.2828941264342522
Govi-Altai,2013,MAM,-1.5391549635048845
Govi-Altai,2013,SON,-0.6311647227281111
Govi-Altai,2014,DJF,-0.9627714455107765
Govi-Altai,2014,JJA,0.26818905428888634
Govi-Altai,2014,MAM,-0.2683094270419137
Govi-Altai,2014,SON,-0.7041356983070678
Govi-Altai,2015,DJF,-1.3958297078989708
Govi-Altai,2015,JJA,1.1019037202775726
Govi-Altai,2015,MAM,-1.0218393162340043
Govi-Altai,2015,SON,0.49752270113382346
Govi-Altai,2016,DJF,0.286498648498762
Govi-Altai,2016,JJA,0.8801430581307748
Govi-Altai,2016,MAM,0.11688795847731195
Govi-Altai,2016,SON,0.26680026457501943
Govi-Altai,2017,DJF,-0.1588373128481483
Govi-Altai,2017,JJA,-1.3959656309901922
Govi-Altai,2017,MAM,-0.23322526175386643
Govi-Altai,2017,SON,-1.1580078762145212
Govi-Altai,2018,DJF,-0.056279296019037736
Govi-Altai,2018,JJA,-0.5371426171839647
Govi-Altai,2018,MAM,-1.6962731265845485
Govi-Altai,2018,SON,0.06853700606275583
Govi-Altai,2019,DJF,0.20107451065895154
Govi-Altai,2019,JJA,-0.2102597274002653
Govi-Altai,2019,MAM,-0.2154348611677603
Govi-Altai,2019,SON,-1.4426889953144102
Govi-Altai,2020,DJF,-0.7321966572780707
Govi-Altai,2020,JJA,-0.8097508743377833
Govi-Altai,2020,MAM,-2.0644756289127657
Govi-Altai,2020,SON,-0.2099892385575865
Govi-Altai,2021,DJF,-0.6639020140998575
Govi-Altai,2021,JJA,-0.6180836583101386
Govi-Altai,2021,MAM,-1.5366135820227038
Govi-Altai,2021,SON,0.4030520032789106
Govi-Altai,2022,DJF,-0.5013274097493204
Govi-Altai,2022,JJA,-2.7646537963153817
Govi-Altai,2022,MAM,-0.3343925861401072
Govi-Altai,2022,SON,-2.4920929015765125
Govi-Altai,2023,DJF,-0.06952631494080141
Govi-Altai,2023,JJA,-0.5466892134097934
Govi-Altai,2023,MAM,-0.5685578495297275
Govi-Altai,2023,SON,-0.44875380059157616
Govi-Altai,2024,DJF,0.3422446083986978
Govi-Altai,2024,JJA,-1.5034390135454097
Govi-Altai,2024,MAM,-0.6639853383643508
Govi-Altai,2024,SON,-0.3364481681879097
Govi-Altai,2025,DJF,0.6359896219339908
Govisumber,1950,DJF,0.20895684334715992
Govisumber,1950,JJA,2.6627470161232245
Govisumber,1950,MAM,1.1391050958333844
Govisumber,1950,SON,-0.044727070598517285
Govisumber,1951,DJF,-0.37046094894022247
Govisumber,1951,JJA,0.3295079042594962
Govisumber,1951,MAM,2.5791527355754154
Govisumber,1951,SON,1.6960489360566668
Govisumber,1952,DJF,-0.552824100963422
Govisumber,1952,JJA,0.775664811056044
Govisumber,1952,MAM,0.9581644610178979
Govisumber,1952,SON,1.7334469826042895
Govisumber,1953,DJF,0.41058835399916455
Govisumber,1953,JJA,0.42003799499954503
Govisumber,1953,MAM,1.133209164560456
Govisumber,1953,SON,0.11180814241572788
Govisumber,1954,DJF,0.6642647354829092
Govisumber,1954,JJA,2.434189709232395
Govisumber,1954,MAM,2.621679568557694
Govisumber,1954,SON,1.8583360489781622
Govisumber,1955,DJF,0.6105743966035869
Govisumber,1955,JJA,1.300199672812696
Govisumber,1955,MAM,1.7487654125439058
Govisumber,1955,SON,2.752835832915354
Govisumber,1956,DJF,0.7471031775826829
Govisumber,1956,JJA,1.3524504343367867
Govisumber,1956,MAM,1.6079621401303836
Govisumber,1956,SON,0.1116289411690593
Govisumber,1957,DJF,1.429323064072306
Govisumber,1957,JJA,0.4315666504985362
Govisumber,1957,MAM,1.1383978485628539
Govisumber,1957,SON,0.7532985052393257
Govisumber,1958,DJF,0.6659265112033125
Govisumber,1958,JJA,1.474143714146816
Govisumber,1958,MAM,1.7884940900075992
Govisumber,1958,SON,0.9464277647333074
Govisumber,1959,DJF,-0.443062297721865
Govisumber,1959,JJA,1.8184061417757498
Govisumber,1959,MAM,0.3563271658843705
Govisumber,1959,SON,1.683562683269813
Govisumber,1960,DJF,0.5734358929324083
Govisumber,1960,JJA,1.7639897487836569
Govisumber,1960,MAM,1.1331237758947836
Govisumber,1960,SON,0.8130766946109063
Govisumber,1961,DJF,0.10188647186867468
Govisumber,1961,JJA,0.10782630117884706
Govisumber,1961,MAM,-0.18599311331403268
Govisumber,1961,SON,1.2706795365397152
Govisumber,1962,DJF,1.5109740274548549
Govisumber,1962,JJA,0.6135128602967056
Govisumber,1962,MAM,0.7701231885337289
Govisumber,1962,SON,0.2988150053490257
Govisumber,1963,DJF,-1.1145753645009115
Govisumber,1963,JJA,0.4860799698310428
Govisumber,1963,MAM,0.3057953936902196
Govisumber,1963,SON,1.6595585775509354
Govisumber,1964,DJF,1.1627368300951808
Govisumber,1964,JJA,0.9018596902666102
Govisumber,1964,MAM,2.2492020252008547
Govisumber,1964,SON,1.999122287588807
Govisumber,1965,DJF,0.3439960737625413
Govisumber,1965,JJA,-0.0877237263239062
Govisumber,1965,MAM,-0.02012085519167469
Govisumber,1965,SON,-0.29371044180488637
Govisumber,1966,DJF,-0.30544193980294243
Govisumber,1966,JJA,0.24994541066302903
Govisumber,1966,MAM,1.2362642463255828
Govisumber,1966,SON,0.44720790834963203
Govisumber,1967,DJF,0.7510275870291953
Govisumber,1967,JJA,2.0929055674127905
Govisumber,1967,MAM,1.729287980391245
Govisumber,1967,SON,-0.7247951890553922
Govisumber,1968,DJF,1.414872011015037
Govisumber,1968,JJA,-0.2842451108848228
Govisumber,1968,MAM,1.1537302682030344
Govisumber,1968,SON,0.6745737004061689
Govisumber,1969,DJF,1.2839081753636168
Govisumber,1969,JJA,0.20174746831211285
Govisumber,1969,MAM,1.3450749904179664
Govisumber,1969,SON,1.6004711709943757
Govisumber,1970,DJF,0.394351885712445
Govisumber,1970,JJA,0.5181613679507646
Govisumber,1970,MAM,1.7839030104487363
Govisumber,1970,SON,1.2966709328350987
Govisumber,1971,DJF,1.0698284158051246
Govisumber,1971,JJA,2.0245415123232466
Govisumber,1971,MAM,1.5096835118484528
Govisumber,1971,SON,1.8496420540112377
Govisumber,1972,DJF,1.7075191026081367
Govisumber,1972,JJA,0.7808205689029808
Govisumber,1972,MAM,1.7599599048199852
Govisumber,1972,SON,1.174319608919125
Govisumber,1973,DJF,1.715714273801616
Govisumber,1973,JJA,2.066783792244909
Govisumber,1973,MAM,0.8877862989656429
Govisumber,1973,SON,2.520111430245826
Govisumber,1974,DJF,0.18040874806188573
Govisumber,1974,JJA,0.5117690806681299
Govisumber,1974,MAM,0.7539748150437035
Govisumber,1974,SON,1.7935316822663814
Govisumber,1975,DJF,0.9650530664446316
Govisumber,1975,JJA,1.4988699299539188
Govisumber,1975,MAM,1.565535564618385
Govisumber,1975,SON,1.4439701824421578
Govisumber,1976,DJF,0.24312157846758062
Govisumber,1976,JJA,1.9592736552529921
Govisumber,1976,MAM,1.9143823758671634
Govisumber,1976,SON,1.3737909378933446
Govisumber,1977,DJF,1.9387484506273953
Govisumber,1977,JJA,2.1873745013747907
Govisumber,1977,MAM,1.4918260114384316
Govisumber,1977,SON,0.7686953273803834
Govisumber,1978,DJF,0.6780598877564805
Govisumber,1978,JJA,1.288499342989676
Govisumber,1978,MAM,0.8076963903909682
Govisumber,1978,SON,-0.2509335409069841
Govisumber,1979,DJF,0.9144937672051641
Govisumber,1979,JJA,1.2545136763276983
Govisumber,1979,MAM,1.4880746021481541
Govisumber,1979,SON,0.8479798067726405
Govisumber,1980,DJF,0.3504056601658447
Govisumber,1980,JJA,1.0696737510054883
Govisumber,1980,MAM,1.1312985476514654
Govisumber,1980,SON,1.1658236125999744
Govisumber,1981,DJF,1.5610413475905853
Govisumber,1981,JJA,0.9448650633257646
Govisumber,1981,MAM,1.450317865017079
Govisumber,1981,SON,2.1031486273995648
Govisumber,1982,DJF,1.1681239145905873
Govisumber,1982,JJA,0.8637414521158213
Govisumber,1982,MAM,0.6289226434131292
Govisumber,1982,SON,0.7303158112960098
Govisumber,1983,DJF,0.17206303142533663
Govisumber,1983,JJA,1.2379185788069493
Govisumber,1983,MAM,0.027117244457320343
Govisumber,1983,SON,1.8011771645711292
Govisumber,1984,DJF,0.8851390032975732
Govisumber,1984,JJA,1.3889869335788851
Govisumber,1984,MAM,1.1875276889259434
Govisumber,1984,SON,2.1292865430329124
Govisumber,1985,DJF,1.4173897481695223
Govisumber,1985,JJA,1.7620053258464765
Govisumber,1985,MAM,1.8287788238232685
Govisumber,1985,SON,0.59135036559694
Govisumber,1986,DJF,1.3116539794236308
Govisumber,1986,JJA,1.6542773053791282
Govisumber,1986,MAM,1.204477524737652
Govisumber,1986,SON,1.5086325777279133
Govisumber,1987,DJF,2.0561292156613344
Govisumber,1987,JJA,1.1410378083570487
Govisumber,1987,MAM,1.8860970055921078
Govisumber,1987,SON,2.2423152345913775
Govisumber,1988,DJF,1.412162330922431
Govisumber,1988,JJA,1.1417523975138157
Govisumber,1988,MAM,1.5938960296899978
Govisumber,1988,SON,1.3005059838321493
Govisumber,1989,DJF,0.3761536620558648
Govisumber,1989,JJA,0.08736660625198917
Govisumber,1989,MAM,0.011710390027926218
Govisumber,1989,SON,0.19309950471761414
Govisumber,1990,DJF,0.2822419066168079
Govisumber,1990,JJA,1.9966013321600833
Govisumber,1990,MAM,0.90674839878193
Govisumber,1990,SON,1.5244792782200298
Govisumber,1991,DJF,1.0543578911066434
Govisumber,1991,JJA,0.6560269622029258
Govisumber,1991,MAM,1.11844424808271
Govisumber,1991,SON,0.7785602180769573
Govisumber,1992,DJF,-0.24215202009191047
Govisumber,1992,JJA,0.8573158399646963
Govisumber,1992,MAM,0.3675359327220291
Govisumber,1992,SON,0.4431772605065483
Govisumber,1993,DJF,0.2460992886661904
Govisumber,1993,JJA,1.460163487810446
Govisumber,1993,MAM,0.7675697214459674
Govisumber,1993,SON,1.2127554944085635
Govisumber,1994,DJF,0.6738019753340744
Govisumber,1994,JJA,0.6200133377763526
Govisumber,1994,MAM,-0.22275244584900797
Govisumber,1994,SON,0.6480217957309893
Govisumber,1995,DJF,-0.48281562682454854
Govisumber,1995,JJA,0.17861238401359467
Govisumber,1995,MAM,0.5368438378554967
Govisumber,1995,SON,0.7271342952950778
Govisumber,1996,DJF,-0.4093344326018881
Govisumber,1996,JJA,0.6883404634750393
Govisumber,1996,MAM,-0.17043839273382524
Govisumber,1996,SON,0.4057154294865576
Govisumber,1997,DJF,0.5537499638554295
Govisumber,1997,JJA,0.6981241798856103
Govisumber,1997,MAM,-0.9864821792424526
Govisumber,1997,SON,1.080432223527221
Govisumber,1998,DJF,-0.5031594959262063
Govisumber,1998,JJA,0.6640983483898455
Govisumber,1998,MAM,0.12515022500541312
Govisumber,1998,SON,1.8746985123617053
Govisumber,1999,DJF,0.4837165446527557
Govisumber,1999,JJA,1.288558430536483
Govisumber,1999,MAM,1.0032285069208315
Govisumber,1999,SON,0.23024637492464678
Govisumber,2000,DJF,0.0017901810148078835
Govisumber,2000,JJA,-0.9016676290968446
Govisumber,2000,MAM,0.45983397245193725
Govisumber,2000,SON,0.29564632885957853
Govisumber,2001,DJF,1.7872532674496904
Govisumber,2001,JJA,-0.7859662386810724
Govisumber,2001,MAM,0.517234081822281
Govisumber,2001,SON,0.20859047471219183
Govisumber,2002,DJF,0.45193842229699527
Govisumber,2002,JJA,-0.41086014485455197
Govisumber,2002,MAM,0.17198991200109073
Govisumber,2002,SON,-0.7424256775010198
Govisumber,2003,DJF,0.9310976731371652
Govisumber,2003,JJA,0.7639344517961528
Govisumber,2003,MAM,1.872076645600942
Govisumber,2003,SON,0.7281460219298429
Govisumber,2004,DJF,-0.05339569130548344
Govisumber,2004,JJA,-0.14155974026702345
Govisumber,2004,MAM,0.3208013112379342
Govisumber,2004,SON,-0.4673583449626472
Govisumber,2005,DJF,-0.04925119114614519
Govisumber,2005,JJA,-0.5326349222457117
Govisumber,2005,MAM,0.10433422689133545
Govisumber,2005,SON,-0.7054304684649751
Govisumber,2006,DJF,-1.0495845287451389
Govisumber,2006,JJA,-0.40960478755957286
Govisumber,2006,MAM,0.22219133496261728
Govisumber,2006,SON,-1.5716100134113202
Govisumber,2007,DJF,-0.7418365838245001
Govisumber,2007,JJA,-1.8090981498629901
Govisumber,2007,MAM,-0.4570132250604088
Govisumber,2007,SON,-1.9622075618828139
Govisumber,2008,DJF,-0.6417996334409869
Govisumber,2008,JJA,-0.4602338351958578
Govisumber,2008,MAM,-1.0807995940005457
Govisumber,2008,SON,-0.5672143977825935
Govisumber,2009,DJF,-0.8212591698511488
Govisumber,2009,JJA,-0.8117294860657777
Govisumber,2009,MAM,-0.36568147621005365
Govisumber,2009,SON,-0.7783513221204963
Govisumber,2010,DJF,0.9701689728525821
Govisumber,2010,JJA,-0.3673702344443323
Govisumber,2010,MAM,2.0366248233731796
Govisumber,2010,SON,-0.800152171429441
Govisumber,2011,DJF,-0.32831418944063384
Govisumber,2011,JJA,1.2798625027994837
Govisumber,2011,MAM,0.4301716981199622
Govisumber,2011,SON,0.09820745536985637
Govisumber,2012,DJF,0.9880023736907048
Govisumber,2012,JJA,0.49534902730032127
Govisumber,2012,MAM,-0.32334301664142723
Govisumber,2012,SON,0.3815061905396856
Govisumber,2013,DJF,0.9237436357827016
Govisumber,2013,JJA,-0.06305665810324701
Govisumber,2013,MAM,0.1364022226582049
Govisumber,2013,SON,-0.05751032505402293
Govisumber,2014,DJF,-0.9680150612767326
Govisumber,2014,JJA,0.6692823139933441
Govisumber,2014,MAM,-0.870645371050892
Govisumber,2014,SON,-1.04197343047964
Govisumber,2015,DJF,-1.5713691459627017
Govisumber,2015,JJA,-1.0288229258813164
Govisumber,2015,MAM,-0.9182568676931214
Govisumber,2015,SON,-1.2676955143503166
Govisumber,2016,DJF,0.29103549099874054
Govisumber,2016,JJA,-0.11854368728248303
Govisumber,2016,MAM,-0.23523858170868378
Govisumber,2016,SON,0.8126498696463277
Govisumber,2017,DJF,0.5125440178132821
Govisumber,2017,JJA,-1.611881414142703
Govisumber,2017,MAM,-1.7736150460124227
Govisumber,2017,SON,-0.0042853113076421956
Govisumber,2018,DJF,0.05719080470935373
Govisumber,2018,JJA,-0.40965874386201706
Govisumber,2018,MAM,-1.4942256483731802
Govisumber,2018,SON,0.7281832655906708
Govisumber,2019,DJF,-1.581901596471531
Govisumber,2019,JJA,-0.5253191557649749
Govisumber,2019,MAM,-1.2810471128534298
Govisumber,2019,SON,-0.6999661962796987
Govisumber,2020,DJF,-0.13756306261868168
Govisumber,2020,JJA,-0.3775101777726737
Govisumber,2020,MAM,-1.306268943306944
Govisumber,2020,SON,0.6746299670454228
Govisumber,2021,DJF,-0.4595401382820511
Govisumber,2021,JJA,0.21480657167780082
Govisumber,2021,MAM,-1.7646573759866069
Govisumber,2021,SON,0.598817963026908
Govisumber,2022,DJF,-0.5350738357145872
Govisumber,2022,JJA,-0.3270991750483211
Govisumber,2022,MAM,-0.48753124962319705
Govisumber,2022,SON,-0.26049781074814243
Govisumber,2023,DJF,0.26712244461692614
Govisumber,2023,JJA,-0.28359592177211074
Govisumber,2023,MAM,-1.5526106158956234
Govisumber,2023,SON,0.0838787877232971
Govisumber,2024,DJF,1.7002957021567595
Govisumber,2024,JJA,0.8172971887563937
Govisumber,2024,MAM,0.34579389186796705
Govisumber,2024,SON,1.4854594208492435
Govisumber,2025,DJF,0.12424326591913036
Khentii,1950,DJF,-0.1733833512204195
Khentii,1950,JJA,2.480580133221802
Khentii,1950,MAM,1.0517428905637496
Khentii,1950,SON,0.044501257820466225
Khentii,1951,DJF,0.47775429960599664
Khentii,1951,JJA,0.9388806329524366
Khentii,1951,MAM,2.722609488766678
Khentii,1951,SON,1.4283114561251282
Khentii,1952,DJF,-0.530309847770124
Khentii,1952,JJA,0.88799221126153
Khentii,1952,MAM,0.6687024962168906
Khentii,1952,SON,1.283332275333458
Khentii,1953,DJF,0.21791826570345474
Khentii,1953,JJA,1.1741412789257692
Khentii,1953,MAM,0.8204930257302829
Khentii,1953,SON,0.2928115318926493
Khentii,1954,DJF,0.3992001558721798
Khentii,1954,JJA,1.9752803354337485
Khentii,1954,MAM,1.6179549099432602
Khentii,1954,SON,1.3937350868473073
Khentii,1955,DJF,0.04934020873821073
Khentii,1955,JJA,0.972435397204654
Khentii,1955,MAM,1.363507568237228
Khentii,1955,SON,1.7392756461336096
Khentii,1956,DJF,0.17185827821154356
Khentii,1956,JJA,0.6229365191215332
Khentii,1956,MAM,1.2669762854065492
Khentii,1956,SON,0.07807087498702953
Khentii,1957,DJF,0.4073499855697937
Khentii,1957,JJA,0.7852929933013715
Khentii,1957,MAM,0.9453026228340127
Khentii,1957,SON,0.2823311307024602
Khentii,1958,DJF,0.38759267620691895
Khentii,1958,JJA,1.333871515581458
Khentii,1958,MAM,1.7620315797112664
Khentii,1958,SON,0.31966334410646474
Khentii,1959,DJF,-0.9658996181868877
Khentii,1959,JJA,1.918232851177039
Khentii,1959,MAM,0.27031467534409226
Khentii,1959,SON,0.9939828249851541
Khentii,1960,DJF,0.4425218805139716
Khentii,1960,JJA,1.166253800747599
Khentii,1960,MAM,1.104876253607458
Khentii,1960,SON,0.6523919516444927
Khentii,1961,DJF,-0.49545751661547377
Khentii,1961,JJA,-0.32651551796990214
Khentii,1961,MAM,-1.1333458330174864
Khentii,1961,SON,0.827469619151477
Khentii,1962,DJF,0.7813161948546511
Khentii,1962,JJA,0.44490028429536904
Khentii,1962,MAM,0.3230222389797586
Khentii,1962,SON,0.8934873934531621
Khentii,1963,DJF,-0.8760762704120513
Khentii,1963,JJA,0.6600233835478454
Khentii,1963,MAM,0.020248158091046957
Khentii,1963,SON,1.1443465956920857
Khentii,1964,DJF,0.32746081560490536
Khentii,1964,JJA,0.7841246083279535
Khentii,1964,MAM,1.8106978597076955
Khentii,1964,SON,1.0316140505619018
Khentii,1965,DJF,0.2139077423108881
Khentii,1965,JJA,-0.2171893956844293
Khentii,1965,MAM,-0.30389594622680777
Khentii,1965,SON,-0.11343051595717486
Khentii,1966,DJF,0.3960393533677156
Khentii,1966,JJA,0.19699600182868554
Khentii,1966,MAM,1.3656143873761404
Khentii,1966,SON,0.026259522165389054
Khentii,1967,DJF,0.7079302266841443
Khentii,1967,JJA,2.146563163725043
Khentii,1967,MAM,1.6301177574899988
Khentii,1967,SON,-0.5769152703070493
Khentii,1968,DJF,0.5874305499112231
Khentii,1968,JJA,0.25155620970681125
Khentii,1968,MAM,1.0464080416496806
Khentii,1968,SON,1.0673957352879662
Khentii,1969,DJF,1.213973626897972
Khentii,1969,JJA,0.22623111486222283
Khentii,1969,MAM,1.0708077116010652
Khentii,1969,SON,1.8556374830986637
Khentii,1970,DJF,0.7394389349960253
Khentii,1970,JJA,0.4240958650638644
Khentii,1970,MAM,1.1019921090477562
Khentii,1970,SON,1.4574606087500175
Khentii,1971,DJF,0.513814170069564
Khentii,1971,JJA,1.8036989563536887
Khentii,1971,MAM,0.9536482139119852
Khentii,1971,SON,0.636373494313278
Khentii,1972,DJF,0.9065858021741809
Khentii,1972,JJA,0.25198396779032967
Khentii,1972,MAM,1.3137717779104823
Khentii,1972,SON,1.2654175294316368
Khentii,1973,DJF,1.1251653409043494
Khentii,1973,JJA,1.7918946078526217
Khentii,1973,MAM,0.8608970465469662
Khentii,1973,SON,1.4207234269751106
Khentii,1974,DJF,0.2076340815936785
Khentii,1974,JJA,0.7000809513937469
Khentii,1974,MAM,0.564455678078815
Khentii,1974,SON,0.95377738963143
Khentii,1975,DJF,0.5679161303841178
Khentii,1975,JJA,1.8269954210550101
Khentii,1975,MAM,1.4084538494801815
Khentii,1975,SON,1.2890797709783401
Khentii,1976,DJF,-0.10607729183433935
Khentii,1976,JJA,1.0911707934911576
Khentii,1976,MAM,1.3846660589871789
Khentii,1976,SON,1.065304915294571
Khentii,1977,DJF,0.9336041621600089
Khentii,1977,JJA,1.9331284520101248
Khentii,1977,MAM,1.1264935492537442
Khentii,1977,SON,-0.35910115985737545
Khentii,1978,DJF,0.09987928906382881
Khentii,1978,JJA,1.2053672013008363
Khentii,1978,MAM,1.1685522468395462
Khentii,1978,SON,0.0915383538883657
Khentii,1979,DJF,0.968461224806101
Khentii,1979,JJA,0.8250756782737683
Khentii,1979,MAM,1.2946936991157254
Khentii,1979,SON,0.6375216361767458
Khentii,1980,DJF,0.5215534709036471
Khentii,1980,JJA,0.7884015441357348
Khentii,1980,MAM,1.108525514598544
Khentii,1980,SON,0.9733978118987187
Khentii,1981,DJF,0.6675078767770453
Khentii,1981,JJA,0.5853572934275677
Khentii,1981,MAM,1.2448179755370488
Khentii,1981,SON,1.2068394618588631
Khentii,1982,DJF,0.23307515480325472
Khentii,1982,JJA,0.671485044075825
Khentii,1982,MAM,0.44179315806826325
Khentii,1982,SON,0.7777920591420829
Khentii,1983,DJF,0.26560676295381264
Khentii,1983,JJA,0.7768918082913551
Khentii,1983,MAM,0.2054407190846974
Khentii,1983,SON,1.0966161802033396
Khentii,1984,DJF,0.4954303455531317
Khentii,1984,JJA,1.6138188427556182
Khentii,1984,MAM,0.9513691466118367
Khentii,1984,SON,1.8360568174840988
Khentii,1985,DJF,1.0422461502154128
Khentii,1985,JJA,1.667825900532321
Khentii,1985,MAM,1.636441104091649
Khentii,1985,SON,0.22725545391221064
Khentii,1986,DJF,0.14325355145628127
Khentii,1986,JJA,0.6656731005097071
Khentii,1986,MAM,0.31415001507303864
Khentii,1986,SON,0.3665776850317767
Khentii,1987,DJF,0.9410544825765288
Khentii,1987,JJA,0.552815521082056
Khentii,1987,MAM,0.6083601333846589
Khentii,1987,SON,1.7089546708372303
Khentii,1988,DJF,0.567746879867499
Khentii,1988,JJA,1.2348304105663368
Khentii,1988,MAM,1.0381838848927816
Khentii,1988,SON,1.1281314470155415
Khentii,1989,DJF,-0.04083938582949953
Khentii,1989,JJA,0.5453327263673277
Khentii,1989,MAM,0.2311425828604198
Khentii,1989,SON,0.3653438882140992
Khentii,1990,DJF,-0.02447863758168936
Khentii,1990,JJA,1.920243156988072
Khentii,1990,MAM,0.09925562110953733
Khentii,1990,SON,1.6328028881499657
Khentii,1991,DJF,0.812377125305255
Khentii,1991,JJA,0.8749573519003122
Khentii,1991,MAM,1.4909244749757136
Khentii,1991,SON,0.8266188447833291
Khentii,1992,DJF,-0.4386026428963469
Khentii,1992,JJA,0.1861524969539777
Khentii,1992,MAM,-0.14433212861912756
Khentii,1992,SON,0.9493575123658692
Khentii,1993,DJF,0.19078177395823892
Khentii,1993,JJA,1.1151935578386338
Khentii,1993,MAM,0.3259057035996389
Khentii,1993,SON,1.0241348030668584
Khentii,1994,DJF,0.2308504491090665
Khentii,1994,JJA,0.3076799618360487
Khentii,1994,MAM,-0.0929927820001992
Khentii,1994,SON,1.1857989930893837
Khentii,1995,DJF,0.11236104117513471
Khentii,1995,JJA,0.8248791481458091
Khentii,1995,MAM,0.9257546231095162
Khentii,1995,SON,0.28748924524148073
Khentii,1996,DJF,-0.8925616182669611
Khentii,1996,JJA,0.7785667308714265
Khentii,1996,MAM,0.05958251197618162
Khentii,1996,SON,-0.2664730282248532
Khentii,1997,DJF,0.5594448484235488
Khentii,1997,JJA,-0.2523747597655154
Khentii,1997,MAM,-1.0636559146811364
Khentii,1997,SON,0.4270031594224543
Khentii,1998,DJF,-0.6810495263997962
Khentii,1998,JJA,0.986056886769395
Khentii,1998,MAM,-0.9558336401891686
Khentii,1998,SON,1.6448811245234658
Khentii,1999,DJF,0.21427108806560774
Khentii,1999,JJA,0.22485612065572455
Khentii,1999,MAM,0.9775899823282206
Khentii,1999,SON,0.4018240274823643
Khentii,2000,DJF,-0.33208873374521236
Khentii,2000,JJA,-1.1623450064245127
Khentii,2000,MAM,-0.5460698183735369
Khentii,2000,SON,-0.049613090559252816
Khentii,2001,DJF,1.4399397768110402
Khentii,2001,JJA,-0.5835574693164559
Khentii,2001,MAM,0.6999778779297543
Khentii,2001,SON,-0.13390912305798974
Khentii,2002,DJF,0.22182979043346152
Khentii,2002,JJA,0.10051283602991154
Khentii,2002,MAM,0.2982179734275548
Khentii,2002,SON,-0.34770865844001203
Khentii,2003,DJF,1.3553800514836787
Khentii,2003,JJA,-0.22474108682787794
Khentii,2003,MAM,1.2026633856832782
Khentii,2003,SON,0.3309003791071504
Khentii,2004,DJF,0.5567031402198437
Khentii,2004,JJA,-0.5044167497572924
Khentii,2004,MAM,0.8972834808051615
Khentii,2004,SON,-0.3698527328782597
Khentii,2005,DJF,0.21403973882641208
Khentii,2005,JJA,0.4914600079639746
Khentii,2005,MAM,0.5256437267414729
Khentii,2005,SON,-0.9405809244758587
Khentii,2006,DJF,-1.1217584597096344
Khentii,2006,JJA,-0.4394376414586553
Khentii,2006,MAM,0.042149589031629284
Khentii,2006,SON,-1.1764057335157154
Khentii,2007,DJF,-0.5274014832751367
Khentii,2007,JJA,-1.69002442940164
Khentii,2007,MAM,0.2127275039134636
Khentii,2007,SON,-2.0475210367152408
Khentii,2008,DJF,-0.45598258069099784
Khentii,2008,JJA,0.3837042831434054
Khentii,2008,MAM,-1.21325356077348
Khentii,2008,SON,-0.5147327145448299
Khentii,2009,DJF,-0.49845710505325874
Khentii,2009,JJA,-0.1280564594492176
Khentii,2009,MAM,-0.33338763083675543
Khentii,2009,SON,-0.48192395596002285
Khentii,2010,DJF,0.5418775637846049
Khentii,2010,JJA,-0.30622480444754707
Khentii,2010,MAM,1.7092178315089321
Khentii,2010,SON,-1.0696725343374633
Khentii,2011,DJF,-0.3403220480030556
Khentii,2011,JJA,0.031658603699890264
Khentii,2011,MAM,0.010886101682049789
Khentii,2011,SON,-0.6504751800972104
Khentii,2012,DJF,0.6639876420491001
Khentii,2012,JJA,0.5450176939660062
Khentii,2012,MAM,0.1300191949167469
Khentii,2012,SON,0.4004179873526107
Khentii,2013,DJF,1.1109450378704189
Khentii,2013,JJA,0.30208528824855085
Khentii,2013,MAM,0.25597793455359935
Khentii,2013,SON,0.7465719140631337
Khentii,2014,DJF,-0.0065260739851348325
Khentii,2014,JJA,1.2840220912611893
Khentii,2014,MAM,-0.6022707704849668
Khentii,2014,SON,-1.0441116716098355
Khentii,2015,DJF,-1.1734762671198216
Khentii,2015,JJA,-1.1112806807622515
Khentii,2015,MAM,-0.7940380363081504
Khentii,2015,SON,-0.6237264625330291
Khentii,2016,DJF,-0.5433406991594983
Khentii,2016,JJA,-0.5306954863431173
Khentii,2016,MAM,-0.3014091727864265
Khentii,2016,SON,0.7967680528282771
Khentii,2017,DJF,0.6456719334262231
Khentii,2017,JJA,-1.457378072604432
Khentii,2017,MAM,-0.9977344368706546
Khentii,2017,SON,0.23530599808022867
Khentii,2018,DJF,-0.12937624283107133
Khentii,2018,JJA,-0.18540931991344578
Khentii,2018,MAM,-0.9683726621604827
Khentii,2018,SON,0.8548339369201274
Khentii,2019,DJF,-1.8351455175272422
Khentii,2019,JJA,0.04357920074509013
Khentii,2019,MAM,-1.7805608459087159
Khentii,2019,SON,-0.45077510931474796
Khentii,2020,DJF,0.3292040967526794
Khentii,2020,JJA,0.8020510242878157
Khentii,2020,MAM,-0.8610463568404224
Khentii,2020,SON,0.6578546531715579
Khentii,2021,DJF,-0.29195361619467186
Khentii,2021,JJA,0.8008099564496
Khentii,2021,MAM,-0.6415811638615901
Khentii,2021,SON,1.0944567214807819
Khentii,2022,DJF,-0.5102544421812817
Khentii,2022,JJA,0.5015395196616599
Khentii,2022,MAM,-0.8691009274224476
Khentii,2022,SON,-0.08683446083830641
Khentii,2023,DJF,0.22237282706394076
Khentii,2023,JJA,-0.11237814974100487
Khentii,2023,MAM,-0.643380441462319
Khentii,2023,SON,0.5709740003861162
Khentii,2024,DJF,1.005677184503858
Khentii,2024,JJA,1.6458212237938075
Khentii,2024,MAM,0.35607269604804687
Khentii,2024,SON,0.8688495088877594
Khentii,2025,DJF,-0.05242716415191392
Khovd,1950,DJF,-0.39808533807312896
Khovd,1950,JJA,-0.7680964010071902
Khovd,1950,MAM,-0.7601378568285581
Khovd,1950,SON,-0.5636770851115174
Khovd,1951,DJF,0.08149767622357305
Khovd,1951,JJA,-0.5439545250814807
Khovd,1951,MAM,0.0013567423249971466
Khovd,1951,SON,-0.09984473403007685
Khovd,1952,DJF,-0.8231418492665469
Khovd,1952,JJA,-1.1356294558879985
Khovd,1952,MAM,-0.8157247590795803
Khovd,1952,SON,-0.04940117451515488
Khovd,1953,DJF,0.10735360495605456
Khovd,1953,JJA,-1.9110712212851029
Khovd,1953,MAM,-0.38093932679198933
Khovd,1953,SON,-0.46330920979125545
Khovd,1954,DJF,0.2414402545578995
Khovd,1954,JJA,-0.4052978708517174
Khovd,1954,MAM,-0.3779450600777463
Khovd,1954,SON,-0.15737104783227343
Khovd,1955,DJF,0.6473557770831658
Khovd,1955,JJA,-0.46158204360536836
Khovd,1955,MAM,0.7465650416395756
Khovd,1955,SON,-0.9297067136735676
Khovd,1956,DJF,-0.8450514608312174
Khovd,1956,JJA,0.08681148372028172
Khovd,1956,MAM,-0.11315035077121734
Khovd,1956,SON,-0.1618449235093153
Khovd,1957,DJF,-0.5722870790254219
Khovd,1957,JJA,-0.8874424698948948
Khovd,1957,MAM,-0.7743573782421578
Khovd,1957,SON,0.11804325684055912
Khovd,1958,DJF,-0.4150296750422478
Khovd,1958,JJA,0.5988189959290562
Khovd,1958,MAM,0.1701295165470873
Khovd,1958,SON,1.3951222058975075
Khovd,1959,DJF,0.35784704938112716
Khovd,1959,JJA,0.12741879000121267
Khovd,1959,MAM,0.6547506583139656
Khovd,1959,SON,-1.0329123990681666
Khovd,1960,DJF,0.6093953597940754
Khovd,1960,JJA,-0.08969547829847824
Khovd,1960,MAM,0.5644480515186946
Khovd,1960,SON,-0.6611718579272711
Khovd,1961,DJF,0.7889184253615663
Khovd,1961,JJA,0.722281030446683
Khovd,1961,MAM,1.0453261699369476
Khovd,1961,SON,0.25730052440511914
Khovd,1962,DJF,0.26039433323083433
Khovd,1962,JJA,-0.6481738477083077
Khovd,1962,MAM,-0.38139889654691433
Khovd,1962,SON,-0.9573805492229509
Khovd,1963,DJF,-0.9542428763706784
Khovd,1963,JJA,0.1490126563768355
Khovd,1963,MAM,-0.6141698709338005
Khovd,1963,SON,0.8317144674965666
Khovd,1964,DJF,-0.1908314994914268
Khovd,1964,JJA,-0.30674241258997575
Khovd,1964,MAM,0.9489068278308248
Khovd,1964,SON,0.15901608229352165
Khovd,1965,DJF,-0.3504734689472916
Khovd,1965,JJA,-1.1259834095857977
Khovd,1965,MAM,-1.0465010322454833
Khovd,1965,SON,-0.7384461312111752
Khovd,1966,DJF,0.041749134757790976
Khovd,1966,JJA,-0.30867975432674155
Khovd,1966,MAM,0.6695596797584243
Khovd,1966,SON,0.22964006002192425
Khovd,1967,DJF,0.45228286953184266
Khovd,1967,JJA,-0.597300428419907
Khovd,1967,MAM,-0.4568352134716744
Khovd,1967,SON,0.3094791991663078
Khovd,1968,DJF,0.6101745233406987
Khovd,1968,JJA,-0.6999999519298935
Khovd,1968,MAM,0.6503560023660001
Khovd,1968,SON,0.959303323049544
Khovd,1969,DJF,0.5193162604264777
Khovd,1969,JJA,1.2453692133709044
Khovd,1969,MAM,0.015130054357768385
Khovd,1969,SON,1.051882106630886
Khovd,1970,DJF,-0.08099905628740503
Khovd,1970,JJA,0.5201981117053214
Khovd,1970,MAM,0.6066113356139982
Khovd,1970,SON,1.0336089158876502
Khovd,1971,DJF,0.5996584083993
Khovd,1971,JJA,0.767524301433748
Khovd,1971,MAM,0.7698242181887797
Khovd,1971,SON,0.7127142399353729
Khovd,1972,DJF,0.6043906729012027
Khovd,1972,JJA,-0.5438460979151742
Khovd,1972,MAM,-0.1691252537059067
Khovd,1972,SON,0.5357956283080938
Khovd,1973,DJF,-0.04823233565275229
Khovd,1973,JJA,0.2916660049503656
Khovd,1973,MAM,0.29111185672030243
Khovd,1973,SON,0.9532511036892908
Khovd,1974,DJF,-0.6785923340730294
Khovd,1974,JJA,-1.2055261355224143
Khovd,1974,MAM,-0.2917206521456192
Khovd,1974,SON,0.54813165489919
Khovd,1975,DJF,0.13468956934465395
Khovd,1975,JJA,0.3665936741284379
Khovd,1975,MAM,0.6261020740775546
Khovd,1975,SON,-0.19173944588515415
Khovd,1976,DJF,0.12148537053569364
Khovd,1976,JJA,0.9724811593521485
Khovd,1976,MAM,1.1409526331623099
Khovd,1976,SON,0.7662911183918889
Khovd,1977,DJF,0.725605685600304
Khovd,1977,JJA,0.09765817577727935
Khovd,1977,MAM,0.754737905376356
Khovd,1977,SON,-0.6896466017266989
Khovd,1978,DJF,0.05504575439501672
Khovd,1978,JJA,0.3141532198781711
Khovd,1978,MAM,-0.015799659644065333
Khovd,1978,SON,-0.9560938954975072
Khovd,1979,DJF,-0.834904238239276
Khovd,1979,JJA,0.5614813319078773
Khovd,1979,MAM,0.4173575272367276
Khovd,1979,SON,1.1925430362999083
Khovd,1980,DJF,0.16153117120459226
Khovd,1980,JJA,-0.40395234005953623
Khovd,1980,MAM,0.7185438304633527
Khovd,1980,SON,-0.3218163941464496
Khovd,1981,DJF,0.5542306022151997
Khovd,1981,JJA,-0.09876668533668564
Khovd,1981,MAM,0.20325658261086282
Khovd,1981,SON,0.7894279531965107
Khovd,1982,DJF,0.4193801723484999
Khovd,1982,JJA,-0.4332636141522537
Khovd,1982,MAM,-0.39618058312847554
Khovd,1982,SON,0.019502876695733935
Khovd,1983,DJF,-0.12366096561852259
Khovd,1983,JJA,1.0238355437681608
Khovd,1983,MAM,-0.2786047581030828
Khovd,1983,SON,0.4162738804824748
Khovd,1984,DJF,0.7208290070942714
Khovd,1984,JJA,1.4045359664311075
Khovd,1984,MAM,0.8697785311333104
Khovd,1984,SON,1.6702421298185544
Khovd,1985,DJF,0.16673197281596386
Khovd,1985,JJA,-0.7106704785420566
Khovd,1985,MAM,-0.08331638127046227
Khovd,1985,SON,-0.0709487850425265
Khovd,1986,DJF,-0.27357555516053833
Khovd,1986,JJA,0.75880009632613
Khovd,1986,MAM,0.10561533317321567
Khovd,1986,SON,1.0559529347947287
Khovd,1987,DJF,0.5605670413154371
Khovd,1987,JJA,1.7843090159916553
Khovd,1987,MAM,0.8173353798284115
Khovd,1987,SON,0.9780382103119281
Khovd,1988,DJF,1.6245367628120198
Khovd,1988,JJA,0.2752896048634945
Khovd,1988,MAM,1.2105664471297062
Khovd,1988,SON,-0.0527534170101768
Khovd,1989,DJF,0.2479730441649455
Khovd,1989,JJA,-0.3903442825962488
Khovd,1989,MAM,-0.9276830527460246
Khovd,1989,SON,1.0220391872633796
Khovd,1990,DJF,-0.37972817683211046
Khovd,1990,JJA,0.19198655485812557
Khovd,1990,MAM,0.8928677810528208
Khovd,1990,SON,-0.536197544161409
Khovd,1991,DJF,-0.6121182637925008
Khovd,1991,JJA,0.14255104563811757
Khovd,1991,MAM,-0.49402696350219594
Khovd,1991,SON,0.774818393042539
Khovd,1992,DJF,-0.41624472710964444
Khovd,1992,JJA,0.06009484324656067
Khovd,1992,MAM,0.24023885424164013
Khovd,1992,SON,1.45354376470983
Khovd,1993,DJF,0.5095579163848194
Khovd,1993,JJA,1.5601840705039702
Khovd,1993,MAM,0.8173318334052395
Khovd,1993,SON,0.8621708276336867
Khovd,1994,DJF,0.226546964147843
Khovd,1994,JJA,1.5550935241709711
Khovd,1994,MAM,-0.33520911527854613
Khovd,1994,SON,0.7106789598377021
Khovd,1995,DJF,-0.01625547528497261
Khovd,1995,JJA,0.4891786741659465
Khovd,1995,MAM,0.48513874862057454
Khovd,1995,SON,0.03250093456174664
Khovd,1996,DJF,-1.1754288594290812
Khovd,1996,JJA,0.44561613002146444
Khovd,1996,MAM,0.3550190454590947
Khovd,1996,SON,0.3263756731988015
Khovd,1997,DJF,0.7258204593177472
Khovd,1997,JJA,0.320502313258553
Khovd,1997,MAM,-0.2075774025165944
Khovd,1997,SON,0.25146163863583354
Khovd,1998,DJF,-0.12746284052363835
Khovd,1998,JJA,0.4564701489562281
Khovd,1998,MAM,0.7956835142358889
Khovd,1998,SON,-0.4719790206361552
Khovd,1999,DJF,-0.9566221342312892
Khovd,1999,JJA,0.6072424649819166
Khovd,1999,MAM,0.5370862293868278
Khovd,1999,SON,0.9514174331922011
Khovd,2000,DJF,-0.253869113051276
Khovd,2000,JJA,0.2846924799217093
Khovd,2000,MAM,-0.7223385642878212
Khovd,2000,SON,-0.07902338506752912
Khovd,2001,DJF,0.7045002566217048
Khovd,2001,JJA,-0.9999189384629282
Khovd,2001,MAM,-0.0991923449583208
Khovd,2001,SON,-0.6726801756841976
Khovd,2002,DJF,0.40159541462158677
Khovd,2002,JJA,-0.5714041466650029
Khovd,2002,MAM,0.9651890908152926
Khovd,2002,SON,-1.630763588537894
Khovd,2003,DJF,0.03651556457253974
Khovd,2003,JJA,1.3972010085817927
Khovd,2003,MAM,0.9968650859142841
Khovd,2003,SON,1.3927299920706449
Khovd,2004,DJF,-0.04314128284720156
Khovd,2004,JJA,-0.5249958631702945
Khovd,2004,MAM,-0.6667624175124978
Khovd,2004,SON,0.36692172062795353
Khovd,2005,DJF,0.5320214502982604
Khovd,2005,JJA,0.12231206632386944
Khovd,2005,MAM,-0.31894356488823616
Khovd,2005,SON,0.40238309299335795
Khovd,2006,DJF,0.2720295431065239
Khovd,2006,JJA,-0.30131600283370524
Khovd,2006,MAM,0.04728193625395335
Khovd,2006,SON,-1.078351977687825
Khovd,2007,DJF,-1.4136604377701305
Khovd,2007,JJA,-1.12154151451339
Khovd,2007,MAM,-1.2088732851287687
Khovd,2007,SON,-0.4199005026211838
Khovd,2008,DJF,-0.5445924361229528
Khovd,2008,JJA,-1.2277023557075653
Khovd,2008,MAM,-0.1461552544816107
Khovd,2008,SON,-0.780923210561572
Khovd,2009,DJF,-0.2503558877675217
Khovd,2009,JJA,-0.9199736261592026
Khovd,2009,MAM,-0.26421674455701455
Khovd,2009,SON,-0.19914730342595832
Khovd,2010,DJF,1.6250333486987807
Khovd,2010,JJA,-0.032766856049933187
Khovd,2010,MAM,1.6866406248681907
Khovd,2010,SON,0.5376690332468774
Khovd,2011,DJF,0.9104650757460231
Khovd,2011,JJA,-0.32282246160826067
Khovd,2011,MAM,0.1679644024721146
Khovd,2011,SON,-0.49078814777219487
Khovd,2012,DJF,-0.6095320313297924
Khovd,2012,JJA,-0.30539597154473297
Khovd,2012,MAM,-0.33397312215019
Khovd,2012,SON,0.3582046844224883
Khovd,2013,DJF,1.0827105680721936
Khovd,2013,JJA,-0.1138708404350109
Khovd,2013,MAM,-0.7987648323474436
Khovd,2013,SON,-0.25201539407179796
Khovd,2014,DJF,-0.45665157874050794
Khovd,2014,JJA,-0.38468982761163495
Khovd,2014,MAM,-0.011426799256536438
Khovd,2014,SON,-1.0520954445173456
Khovd,2015,DJF,-0.8852272636183974
Khovd,2015,JJA,0.6721063471715275
Khovd,2015,MAM,-1.152361014455092
Khovd,2015,SON,0.14475650518247088
Khovd,2016,DJF,0.14763899678440043
Khovd,2016,JJA,0.27281833900051633
Khovd,2016,MAM,0.5492568931230527
Khovd,2016,SON,-0.2058841806415979
Khovd,2017,DJF,0.29167486783100977
Khovd,2017,JJA,-1.2657363838413727
Khovd,2017,MAM,0.21782568797264085
Khovd,2017,SON,-1.3788706989219897
Khovd,2018,DJF,-0.48826551672335583
Khovd,2018,JJA,-0.5664764560612523
Khovd,2018,MAM,-0.9656891551161024
Khovd,2018,SON,0.436864230348802
Khovd,2019,DJF,0.36901957334520796
Khovd,2019,JJA,-0.25184629842851985
Khovd,2019,MAM,-0.10008889444744344
Khovd,2019,SON,-0.7201120575196438
Khovd,2020,DJF,-0.14257112537332847
Khovd,2020,JJA,-0.3892934442403979
Khovd,2020,MAM,-1.4747964092483485
Khovd,2020,SON,0.2574659513048079
Khovd,2021,DJF,-0.9838890439286635
Khovd,2021,JJA,-1.2108276953746802
Khovd,2021,MAM,-1.639767978540601
Khovd,2021,SON,0.10497089243026192
Khovd,2022,DJF,-0.2408691038339233
Khovd,2022,JJA,-3.0828490808881455
Khovd,2022,MAM,-0.6145436658507422
Khovd,2022,SON,-1.7452461156490173
Khovd,2023,DJF,0.01418285365218129
Khovd,2023,JJA,-1.091819895067377
Khovd,2023,MAM,-0.2463189603582536
Khovd,2023,SON,-0.07589972245238816
Khovd,2024,DJF,0.14580635330244016
Khovd,2024,JJA,-1.6243122350897428
Khovd,2024,MAM,-0.6257159116266059
Khovd,2024,SON,-0.6509969173872023
Khovd,2025,DJF,0.6722062213796187
Khuvsgul,1950,DJF,-0.19050171674516478
Khuvsgul,1950,JJA,2.4070989173861337
Khuvsgul,1950,MAM,-0.018141668186180075
Khuvsgul,1950,SON,0.7349812111144038
Khuvsgul,1951,DJF,0.15105526407372952
Khuvsgul,1951,JJA,0.15379585397947299
Khuvsgul,1951,MAM,0.9658174527613232
Khuvsgul,1951,SON,-0.2558910420520223
Khuvsgul,1952,DJF,-0.2648504216362161
Khuvsgul,1952,JJA,1.2091326254001713
Khuvsgul,1952,MAM,-0.06620046495464961
Khuvsgul,1952,SON,0.8576034437228923
Khuvsgul,1953,DJF,0.34497658428033584
Khuvsgul,1953,JJA,0.17101332759529891
Khuvsgul,1953,MAM,0.03671613085719202
Khuvsgul,1953,SON,-0.05650635395714292
Khuvsgul,1954,DJF,0.4304994012362439
Khuvsgul,1954,JJA,0.306021462695882
Khuvsgul,1954,MAM,0.43751624126148336
Khuvsgul,1954,SON,1.1243201123409734
Khuvsgul,1955,DJF,0.7215149650899539
Khuvsgul,1955,JJA,0.18350745404802712
Khuvsgul,1955,MAM,1.4946417611493938
Khuvsgul,1955,SON,-0.38398608080358554
Khuvsgul,1956,DJF,-0.4242382778795443
Khuvsgul,1956,JJA,1.3072172429597455
Khuvsgul,1956,MAM,0.318768506735818
Khuvsgul,1956,SON,0.2085996808911283
Khuvsgul,1957,DJF,0.41885590916919047
Khuvsgul,1957,JJA,-0.16836419381470513
Khuvsgul,1957,MAM,0.21119690388699833
Khuvsgul,1957,SON,0.2842951380663124
Khuvsgul,1958,DJF,-0.12492005630581458
Khuvsgul,1958,JJA,0.9402024051619595
Khuvsgul,1958,MAM,1.012789380558674
Khuvsgul,1958,SON,0.06471752544151617
Khuvsgul,1959,DJF,-0.4678161277697692
Khuvsgul,1959,JJA,1.0886937674344406
Khuvsgul,1959,MAM,1.0442574106474272
Khuvsgul,1959,SON,0.14339261556780303
Khuvsgul,1960,DJF,0.013289097993381191
Khuvsgul,1960,JJA,0.8996479672237879
Khuvsgul,1960,MAM,0.1570928399341566
Khuvsgul,1960,SON,0.21699806232205046
Khuvsgul,1961,DJF,0.2469762229886989
Khuvsgul,1961,JJA,0.6127227609386667
Khuvsgul,1961,MAM,0.11751359580210781
Khuvsgul,1961,SON,0.04998698065303139
Khuvsgul,1962,DJF,-0.10645397188171835
Khuvsgul,1962,JJA,0.3728753530093301
Khuvsgul,1962,MAM,-0.2574567047627199
Khuvsgul,1962,SON,-0.47410223654619144
Khuvsgul,1963,DJF,-0.5277867044811461
Khuvsgul,1963,JJA,0.5202944911460473
Khuvsgul,1963,MAM,0.1926762717467715
Khuvsgul,1963,SON,0.4048614761755737
Khuvsgul,1964,DJF,-0.5234159063541622
Khuvsgul,1964,JJA,0.27296619761402297
Khuvsgul,1964,MAM,1.728485167034034
Khuvsgul,1964,SON,0.9864336764268975
Khuvsgul,1965,DJF,0.41324482586286443
Khuvsgul,1965,JJA,0.7108772614350326
Khuvsgul,1965,MAM,0.7569532711982471
Khuvsgul,1965,SON,0.10542239581944703
Khuvsgul,1966,DJF,1.4750690392902623
Khuvsgul,1966,JJA,0.5508305713481833
Khuvsgul,1966,MAM,1.173307313579935
Khuvsgul,1966,SON,-0.6227509745869365
Khuvsgul,1967,DJF,-0.08673995898900645
Khuvsgul,1967,JJA,1.3360722098455866
Khuvsgul,1967,MAM,0.39108678014870735
Khuvsgul,1967,SON,1.0439196719934392
Khuvsgul,1968,DJF,-0.020193369720969828
Khuvsgul,1968,JJA,-0.3192522090009579
Khuvsgul,1968,MAM,0.7844411682705995
Khuvsgul,1968,SON,1.4780908115167197
Khuvsgul,1969,DJF,0.7268685761857729
Khuvsgul,1969,JJA,-0.21471702268036622
Khuvsgul,1969,MAM,0.7691129223836478
Khuvsgul,1969,SON,0.7610594027772783
Khuvsgul,1970,DJF,0.1601330210672432
Khuvsgul,1970,JJA,-0.7802613196001219
Khuvsgul,1970,MAM,0.8339699163179659
Khuvsgul,1970,SON,0.43745421311815486
Khuvsgul,1971,DJF,0.2152324000800866
Khuvsgul,1971,JJA,0.6557081014574344
Khuvsgul,1971,MAM,-0.047393180008056104
Khuvsgul,1971,SON,0.15946713932120607
Khuvsgul,1972,DJF,-0.15688874834561775
Khuvsgul,1972,JJA,0.26271686680986306
Khuvsgul,1972,MAM,-0.07633253086102958
Khuvsgul,1972,SON,0.9485289999572972
Khuvsgul,1973,DJF,1.0713389544576886
Khuvsgul,1973,JJA,1.2283395366469443
Khuvsgul,1973,MAM,0.5757521117054103
Khuvsgul,1973,SON,1.1811812338433443
Khuvsgul,1974,DJF,-0.009576130519474828
Khuvsgul,1974,JJA,-0.8067976436453815
Khuvsgul,1974,MAM,0.2639747553255102
Khuvsgul,1974,SON,-0.10371916116563851
Khuvsgul,1975,DJF,-0.49784753629708073
Khuvsgul,1975,JJA,0.28501120418118914
Khuvsgul,1975,MAM,1.7781790747523287
Khuvsgul,1975,SON,0.04346688971452687
Khuvsgul,1976,DJF,-0.15424607402818682
Khuvsgul,1976,JJA,0.407480540083558
Khuvsgul,1976,MAM,1.8391629459564922
Khuvsgul,1976,SON,-0.09411968941920415
Khuvsgul,1977,DJF,0.5818975682708568
Khuvsgul,1977,JJA,0.5682227130547997
Khuvsgul,1977,MAM,1.2658329326452342
Khuvsgul,1977,SON,-0.8323096313518429
Khuvsgul,1978,DJF,-0.8435869899145665
Khuvsgul,1978,JJA,-0.7712500323348781
Khuvsgul,1978,MAM,-0.2741947328346738
Khuvsgul,1978,SON,-0.5515947757790052
Khuvsgul,1979,DJF,0.4722002913194482
Khuvsgul,1979,JJA,-0.4169847672424607
Khuvsgul,1979,MAM,0.8748914056558416
Khuvsgul,1979,SON,0.5252252006168391
Khuvsgul,1980,DJF,0.4131744563147509
Khuvsgul,1980,JJA,-0.1212534888275609
Khuvsgul,1980,MAM,0.6437793797233969
Khuvsgul,1980,SON,-0.07745666903372994
Khuvsgul,1981,DJF,0.4615838847765858
Khuvsgul,1981,JJA,0.14659695789427996
Khuvsgul,1981,MAM,0.9274385907977684
Khuvsgul,1981,SON,1.1267605312019504
Khuvsgul,1982,DJF,-0.16556539481011182
Khuvsgul,1982,JJA,0.8416999188183734
Khuvsgul,1982,MAM,0.7392722430967418
Khuvsgul,1982,SON,0.3365135649850671
Khuvsgul,1983,DJF,0.5214512476474716
Khuvsgul,1983,JJA,1.6143067851667638
Khuvsgul,1983,MAM,0.581362722915646
Khuvsgul,1983,SON,0.4412271462573979
Khuvsgul,1984,DJF,-0.7004031938746218
Khuvsgul,1984,JJA,1.0870398195918627
Khuvsgul,1984,MAM,0.08271069171106651
Khuvsgul,1984,SON,2.0279801105674857
Khuvsgul,1985,DJF,0.5236759260544236
Khuvsgul,1985,JJA,0.25954914242883864
Khuvsgul,1985,MAM,1.3297044077211646
Khuvsgul,1985,SON,0.3056984798448658
Khuvsgul,1986,DJF,0.5082612921537651
Khuvsgul,1986,JJA,1.6314050956419253
Khuvsgul,1986,MAM,1.0087381224837537
Khuvsgul,1986,SON,0.13077060334886756
Khuvsgul,1987,DJF,0.4893592160847241
Khuvsgul,1987,JJA,0.3745090561931153
Khuvsgul,1987,MAM,0.4664624935743481
Khuvsgul,1987,SON,0.607830461317472
Khuvsgul,1988,DJF,0.6314123777761155
Khuvsgul,1988,JJA,0.0949219214841859
Khuvsgul,1988,MAM,0.5081101721584803
Khuvsgul,1988,SON,-0.7437228110985574
Khuvsgul,1989,DJF,-0.6132200193333183
Khuvsgul,1989,JJA,0.9651088029045017
Khuvsgul,1989,MAM,-0.08751092098431584
Khuvsgul,1989,SON,0.8728074817973792
Khuvsgul,1990,DJF,0.010046408524913696
Khuvsgul,1990,JJA,1.2174027258153712
Khuvsgul,1990,MAM,0.41136143067518965
Khuvsgul,1990,SON,0.666355653126703
Khuvsgul,1991,DJF,-0.03906028443504201
Khuvsgul,1991,JJA,0.689963783309701
Khuvsgul,1991,MAM,0.08266908187558249
Khuvsgul,1991,SON,0.8444246315617195
Khuvsgul,1992,DJF,-0.38201703484951327
Khuvsgul,1992,JJA,0.40199241719898804
Khuvsgul,1992,MAM,-1.0037394376837845
Khuvsgul,1992,SON,1.5598382820948862
Khuvsgul,1993,DJF,0.4547516840999757
Khuvsgul,1993,JJA,1.398070543233858
Khuvsgul,1993,MAM,0.5722079563469867
Khuvsgul,1993,SON,0.5868380528590553
Khuvsgul,1994,DJF,0.20436851073536777
Khuvsgul,1994,JJA,1.7218169062368096
Khuvsgul,1994,MAM,0.310621756203914
Khuvsgul,1994,SON,0.8316440929594995
Khuvsgul,1995,DJF,0.06912453378029498
Khuvsgul,1995,JJA,-0.17319858367847404
Khuvsgul,1995,MAM,0.38336964706214255
Khuvsgul,1995,SON,-0.6118984968923769
Khuvsgul,1996,DJF,-1.3582481762459173
Khuvsgul,1996,JJA,-0.30354295088061123
Khuvsgul,1996,MAM,-0.6995989555126709
Khuvsgul,1996,SON,-0.4744421201522759
Khuvsgul,1997,DJF,0.5290390690198719
Khuvsgul,1997,JJA,-0.1218928196667874
Khuvsgul,1997,MAM,-1.2784460962616988
Khuvsgul,1997,SON,0.11444431891950073
Khuvsgul,1998,DJF,-1.2819762031105297
Khuvsgul,1998,JJA,0.44373983393055927
Khuvsgul,1998,MAM,-0.35172521718767774
Khuvsgul,1998,SON,0.7460541565108058
Khuvsgul,1999,DJF,-0.16405000758458044
Khuvsgul,1999,JJA,-0.6121881862488595
Khuvsgul,1999,MAM,-0.15663358099644084
Khuvsgul,1999,SON,-0.3182819040701706
Khuvsgul,2000,DJF,-0.3693888390678748
Khuvsgul,2000,JJA,-0.723710661992258
Khuvsgul,2000,MAM,-0.1744986066229922
Khuvsgul,2000,SON,-0.17719605625430618
Khuvsgul,2001,DJF,0.8022083228187905
Khuvsgul,2001,JJA,0.27006173686549756
Khuvsgul,2001,MAM,0.6090729544077808
Khuvsgul,2001,SON,-1.0619842164182287
Khuvsgul,2002,DJF,-0.3988895238907277
Khuvsgul,2002,JJA,-1.0474499222430993
Khuvsgul,2002,MAM,-0.02806859893968093
Khuvsgul,2002,SON,-1.6166978185458332
Khuvsgul,2003,DJF,0.7204112522573534
Khuvsgul,2003,JJA,0.5112684149846211
Khuvsgul,2003,MAM,1.1607523184002875
Khuvsgul,2003,SON,1.177529230916309
Khuvsgul,2004,DJF,-0.34531256692275575
Khuvsgul,2004,JJA,-0.05397413450656276
Khuvsgul,2004,MAM,-0.03617769486131706
Khuvsgul,2004,SON,-0.18255195539974742
Khuvsgul,2005,DJF,0.2504225697434025
Khuvsgul,2005,JJA,-0.3171970788821601
Khuvsgul,2005,MAM,0.03934100305771845
Khuvsgul,2005,SON,0.0669515422965968
Khuvsgul,2006,DJF,-0.5395271096549139
Khuvsgul,2006,JJA,0.8643441791540059
Khuvsgul,2006,MAM,0.49861480809077857
Khuvsgul,2006,SON,-0.20692217323924916
Khuvsgul,2007,DJF,-0.793152098695011
Khuvsgul,2007,JJA,-0.29359743422985946
Khuvsgul,2007,MAM,-0.6946597247865607
Khuvsgul,2007,SON,-0.7936137635288403
Khuvsgul,2008,DJF,-0.7230690931657722
Khuvsgul,2008,JJA,0.026245445671569702
Khuvsgul,2008,MAM,-0.627429863100516
Khuvsgul,2008,SON,0.4543337270174236
Khuvsgul,2009,DJF,0.0565745368999866
Khuvsgul,2009,JJA,-0.4832452560942576
Khuvsgul,2009,MAM,-0.9602166055935302
Khuvsgul,2009,SON,-0.21691366917280136
Khuvsgul,2010,DJF,0.8029931832537327
Khuvsgul,2010,JJA,-0.4777820253061413
Khuvsgul,2010,MAM,0.8522589647870492
Khuvsgul,2010,SON,-0.06664908629078296
Khuvsgul,2011,DJF,1.0728920460724016
Khuvsgul,2011,JJA,-0.22366057014715038
Khuvsgul,2011,MAM,0.19786817247901373
Khuvsgul,2011,SON,-1.577377869395863
Khuvsgul,2012,DJF,-0.5590708092393482
Khuvsgul,2012,JJA,-0.32312664717811723
Khuvsgul,2012,MAM,-0.31161971926228993
Khuvsgul,2012,SON,-0.7617065505121813
Khuvsgul,2013,DJF,0.9818515267335473
Khuvsgul,2013,JJA,-0.16801928194273236
Khuvsgul,2013,MAM,-0.2025537529473849
Khuvsgul,2013,SON,0.5061057782607558
Khuvsgul,2014,DJF,0.4943898409097429
Khuvsgul,2014,JJA,-0.34500591333168046
Khuvsgul,2014,MAM,0.21169051092713356
Khuvsgul,2014,SON,-0.9821625644063513
Khuvsgul,2015,DJF,-0.4100345696639012
Khuvsgul,2015,JJA,-1.2838423783820223
Khuvsgul,2015,MAM,0.011758384421356023
Khuvsgul,2015,SON,0.05013421187028151
Khuvsgul,2016,DJF,0.10116133487019408
Khuvsgul,2016,JJA,0.7666746470973592
Khuvsgul,2016,MAM,1.257757278019549
Khuvsgul,2016,SON,1.2571328296956452
Khuvsgul,2017,DJF,0.7935762815792591
Khuvsgul,2017,JJA,-1.4593779567426926
Khuvsgul,2017,MAM,-0.6871136798671565
Khuvsgul,2017,SON,0.419192622223958
Khuvsgul,2018,DJF,0.05241617521360305
Khuvsgul,2018,JJA,-0.25856424665853706
Khuvsgul,2018,MAM,0.03872494636528725
Khuvsgul,2018,SON,0.7916446642451582
Khuvsgul,2019,DJF,-0.6197175495239021
Khuvsgul,2019,JJA,0.9920203378853331
Khuvsgul,2019,MAM,-0.8520936111304449
Khuvsgul,2019,SON,-0.3898542640161423
Khuvsgul,2020,DJF,0.4024552448732589
Khuvsgul,2020,JJA,0.25676507940226745
Khuvsgul,2020,MAM,-0.9302022812029721
Khuvsgul,2020,SON,0.8184167016594998
Khuvsgul,2021,DJF,0.10559411411775663
Khuvsgul,2021,JJA,1.2324210420304569
Khuvsgul,2021,MAM,0.8899827563724904
Khuvsgul,2021,SON,1.2888149746014652
Khuvsgul,2022,DJF,-0.3699473160138128
Khuvsgul,2022,JJA,-1.4058510204765824
Khuvsgul,2022,MAM,-1.0253468776981483
Khuvsgul,2022,SON,-0.5697776548592284
Khuvsgul,2023,DJF,-0.01613702784029747
Khuvsgul,2023,JJA,0.6229821116701986
Khuvsgul,2023,MAM,0.2695962467375868
Khuvsgul,2023,SON,0.9940213775997123
Khuvsgul,2024,DJF,0.7788345107103927
Khuvsgul,2024,JJA,-0.7328732506583118
Khuvsgul,2024,MAM,-0.34711928345144233
Khuvsgul,2024,SON,0.08272876230668762
Khuvsgul,2025,DJF,-0.14487467281779323
Orkhon,1950,DJF,-0.21793132410496235
Orkhon,1950,JJA,3.1046412897516613
Orkhon,1950,MAM,1.2415923880961144
Orkhon,1950,SON,1.9986030289769032
Orkhon,1951,DJF,1.2098364288101793
Orkhon,1951,JJA,-0.02026846059919857
Orkhon,1951,MAM,2.097635802459218
Orkhon,1951,SON,-0.43921306527942583
Orkhon,1952,DJF,-0.3574526920381064
Orkhon,1952,JJA,1.0946544297439258
Orkhon,1952,MAM,0.44251448764494283
Orkhon,1952,SON,1.2534190294320444
Orkhon,1953,DJF,1.1050623060331164
Orkhon,1953,JJA,1.2439914168579984
Orkhon,1953,MAM,1.9363529115205325
Orkhon,1953,SON,-0.5911329684447997
Orkhon,1954,DJF,0.05266389597358636
Orkhon,1954,JJA,0.653704152265831
Orkhon,1954,MAM,1.8377708787587597
Orkhon,1954,SON,1.4391648785331117
Orkhon,1955,DJF,0.3981402708125547
Orkhon,1955,JJA,0.14220806306661257
Orkhon,1955,MAM,2.198431395763545
Orkhon,1955,SON,0.7470536978224941
Orkhon,1956,DJF,-0.5279682472375412
Orkhon,1956,JJA,1.7870104908148552
Orkhon,1956,MAM,0.1827077070122237
Orkhon,1956,SON,1.1793341521371827
Orkhon,1957,DJF,0.5557144885853079
Orkhon,1957,JJA,0.7043857426490763
Orkhon,1957,MAM,1.4851259927639429
Orkhon,1957,SON,1.2854760781143308
Orkhon,1958,DJF,-0.33352977034041065
Orkhon,1958,JJA,0.236519875834376
Orkhon,1958,MAM,2.761709736746748
Orkhon,1958,SON,-0.14773564952929383
Orkhon,1959,DJF,-1.1723051380631273
Orkhon,1959,JJA,1.270068213850435
Orkhon,1959,MAM,0.5170066630585475
Orkhon,1959,SON,1.000842917026361
Orkhon,1960,DJF,0.45515206268243935
Orkhon,1960,JJA,1.0511678206811144
Orkhon,1960,MAM,1.1081660297068547
Orkhon,1960,SON,0.35241571611281497
Orkhon,1961,DJF,-0.37367482216150905
Orkhon,1961,JJA,0.03092590136777486
Orkhon,1961,MAM,-0.8345263050804553
Orkhon,1961,SON,0.4920410011383025
Orkhon,1962,DJF,0.00789216157882287
Orkhon,1962,JJA,0.690623601090913
Orkhon,1962,MAM,0.5807437376703188
Orkhon,1962,SON,0.5855819138973478
Orkhon,1963,DJF,-0.030196865613347113
Orkhon,1963,JJA,1.3801608634040181
Orkhon,1963,MAM,0.4578041119206207
Orkhon,1963,SON,0.8270021653447557
Orkhon,1964,DJF,-0.05468014362254243
Orkhon,1964,JJA,2.2582646084993807
Orkhon,1964,MAM,2.8627270797793756
Orkhon,1964,SON,1.4672808308401617
Orkhon,1965,DJF,0.3822099635067411
Orkhon,1965,JJA,0.855925940267963
Orkhon,1965,MAM,0.19150659459847713
Orkhon,1965,SON,-0.5440096919575367
Orkhon,1966,DJF,0.5662430327087404
Orkhon,1966,JJA,0.7117173452062432
Orkhon,1966,MAM,1.635679375530602
Orkhon,1966,SON,-0.22215457235831826
Orkhon,1967,DJF,0.5447112771509053
Orkhon,1967,JJA,1.5599577847757475
Orkhon,1967,MAM,1.6354658384947027
Orkhon,1967,SON,0.37428957182847356
Orkhon,1968,DJF,0.8911246113247222
Orkhon,1968,JJA,0.4666172223290798
Orkhon,1968,MAM,1.7233388788962702
Orkhon,1968,SON,0.8049952849412885
Orkhon,1969,DJF,0.9669532973244971
Orkhon,1969,JJA,0.4640789296866655
Orkhon,1969,MAM,1.3563283274757356
Orkhon,1969,SON,1.5482195985305744
Orkhon,1970,DJF,1.430882694309215
Orkhon,1970,JJA,0.04093136891941734
Orkhon,1970,MAM,1.5784363877961667
Orkhon,1970,SON,1.7466110052024346
Orkhon,1971,DJF,1.3607310765912055
Orkhon,1971,JJA,2.598304592245709
Orkhon,1971,MAM,2.349559674460691
Orkhon,1971,SON,-0.06956129072937389
Orkhon,1972,DJF,-0.12104800756238224
Orkhon,1972,JJA,0.424719251384773
Orkhon,1972,MAM,0.6124370359107307
Orkhon,1972,SON,2.104120064986141
Orkhon,1973,DJF,0.7438239108728847
Orkhon,1973,JJA,2.1145030491649535
Orkhon,1973,MAM,1.0228659568057066
Orkhon,1973,SON,2.350851845661125
Orkhon,1974,DJF,0.4117046401082529
Orkhon,1974,JJA,0.16598544712095192
Orkhon,1974,MAM,0.6203666538577279
Orkhon,1974,SON,1.138839014009707
Orkhon,1975,DJF,-0.1304369738860832
Orkhon,1975,JJA,0.8433589602628164
Orkhon,1975,MAM,1.6234076874923287
Orkhon,1975,SON,0.7761037268987654
Orkhon,1976,DJF,0.29980432195812434
Orkhon,1976,JJA,1.6878904328225293
Orkhon,1976,MAM,2.7923746748280696
Orkhon,1976,SON,1.2819120469855239
Orkhon,1977,DJF,1.208352111218476
Orkhon,1977,JJA,0.20933508162959427
Orkhon,1977,MAM,1.4490102099123292
Orkhon,1977,SON,-1.2879898485066206
Orkhon,1978,DJF,-0.004992805822076174
Orkhon,1978,JJA,0.49467921027867745
Orkhon,1978,MAM,0.2063105589771435
Orkhon,1978,SON,-0.07280124047110781
Orkhon,1979,DJF,1.1650930218979083
Orkhon,1979,JJA,0.03740852382213485
Orkhon,1979,MAM,2.510838213796914
Orkhon,1979,SON,1.215438825045265
Orkhon,1980,DJF,1.740155216175885
Orkhon,1980,JJA,-0.7542640827162044
Orkhon,1980,MAM,1.5013297746069798
Orkhon,1980,SON,-0.47015576456104746
Orkhon,1981,DJF,0.9944649111220486
Orkhon,1981,JJA,0.45478510761780877
Orkhon,1981,MAM,1.758213270786453
Orkhon,1981,SON,0.9552134643293739
Orkhon,1982,DJF,0.1154668922651081
Orkhon,1982,JJA,1.3638113134895093
Orkhon,1982,MAM,1.1293793065811066
Orkhon,1982,SON,0.723585426596623
Orkhon,1983,DJF,0.6914308754688009
Orkhon,1983,JJA,1.119878075352479
Orkhon,1983,MAM,-0.06152110784883728
Orkhon,1983,SON,0.03355886454953174
Orkhon,1984,DJF,-0.17754066543877256
Orkhon,1984,JJA,0.5177902334672659
Orkhon,1984,MAM,0.6862529765197625
Orkhon,1984,SON,1.3202419725547585
Orkhon,1985,DJF,0.5602985475181884
Orkhon,1985,JJA,1.4875344861342739
Orkhon,1985,MAM,1.955754061446149
Orkhon,1985,SON,0.9593263159231896
Orkhon,1986,DJF,0.6257585454158516
Orkhon,1986,JJA,0.6099259576830703
Orkhon,1986,MAM,1.4644136913134522
Orkhon,1986,SON,-0.45702111960386793
Orkhon,1987,DJF,1.055275814079876
Orkhon,1987,JJA,-0.002505725584963994
Orkhon,1987,MAM,0.4054029006565065
Orkhon,1987,SON,0.8535167322977013
Orkhon,1988,DJF,0.12288132786882439
Orkhon,1988,JJA,1.0127982748288373
Orkhon,1988,MAM,1.3629054484104937
Orkhon,1988,SON,0.8568641154862358
Orkhon,1989,DJF,-0.13958830984064674
Orkhon,1989,JJA,0.21477539491567335
Orkhon,1989,MAM,-0.35936337340403374
Orkhon,1989,SON,1.22477405109073
Orkhon,1990,DJF,0.10310216349771624
Orkhon,1990,JJA,1.5338648100518975
Orkhon,1990,MAM,-0.11306531359328771
Orkhon,1990,SON,0.8813564791723814
Orkhon,1991,DJF,-0.6821617777702866
Orkhon,1991,JJA,0.7463900199790093
Orkhon,1991,MAM,0.3440962807264062
Orkhon,1991,SON,0.4120942004819831
Orkhon,1992,DJF,-0.15033295446069928
Orkhon,1992,JJA,0.5295892316473382
Orkhon,1992,MAM,-0.8307850394207441
Orkhon,1992,SON,1.2206575801819937
Orkhon,1993,DJF,0.6888164898876957
Orkhon,1993,JJA,1.4677363969203892
Orkhon,1993,MAM,0.13081418893511215
Orkhon,1993,SON,1.1131198800095556
Orkhon,1994,DJF,0.45061591104211735
Orkhon,1994,JJA,2.1899356742138236
Orkhon,1994,MAM,0.811900385639355
Orkhon,1994,SON,2.0239238026996866
Orkhon,1995,DJF,0.06167466221841846
Orkhon,1995,JJA,0.15853332544908702
Orkhon,1995,MAM,0.8126969729902821
Orkhon,1995,SON,-0.31932680145999354
Orkhon,1996,DJF,-0.47193158601827834
Orkhon,1996,JJA,-0.577529154170207
Orkhon,1996,MAM,-0.5874100714458828
Orkhon,1996,SON,-0.922024594211023
Orkhon,1997,DJF,0.9488474533550743
Orkhon,1997,JJA,0.4589115693349965
Orkhon,1997,MAM,-0.15684972915271686
Orkhon,1997,SON,-0.6282918707621313
Orkhon,1998,DJF,-1.4724399181065584
Orkhon,1998,JJA,1.016393903400003
Orkhon,1998,MAM,-1.1466952973707047
Orkhon,1998,SON,1.3299276038124395
Orkhon,1999,DJF,-0.6065851233991513
Orkhon,1999,JJA,0.019588505697850568
Orkhon,1999,MAM,0.2667064295731698
Orkhon,1999,SON,0.6003677371776969
Orkhon,2000,DJF,-0.11842741594986506
Orkhon,2000,JJA,-0.14483320115807913
Orkhon,2000,MAM,0.6607794996889583
Orkhon,2000,SON,0.3865242369567007
Orkhon,2001,DJF,0.9237492694657038
Orkhon,2001,JJA,0.17392386702942247
Orkhon,2001,MAM,1.47754429313138
Orkhon,2001,SON,-0.8717905330960203
Orkhon,2002,DJF,0.2087892604802156
Orkhon,2002,JJA,-1.540840122985484
Orkhon,2002,MAM,-0.32627820589479506
Orkhon,2002,SON,-1.6762353151460476
Orkhon,2003,DJF,1.4788392626943638
Orkhon,2003,JJA,-0.4629593183565328
Orkhon,2003,MAM,1.1902981048451498
Orkhon,2003,SON,0.3152540053258344
Orkhon,2004,DJF,0.505151963916759
Orkhon,2004,JJA,0.15847469028096656
Orkhon,2004,MAM,1.1517109003737143
Orkhon,2004,SON,-0.2213960813289678
Orkhon,2005,DJF,-0.32060529945718164
Orkhon,2005,JJA,-0.18908074169089667
Orkhon,2005,MAM,-0.29133232327873204
Orkhon,2005,SON,-0.4418322368817084
Orkhon,2006,DJF,-0.8343050039353309
Orkhon,2006,JJA,0.22722612758109256
Orkhon,2006,MAM,0.399166546515962
Orkhon,2006,SON,-0.5310816618172827
Orkhon,2007,DJF,-1.0955079727699506
Orkhon,2007,JJA,-0.014914625031722067
Orkhon,2007,MAM,-0.5823277267715091
Orkhon,2007,SON,0.3378029124298968
Orkhon,2008,DJF,-0.8556133323122067
Orkhon,2008,JJA,1.383440347403985
Orkhon,2008,MAM,-0.5522984221146794
Orkhon,2008,SON,-1.1343040282304415
Orkhon,2009,DJF,-0.9928575003522163
Orkhon,2009,JJA,-0.8117550075790266
Orkhon,2009,MAM,-0.8961653230752462
Orkhon,2009,SON,-0.5267672927026137
Orkhon,2010,DJF,0.669501251013049
Orkhon,2010,JJA,-1.0324838604489281
Orkhon,2010,MAM,1.1493097054109755
Orkhon,2010,SON,-0.6096347990899889
Orkhon,2011,DJF,0.7375438510729493
Orkhon,2011,JJA,-0.24240507295334834
Orkhon,2011,MAM,0.9352685698295661
Orkhon,2011,SON,-1.2380872964485166
Orkhon,2012,DJF,-0.5335830802746524
Orkhon,2012,JJA,0.4441898678313524
Orkhon,2012,MAM,-0.5930123358450896
Orkhon,2012,SON,-0.22352697748194245
Orkhon,2013,DJF,1.3146260041584332
Orkhon,2013,JJA,0.3948272143232693
Orkhon,2013,MAM,0.4627755118801578
Orkhon,2013,SON,1.0655657397765181
Orkhon,2014,DJF,0.25526214410903564
Orkhon,2014,JJA,-0.6711699019757329
Orkhon,2014,MAM,-0.28841909776637364
Orkhon,2014,SON,-0.3292794248559867
Orkhon,2015,DJF,-1.1178813868561313
Orkhon,2015,JJA,-0.8400526321336922
Orkhon,2015,MAM,-1.1023783436871426
Orkhon,2015,SON,1.2636006535101474
Orkhon,2016,DJF,-0.40841148246588477
Orkhon,2016,JJA,0.4098695988019411
Orkhon,2016,MAM,0.46956040150850464
Orkhon,2016,SON,-0.24611278418824775
Orkhon,2017,DJF,1.0011943311678082
Orkhon,2017,JJA,-1.9432363011204183
Orkhon,2017,MAM,-0.1969218065424191
Orkhon,2017,SON,0.6563032125657324
Orkhon,2018,DJF,1.014716069106233
Orkhon,2018,JJA,-1.173590079432933
Orkhon,2018,MAM,-0.7884183837251754
Orkhon,2018,SON,-0.3495119906040851
Orkhon,2019,DJF,-1.1050050993426115
Orkhon,2019,JJA,-0.05255626639687079
Orkhon,2019,MAM,-2.025493250214866
Orkhon,2019,SON,-0.350199200199746
Orkhon,2020,DJF,0.007395272605156088
Orkhon,2020,JJA,-0.9396701818571619
Orkhon,2020,MAM,-1.4411817643955238
Orkhon,2020,SON,-0.019410995531852993
Orkhon,2021,DJF,-0.45732043006638134
Orkhon,2021,JJA,1.8362750301538227
Orkhon,2021,MAM,1.2516007533924378
Orkhon,2021,SON,1.6627999201838006
Orkhon,2022,DJF,-1.1406410065135348
Orkhon,2022,JJA,0.08028514495929702
Orkhon,2022,MAM,-1.0391441528409822
Orkhon,2022,SON,0.3701973560153072
Orkhon,2023,DJF,-0.43923247255242115
Orkhon,2023,JJA,1.4674848892698735
Orkhon,2023,MAM,-0.5627308623003919
Orkhon,2023,SON,1.9850536713679885
Orkhon,2024,DJF,0.5357302096326702
Orkhon,2024,JJA,0.5764172170685461
Orkhon,2024,MAM,-0.19364972624035678
Orkhon,2024,SON,-0.13143282395409048
Orkhon,2025,DJF,-0.12206960568610353
Selenge,1950,DJF,-0.3851805146727996
Selenge,1950,JJA,2.3994389607855666
Selenge,1950,MAM,0.9152789094062007
Selenge,1950,SON,1.2934314124873751
Selenge,1951,DJF,0.6267236864323336
Selenge,1951,JJA,-0.08989173058594246
Selenge,1951,MAM,2.271675044822686
Selenge,1951,SON,-0.000244993612128196
Selenge,1952,DJF,-0.335373709740087
Selenge,1952,JJA,1.046141819711996
Selenge,1952,MAM,0.1509827328370619
Selenge,1952,SON,1.1177928638012262
Selenge,1953,DJF,-0.28472626651689287
Selenge,1953,JJA,0.36622783029623945
Selenge,1953,MAM,0.18472830824812214
Selenge,1953,SON,-0.9041874593434703
Selenge,1954,DJF,-0.0898050229373408
Selenge,1954,JJA,-0.10204661624871537
Selenge,1954,MAM,0.9976052555620277
Selenge,1954,SON,0.7436107094491488
Selenge,1955,DJF,-0.7340159165780219
Selenge,1955,JJA,0.034175393680655405
Selenge,1955,MAM,1.5220502141967494
Selenge,1955,SON,0.19294975696651037
Selenge,1956,DJF,-0.9844410761205352
Selenge,1956,JJA,0.18794979802213718
Selenge,1956,MAM,0.5247469100715096
Selenge,1956,SON,0.2383613521938861
Selenge,1957,DJF,-0.44739238870850384
Selenge,1957,JJA,0.66245462252781
Selenge,1957,MAM,1.280524716518574
Selenge,1957,SON,0.7950269170513262
Selenge,1958,DJF,-0.6468160125975777
Selenge,1958,JJA,-0.4814585271769602
Selenge,1958,MAM,2.1041059851403996
Selenge,1958,SON,-0.6108204385204471
Selenge,1959,DJF,-1.4980061218298948
Selenge,1959,JJA,1.161183020716478
Selenge,1959,MAM,0.6440108009531246
Selenge,1959,SON,0.7105743908345097
Selenge,1960,DJF,-0.11574620954831959
Selenge,1960,JJA,0.33688756072024156
Selenge,1960,MAM,0.7885028677203424
Selenge,1960,SON,-0.05960805154441486
Selenge,1961,DJF,-1.142190477173184
Selenge,1961,JJA,-0.31345572045642495
Selenge,1961,MAM,-1.103083085646128
Selenge,1961,SON,0.1220837716526114
Selenge,1962,DJF,0.6363144605551351
Selenge,1962,JJA,0.5385899144693209
Selenge,1962,MAM,0.5317022246892741
Selenge,1962,SON,0.3431644616933306
Selenge,1963,DJF,-0.41662533519254685
Selenge,1963,JJA,0.7427454057965686
Selenge,1963,MAM,0.09295799636671719
Selenge,1963,SON,0.7710214610375677
Selenge,1964,DJF,-0.6024737877775082
Selenge,1964,JJA,1.8987649405207265
Selenge,1964,MAM,2.2900758991409584
Selenge,1964,SON,0.6480768852770904
Selenge,1965,DJF,0.17412633098350863
Selenge,1965,JJA,0.11453770105590064
Selenge,1965,MAM,-0.13123115514503358
Selenge,1965,SON,-0.2781751170929155
Selenge,1966,DJF,0.9942481134313219
Selenge,1966,JJA,1.1107966357145298
Selenge,1966,MAM,1.350395048953713
Selenge,1966,SON,-0.07428480890799757
Selenge,1967,DJF,0.48761102569026493
Selenge,1967,JJA,2.0759105896792898
Selenge,1967,MAM,1.4035673077969677
Selenge,1967,SON,0.2076352397626119
Selenge,1968,DJF,0.6077841694155978
Selenge,1968,JJA,0.6944166363253553
Selenge,1968,MAM,1.5559616290080394
Selenge,1968,SON,0.5480097685956317
Selenge,1969,DJF,0.3194329824915694
Selenge,1969,JJA,-0.42986231393491475
Selenge,1969,MAM,0.6931211301228767
Selenge,1969,SON,1.4452871016085387
Selenge,1970,DJF,0.8914158509769823
Selenge,1970,JJA,0.6128432609729872
Selenge,1970,MAM,1.474655148774921
Selenge,1970,SON,1.6256372296679418
Selenge,1971,DJF,0.2828329372589589
Selenge,1971,JJA,2.7764901837832814
Selenge,1971,MAM,1.4843230888027799
Selenge,1971,SON,0.1504616907761803
Selenge,1972,DJF,-0.4158718563076588
Selenge,1972,JJA,-0.21370685885013727
Selenge,1972,MAM,0.8177362518757705
Selenge,1972,SON,1.3130668038752087
Selenge,1973,DJF,0.17629376512452563
Selenge,1973,JJA,2.1736763574976754
Selenge,1973,MAM,0.8611325310459165
Selenge,1973,SON,1.9999902817681727
Selenge,1974,DJF,0.27898916370429283
Selenge,1974,JJA,0.23460215287165265
Selenge,1974,MAM,0.8165557883822475
Selenge,1974,SON,1.2492702088800882
Selenge,1975,DJF,0.11906651168855387
Selenge,1975,JJA,1.304795959389204
Selenge,1975,MAM,1.6046519447816467
Selenge,1975,SON,0.6632544216284607
Selenge,1976,DJF,0.13756131296493432
Selenge,1976,JJA,0.8935914261355743
Selenge,1976,MAM,1.518742307533932
Selenge,1976,SON,0.6161743864798251
Selenge,1977,DJF,0.30953207242982256
Selenge,1977,JJA,-0.12286045913424218
Selenge,1977,MAM,1.2898072484366725
Selenge,1977,SON,-0.922897340412123
Selenge,1978,DJF,0.07430198035707328
Selenge,1978,JJA,0.9418860611347982
Selenge,1978,MAM,1.1416755064495567
Selenge,1978,SON,0.06409559861259549
Selenge,1979,DJF,0.2686391068926187
Selenge,1979,JJA,-0.5200198750271016
Selenge,1979,MAM,1.6006093369166285
Selenge,1979,SON,-0.14653171089744127
Selenge,1980,DJF,0.7791627856966331
Selenge,1980,JJA,-0.8945183685104491
Selenge,1980,MAM,1.0768989530505935
Selenge,1980,SON,-0.8757035676719291
Selenge,1981,DJF,0.5759027652420593
Selenge,1981,JJA,0.6503325202184523
Selenge,1981,MAM,1.8426341811369127
Selenge,1981,SON,0.7335654024042312
Selenge,1982,DJF,-0.2722163080433548
Selenge,1982,JJA,1.4864529328675986
Selenge,1982,MAM,0.19857178989340174
Selenge,1982,SON,0.9101970565091444
Selenge,1983,DJF,0.4575026720996618
Selenge,1983,JJA,1.759421522297424
Selenge,1983,MAM,0.4714103153923715
Selenge,1983,SON,0.07629629158869919
Selenge,1984,DJF,-0.4027816968025552
Selenge,1984,JJA,0.6397004598140181
Selenge,1984,MAM,0.6799433834781627
Selenge,1984,SON,0.9021187739253923
Selenge,1985,DJF,0.6605528783636673
Selenge,1985,JJA,1.9412128441261094
Selenge,1985,MAM,1.6143650492534272
Selenge,1985,SON,0.7090520402037207
Selenge,1986,DJF,0.25854840609663404
Selenge,1986,JJA,0.5796016719529828
Selenge,1986,MAM,0.758090424035576
Selenge,1986,SON,-1.2424392253959609
Selenge,1987,DJF,0.7265663140637252
Selenge,1987,JJA,0.10855679961928376
Selenge,1987,MAM,0.4971834393590805
Selenge,1987,SON,0.2080107302183765
Selenge,1988,DJF,0.15569474472400552
Selenge,1988,JJA,1.9528559466404174
Selenge,1988,MAM,1.8729708367123548
Selenge,1988,SON,0.7405359904687706
Selenge,1989,DJF,-0.24364914838419044
Selenge,1989,JJA,-0.05057166699345082
Selenge,1989,MAM,-0.35444556653168147
Selenge,1989,SON,0.8774853530589566
Selenge,1990,DJF,0.2681215353556726
Selenge,1990,JJA,1.4650068412467312
Selenge,1990,MAM,-0.256448904298857
Selenge,1990,SON,0.9104500310890661
Selenge,1991,DJF,-0.39759278357068845
Selenge,1991,JJA,1.366519742430269
Selenge,1991,MAM,0.6966643460950969
Selenge,1991,SON,1.0280760705608
Selenge,1992,DJF,0.04300363255391726
Selenge,1992,JJA,0.3419679473321491
Selenge,1992,MAM,-0.28799691813555495
Selenge,1992,SON,1.2024238181410147
Selenge,1993,DJF,0.4672723277200264
Selenge,1993,JJA,1.259918872619049
Selenge,1993,MAM,0.7375922124330141
Selenge,1993,SON,1.1701754333857424
Selenge,1994,DJF,0.15660693677769305
Selenge,1994,JJA,1.1226165152499021
Selenge,1994,MAM,-0.03520681662549619
Selenge,1994,SON,1.6079662374587105
Selenge,1995,DJF,0.535396347521413
Selenge,1995,JJA,0.5580487537842141
Selenge,1995,MAM,1.4477193966535211
Selenge,1995,SON,-0.30724688207365547
Selenge,1996,DJF,-0.5906819690426919
Selenge,1996,JJA,-0.3524328280589212
Selenge,1996,MAM,-0.002044452600708187
Selenge,1996,SON,-0.9223149330521818
Selenge,1997,DJF,0.889851801635066
Selenge,1997,JJA,0.4225430002933963
Selenge,1997,MAM,-0.5593124836243689
Selenge,1997,SON,0.0038088567946787514
Selenge,1998,DJF,-1.1193665691455175
Selenge,1998,JJA,1.3307166073108254
Selenge,1998,MAM,-1.076061869864018
Selenge,1998,SON,1.0664484842702837
Selenge,1999,DJF,0.14544616579836
Selenge,1999,JJA,-0.4052780231308425
Selenge,1999,MAM,0.29734286977846736
Selenge,1999,SON,0.23423803348635575
Selenge,2000,DJF,-0.6107282646155535
Selenge,2000,JJA,-0.07710695713681975
Selenge,2000,MAM,-0.14021571421734788
Selenge,2000,SON,0.4636887340571133
Selenge,2001,DJF,1.1975100235711953
Selenge,2001,JJA,-0.8664601717213708
Selenge,2001,MAM,0.8811961156820786
Selenge,2001,SON,-0.4526203528671987
Selenge,2002,DJF,-0.3708232303409462
Selenge,2002,JJA,-0.8042090566668483
Selenge,2002,MAM,-0.0033292722626386897
Selenge,2002,SON,-1.344343225381071
Selenge,2003,DJF,0.7590373742031008
Selenge,2003,JJA,-0.2783712702522478
Selenge,2003,MAM,0.3058284744606554
Selenge,2003,SON,0.5851414137760137
Selenge,2004,DJF,0.5185123606850833
Selenge,2004,JJA,0.2207517274067422
Selenge,2004,MAM,1.1558200629264246
Selenge,2004,SON,-0.2942186187224782
Selenge,2005,DJF,0.426386350953466
Selenge,2005,JJA,0.08910258418665526
Selenge,2005,MAM,0.9139413336819152
Selenge,2005,SON,-1.3277991111194667
Selenge,2006,DJF,-0.8850878795872872
Selenge,2006,JJA,0.14977058568448123
Selenge,2006,MAM,0.3820738494182662
Selenge,2006,SON,-0.6758916185382841
Selenge,2007,DJF,-0.43741505701535693
Selenge,2007,JJA,0.025662662093914226
Selenge,2007,MAM,0.043982631791831595
Selenge,2007,SON,-0.5543769462368843
Selenge,2008,DJF,-0.3852939611108782
Selenge,2008,JJA,1.119959461787192
Selenge,2008,MAM,-1.1396351699889748
Selenge,2008,SON,-0.9733831568561712
Selenge,2009,DJF,-0.45358078853962897
Selenge,2009,JJA,-0.15272639114816444
Selenge,2009,MAM,-0.8385567450952601
Selenge,2009,SON,0.18382343910299365
Selenge,2010,DJF,0.46595795961623104
Selenge,2010,JJA,-0.9446350461145684
Selenge,2010,MAM,0.8198490928971841
Selenge,2010,SON,-0.8132524175332969
Selenge,2011,DJF,0.3137850032277626
Selenge,2011,JJA,-0.004445193044587341
Selenge,2011,MAM,0.8548690926722536
Selenge,2011,SON,-1.3251472657236596
Selenge,2012,DJF,-0.7481364048120798
Selenge,2012,JJA,0.5186706193372064
Selenge,2012,MAM,-0.24667500152935942
Selenge,2012,SON,-0.47912130424250454
Selenge,2013,DJF,1.2600329375040478
Selenge,2013,JJA,0.03764608725087726
Selenge,2013,MAM,-0.1041922716710756
Selenge,2013,SON,0.6834564688164613
Selenge,2014,DJF,-0.07969840520487918
Selenge,2014,JJA,-0.4274004810834965
Selenge,2014,MAM,-0.29881576854373776
Selenge,2014,SON,-1.1612997162031655
Selenge,2015,DJF,-0.637312052384579
Selenge,2015,JJA,-1.3724060113959544
Selenge,2015,MAM,-0.5433994788631084
Selenge,2015,SON,0.19515700886402523
Selenge,2016,DJF,-0.3894248563738026
Selenge,2016,JJA,-0.15217197077487174
Selenge,2016,MAM,0.1665072219533121
Selenge,2016,SON,0.08322088867637935
Selenge,2017,DJF,0.2576393519840194
Selenge,2017,JJA,-1.9872480602241653
Selenge,2017,MAM,-1.1173835932824936
Selenge,2017,SON,0.4758863037841598
Selenge,2018,DJF,0.4041073196717416
Selenge,2018,JJA,-0.5552109393600657
Selenge,2018,MAM,-0.47595042429699286
Selenge,2018,SON,0.866086221481339
Selenge,2019,DJF,-1.3111614782451235
Selenge,2019,JJA,-0.21297429232791432
Selenge,2019,MAM,-2.0036219646495543
Selenge,2019,SON,-0.45632669856176333
Selenge,2020,DJF,-0.2633030484219726
Selenge,2020,JJA,-0.0102031464204081
Selenge,2020,MAM,-1.3836378557590319
Selenge,2020,SON,0.460457232842076
Selenge,2021,DJF,-0.18454203586412088
Selenge,2021,JJA,1.9016784840074936
Selenge,2021,MAM,0.8688808840938602
Selenge,2021,SON,1.0838282133650978
Selenge,2022,DJF,-0.8061889237857623
Selenge,2022,JJA,0.13532069199014554
Selenge,2022,MAM,-1.1065176596151636
Selenge,2022,SON,-0.10921652939304856
Selenge,2023,DJF,-0.07163899662126107
Selenge,2023,JJA,0.8118019561551038
Selenge,2023,MAM,-0.15070670808190467
Selenge,2023,SON,1.3885634426541371
Selenge,2024,DJF,0.5814409265450952
Selenge,2024,JJA,0.6937191811354396
Selenge,2024,MAM,0.005093123071067419
Selenge,2024,SON,-0.476680224023386
Selenge,2025,DJF,0.40630225849578305
Sukhbaatar,1950,DJF,-0.08843740399243098
Sukhbaatar,1950,JJA,1.9063643609725138
Sukhbaatar,1950,MAM,0.5615366016526676
Sukhbaatar,1950,SON,0.7563107443905305
Sukhbaatar,1951,DJF,-0.1844459950915673
Sukhbaatar,1951,JJA,0.39144052319627015
Sukhbaatar,1951,MAM,2.6347812575933385
Sukhbaatar,1951,SON,1.695989665454855
Sukhbaatar,1952,DJF,-0.278126873225355
Sukhbaatar,1952,JJA,1.2590185991863598
Sukhbaatar,1952,MAM,2.046726069763747
Sukhbaatar,1952,SON,1.4615000590422982
Sukhbaatar,1953,DJF,-0.30462102128961166
Sukhbaatar,1953,JJA,1.297127740799099
Sukhbaatar,1953,MAM,0.5038809978611036
Sukhbaatar,1953,SON,0.8646661848500548
Sukhbaatar,1954,DJF,0.8625126093206833
Sukhbaatar,1954,JJA,1.9389185614293085
Sukhbaatar,1954,MAM,2.795057364496721
Sukhbaatar,1954,SON,1.6359027507664392
Sukhbaatar,1955,DJF,0.2595876465438632
Sukhbaatar,1955,JJA,1.0666137417958788
Sukhbaatar,1955,MAM,1.958608208334466
Sukhbaatar,1955,SON,2.5060394961929
Sukhbaatar,1956,DJF,0.32869502004948703
Sukhbaatar,1956,JJA,0.2749712777575129
Sukhbaatar,1956,MAM,1.4364631144982294
Sukhbaatar,1956,SON,0.12549278635183145
Sukhbaatar,1957,DJF,0.9279202050873837
Sukhbaatar,1957,JJA,0.9413191432631204
Sukhbaatar,1957,MAM,1.5734397777233944
Sukhbaatar,1957,SON,0.7045914916773127
Sukhbaatar,1958,DJF,0.37924335282182664
Sukhbaatar,1958,JJA,0.4245276717594769
Sukhbaatar,1958,MAM,1.9786184645683038
Sukhbaatar,1958,SON,1.1507751945599314
Sukhbaatar,1959,DJF,-0.4214494052940769
Sukhbaatar,1959,JJA,1.5803561174389262
Sukhbaatar,1959,MAM,0.8954198414251838
Sukhbaatar,1959,SON,2.0083177495638336
Sukhbaatar,1960,DJF,0.6979198601354283
Sukhbaatar,1960,JJA,0.9185527902658488
Sukhbaatar,1960,MAM,1.3667423702204553
Sukhbaatar,1960,SON,0.7659452277999163
Sukhbaatar,1961,DJF,0.06861972900487705
Sukhbaatar,1961,JJA,-0.4893857428364797
Sukhbaatar,1961,MAM,-0.9897121674216938
Sukhbaatar,1961,SON,1.0296589459847452
Sukhbaatar,1962,DJF,0.026118733533205655
Sukhbaatar,1962,JJA,0.08480993339546593
Sukhbaatar,1962,MAM,0.3834536510641388
Sukhbaatar,1962,SON,0.9605063876889942
Sukhbaatar,1963,DJF,-0.8119130533248128
Sukhbaatar,1963,JJA,-0.2014722552831275
Sukhbaatar,1963,MAM,0.4499556215964288
Sukhbaatar,1963,SON,1.1935924577891193
Sukhbaatar,1964,DJF,0.9233838398135183
Sukhbaatar,1964,JJA,-0.3624599311626353
Sukhbaatar,1964,MAM,2.2397121228228727
Sukhbaatar,1964,SON,0.9413533456131306
Sukhbaatar,1965,DJF,-0.3640695281144158
Sukhbaatar,1965,JJA,-0.7116223114866257
Sukhbaatar,1965,MAM,-0.42181411712987893
Sukhbaatar,1965,SON,-0.19008045747839278
Sukhbaatar,1966,DJF,-0.20127348430840425
Sukhbaatar,1966,JJA,-0.8432167108795305
Sukhbaatar,1966,MAM,0.7969742596989591
Sukhbaatar,1966,SON,0.096012066395055
Sukhbaatar,1967,DJF,1.1309527928493468
Sukhbaatar,1967,JJA,1.763114999523189
Sukhbaatar,1967,MAM,2.024639755938412
Sukhbaatar,1967,SON,-0.8314540612169884
Sukhbaatar,1968,DJF,0.8244930610801178
Sukhbaatar,1968,JJA,-1.0731873364589593
Sukhbaatar,1968,MAM,0.9173571783108105
Sukhbaatar,1968,SON,0.7839948819626179
Sukhbaatar,1969,DJF,1.2082819975264885
Sukhbaatar,1969,JJA,0.2975121107145683
Sukhbaatar,1969,MAM,1.8279927379529568
Sukhbaatar,1969,SON,1.4852560202163623
Sukhbaatar,1970,DJF,1.0447721951107911
Sukhbaatar,1970,JJA,0.3722175681269078
Sukhbaatar,1970,MAM,1.4817182968036737
Sukhbaatar,1970,SON,0.9172521690670837
Sukhbaatar,1971,DJF,0.6254462846190613
Sukhbaatar,1971,JJA,0.49232340563598653
Sukhbaatar,1971,MAM,1.0976209030551212
Sukhbaatar,1971,SON,0.9587252629297837
Sukhbaatar,1972,DJF,1.1398256294452602
Sukhbaatar,1972,JJA,0.005413500327389595
Sukhbaatar,1972,MAM,1.7821549994501225
Sukhbaatar,1972,SON,1.2627760840806994
Sukhbaatar,1973,DJF,1.5424707199886252
Sukhbaatar,1973,JJA,1.2162410211982546
Sukhbaatar,1973,MAM,1.7593264435236355
Sukhbaatar,1973,SON,1.3183015496424784
Sukhbaatar,1974,DJF,0.7238565955727618
Sukhbaatar,1974,JJA,0.6324699649646683
Sukhbaatar,1974,MAM,1.376215929787171
Sukhbaatar,1974,SON,1.225304441176804
Sukhbaatar,1975,DJF,0.8872830258661497
Sukhbaatar,1975,JJA,0.9515139534519811
Sukhbaatar,1975,MAM,1.4691590411964406
Sukhbaatar,1975,SON,0.6306017190365534
Sukhbaatar,1976,DJF,0.18621687137028015
Sukhbaatar,1976,JJA,1.1427014043094226
Sukhbaatar,1976,MAM,1.7628717250459573
Sukhbaatar,1976,SON,0.7006986954108146
Sukhbaatar,1977,DJF,1.088356975243675
Sukhbaatar,1977,JJA,1.5850528676038609
Sukhbaatar,1977,MAM,0.5241577394861503
Sukhbaatar,1977,SON,0.2703731739266778
Sukhbaatar,1978,DJF,0.7392094514583807
Sukhbaatar,1978,JJA,0.2846789178280008
Sukhbaatar,1978,MAM,1.208341475585082
Sukhbaatar,1978,SON,-0.024904351463847996
Sukhbaatar,1979,DJF,0.864557255915993
Sukhbaatar,1979,JJA,0.646619055839052
Sukhbaatar,1979,MAM,1.5186246127017058
Sukhbaatar,1979,SON,0.7630767365376557
Sukhbaatar,1980,DJF,0.5549076773468884
Sukhbaatar,1980,JJA,0.4264279689869249
Sukhbaatar,1980,MAM,1.2132349999407606
Sukhbaatar,1980,SON,1.1516379045559222
Sukhbaatar,1981,DJF,1.0892774269936076
Sukhbaatar,1981,JJA,0.18784302389898627
Sukhbaatar,1981,MAM,1.8659333404560252
Sukhbaatar,1981,SON,1.22483636116273
Sukhbaatar,1982,DJF,0.47809920988567955
Sukhbaatar,1982,JJA,0.09656606129773826
Sukhbaatar,1982,MAM,0.5976529052372308
Sukhbaatar,1982,SON,0.2735169792459197
Sukhbaatar,1983,DJF,0.5148312878075284
Sukhbaatar,1983,JJA,0.3453071774590578
Sukhbaatar,1983,MAM,0.11305926421926088
Sukhbaatar,1983,SON,1.1333898611329163
Sukhbaatar,1984,DJF,0.13277880499360284
Sukhbaatar,1984,JJA,1.1714097967546075
Sukhbaatar,1984,MAM,0.9671515667010769
Sukhbaatar,1984,SON,1.4666481736851629
Sukhbaatar,1985,DJF,0.9141334667980912
Sukhbaatar,1985,JJA,0.36836537214646675
Sukhbaatar,1985,MAM,1.5030997223301354
Sukhbaatar,1985,SON,0.5957175385936405
Sukhbaatar,1986,DJF,0.6808697911516411
Sukhbaatar,1986,JJA,-0.26082865419002965
Sukhbaatar,1986,MAM,0.6351219551325091
Sukhbaatar,1986,SON,1.07677063142363
Sukhbaatar,1987,DJF,1.7223937800420432
Sukhbaatar,1987,JJA,0.15209265454085158
Sukhbaatar,1987,MAM,1.6330852554185753
Sukhbaatar,1987,SON,2.0141420198802913
Sukhbaatar,1988,DJF,0.9302627674578777
Sukhbaatar,1988,JJA,0.3522110964729752
Sukhbaatar,1988,MAM,1.4285952370069128
Sukhbaatar,1988,SON,0.8723999795470813
Sukhbaatar,1989,DJF,-0.17495704903637735
Sukhbaatar,1989,JJA,0.32704717104104325
Sukhbaatar,1989,MAM,-0.16321064819902129
Sukhbaatar,1989,SON,0.17909116536876615
Sukhbaatar,1990,DJF,0.35513578989774114
Sukhbaatar,1990,JJA,1.6151287877574902
Sukhbaatar,1990,MAM,0.4309829574570561
Sukhbaatar,1990,SON,1.3393864960712503
Sukhbaatar,1991,DJF,0.5343317118236607
Sukhbaatar,1991,JJA,0.7079628393444632
Sukhbaatar,1991,MAM,1.5509894544562561
Sukhbaatar,1991,SON,0.6087757682483379
Sukhbaatar,1992,DJF,0.5271000918853033
Sukhbaatar,1992,JJA,0.4938369385728102
Sukhbaatar,1992,MAM,0.46889959317116847
Sukhbaatar,1992,SON,0.9436380844127522
Sukhbaatar,1993,DJF,0.4276950842973099
Sukhbaatar,1993,JJA,0.6822525911962877
Sukhbaatar,1993,MAM,0.2307204097518029
Sukhbaatar,1993,SON,0.6958951816525977
Sukhbaatar,1994,DJF,0.754886792830093
Sukhbaatar,1994,JJA,0.292109540464517
Sukhbaatar,1994,MAM,-0.10831658956765415
Sukhbaatar,1994,SON,1.4528564173038265
Sukhbaatar,1995,DJF,0.3598128986781533
Sukhbaatar,1995,JJA,-0.3061430488281791
Sukhbaatar,1995,MAM,0.8428960297753277
Sukhbaatar,1995,SON,0.5013903475234189
Sukhbaatar,1996,DJF,-0.6862918631426106
Sukhbaatar,1996,JJA,0.6273777961746372
Sukhbaatar,1996,MAM,-0.20664547707072448
Sukhbaatar,1996,SON,0.6622965119973253
Sukhbaatar,1997,DJF,0.9146124154861569
Sukhbaatar,1997,JJA,0.48530414244615244
Sukhbaatar,1997,MAM,-0.378454033022807
Sukhbaatar,1997,SON,0.8539734777222793
Sukhbaatar,1998,DJF,-0.7096478409150354
Sukhbaatar,1998,JJA,1.913716709555516
Sukhbaatar,1998,MAM,-0.3081884590206185
Sukhbaatar,1998,SON,1.6830508916272042
Sukhbaatar,1999,DJF,0.0893579519383139
Sukhbaatar,1999,JJA,-0.334703176033797
Sukhbaatar,1999,MAM,0.992804673868643
Sukhbaatar,1999,SON,-0.3297794327031422
Sukhbaatar,2000,DJF,-0.5654958792149256
Sukhbaatar,2000,JJA,-1.0079919632280476
Sukhbaatar,2000,MAM,-0.543415624679337
Sukhbaatar,2000,SON,-0.0002248258785347686
Sukhbaatar,2001,DJF,1.552126320159374
Sukhbaatar,2001,JJA,-0.6068436424039045
Sukhbaatar,2001,MAM,0.6521262119724757
Sukhbaatar,2001,SON,-1.0353041912073802
Sukhbaatar,2002,DJF,-0.6012780760284604
Sukhbaatar,2002,JJA,0.9412424423271393
Sukhbaatar,2002,MAM,0.2566706621104402
Sukhbaatar,2002,SON,-0.2434942239845723
Sukhbaatar,2003,DJF,0.9919665422404832
Sukhbaatar,2003,JJA,0.2563679025476736
Sukhbaatar,2003,MAM,1.14132842370468
Sukhbaatar,2003,SON,0.2809016115665578
Sukhbaatar,2004,DJF,0.057621637050207744
Sukhbaatar,2004,JJA,-0.801680239710644
Sukhbaatar,2004,MAM,0.26944434365340114
Sukhbaatar,2004,SON,-0.36310476632317984
Sukhbaatar,2005,DJF,-0.047534309303753096
Sukhbaatar,2005,JJA,-0.03975518440704069
Sukhbaatar,2005,MAM,0.44732674259095995
Sukhbaatar,2005,SON,-1.465664058483704
Sukhbaatar,2006,DJF,-1.3504805763897691
Sukhbaatar,2006,JJA,-0.21788660171434063
Sukhbaatar,2006,MAM,-0.44208530696866877
Sukhbaatar,2006,SON,-0.7522359214416438
Sukhbaatar,2007,DJF,-0.5033969316648831
Sukhbaatar,2007,JJA,-1.900418918069338
Sukhbaatar,2007,MAM,-0.018053562003932034
Sukhbaatar,2007,SON,-1.7204828814964088
Sukhbaatar,2008,DJF,-0.9307561916626239
Sukhbaatar,2008,JJA,0.8150330762916886
Sukhbaatar,2008,MAM,-0.5365321413451417
Sukhbaatar,2008,SON,-0.23136044660009245
Sukhbaatar,2009,DJF,0.03591318663443962
Sukhbaatar,2009,JJA,-0.4639585307841675
Sukhbaatar,2009,MAM,0.0995981327289071
Sukhbaatar,2009,SON,-0.8379473226515473
Sukhbaatar,2010,DJF,-0.08561202114538848
Sukhbaatar,2010,JJA,-0.7134758426158961
Sukhbaatar,2010,MAM,1.1553616695761548
Sukhbaatar,2010,SON,-1.2700932567187653
Sukhbaatar,2011,DJF,0.14766276408626322
Sukhbaatar,2011,JJA,0.3426833916248298
Sukhbaatar,2011,MAM,0.04392244644856705
Sukhbaatar,2011,SON,-0.3325044022759848
Sukhbaatar,2012,DJF,0.4502130864629687
Sukhbaatar,2012,JJA,1.2295093472532068
Sukhbaatar,2012,MAM,0.23034928558996332
Sukhbaatar,2012,SON,0.9878138482543051
Sukhbaatar,2013,DJF,1.3544480177571248
Sukhbaatar,2013,JJA,0.2475857485638033
Sukhbaatar,2013,MAM,0.40084234577119643
Sukhbaatar,2013,SON,0.1304305984389931
Sukhbaatar,2014,DJF,-0.8291585054611925
Sukhbaatar,2014,JJA,0.5932122127985651
Sukhbaatar,2014,MAM,-1.0708595667685
Sukhbaatar,2014,SON,-0.4632537594665459
Sukhbaatar,2015,DJF,-0.8339722537046915
Sukhbaatar,2015,JJA,-0.4239927993637633
Sukhbaatar,2015,MAM,-1.154952833707194
Sukhbaatar,2015,SON,-0.4667348266574039
Sukhbaatar,2016,DJF,0.2907791054198149
Sukhbaatar,2016,JJA,-0.4369875085426612
Sukhbaatar,2016,MAM,-0.4674960571034812
Sukhbaatar,2016,SON,0.6518349855332884
Sukhbaatar,2017,DJF,0.4028190012175222
Sukhbaatar,2017,JJA,-1.5454948773608446
Sukhbaatar,2017,MAM,-1.2843488324897956
Sukhbaatar,2017,SON,-0.37233716145093193
Sukhbaatar,2018,DJF,-0.009390334903402327
Sukhbaatar,2018,JJA,-0.5697397902585639
Sukhbaatar,2018,MAM,-0.6594464636771108
Sukhbaatar,2018,SON,0.8459829315724139
Sukhbaatar,2019,DJF,-1.8955974785353134
Sukhbaatar,2019,JJA,-0.2967875997789906
Sukhbaatar,2019,MAM,-1.7481842350507624
Sukhbaatar,2019,SON,-0.40691463992450855
Sukhbaatar,2020,DJF,-0.08803190828629327
Sukhbaatar,2020,JJA,0.4592170191823295
Sukhbaatar,2020,MAM,-1.2635966191008898
Sukhbaatar,2020,SON,0.9586574139931757
Sukhbaatar,2021,DJF,0.18620973702370888
Sukhbaatar,2021,JJA,0.11771284226699147
Sukhbaatar,2021,MAM,-0.9451838776760727
Sukhbaatar,2021,SON,1.0148676784988873
Sukhbaatar,2022,DJF,-1.037008792060299
Sukhbaatar,2022,JJA,-0.5182368393951612
Sukhbaatar,2022,MAM,-1.3709068767985058
Sukhbaatar,2022,SON,-0.5386843588851321
Sukhbaatar,2023,DJF,-0.2743281678511831
Sukhbaatar,2023,JJA,-0.433601833908541
Sukhbaatar,2023,MAM,-1.382861457552289
Sukhbaatar,2023,SON,0.049758745401725944
Sukhbaatar,2024,DJF,1.5132326799851703
Sukhbaatar,2024,JJA,-0.04504777611870215
Sukhbaatar,2024,MAM,-0.059585312837263406
Sukhbaatar,2024,SON,1.5744868580806717
Sukhbaatar,2025,DJF,-0.38815663916869014
Tuv,1950,DJF,-0.28756992046555824
Tuv,1950,JJA,2.6494462058748867
Tuv,1950,MAM,0.8256789549143102
Tuv,1950,SON,0.3219461188482775
Tuv,1951,DJF,0.2019695907853649
Tuv,1951,JJA,-0.23992320647169937
Tuv,1951,MAM,2.6512661390939596
Tuv,1951,SON,0.634319838400041
Tuv,1952,DJF,-0.501291961158731
Tuv,1952,JJA,0.4260290519740948
Tuv,1952,MAM,0.5609610430736076
Tuv,1952,SON,1.061801050338082
Tuv,1953,DJF,0.5362608885870777
Tuv,1953,JJA,0.438697165679426
Tuv,1953,MAM,1.3323355704546338
Tuv,1953,SON,0.008375353216606526
Tuv,1954,DJF,0.2002515437547942
Tuv,1954,JJA,1.6692681278408235
Tuv,1954,MAM,2.27075920581289
Tuv,1954,SON,0.9699032516939401
Tuv,1955,DJF,0.13304788349938243
Tuv,1955,JJA,0.9341842332153821
Tuv,1955,MAM,1.8455954299821689
Tuv,1955,SON,1.79109403028969
Tuv,1956,DJF,0.24292634902427618
Tuv,1956,JJA,1.1079757805498598
Tuv,1956,MAM,1.0353113863590986
Tuv,1956,SON,-0.09763533077175549
Tuv,1957,DJF,0.7017308760584476
Tuv,1957,JJA,0.6193518550451781
Tuv,1957,MAM,1.3600686141559868
Tuv,1957,SON,0.5162386317972056
Tuv,1958,DJF,0.22894279049811075
Tuv,1958,JJA,1.3586947425649163
Tuv,1958,MAM,2.563207126557252
Tuv,1958,SON,0.3567180825019967
Tuv,1959,DJF,-0.853652109820146
Tuv,1959,JJA,1.407676934925223
Tuv,1959,MAM,0.09038231727281609
Tuv,1959,SON,0.4737781302715885
Tuv,1960,DJF,0.29383924751414253
Tuv,1960,JJA,1.0998537678749107
Tuv,1960,MAM,0.7809871374599646
Tuv,1960,SON,0.9100357977132988
Tuv,1961,DJF,0.1839748299469109
Tuv,1961,JJA,0.3886724860199414
Tuv,1961,MAM,-0.2994496602685739
Tuv,1961,SON,1.112222760544733
Tuv,1962,DJF,1.3405910796072478
Tuv,1962,JJA,0.7044783688474627
Tuv,1962,MAM,0.6350349355966949
Tuv,1962,SON,0.41245040379608344
Tuv,1963,DJF,-0.6630919788102122
Tuv,1963,JJA,0.6647528227543578
Tuv,1963,MAM,0.4535928925018857
Tuv,1963,SON,0.9385438246547269
Tuv,1964,DJF,0.26586206186290834
Tuv,1964,JJA,1.9656095508393403
Tuv,1964,MAM,2.4183457048305668
Tuv,1964,SON,1.7438760504339137
Tuv,1965,DJF,0.46728841731438764
Tuv,1965,JJA,0.39045367770266987
Tuv,1965,MAM,0.1811975810789536
Tuv,1965,SON,-0.2602398604668229
Tuv,1966,DJF,0.12247261318400307
Tuv,1966,JJA,1.2705235589363362
Tuv,1966,MAM,1.1476595352759096
Tuv,1966,SON,0.502562969016296
Tuv,1967,DJF,0.6655231544499414
Tuv,1967,JJA,2.321446884394024
Tuv,1967,MAM,1.8420099659841338
Tuv,1967,SON,-0.4876449828158899
Tuv,1968,DJF,1.1180372909889427
Tuv,1968,JJA,0.4238289521127863
Tuv,1968,MAM,1.5881277814919963
Tuv,1968,SON,0.33733384896437696
Tuv,1969,DJF,0.8261664704239399
Tuv,1969,JJA,0.18541264460631246
Tuv,1969,MAM,1.1619342407500366
Tuv,1969,SON,1.7799344540375845
Tuv,1970,DJF,0.9617125541402579
Tuv,1970,JJA,0.5628811404741908
Tuv,1970,MAM,1.8298700045744658
Tuv,1970,SON,1.097422433294648
Tuv,1971,DJF,0.869391818717377
Tuv,1971,JJA,2.831453645555376
Tuv,1971,MAM,1.8823768092313056
Tuv,1971,SON,1.056748087946256
Tuv,1972,DJF,0.6799581814249492
Tuv,1972,JJA,0.12814475307434112
Tuv,1972,MAM,1.0234275275450004
Tuv,1972,SON,1.4909680364520215
Tuv,1973,DJF,1.2556288110056062
Tuv,1973,JJA,2.054881598487475
Tuv,1973,MAM,0.5816085728882835
Tuv,1973,SON,1.8785019292214344
Tuv,1974,DJF,0.23600379332195306
Tuv,1974,JJA,0.11938118501313197
Tuv,1974,MAM,0.35120530804860445
Tuv,1974,SON,1.5088750153089392
Tuv,1975,DJF,0.4308558778263777
Tuv,1975,JJA,1.5975735798223794
Tuv,1975,MAM,1.8965318244684943
Tuv,1975,SON,1.3547125258639763
Tuv,1976,DJF,0.040214045840367856
Tuv,1976,JJA,1.9478912155851718
Tuv,1976,MAM,2.2985187402299463
Tuv,1976,SON,1.1321915405717238
Tuv,1977,DJF,1.432107467381562
Tuv,1977,JJA,0.5702684562232838
Tuv,1977,MAM,1.5984439364659164
Tuv,1977,SON,-0.3267858390088708
Tuv,1978,DJF,0.35384990740414796
Tuv,1978,JJA,0.6712438073164129
Tuv,1978,MAM,0.46293977981049905
Tuv,1978,SON,-0.06749875546006945
Tuv,1979,DJF,1.30297441112854
Tuv,1979,JJA,0.7399911201222407
Tuv,1979,MAM,2.0702250551814334
Tuv,1979,SON,0.09815003033695627
Tuv,1980,DJF,0.3398535455456718
Tuv,1980,JJA,0.11964886182851149
Tuv,1980,MAM,1.5630245861712742
Tuv,1980,SON,0.3276649987169034
Tuv,1981,DJF,1.0019006772656587
Tuv,1981,JJA,0.13765432337581487
Tuv,1981,MAM,1.8922617061368783
Tuv,1981,SON,1.1124348591028368
Tuv,1982,DJF,0.42767158837062635
Tuv,1982,JJA,1.293206405225794
Tuv,1982,MAM,0.16343553122455942
Tuv,1982,SON,1.024116832068775
Tuv,1983,DJF,0.7808613884726392
Tuv,1983,JJA,1.7220872696117522
Tuv,1983,MAM,-0.0014625347472209547
Tuv,1983,SON,0.6100929580780341
Tuv,1984,DJF,0.4019504293200502
Tuv,1984,JJA,0.9651093550638992
Tuv,1984,MAM,1.012942538884292
Tuv,1984,SON,1.9590402639287556
Tuv,1985,DJF,1.1683301277144258
Tuv,1985,JJA,1.7757148050122278
Tuv,1985,MAM,2.060162021195617
Tuv,1985,SON,0.5791950092542656
Tuv,1986,DJF,0.6935746265247306
Tuv,1986,JJA,1.2351245356472762
Tuv,1986,MAM,1.2940869115124745
Tuv,1986,SON,0.4822871051866043
Tuv,1987,DJF,1.148940559441029
Tuv,1987,JJA,0.6749451249733085
Tuv,1987,MAM,0.9218376475343741
Tuv,1987,SON,1.5463702379264697
Tuv,1988,DJF,0.6593685093916795
Tuv,1988,JJA,1.501166369062597
Tuv,1988,MAM,1.5016335936646974
Tuv,1988,SON,1.432495372865247
Tuv,1989,DJF,0.10677042813155305
Tuv,1989,JJA,0.09359563503051947
Tuv,1989,MAM,0.3565672639719187
Tuv,1989,SON,0.4834209957722106
Tuv,1990,DJF,-0.22963268220659114
Tuv,1990,JJA,1.7221232308032808
Tuv,1990,MAM,0.4383261453334086
Tuv,1990,SON,1.0798122961945513
Tuv,1991,DJF,0.517216385775109
Tuv,1991,JJA,0.7924606698950748
Tuv,1991,MAM,0.8384328568577619
Tuv,1991,SON,1.0596062306913507
Tuv,1992,DJF,-0.29884576617510017
Tuv,1992,JJA,0.6307289539234944
Tuv,1992,MAM,-0.28171169660781825
Tuv,1992,SON,1.0452430066828924
Tuv,1993,DJF,0.3231886601077516
Tuv,1993,JJA,1.7269674613304205
Tuv,1993,MAM,0.5037895871703689
Tuv,1993,SON,1.511336455064273
Tuv,1994,DJF,0.6843047028799332
Tuv,1994,JJA,1.4136626523897518
Tuv,1994,MAM,0.23467818755446054
Tuv,1994,SON,1.078617331331986
Tuv,1995,DJF,-0.23151571750064254
Tuv,1995,JJA,0.9798216108642761
Tuv,1995,MAM,0.74495460708721
Tuv,1995,SON,0.34704934622068695
Tuv,1996,DJF,-0.5869813355222105
Tuv,1996,JJA,0.22196847790686883
Tuv,1996,MAM,-0.10367280703347156
Tuv,1996,SON,-0.2232140030638415
Tuv,1997,DJF,0.06647056046192186
Tuv,1997,JJA,0.01977977385875396
Tuv,1997,MAM,-0.9912783115933286
Tuv,1997,SON,0.0028348579147930374
Tuv,1998,DJF,-0.7688744320383387
Tuv,1998,JJA,0.45039695187742584
Tuv,1998,MAM,-0.6374758110800525
Tuv,1998,SON,1.4935593416087345
Tuv,1999,DJF,0.07264504693302944
Tuv,1999,JJA,0.16863349758221083
Tuv,1999,MAM,0.4087927404671951
Tuv,1999,SON,0.3039887648019298
Tuv,2000,DJF,0.12843164482078526
Tuv,2000,JJA,-0.5784155695293324
Tuv,2000,MAM,0.5612183296345222
Tuv,2000,SON,0.3616369734759221
Tuv,2001,DJF,1.2863627401970545
Tuv,2001,JJA,-0.24445394237185386
Tuv,2001,MAM,0.4994035224614746
Tuv,2001,SON,-0.11213853213997342
Tuv,2002,DJF,0.2671990287080257
Tuv,2002,JJA,-0.7442255123138355
Tuv,2002,MAM,0.06883345532327531
Tuv,2002,SON,-1.0565690907124097
Tuv,2003,DJF,0.9896617837211538
Tuv,2003,JJA,0.2866301849395349
Tuv,2003,MAM,1.1585551058342112
Tuv,2003,SON,0.8702976820394299
Tuv,2004,DJF,1.033835223787612
Tuv,2004,JJA,-0.1945688814053539
Tuv,2004,MAM,0.7922400732953037
Tuv,2004,SON,-0.19011885441370538
Tuv,2005,DJF,-0.04135134609682273
Tuv,2005,JJA,-0.4025045379780546
Tuv,2005,MAM,0.021557021828599796
Tuv,2005,SON,-0.6948032152001616
Tuv,2006,DJF,-1.0707310798025318
Tuv,2006,JJA,-0.06146119877921436
Tuv,2006,MAM,0.16116177601752565
Tuv,2006,SON,-1.3443504035141716
Tuv,2007,DJF,-0.9514489675691421
Tuv,2007,JJA,-0.7669414179019288
Tuv,2007,MAM,-0.19179021380536138
Tuv,2007,SON,-1.2749004615134663
Tuv,2008,DJF,-0.6260705413046252
Tuv,2008,JJA,0.46344294268399516
Tuv,2008,MAM,-1.1088653816108947
Tuv,2008,SON,-1.0350995263249427
Tuv,2009,DJF,-0.5362639030969687
Tuv,2009,JJA,-0.5121223040069381
Tuv,2009,MAM,-0.47295760988516383
Tuv,2009,SON,-0.5094422129596262
Tuv,2010,DJF,0.6313776734181953
Tuv,2010,JJA,-0.9318419307839935
Tuv,2010,MAM,1.345938186084931
Tuv,2010,SON,-0.8964931727660863
Tuv,2011,DJF,0.06860553614557201
Tuv,2011,JJA,0.4480721928023677
Tuv,2011,MAM,0.4565487768956464
Tuv,2011,SON,-0.29940051948948726
Tuv,2012,DJF,0.3280686032685346
Tuv,2012,JJA,0.09244947689646128
Tuv,2012,MAM,-0.6817410581380224
Tuv,2012,SON,-0.08981636188255314
Tuv,2013,DJF,1.2326123955325923
Tuv,2013,JJA,0.040474879920991046
Tuv,2013,MAM,0.1642836961431147
Tuv,2013,SON,0.41431385366698836
Tuv,2014,DJF,-0.15531356575944494
Tuv,2014,JJA,0.31541471022689344
Tuv,2014,MAM,-0.24131944935475416
Tuv,2014,SON,-1.1913308073867326
Tuv,2015,DJF,-1.539657943500016
Tuv,2015,JJA,-1.237522583696982
Tuv,2015,MAM,-0.5297244316272163
Tuv,2015,SON,-0.7391202832927942
Tuv,2016,DJF,0.08416054578416683
Tuv,2016,JJA,-0.24764292233676238
Tuv,2016,MAM,0.13607603374933083
Tuv,2016,SON,0.39193854444335097
Tuv,2017,DJF,0.28691371669727506
Tuv,2017,JJA,-1.9069456132057687
Tuv,2017,MAM,-1.6502476856636112
Tuv,2017,SON,0.1478250865415602
Tuv,2018,DJF,0.647752618019302
Tuv,2018,JJA,-0.6349124793326083
Tuv,2018,MAM,-1.3084761128208346
Tuv,2018,SON,1.0544657741051358
Tuv,2019,DJF,-1.575851758151434
Tuv,2019,JJA,-0.4018323718891693
Tuv,2019,MAM,-1.5692115041957955
Tuv,2019,SON,-0.43500500239827256
Tuv,2020,DJF,-0.29924207059576746
Tuv,2020,JJA,-0.3849407271003869
Tuv,2020,MAM,-1.38439652122972
Tuv,2020,SON,0.24509195848664697
Tuv,2021,DJF,-0.32999466113416404
Tuv,2021,JJA,0.46175879374973205
Tuv,2021,MAM,-0.596668699023417
Tuv,2021,SON,0.39668025467134604
Tuv,2022,DJF,-0.784391399970778
Tuv,2022,JJA,-0.0056546273178919235
Tuv,2022,MAM,-0.9551244104608254
Tuv,2022,SON,0.04488883907034056
Tuv,2023,DJF,0.4035391312033872
Tuv,2023,JJA,0.32348711316355844
Tuv,2023,MAM,-0.6245356529017229
Tuv,2023,SON,0.5200121987955466
Tuv,2024,DJF,1.4064783455077594
Tuv,2024,JJA,0.5624492282010507
Tuv,2024,MAM,0.9137817781104101
Tuv,2024,SON,0.4676910222512906
Tuv,2025,DJF,-0.26545633203579866
Umnugovi,1950,DJF,0.039228547424757246
Umnugovi,1950,JJA,1.217577316657065
Umnugovi,1950,MAM,-0.539980186852454
Umnugovi,1950,SON,-0.49806506736060546
Umnugovi,1951,DJF,-0.5134214864539638
Umnugovi,1951,JJA,-0.10144744213984994
Umnugovi,1951,MAM,0.9466600144477049
Umnugovi,1951,SON,1.3195053245107515
Umnugovi,1952,DJF,0.15082926573766903
Umnugovi,1952,JJA,0.29749340387233486
Umnugovi,1952,MAM,0.5232599135085455
Umnugovi,1952,SON,1.3343373897578286
Umnugovi,1953,DJF,0.4378759149698581
Umnugovi,1953,JJA,0.41851145329043166
Umnugovi,1953,MAM,1.0410825701079014
Umnugovi,1953,SON,2.0122249115479596
Umnugovi,1954,DJF,1.5382457126881106
Umnugovi,1954,JJA,1.3603086077732705
Umnugovi,1954,MAM,0.8062723718610847
Umnugovi,1954,SON,0.596697458080279
Umnugovi,1955,DJF,0.719921616296228
Umnugovi,1955,JJA,1.6590916320136202
Umnugovi,1955,MAM,0.8431930014113096
Umnugovi,1955,SON,1.9070046719166096
Umnugovi,1956,DJF,-0.6036775584532407
Umnugovi,1956,JJA,0.830161121355865
Umnugovi,1956,MAM,0.34960994990067307
Umnugovi,1956,SON,-0.28090899979324224
Umnugovi,1957,DJF,0.5632453245957169
Umnugovi,1957,JJA,0.21906315210220578
Umnugovi,1957,MAM,0.18409128873617378
Umnugovi,1957,SON,-0.8982672903028872
Umnugovi,1958,DJF,0.3758095483192013
Umnugovi,1958,JJA,1.1681855099119125
Umnugovi,1958,MAM,0.48317096947467203
Umnugovi,1958,SON,1.2600886963530507
Umnugovi,1959,DJF,0.32073314782439105
Umnugovi,1959,JJA,0.3502989121712091
Umnugovi,1959,MAM,0.628687502245928
Umnugovi,1959,SON,0.2923555575781131
Umnugovi,1960,DJF,0.5086991125077571
Umnugovi,1960,JJA,0.29850272910275044
Umnugovi,1960,MAM,0.5005649032379135
Umnugovi,1960,SON,-0.2536084003198519
Umnugovi,1961,DJF,0.835230827645207
Umnugovi,1961,JJA,-0.37408254567157945
Umnugovi,1961,MAM,0.18445501541038603
Umnugovi,1961,SON,0.8981965330598639
Umnugovi,1962,DJF,1.5270389144432093
Umnugovi,1962,JJA,0.2828137037371424
Umnugovi,1962,MAM,1.0916495921371443
Umnugovi,1962,SON,-0.13881216617483835
Umnugovi,1963,DJF,-0.6438467555288642
Umnugovi,1963,JJA,0.02150055957945524
Umnugovi,1963,MAM,0.49506840321093976
Umnugovi,1963,SON,0.2896547881382547
Umnugovi,1964,DJF,1.0091547226667552
Umnugovi,1964,JJA,0.8886538311506731
Umnugovi,1964,MAM,2.1173105358867423
Umnugovi,1964,SON,1.246514397123696
Umnugovi,1965,DJF,0.09038202777377785
Umnugovi,1965,JJA,-0.5806565460096837
Umnugovi,1965,MAM,0.26612019329338205
Umnugovi,1965,SON,-1.839989651637806
Umnugovi,1966,DJF,-0.8268360285544126
Umnugovi,1966,JJA,0.25108417792301996
Umnugovi,1966,MAM,-0.8821082261591885
Umnugovi,1966,SON,0.9251402128582422
Umnugovi,1967,DJF,0.6499314825870504
Umnugovi,1967,JJA,0.5001036362605705
Umnugovi,1967,MAM,0.7739210027665664
Umnugovi,1967,SON,0.5949563282040481
Umnugovi,1968,DJF,2.477760478909774
Umnugovi,1968,JJA,0.034068495750964184
Umnugovi,1968,MAM,1.0747555959189337
Umnugovi,1968,SON,0.8916674274229469
Umnugovi,1969,DJF,0.8266230124798556
Umnugovi,1969,JJA,0.9644509261470503
Umnugovi,1969,MAM,0.705588034319779
Umnugovi,1969,SON,1.0416723270678923
Umnugovi,1970,DJF,0.6370754762690776
Umnugovi,1970,JJA,-0.24043431186462896
Umnugovi,1970,MAM,1.3260204703337444
Umnugovi,1970,SON,-0.01768088130442068
Umnugovi,1971,DJF,0.1836700507064327
Umnugovi,1971,JJA,1.0745961350921645
Umnugovi,1971,MAM,0.9893086624243798
Umnugovi,1971,SON,1.2749828348020904
Umnugovi,1972,DJF,1.6781691053864063
Umnugovi,1972,JJA,-0.9872034276229418
Umnugovi,1972,MAM,-0.06468819759421796
Umnugovi,1972,SON,-0.38214504143245787
Umnugovi,1973,DJF,0.7082182604864815
Umnugovi,1973,JJA,0.8422863642312264
Umnugovi,1973,MAM,0.2754318362800346
Umnugovi,1973,SON,1.628474271035537
Umnugovi,1974,DJF,0.47522342197800715
Umnugovi,1974,JJA,0.5153724281846175
Umnugovi,1974,MAM,0.5853776396275264
Umnugovi,1974,SON,0.7449468281795671
Umnugovi,1975,DJF,0.8687780301292798
Umnugovi,1975,JJA,0.9718486159407835
Umnugovi,1975,MAM,0.5750409700206885
Umnugovi,1975,SON,0.6913427722781164
Umnugovi,1976,DJF,0.34236106768164243
Umnugovi,1976,JJA,1.227393284596366
Umnugovi,1976,MAM,0.8028171165066382
Umnugovi,1976,SON,0.6143167529778554
Umnugovi,1977,DJF,1.2478954307581114
Umnugovi,1977,JJA,1.7630779375696097
Umnugovi,1977,MAM,0.4616187966807047
Umnugovi,1977,SON,0.9084086947325083
Umnugovi,1978,DJF,0.7298794242790416
Umnugovi,1978,JJA,0.19899490082500176
Umnugovi,1978,MAM,0.344894742864643
Umnugovi,1978,SON,0.01245947625672394
Umnugovi,1979,DJF,-0.4324254691976178
Umnugovi,1979,JJA,1.3792544977759509
Umnugovi,1979,MAM,0.5776846631299533
Umnugovi,1979,SON,0.29910978133664284
Umnugovi,1980,DJF,-0.42481019288113586
Umnugovi,1980,JJA,-0.14941836767069347
Umnugovi,1980,MAM,0.6239637012010769
Umnugovi,1980,SON,0.6157972880719352
Umnugovi,1981,DJF,0.45097116333405024
Umnugovi,1981,JJA,0.408006250454974
Umnugovi,1981,MAM,0.09499289457919599
Umnugovi,1981,SON,1.2983913470383084
Umnugovi,1982,DJF,1.2254935269421676
Umnugovi,1982,JJA,-0.14947086227760992
Umnugovi,1982,MAM,-0.324225105545608
Umnugovi,1982,SON,0.148530940567247
Umnugovi,1983,DJF,0.148937929602051
Umnugovi,1983,JJA,0.6683077649430041
Umnugovi,1983,MAM,0.6506424146208344
Umnugovi,1983,SON,1.408401114596717
Umnugovi,1984,DJF,0.7165778829827015
Umnugovi,1984,JJA,0.6018763535839912
Umnugovi,1984,MAM,0.7502724396733641
Umnugovi,1984,SON,0.3437802322313048
Umnugovi,1985,DJF,0.5611005983617504
Umnugovi,1985,JJA,0.1819412590350489
Umnugovi,1985,MAM,1.1229142499443459
Umnugovi,1985,SON,0.24219525992224641
Umnugovi,1986,DJF,0.7699769345682441
Umnugovi,1986,JJA,-0.18217587742039715
Umnugovi,1986,MAM,0.8098145252530466
Umnugovi,1986,SON,1.2610757837820976
Umnugovi,1987,DJF,1.004072863131543
Umnugovi,1987,JJA,0.011836751162186843
Umnugovi,1987,MAM,0.48942694790241487
Umnugovi,1987,SON,0.8612139140008566
Umnugovi,1988,DJF,1.5613511902416168
Umnugovi,1988,JJA,-0.05742978161431117
Umnugovi,1988,MAM,1.473280522838695
Umnugovi,1988,SON,0.2006094865679361
Umnugovi,1989,DJF,0.11645319066977111
Umnugovi,1989,JJA,-0.38800309043316067
Umnugovi,1989,MAM,0.4024867530115318
Umnugovi,1989,SON,0.47108619126990137
Umnugovi,1990,DJF,0.7207730026556739
Umnugovi,1990,JJA,0.7567451540955282
Umnugovi,1990,MAM,1.2791856145492613
Umnugovi,1990,SON,-0.25546125645875434
Umnugovi,1991,DJF,-0.5006799875562187
Umnugovi,1991,JJA,0.057092102496124404
Umnugovi,1991,MAM,1.1152801788717215
Umnugovi,1991,SON,0.49373989571045446
Umnugovi,1992,DJF,0.6083884799265693
Umnugovi,1992,JJA,0.6999908745400661
Umnugovi,1992,MAM,1.0823560898562092
Umnugovi,1992,SON,0.6371306052561977
Umnugovi,1993,DJF,1.4424773510838067
Umnugovi,1993,JJA,1.2802575168297956
Umnugovi,1993,MAM,1.0034659731384892
Umnugovi,1993,SON,0.6300070468903992
Umnugovi,1994,DJF,0.6804080532772321
Umnugovi,1994,JJA,0.7958618957625898
Umnugovi,1994,MAM,0.035234153663124
Umnugovi,1994,SON,0.5934761564187095
Umnugovi,1995,DJF,0.024165159582930914
Umnugovi,1995,JJA,0.3868715773632169
Umnugovi,1995,MAM,0.5359084471298279
Umnugovi,1995,SON,1.0174340721316053
Umnugovi,1996,DJF,-0.383843505450082
Umnugovi,1996,JJA,1.0667866418676704
Umnugovi,1996,MAM,0.4813244815436381
Umnugovi,1996,SON,0.4978123439559202
Umnugovi,1997,DJF,-0.193011955286292
Umnugovi,1997,JJA,0.6301239911604931
Umnugovi,1997,MAM,-0.3836508107771178
Umnugovi,1997,SON,-0.016024918062054243
Umnugovi,1998,DJF,0.13633133696661495
Umnugovi,1998,JJA,0.3719745659277559
Umnugovi,1998,MAM,0.8055331500158404
Umnugovi,1998,SON,-0.13503596524801395
Umnugovi,1999,DJF,-1.4230543343908049
Umnugovi,1999,JJA,-0.027532084717136168
Umnugovi,1999,MAM,0.20920035702574183
Umnugovi,1999,SON,1.1601729652198505
Umnugovi,2000,DJF,0.16482802717402487
Umnugovi,2000,JJA,-0.23128285203958718
Umnugovi,2000,MAM,-0.24633118277543775
Umnugovi,2000,SON,0.07250349416447478
Umnugovi,2001,DJF,0.11294274144068377
Umnugovi,2001,JJA,-0.6768417813749872
Umnugovi,2001,MAM,-0.5858049468328014
Umnugovi,2001,SON,0.4104716666637706
Umnugovi,2002,DJF,0.6644479495765054
Umnugovi,2002,JJA,0.2738446998572949
Umnugovi,2002,MAM,0.6703042323063161
Umnugovi,2002,SON,-0.4784661658003976
Umnugovi,2003,DJF,1.4294536924188226
Umnugovi,2003,JJA,1.2783462394477894
Umnugovi,2003,MAM,1.4969515289134676
Umnugovi,2003,SON,0.7179729764527303
Umnugovi,2004,DJF,0.006771826045447939
Umnugovi,2004,JJA,0.09621337463232563
Umnugovi,2004,MAM,-1.2242511640490152
Umnugovi,2004,SON,-0.1916330060934368
Umnugovi,2005,DJF,0.7916144080533832
Umnugovi,2005,JJA,-1.1214543417842828
Umnugovi,2005,MAM,0.2148974571994195
Umnugovi,2005,SON,-0.6797706420244939
Umnugovi,2006,DJF,-0.09506886814467452
Umnugovi,2006,JJA,-0.47937185605377963
Umnugovi,2006,MAM,-0.32280167634406853
Umnugovi,2006,SON,-1.0451898370283979
Umnugovi,2007,DJF,-1.1738738268920443
Umnugovi,2007,JJA,-0.5141919007089518
Umnugovi,2007,MAM,0.0744942190561605
Umnugovi,2007,SON,0.054194059830471916
Umnugovi,2008,DJF,0.29821282113849323
Umnugovi,2008,JJA,-0.35965985658274613
Umnugovi,2008,MAM,-0.17626100318899382
Umnugovi,2008,SON,-0.41175522901668615
Umnugovi,2009,DJF,-0.8409370158739476
Umnugovi,2009,JJA,-1.7348776405095232
Umnugovi,2009,MAM,-1.1211527055961465
Umnugovi,2009,SON,-1.4810250359207058
Umnugovi,2010,DJF,0.3202165779479397
Umnugovi,2010,JJA,-0.6611624369210837
Umnugovi,2010,MAM,1.1405220212461573
Umnugovi,2010,SON,0.26766006925024505
Umnugovi,2011,DJF,0.05675349823394472
Umnugovi,2011,JJA,-0.6075157508366051
Umnugovi,2011,MAM,0.21081959248990967
Umnugovi,2011,SON,-0.2332819572697225
Umnugovi,2012,DJF,0.5383692310880234
Umnugovi,2012,JJA,-0.0024306375269622033
Umnugovi,2012,MAM,0.04272543115269469
Umnugovi,2012,SON,0.7386205811479313
Umnugovi,2013,DJF,0.8592134985381978
Umnugovi,2013,JJA,-0.610639342970168
Umnugovi,2013,MAM,-1.5134657726263427
Umnugovi,2013,SON,-1.1942471281436888
Umnugovi,2014,DJF,-1.2294161351161113
Umnugovi,2014,JJA,0.6688781420328113
Umnugovi,2014,MAM,-0.7521380764100537
Umnugovi,2014,SON,-0.26244959171194837
Umnugovi,2015,DJF,-1.2843689356698273
Umnugovi,2015,JJA,0.23043160979472627
Umnugovi,2015,MAM,-0.7017676050129428
Umnugovi,2015,SON,0.29134775734932516
Umnugovi,2016,DJF,0.30600923582673134
Umnugovi,2016,JJA,0.7950207615179036
Umnugovi,2016,MAM,-0.8945571656808939
Umnugovi,2016,SON,-0.5500574894317058
Umnugovi,2017,DJF,-0.38831521021836085
Umnugovi,2017,JJA,-1.2142225985589152
Umnugovi,2017,MAM,0.5107032674577666
Umnugovi,2017,SON,-1.5726424656147806
Umnugovi,2018,DJF,-0.5001129780239661
Umnugovi,2018,JJA,-0.4107732577792096
Umnugovi,2018,MAM,-1.8637382886547176
Umnugovi,2018,SON,0.8408964192927845
Umnugovi,2019,DJF,-0.017510677387698154
Umnugovi,2019,JJA,-0.18705075907691937
Umnugovi,2019,MAM,0.07106547934651924
Umnugovi,2019,SON,-0.6314899685256009
Umnugovi,2020,DJF,-1.0620280558714992
Umnugovi,2020,JJA,-1.16301079742032
Umnugovi,2020,MAM,-1.4983904838139082
Umnugovi,2020,SON,-0.42497602788181044
Umnugovi,2021,DJF,-0.6972097327837397
Umnugovi,2021,JJA,-0.26002343039007886
Umnugovi,2021,MAM,-1.7553610521865135
Umnugovi,2021,SON,0.08106160945017216
Umnugovi,2022,DJF,-0.2632973663541622
Umnugovi,2022,JJA,-1.585294253322245
Umnugovi,2022,MAM,-0.792215589008643
Umnugovi,2022,SON,-1.8978431956224684
Umnugovi,2023,DJF,-0.07561278546259731
Umnugovi,2023,JJA,-0.9451905660321074
Umnugovi,2023,MAM,-1.0617307340797182
Umnugovi,2023,SON,-2.157865777670851
Umnugovi,2024,DJF,-0.6686206442125697
Umnugovi,2024,JJA,-0.666876024992198
Umnugovi,2024,MAM,-0.9546867000090741
Umnugovi,2024,SON,1.8929909434852386
Umnugovi,2025,DJF,-0.05603358455180452
Uvs,1950,DJF,-0.34976413673361006
Uvs,1950,JJA,0.6196250951963863
Uvs,1950,MAM,-1.074934625139178
Uvs,1950,SON,0.29069766522763163
Uvs,1951,DJF,0.13010897018955955
Uvs,1951,JJA,0.17217887433488382
Uvs,1951,MAM,-0.4385162362979573
Uvs,1951,SON,0.175440608855573
Uvs,1952,DJF,-1.3678673744551526
Uvs,1952,JJA,0.527952949252783
Uvs,1952,MAM,-1.5274766285751842
Uvs,1952,SON,0.32205315096547404
Uvs,1953,DJF,0.09814435817171291
Uvs,1953,JJA,-0.22452512528755855
Uvs,1953,MAM,-0.1647738482196212
Uvs,1953,SON,-0.5059278834465091
Uvs,1954,DJF,-0.8173877111739265
Uvs,1954,JJA,0.7728115568140445
Uvs,1954,MAM,-1.0231849871736978
Uvs,1954,SON,-0.005147875303682271
Uvs,1955,DJF,0.26357015254532096
Uvs,1955,JJA,-0.7380933931964301
Uvs,1955,MAM,-0.8067994700216685
Uvs,1955,SON,-0.7109443032440653
Uvs,1956,DJF,-1.2317111159411571
Uvs,1956,JJA,0.8107969820232458
Uvs,1956,MAM,-0.11951725041269533
Uvs,1956,SON,0.06259920778311652
Uvs,1957,DJF,-1.0932355438208692
Uvs,1957,JJA,-0.6943832768789072
Uvs,1957,MAM,-0.936869624616791
Uvs,1957,SON,0.45295560106290017
Uvs,1958,DJF,-0.1634556386844916
Uvs,1958,JJA,1.1295324646267095
Uvs,1958,MAM,0.2372732277763171
Uvs,1958,SON,1.146138846770068
Uvs,1959,DJF,-0.7954278814088632
Uvs,1959,JJA,0.6923680752669603
Uvs,1959,MAM,0.2987683343748146
Uvs,1959,SON,-0.443129556428183
Uvs,1960,DJF,0.37558587652458403
Uvs,1960,JJA,0.220040958462788
Uvs,1960,MAM,0.3185624487014461
Uvs,1960,SON,-0.4841171050016856
Uvs,1961,DJF,0.862434436178327
Uvs,1961,JJA,1.3423618111625553
Uvs,1961,MAM,-0.2603120263276438
Uvs,1961,SON,0.24297449920488906
Uvs,1962,DJF,-0.3654068944982375
Uvs,1962,JJA,0.35691416121258407
Uvs,1962,MAM,-1.248079720284077
Uvs,1962,SON,-0.5069745985448771
Uvs,1963,DJF,-0.6554894656303883
Uvs,1963,JJA,0.45557738918593094
Uvs,1963,MAM,-0.5454931584764395
Uvs,1963,SON,0.7301694077314856
Uvs,1964,DJF,-0.887575489257057
Uvs,1964,JJA,0.2291323165859801
Uvs,1964,MAM,-0.06998865611525754
Uvs,1964,SON,0.3961451015495316
Uvs,1965,DJF,0.30373602762117086
Uvs,1965,JJA,-0.4196273821457678
Uvs,1965,MAM,-0.027829641375581644
Uvs,1965,SON,-0.30726643198591536
Uvs,1966,DJF,0.5124463713258202
Uvs,1966,JJA,0.4001612531296344
Uvs,1966,MAM,0.6578287437604153
Uvs,1966,SON,0.4163046985776768
Uvs,1967,DJF,0.24451464511772775
Uvs,1967,JJA,1.2680428796088978
Uvs,1967,MAM,-1.0336904167282803
Uvs,1967,SON,1.12564977324389
Uvs,1968,DJF,0.06821928793696715
Uvs,1968,JJA,-0.8660143906700236
Uvs,1968,MAM,-0.4376732703812469
Uvs,1968,SON,1.2650620273620423
Uvs,1969,DJF,0.5123752600869947
Uvs,1969,JJA,0.921086478645494
Uvs,1969,MAM,-0.5260013598573625
Uvs,1969,SON,0.9261148771855916
Uvs,1970,DJF,-0.6806120696789386
Uvs,1970,JJA,0.4891464289990841
Uvs,1970,MAM,-0.061770698525623086
Uvs,1970,SON,1.2486742902000698
Uvs,1971,DJF,0.2025922414883095
Uvs,1971,JJA,0.24795360103989814
Uvs,1971,MAM,0.1299901598807426
Uvs,1971,SON,0.39051261899163947
Uvs,1972,DJF,0.9407724829172224
Uvs,1972,JJA,0.22906271078727888
Uvs,1972,MAM,-0.18665143284128466
Uvs,1972,SON,0.5023356914866898
Uvs,1973,DJF,0.5033612138982684
Uvs,1973,JJA,0.22158442121390395
Uvs,1973,MAM,-0.4163509728119107
Uvs,1973,SON,1.006121964670634
Uvs,1974,DJF,-0.32536342478939057
Uvs,1974,JJA,-0.7068034950010045
Uvs,1974,MAM,0.4469711895729283
Uvs,1974,SON,0.02152664317161465
Uvs,1975,DJF,-0.038388583851650726
Uvs,1975,JJA,-0.6993826250682652
Uvs,1975,MAM,0.4667854982066112
Uvs,1975,SON,0.5016584115219185
Uvs,1976,DJF,0.34396371028499884
Uvs,1976,JJA,0.6366087833122946
Uvs,1976,MAM,1.1967922078071467
Uvs,1976,SON,0.3529455861951881
Uvs,1977,DJF,1.0551616260708896
Uvs,1977,JJA,0.08067583913131682
Uvs,1977,MAM,0.06307380576858089
Uvs,1977,SON,-0.1934980848430586
Uvs,1978,DJF,0.07445720084574607
Uvs,1978,JJA,-0.5741840075963409
Uvs,1978,MAM,-0.12376430714409856
Uvs,1978,SON,-0.261262339168389
Uvs,1979,DJF,0.4479255956940231
Uvs,1979,JJA,0.20084765735425691
Uvs,1979,MAM,0.32021016327053614
Uvs,1979,SON,0.38650892813299254
Uvs,1980,DJF,0.09424471511270349
Uvs,1980,JJA,0.3348181265030903
Uvs,1980,MAM,0.5341891681292721
Uvs,1980,SON,0.08350938683654159
Uvs,1981,DJF,1.5848343411024373
Uvs,1981,JJA,-0.6429214527713863
Uvs,1981,MAM,-0.2556770218596165
Uvs,1981,SON,1.023556023150389
Uvs,1982,DJF,0.18204642955703274
Uvs,1982,JJA,0.47171395555409223
Uvs,1982,MAM,-0.38575379361270107
Uvs,1982,SON,-0.016180428404182715
Uvs,1983,DJF,0.34971292352594635
Uvs,1983,JJA,1.2492613201859508
Uvs,1983,MAM,-0.01638096506639375
Uvs,1983,SON,0.6214241736918075
Uvs,1984,DJF,0.4446074363113176
Uvs,1984,JJA,1.351313976233683
Uvs,1984,MAM,0.8142364233847705
Uvs,1984,SON,1.6309186911871394
Uvs,1985,DJF,0.8635877183576819
Uvs,1985,JJA,1.049599557578359
Uvs,1985,MAM,0.4588691415317059
Uvs,1985,SON,0.7757971126195485
Uvs,1986,DJF,0.43663006086386347
Uvs,1986,JJA,1.6109188514071702
Uvs,1986,MAM,-0.37020363780840215
Uvs,1986,SON,0.7151954113911942
Uvs,1987,DJF,0.7901506530130291
Uvs,1987,JJA,1.0904199955667182
Uvs,1987,MAM,0.40676211511094085
Uvs,1987,SON,1.0975509334968814
Uvs,1988,DJF,0.7547078285449431
Uvs,1988,JJA,0.9258790632514081
Uvs,1988,MAM,0.10351857813514072
Uvs,1988,SON,-0.2776752946978939
Uvs,1989,DJF,0.07309018879122767
Uvs,1989,JJA,0.6255393255750039
Uvs,1989,MAM,-1.301284496527289
Uvs,1989,SON,0.26046394289803915
Uvs,1990,DJF,0.12052756718506473
Uvs,1990,JJA,0.6172608581052746
Uvs,1990,MAM,-0.4329017768158645
Uvs,1990,SON,0.6340017477983569
Uvs,1991,DJF,-0.13488015022882682
Uvs,1991,JJA,0.7528515365018391
Uvs,1991,MAM,-0.575482779939851
Uvs,1991,SON,0.8254462903353096
Uvs,1992,DJF,0.24216289126160895
Uvs,1992,JJA,0.027145068928369365
Uvs,1992,MAM,-0.07396004419352695
Uvs,1992,SON,1.7624932669147977
Uvs,1993,DJF,0.25415083773806674
Uvs,1993,JJA,1.9259302817653212
Uvs,1993,MAM,1.107322962782442
Uvs,1993,SON,1.1592346122888264
Uvs,1994,DJF,-0.2607700249313283
Uvs,1994,JJA,1.765031963022387
Uvs,1994,MAM,0.18044954484631098
Uvs,1994,SON,1.2970079401099244
Uvs,1995,DJF,0.27407350681134685
Uvs,1995,JJA,0.6147870204401987
Uvs,1995,MAM,0.9579788755487281
Uvs,1995,SON,-0.42738728514765995
Uvs,1996,DJF,-1.662583424457539
Uvs,1996,JJA,0.4847579064226657
Uvs,1996,MAM,0.14470657557451017
Uvs,1996,SON,0.3888064410510254
Uvs,1997,DJF,0.10022015271656282
Uvs,1997,JJA,1.0068825987713095
Uvs,1997,MAM,-1.2114818382564112
Uvs,1997,SON,0.6537035142159098
Uvs,1998,DJF,-1.2222685198376417
Uvs,1998,JJA,0.3810158141128705
Uvs,1998,MAM,-0.7049760698658386
Uvs,1998,SON,-0.4480508623316237
Uvs,1999,DJF,-1.357671580279975
Uvs,1999,JJA,-0.5862344046364495
Uvs,1999,MAM,-0.4982212355599799
Uvs,1999,SON,0.34817639184660387
Uvs,2000,DJF,-0.2053140282881762
Uvs,2000,JJA,0.833481988979172
Uvs,2000,MAM,-0.7406578986835057
Uvs,2000,SON,0.002995617975132419
Uvs,2001,DJF,0.919339261940384
Uvs,2001,JJA,-0.7583087610543396
Uvs,2001,MAM,0.3098045144623302
Uvs,2001,SON,-0.5456671701837958
Uvs,2002,DJF,-0.3267837361745323
Uvs,2002,JJA,-0.6956894473193864
Uvs,2002,MAM,0.04076670211226189
Uvs,2002,SON,-1.7832984163338617
Uvs,2003,DJF,-0.40223870821348
Uvs,2003,JJA,0.5155897076886161
Uvs,2003,MAM,0.10990333931639329
Uvs,2003,SON,0.8939722734971197
Uvs,2004,DJF,-0.4896477109134222
Uvs,2004,JJA,-0.5647887668296739
Uvs,2004,MAM,-0.014010154596481535
Uvs,2004,SON,-0.22908027757988747
Uvs,2005,DJF,0.3182993201878952
Uvs,2005,JJA,0.016159556215989506
Uvs,2005,MAM,0.35030561381573827
Uvs,2005,SON,0.1066516038110167
Uvs,2006,DJF,-0.23986264513991076
Uvs,2006,JJA,0.3966296730019556
Uvs,2006,MAM,0.452573319095132
Uvs,2006,SON,-0.45693925479395137
Uvs,2007,DJF,-0.8806936775250244
Uvs,2007,JJA,-0.83433063069235
Uvs,2007,MAM,-1.0949432946949575
Uvs,2007,SON,-1.237879986360626
Uvs,2008,DJF,-0.27483887902611576
Uvs,2008,JJA,-0.6680306322588941
Uvs,2008,MAM,0.0390602061755396
Uvs,2008,SON,-0.24444538485849682
Uvs,2009,DJF,0.10806638751792455
Uvs,2009,JJA,-0.34955282111313635
Uvs,2009,MAM,0.33692519714556346
Uvs,2009,SON,0.10541957019121273
Uvs,2010,DJF,1.6586492494591634
Uvs,2010,JJA,0.07669973722584457
Uvs,2010,MAM,1.3661828594932488
Uvs,2010,SON,0.2469122398070551
Uvs,2011,DJF,0.6238741021624968
Uvs,2011,JJA,-0.5442414095378043
Uvs,2011,MAM,-0.15161432207856745
Uvs,2011,SON,-0.9497300351102296
Uvs,2012,DJF,-0.08244964643587234
Uvs,2012,JJA,-0.5349513459513585
Uvs,2012,MAM,-0.015602108312984012
Uvs,2012,SON,-0.18930210928201824
Uvs,2013,DJF,0.8130088635700492
Uvs,2013,JJA,-0.13657898396101859
Uvs,2013,MAM,-0.6610491438397793
Uvs,2013,SON,0.23614019490955734
Uvs,2014,DJF,0.23494265531050756
Uvs,2014,JJA,-0.8353656388538487
Uvs,2014,MAM,-0.009969244907206621
Uvs,2014,SON,-1.411558127136685
Uvs,2015,DJF,-0.8358896181954274
Uvs,2015,JJA,-1.0109123499083739
Uvs,2015,MAM,-0.11202641718255996
Uvs,2015,SON,-1.0863274738798854
Uvs,2016,DJF,0.2393538895194737
Uvs,2016,JJA,0.24751255124164465
Uvs,2016,MAM,1.5126100872760952
Uvs,2016,SON,0.9276069026274826
Uvs,2017,DJF,0.5838141305675234
Uvs,2017,JJA,-1.5433587405276747
Uvs,2017,MAM,-0.10956230073472734
Uvs,2017,SON,-0.2512013976922759
Uvs,2018,DJF,0.5811850493009416
Uvs,2018,JJA,-0.5804207853663067
Uvs,2018,MAM,-0.24942058070517306
Uvs,2018,SON,0.3852390344563954
Uvs,2019,DJF,0.008491227634587133
Uvs,2019,JJA,0.6337017701198502
Uvs,2019,MAM,-0.6894604321210832
Uvs,2019,SON,-0.1201490078726785
Uvs,2020,DJF,0.02775987758397396
Uvs,2020,JJA,0.23378977237266751
Uvs,2020,MAM,-1.5727371853634817
Uvs,2020,SON,0.6219807671221628
Uvs,2021,DJF,-0.380292901307525
Uvs,2021,JJA,-0.38550738952291425
Uvs,2021,MAM,-0.6272616460401602
Uvs,2021,SON,-0.4010789836887797
Uvs,2022,DJF,-0.41625407255920116
Uvs,2022,JJA,-1.9625771920572357
Uvs,2022,MAM,-0.5584301248420024
Uvs,2022,SON,-0.8606645496610984
Uvs,2023,DJF,0.2652516973543291
Uvs,2023,JJA,-0.6681048991572425
Uvs,2023,MAM,0.20486087176476553
Uvs,2023,SON,0.25123108572091507
Uvs,2024,DJF,1.4867206324528666
Uvs,2024,JJA,-1.2460136551278838
Uvs,2024,MAM,-0.7491551329391312
Uvs,2024,SON,-0.7398375569697359
Uvs,2025,DJF,0.5611393203454358
Uvurkhangai,1950,DJF,0.62094508513229
Uvurkhangai,1950,JJA,1.5982244993274382
Uvurkhangai,1950,MAM,-0.2267664515698052
Uvurkhangai,1950,SON,0.6463321347786058
Uvurkhangai,1951,DJF,-0.04920325293653359
Uvurkhangai,1951,JJA,-0.054812389908129165
Uvurkhangai,1951,MAM,1.2919282336475895
Uvurkhangai,1951,SON,0.20088477993181933
Uvurkhangai,1952,DJF,0.4330128129465374
Uvurkhangai,1952,JJA,-0.15193049190777075
Uvurkhangai,1952,MAM,0.5406857589495119
Uvurkhangai,1952,SON,0.9904077820673834
Uvurkhangai,1953,DJF,0.5700710954469965
Uvurkhangai,1953,JJA,0.025975278866515825
Uvurkhangai,1953,MAM,0.5290065152357694
Uvurkhangai,1953,SON,0.4686440160595127
Uvurkhangai,1954,DJF,0.6953203627076278
Uvurkhangai,1954,JJA,1.431415204248783
Uvurkhangai,1954,MAM,1.3992439853686858
Uvurkhangai,1954,SON,1.1524345261879743
Uvurkhangai,1955,DJF,0.6654916070406275
Uvurkhangai,1955,JJA,1.3628964173051505
Uvurkhangai,1955,MAM,0.9108863123486967
Uvurkhangai,1955,SON,1.5516898450274519
Uvurkhangai,1956,DJF,0.4178751248954936
Uvurkhangai,1956,JJA,1.1358846950832162
Uvurkhangai,1956,MAM,0.9556221044063717
Uvurkhangai,1956,SON,0.07008137243838083
Uvurkhangai,1957,DJF,1.1587330102532023
Uvurkhangai,1957,JJA,0.4205476190056433
Uvurkhangai,1957,MAM,0.33548225054773495
Uvurkhangai,1957,SON,0.33896197336047573
Uvurkhangai,1958,DJF,0.9130443794456944
Uvurkhangai,1958,JJA,1.3320907902462662
Uvurkhangai,1958,MAM,2.0129462474651594
Uvurkhangai,1958,SON,1.196381076184705
Uvurkhangai,1959,DJF,0.2570759945702153
Uvurkhangai,1959,JJA,1.2006789099698099
Uvurkhangai,1959,MAM,0.5135997768548799
Uvurkhangai,1959,SON,0.9888464072876659
Uvurkhangai,1960,DJF,0.8065800097957122
Uvurkhangai,1960,JJA,0.7308207251827759
Uvurkhangai,1960,MAM,1.149165751067521
Uvurkhangai,1960,SON,0.06453338414122191
Uvurkhangai,1961,DJF,0.42849865649906865
Uvurkhangai,1961,JJA,0.39749837110597136
Uvurkhangai,1961,MAM,0.30607804264022287
Uvurkhangai,1961,SON,1.1434799073996469
Uvurkhangai,1962,DJF,1.4257484845947646
Uvurkhangai,1962,JJA,0.7594703368111232
Uvurkhangai,1962,MAM,0.8884775622793454
Uvurkhangai,1962,SON,0.47665148761402154
Uvurkhangai,1963,DJF,-0.8877540382028548
Uvurkhangai,1963,JJA,0.8337075297894639
Uvurkhangai,1963,MAM,0.33948322141899423
Uvurkhangai,1963,SON,0.771765238718753
Uvurkhangai,1964,DJF,0.4470557100051765
Uvurkhangai,1964,JJA,0.9983609450079736
Uvurkhangai,1964,MAM,1.9536499124602709
Uvurkhangai,1964,SON,1.5715545843233532
Uvurkhangai,1965,DJF,0.44586951793531976
Uvurkhangai,1965,JJA,0.16682789514837995
Uvurkhangai,1965,MAM,0.42015003404252166
Uvurkhangai,1965,SON,-0.6420170495257401
Uvurkhangai,1966,DJF,-0.20595278953788435
Uvurkhangai,1966,JJA,0.6927880339600995
Uvurkhangai,1966,MAM,0.3866240624457603
Uvurkhangai,1966,SON,1.0403908980982999
Uvurkhangai,1967,DJF,0.8029522620935144
Uvurkhangai,1967,JJA,0.7448525740740106
Uvurkhangai,1967,MAM,0.798904357457762
Uvurkhangai,1967,SON,-0.6623696910269024
Uvurkhangai,1968,DJF,1.924968344141016
Uvurkhangai,1968,JJA,0.11685803718203298
Uvurkhangai,1968,MAM,0.6874456185153361
Uvurkhangai,1968,SON,0.6831167241533239
Uvurkhangai,1969,DJF,0.7065121734491713
Uvurkhangai,1969,JJA,0.6352803617268099
Uvurkhangai,1969,MAM,1.117512307196541
Uvurkhangai,1969,SON,1.6180197754868766
Uvurkhangai,1970,DJF,0.7627063264787846
Uvurkhangai,1970,JJA,-0.0491370185641088
Uvurkhangai,1970,MAM,1.88473430562979
Uvurkhangai,1970,SON,0.3041932513574777
Uvurkhangai,1971,DJF,0.4352910472267575
Uvurkhangai,1971,JJA,1.2858891038660232
Uvurkhangai,1971,MAM,1.2738155779817733
Uvurkhangai,1971,SON,1.5788728978563003
Uvurkhangai,1972,DJF,1.46068217293584
Uvurkhangai,1972,JJA,0.1512260576719338
Uvurkhangai,1972,MAM,0.4906814392168297
Uvurkhangai,1972,SON,0.44803750572598383
Uvurkhangai,1973,DJF,1.3959139862053747
Uvurkhangai,1973,JJA,1.07160269315143
Uvurkhangai,1973,MAM,0.5823990026807957
Uvurkhangai,1973,SON,1.2742705343617722
Uvurkhangai,1974,DJF,0.40079536709449426
Uvurkhangai,1974,JJA,0.5756585994181186
Uvurkhangai,1974,MAM,0.8231790882408189
Uvurkhangai,1974,SON,1.6090939724046034
Uvurkhangai,1975,DJF,0.43930841006926974
Uvurkhangai,1975,JJA,1.2094059007944638
Uvurkhangai,1975,MAM,1.279009432014991
Uvurkhangai,1975,SON,1.2636571057202879
Uvurkhangai,1976,DJF,-0.23050373406908972
Uvurkhangai,1976,JJA,1.7175133115405756
Uvurkhangai,1976,MAM,1.2128530792382513
Uvurkhangai,1976,SON,1.1863940199031504
Uvurkhangai,1977,DJF,1.6142605973721913
Uvurkhangai,1977,JJA,1.6771633349474429
Uvurkhangai,1977,MAM,1.3434533184881656
Uvurkhangai,1977,SON,0.03330872903650483
Uvurkhangai,1978,DJF,0.2249993786411835
Uvurkhangai,1978,JJA,0.11844753016114742
Uvurkhangai,1978,MAM,-0.12384960927241884
Uvurkhangai,1978,SON,-0.042790343724881046
Uvurkhangai,1979,DJF,-0.013067570603616406
Uvurkhangai,1979,JJA,0.48705392481920956
Uvurkhangai,1979,MAM,0.9950483354059392
Uvurkhangai,1979,SON,0.4562578691376944
Uvurkhangai,1980,DJF,0.04126914512581758
Uvurkhangai,1980,JJA,-0.13176714747825888
Uvurkhangai,1980,MAM,1.3299178181260152
Uvurkhangai,1980,SON,0.9106244970230161
Uvurkhangai,1981,DJF,1.2018101336175753
Uvurkhangai,1981,JJA,0.3560264600433086
Uvurkhangai,1981,MAM,0.6665338011585693
Uvurkhangai,1981,SON,1.3981316052076362
Uvurkhangai,1982,DJF,1.1569375691764119
Uvurkhangai,1982,JJA,0.697611191400918
Uvurkhangai,1982,MAM,-0.23943176370881003
Uvurkhangai,1982,SON,1.4025706418621264
Uvurkhangai,1983,DJF,0.5132191224381913
Uvurkhangai,1983,JJA,0.47546724751321423
Uvurkhangai,1983,MAM,0.35309112735599757
Uvurkhangai,1983,SON,1.1996340086357542
Uvurkhangai,1984,DJF,0.8969670185803145
Uvurkhangai,1984,JJA,0.2720330695462631
Uvurkhangai,1984,MAM,1.1678330293530559
Uvurkhangai,1984,SON,0.960481443773449
Uvurkhangai,1985,DJF,0.7456261549932712
Uvurkhangai,1985,JJA,0.2883048243894529
Uvurkhangai,1985,MAM,0.8906152007564624
Uvurkhangai,1985,SON,0.6818479607194317
Uvurkhangai,1986,DJF,0.8806504383331917
Uvurkhangai,1986,JJA,-0.2717725856709489
Uvurkhangai,1986,MAM,0.6845315144093692
Uvurkhangai,1986,SON,1.6589531798530128
Uvurkhangai,1987,DJF,1.4992886457681587
Uvurkhangai,1987,JJA,1.003266340617625
Uvurkhangai,1987,MAM,1.4433949647157813
Uvurkhangai,1987,SON,1.5710846673474568
Uvurkhangai,1988,DJF,1.9175990998073447
Uvurkhangai,1988,JJA,-0.16776225569821315
Uvurkhangai,1988,MAM,2.0170678563846867
Uvurkhangai,1988,SON,0.3331129351255643
Uvurkhangai,1989,DJF,0.3077288286338526
Uvurkhangai,1989,JJA,-0.2101939461116676
Uvurkhangai,1989,MAM,0.4127933068455439
Uvurkhangai,1989,SON,0.8529793413963928
Uvurkhangai,1990,DJF,0.0007356432698853551
Uvurkhangai,1990,JJA,1.464354106375138
Uvurkhangai,1990,MAM,1.6801640688949218
Uvurkhangai,1990,SON,0.2180976150935803
Uvurkhangai,1991,DJF,-0.3615683268156915
Uvurkhangai,1991,JJA,0.4467785113722361
Uvurkhangai,1991,MAM,0.7181118327761817
Uvurkhangai,1991,SON,1.0807510676802885
Uvurkhangai,1992,DJF,0.5353805177641661
Uvurkhangai,1992,JJA,0.8808423661082034
Uvurkhangai,1992,MAM,0.4773087457397136
Uvurkhangai,1992,SON,1.0117978094865012
Uvurkhangai,1993,DJF,1.0091178698806769
Uvurkhangai,1993,JJA,1.3979221273538067
Uvurkhangai,1993,MAM,0.6954594652699583
Uvurkhangai,1993,SON,1.542244751929159
Uvurkhangai,1994,DJF,0.8364276775696009
Uvurkhangai,1994,JJA,1.6729216357389376
Uvurkhangai,1994,MAM,0.27859824084439067
Uvurkhangai,1994,SON,0.5183717208375921
Uvurkhangai,1995,DJF,-0.5042913682191844
Uvurkhangai,1995,JJA,0.30537912894770086
Uvurkhangai,1995,MAM,0.8177382892641927
Uvurkhangai,1995,SON,-0.18382329103029346
Uvurkhangai,1996,DJF,-0.26914441189598437
Uvurkhangai,1996,JJA,0.5871840505903865
Uvurkhangai,1996,MAM,0.3165021444769692
Uvurkhangai,1996,SON,-0.04798349025879593
Uvurkhangai,1997,DJF,0.03679992097332979
Uvurkhangai,1997,JJA,-0.0220155510491397
Uvurkhangai,1997,MAM,-0.6329899963069856
Uvurkhangai,1997,SON,0.2768172368142874
Uvurkhangai,1998,DJF,-0.3265501364058725
Uvurkhangai,1998,JJA,0.26325184978396643
Uvurkhangai,1998,MAM,0.3217512573822987
Uvurkhangai,1998,SON,0.2677619783474961
Uvurkhangai,1999,DJF,-1.0382863827810866
Uvurkhangai,1999,JJA,0.13549566179452452
Uvurkhangai,1999,MAM,0.21736498114054198
Uvurkhangai,1999,SON,1.1864662904553505
Uvurkhangai,2000,DJF,0.27103789739040035
Uvurkhangai,2000,JJA,-0.5879190273584798
Uvurkhangai,2000,MAM,0.11420687067719114
Uvurkhangai,2000,SON,0.15747888933094267
Uvurkhangai,2001,DJF,0.2721068372683016
Uvurkhangai,2001,JJA,-0.2033149773364034
Uvurkhangai,2001,MAM,-0.6220281675615412
Uvurkhangai,2001,SON,0.11681612566381343
Uvurkhangai,2002,DJF,0.590931531369335
Uvurkhangai,2002,JJA,-0.8710645152969593
Uvurkhangai,2002,MAM,0.3560822093555924
Uvurkhangai,2002,SON,-1.1679121438580844
Uvurkhangai,2003,DJF,0.35545834020444905
Uvurkhangai,2003,JJA,1.3118121985002158
Uvurkhangai,2003,MAM,1.213827903674632
Uvurkhangai,2003,SON,0.5420618059062365
Uvurkhangai,2004,DJF,0.3764285636115818
Uvurkhangai,2004,JJA,-0.2846136370825958
Uvurkhangai,2004,MAM,-0.985296649716037
Uvurkhangai,2004,SON,-0.2505733435058742
Uvurkhangai,2005,DJF,0.06349428090941697
Uvurkhangai,2005,JJA,-0.6953849810823504
Uvurkhangai,2005,MAM,-0.07603497081794763
Uvurkhangai,2005,SON,-0.3493470523638871
Uvurkhangai,2006,DJF,-0.39803847297326106
Uvurkhangai,2006,JJA,0.3229690982572058
Uvurkhangai,2006,MAM,-0.337341206867982
Uvurkhangai,2006,SON,-1.5321081878030038
Uvurkhangai,2007,DJF,-1.6358450472743877
Uvurkhangai,2007,JJA,-0.5284288693454176
Uvurkhangai,2007,MAM,-0.652600722079001
Uvurkhangai,2007,SON,0.19234807445050087
Uvurkhangai,2008,DJF,-0.4051102225059682
Uvurkhangai,2008,JJA,-0.44583316424981273
Uvurkhangai,2008,MAM,-0.04125028038633496
Uvurkhangai,2008,SON,-1.1730967386447357
Uvurkhangai,2009,DJF,-0.4448092452992954
Uvurkhangai,2009,JJA,-1.1422350857658068
Uvurkhangai,2009,MAM,-0.9512488491628422
Uvurkhangai,2009,SON,-1.329943142986981
Uvurkhangai,2010,DJF,0.9890645770347428
Uvurkhangai,2010,JJA,-0.7688195714454943
Uvurkhangai,2010,MAM,1.4106815259901906
Uvurkhangai,2010,SON,-0.7039680604877045
Uvurkhangai,2011,DJF,0.7335264867730558
Uvurkhangai,2011,JJA,-0.00527156265092435
Uvurkhangai,2011,MAM,0.2672892253766856
Uvurkhangai,2011,SON,0.038747410959361975
Uvurkhangai,2012,DJF,0.5228017838349611
Uvurkhangai,2012,JJA,-0.477149584251112
Uvurkhangai,2012,MAM,-0.2777905240549256
Uvurkhangai,2012,SON,0.5598824606060723
Uvurkhangai,2013,DJF,1.3047703364837928
Uvurkhangai,2013,JJA,-0.5757737920211906
Uvurkhangai,2013,MAM,-0.890181707896632
Uvurkhangai,2013,SON,-0.21695948402700896
Uvurkhangai,2014,DJF,-0.9451446453750181
Uvurkhangai,2014,JJA,0.49701384754486744
Uvurkhangai,2014,MAM,-0.16667959731463247
Uvurkhangai,2014,SON,-0.5927226147532103
Uvurkhangai,2015,DJF,-1.628419577749658
Uvurkhangai,2015,JJA,-0.04184323091612322
Uvurkhangai,2015,MAM,-0.7798472637427786
Uvurkhangai,2015,SON,-0.32530942273563873
Uvurkhangai,2016,DJF,0.068441325227286
Uvurkhangai,2016,JJA,1.221777827303195
Uvurkhangai,2016,MAM,-0.5632683534169388
Uvurkhangai,2016,SON,0.9319725916815662
Uvurkhangai,2017,DJF,0.4191937492856634
Uvurkhangai,2017,JJA,-1.741617893968449
Uvurkhangai,2017,MAM,0.6093085165255652
Uvurkhangai,2017,SON,-0.7919789125314135
Uvurkhangai,2018,DJF,0.025114442076219712
Uvurkhangai,2018,JJA,-0.8429398230187907
Uvurkhangai,2018,MAM,-1.798586318287135
Uvurkhangai,2018,SON,0.9049836588543296
Uvurkhangai,2019,DJF,-0.3620999904428061
Uvurkhangai,2019,JJA,-0.5171608236505739
Uvurkhangai,2019,MAM,-0.15214634138543465
Uvurkhangai,2019,SON,-0.7630179547481526
Uvurkhangai,2020,DJF,-0.6603814221016053
Uvurkhangai,2020,JJA,-1.6728140265326272
Uvurkhangai,2020,MAM,-2.207725112270249
Uvurkhangai,2020,SON,-0.9486918539720396
Uvurkhangai,2021,DJF,-0.7271342518304176
Uvurkhangai,2021,JJA,0.12682984725830762
Uvurkhangai,2021,MAM,-1.4736029383760694
Uvurkhangai,2021,SON,0.02634647771944203
Uvurkhangai,2022,DJF,-0.48617473033661013
Uvurkhangai,2022,JJA,-1.4406525597437911
Uvurkhangai,2022,MAM,-0.351466728601299
Uvurkhangai,2022,SON,-1.5650437745084085
Uvurkhangai,2023,DJF,0.04836086646297384
Uvurkhangai,2023,JJA,0.02957946719629353
Uvurkhangai,2023,MAM,-1.10260799124486
Uvurkhangai,2023,SON,-0.41235789887076
Uvurkhangai,2024,DJF,0.5010857380693761
Uvurkhangai,2024,JJA,-0.4162548219056183
Uvurkhangai,2024,MAM,0.06132232442027577
Uvurkhangai,2024,SON,0.47883625271121166
Uvurkhangai,2025,DJF,-0.1644807773325262
Zavkhan,1950,DJF,0.08486153816137604
Zavkhan,1950,JJA,1.0370902061200944
Zavkhan,1950,MAM,-1.0631660117830528
Zavkhan,1950,SON,-0.20161800404585872
Zavkhan,1951,DJF,0.16048398673033162
Zavkhan,1951,JJA,0.22607622483608572
Zavkhan,1951,MAM,0.5655417136270917
Zavkhan,1951,SON,-0.28977267672586454
Zavkhan,1952,DJF,-0.8838366569987772
Zavkhan,1952,JJA,-0.1438783428222996
Zavkhan,1952,MAM,-0.5454280519818215
Zavkhan,1952,SON,1.0384942696665995
Zavkhan,1953,DJF,0.8499962147361482
Zavkhan,1953,JJA,-0.21664386646056585
Zavkhan,1953,MAM,1.1403073678912756
Zavkhan,1953,SON,-0.15596681022312434
Zavkhan,1954,DJF,0.21824261782329693
Zavkhan,1954,JJA,0.6048514476037959
Zavkhan,1954,MAM,-0.5749002244764212
Zavkhan,1954,SON,0.6364287351884506
Zavkhan,1955,DJF,0.34710416053282933
Zavkhan,1955,JJA,0.6651686527430726
Zavkhan,1955,MAM,0.7228485707573316
Zavkhan,1955,SON,-0.3077847099549495
Zavkhan,1956,DJF,-1.036315767504436
Zavkhan,1956,JJA,0.9469798654337478
Zavkhan,1956,MAM,0.16243513403648382
Zavkhan,1956,SON,-0.017470146967888425
Zavkhan,1957,DJF,-0.31975170160964234
Zavkhan,1957,JJA,-0.29121077480189583
Zavkhan,1957,MAM,-0.07827913449421724
Zavkhan,1957,SON,0.42898861836463775
Zavkhan,1958,DJF,-0.5250771439354107
Zavkhan,1958,JJA,0.9124423392159889
Zavkhan,1958,MAM,0.6373205555369871
Zavkhan,1958,SON,1.0519559616050764
Zavkhan,1959,DJF,-0.23948630958417294
Zavkhan,1959,JJA,1.264176503758189
Zavkhan,1959,MAM,1.5593741636805474
Zavkhan,1959,SON,0.21413140472696046
Zavkhan,1960,DJF,0.4787324869427798
Zavkhan,1960,JJA,0.3462392296686934
Zavkhan,1960,MAM,0.789573006096488
Zavkhan,1960,SON,-0.35397945910819734
Zavkhan,1961,DJF,0.4958114565269432
Zavkhan,1961,JJA,0.955748188984157
Zavkhan,1961,MAM,0.5509147122567571
Zavkhan,1961,SON,0.633262139198831
Zavkhan,1962,DJF,0.2717744693994459
Zavkhan,1962,JJA,0.3905607398895588
Zavkhan,1962,MAM,-0.43167449498491234
Zavkhan,1962,SON,-0.6885887823253654
Zavkhan,1963,DJF,-0.998921391139254
Zavkhan,1963,JJA,0.8708519716495166
Zavkhan,1963,MAM,-0.6454958682804547
Zavkhan,1963,SON,0.9810903785962776
Zavkhan,1964,DJF,-0.28840372918982854
Zavkhan,1964,JJA,0.8504698365687893
Zavkhan,1964,MAM,1.561971850720031
Zavkhan,1964,SON,0.9380522586915858
Zavkhan,1965,DJF,0.6519196891229669
Zavkhan,1965,JJA,0.017095554842661887
Zavkhan,1965,MAM,-0.02420557707771487
Zavkhan,1965,SON,-0.18214619359864753
Zavkhan,1966,DJF,1.2460338454407003
Zavkhan,1966,JJA,0.5334299646456788
Zavkhan,1966,MAM,1.608347774316103
Zavkhan,1966,SON,0.01896655645864507
Zavkhan,1967,DJF,0.24701279292733536
Zavkhan,1967,JJA,0.804714997395923
Zavkhan,1967,MAM,-0.10946717453563312
Zavkhan,1967,SON,0.9406085012178454
Zavkhan,1968,DJF,0.34110220202352154
Zavkhan,1968,JJA,-0.47478295876618076
Zavkhan,1968,MAM,0.6143868880248217
Zavkhan,1968,SON,1.2822669792695076
Zavkhan,1969,DJF,0.5316203737482945
Zavkhan,1969,JJA,0.6507982975619836
Zavkhan,1969,MAM,0.03361171537596802
Zavkhan,1969,SON,1.1692691915140705
Zavkhan,1970,DJF,-0.3172952635128286
Zavkhan,1970,JJA,-0.15986476925633125
Zavkhan,1970,MAM,0.614148564944178
Zavkhan,1970,SON,0.6834578214450072
Zavkhan,1971,DJF,0.042054915440946854
Zavkhan,1971,JJA,0.7014379349048129
Zavkhan,1971,MAM,0.6478918941256105
Zavkhan,1971,SON,0.4310261880563988
Zavkhan,1972,DJF,0.4744902233598169
Zavkhan,1972,JJA,0.09896070941452782
Zavkhan,1972,MAM,-0.13753304894924545
Zavkhan,1972,SON,0.9206354070600417
Zavkhan,1973,DJF,1.2466821680552789
Zavkhan,1973,JJA,0.7241180299036014
Zavkhan,1973,MAM,0.4243467993112416
Zavkhan,1973,SON,1.0709938970979787
Zavkhan,1974,DJF,0.020064112479012828
Zavkhan,1974,JJA,-0.6180875222404935
Zavkhan,1974,MAM,1.0413515449558857
Zavkhan,1974,SON,0.40833574706349435
Zavkhan,1975,DJF,-0.2948662858461977
Zavkhan,1975,JJA,0.5700353042061196
Zavkhan,1975,MAM,0.8901618207550658
Zavkhan,1975,SON,0.5422020421449631
Zavkhan,1976,DJF,0.05248257668954452
Zavkhan,1976,JJA,1.0325951695046194
Zavkhan,1976,MAM,1.543034931539634
Zavkhan,1976,SON,0.37135957246755713
Zavkhan,1977,DJF,0.8239935941908535
Zavkhan,1977,JJA,0.37440423517513605
Zavkhan,1977,MAM,1.0414575299564186
Zavkhan,1977,SON,-0.5148526431537109
Zavkhan,1978,DJF,0.04656397581431131
Zavkhan,1978,JJA,0.47583476891468185
Zavkhan,1978,MAM,0.05398248364520157
Zavkhan,1978,SON,-0.5286286444803711
Zavkhan,1979,DJF,-0.09597018268852335
Zavkhan,1979,JJA,1.0351624499632197
Zavkhan,1979,MAM,0.8398330310439585
Zavkhan,1979,SON,0.6891393249169843
Zavkhan,1980,DJF,0.22961617595929515
Zavkhan,1980,JJA,0.052865478646330163
Zavkhan,1980,MAM,0.859974401608616
Zavkhan,1980,SON,0.390199114851972
Zavkhan,1981,DJF,1.1248465957266842
Zavkhan,1981,JJA,-0.10966660865308066
Zavkhan,1981,MAM,0.26493766033213284
Zavkhan,1981,SON,1.3798258692943022
Zavkhan,1982,DJF,0.37395122276480935
Zavkhan,1982,JJA,0.21764620574715063
Zavkhan,1982,MAM,-0.009588339459995796
Zavkhan,1982,SON,0.019114621824143956
Zavkhan,1983,DJF,0.15692753017082342
Zavkhan,1983,JJA,1.181999078468636
Zavkhan,1983,MAM,0.5298259320760698
Zavkhan,1983,SON,0.5339122018025807
Zavkhan,1984,DJF,-0.24108948481558276
Zavkhan,1984,JJA,1.355755763206149
Zavkhan,1984,MAM,1.1251043161777157
Zavkhan,1984,SON,2.233282806818137
Zavkhan,1985,DJF,0.5653925628069731
Zavkhan,1985,JJA,0.2552308194292929
Zavkhan,1985,MAM,0.705203530855379
Zavkhan,1985,SON,0.8858980485241487
Zavkhan,1986,DJF,-0.015685508321812626
Zavkhan,1986,JJA,0.9396282111199931
Zavkhan,1986,MAM,0.3788641548283759
Zavkhan,1986,SON,0.8969988803039131
Zavkhan,1987,DJF,0.8088536027730159
Zavkhan,1987,JJA,1.271156687165432
Zavkhan,1987,MAM,0.9266833890235728
Zavkhan,1987,SON,1.3101673900072648
Zavkhan,1988,DJF,1.6610939395428423
Zavkhan,1988,JJA,0.7085943667668405
Zavkhan,1988,MAM,1.3414204964268874
Zavkhan,1988,SON,-0.6601528267738818
Zavkhan,1989,DJF,-0.1091574559870962
Zavkhan,1989,JJA,0.5266685063603607
Zavkhan,1989,MAM,-0.30614077075093277
Zavkhan,1989,SON,1.3798407842714984
Zavkhan,1990,DJF,-0.3978740744338697
Zavkhan,1990,JJA,1.2677257915730191
Zavkhan,1990,MAM,0.5234342029630233
Zavkhan,1990,SON,0.32323732919415055
Zavkhan,1991,DJF,-0.09484739566721012
Zavkhan,1991,JJA,0.5591036828356944
Zavkhan,1991,MAM,0.06921331704921238
Zavkhan,1991,SON,1.1930624665368244
Zavkhan,1992,DJF,0.18123093059539302
Zavkhan,1992,JJA,0.22970262799761235
Zavkhan,1992,MAM,-0.07581109807954986
Zavkhan,1992,SON,1.6076606759771457
Zavkhan,1993,DJF,0.6821648742394796
Zavkhan,1993,JJA,2.173300915099636
Zavkhan,1993,MAM,1.1337769902632464
Zavkhan,1993,SON,0.7989112313443985
Zavkhan,1994,DJF,-0.45066108555862855
Zavkhan,1994,JJA,1.733712073220307
Zavkhan,1994,MAM,-0.052213205647403026
Zavkhan,1994,SON,1.269919238171402
Zavkhan,1995,DJF,0.10768594005780363
Zavkhan,1995,JJA,0.9219374816041874
Zavkhan,1995,MAM,0.8219798744239841
Zavkhan,1995,SON,-0.28230796971592986
Zavkhan,1996,DJF,-1.4853967468556717
Zavkhan,1996,JJA,0.35589635970470823
Zavkhan,1996,MAM,0.10365515520772493
Zavkhan,1996,SON,0.32896959143239274
Zavkhan,1997,DJF,0.03799816873420948
Zavkhan,1997,JJA,0.3495997179314424
Zavkhan,1997,MAM,-1.2185256200905428
Zavkhan,1997,SON,0.1587904445896306
Zavkhan,1998,DJF,-1.3235982800975956
Zavkhan,1998,JJA,0.8787167334436763
Zavkhan,1998,MAM,-0.3354511718819177
Zavkhan,1998,SON,-0.025170526170568915
Zavkhan,1999,DJF,-1.0778764152208595
Zavkhan,1999,JJA,-0.5070172941266217
Zavkhan,1999,MAM,-0.036823631842736536
Zavkhan,1999,SON,0.5181774810028399
Zavkhan,2000,DJF,-0.04991542190355634
Zavkhan,2000,JJA,-0.07988497151661436
Zavkhan,2000,MAM,-0.5451071107499403
Zavkhan,2000,SON,0.11366166807581574
Zavkhan,2001,DJF,1.5809608038993108
Zavkhan,2001,JJA,-0.3353303742837597
Zavkhan,2001,MAM,0.7151975851457527
Zavkhan,2001,SON,-1.2482447718516692
Zavkhan,2002,DJF,-0.23550270756916397
Zavkhan,2002,JJA,-0.8755669859314974
Zavkhan,2002,MAM,0.6093312415246102
Zavkhan,2002,SON,-1.7454802895923038
Zavkhan,2003,DJF,-0.19318635496783304
Zavkhan,2003,JJA,0.938267680783599
Zavkhan,2003,MAM,1.1308414998715508
Zavkhan,2003,SON,1.132522497193986
Zavkhan,2004,DJF,-0.38489550416892
Zavkhan,2004,JJA,-0.46845758790421144
Zavkhan,2004,MAM,-0.5506368841352087
Zavkhan,2004,SON,0.24353388416204888
Zavkhan,2005,DJF,0.32836402382134655
Zavkhan,2005,JJA,0.299845380701062
Zavkhan,2005,MAM,0.13864936787599147
Zavkhan,2005,SON,0.10512796330273301
Zavkhan,2006,DJF,0.016655890380753657
Zavkhan,2006,JJA,0.4380994298748914
Zavkhan,2006,MAM,0.6234404062372777
Zavkhan,2006,SON,-0.817621429110026
Zavkhan,2007,DJF,-1.1566045325364902
Zavkhan,2007,JJA,-0.8808305268752374
Zavkhan,2007,MAM,-1.025177907573967
Zavkhan,2007,SON,-0.4210732277732386
Zavkhan,2008,DJF,-0.5036531452579088
Zavkhan,2008,JJA,-0.7426058553128687
Zavkhan,2008,MAM,-0.18797825746382973
Zavkhan,2008,SON,-0.12597790031746045
Zavkhan,2009,DJF,0.3514180256794754
Zavkhan,2009,JJA,-0.8288310694508604
Zavkhan,2009,MAM,-0.7118909545289236
Zavkhan,2009,SON,-0.4286196884470574
Zavkhan,2010,DJF,1.5570859474164827
Zavkhan,2010,JJA,0.1367878866091125
Zavkhan,2010,MAM,1.4447180363941885
Zavkhan,2010,SON,0.4180986978966231
Zavkhan,2011,DJF,0.9736161566038676
Zavkhan,2011,JJA,0.03567494344781806
Zavkhan,2011,MAM,0.3693127565081829
Zavkhan,2011,SON,-0.7900194802705169
Zavkhan,2012,DJF,-0.4732331860781352
Zavkhan,2012,JJA,-0.7764582682513859
Zavkhan,2012,MAM,-0.5736497698464998
Zavkhan,2012,SON,-0.10847857338366619
Zavkhan,2013,DJF,0.9976301542861656
Zavkhan,2013,JJA,-0.3934647104902794
Zavkhan,2013,MAM,-0.3847276956560714
Zavkhan,2013,SON,0.010122050099582421
Zavkhan,2014,DJF,0.22123671398221367
Zavkhan,2014,JJA,-1.0264928647253417
Zavkhan,2014,MAM,0.24131861338173755
Zavkhan,2014,SON,-1.5023477935593146
Zavkhan,2015,DJF,-1.0966891739287947
Zavkhan,2015,JJA,-0.11239581360371109
Zavkhan,2015,MAM,-0.6416297824980421
Zavkhan,2015,SON,0.11195758638686679
Zavkhan,2016,DJF,0.36201727161709646
Zavkhan,2016,JJA,0.5775017547649021
Zavkhan,2016,MAM,1.2553944676899569
Zavkhan,2016,SON,0.47625361708064734
Zavkhan,2017,DJF,0.575371738514547
Zavkhan,2017,JJA,-1.9501535422083955
Zavkhan,2017,MAM,-0.4641192589207049
Zavkhan,2017,SON,-0.771515292341418
Zavkhan,2018,DJF,0.10841447398240915
Zavkhan,2018,JJA,-0.634972593219003
Zavkhan,2018,MAM,-1.1844492832284503
Zavkhan,2018,SON,0.7964186169385087
Zavkhan,2019,DJF,-0.13138252744136925
Zavkhan,2019,JJA,0.0033424252821037115
Zavkhan,2019,MAM,-0.65931327059671
Zavkhan,2019,SON,-1.114610068072654
Zavkhan,2020,DJF,0.3582517880628016
Zavkhan,2020,JJA,-0.31852351730475453
Zavkhan,2020,MAM,-1.4550228838585013
Zavkhan,2020,SON,0.5220677383186795
Zavkhan,2021,DJF,-0.16250502035628886
Zavkhan,2021,JJA,-0.022950041990144263
Zavkhan,2021,MAM,-0.5726793691427299
Zavkhan,2021,SON,0.3343791468793791
Zavkhan,2022,DJF,-0.7791494708447695
Zavkhan,2022,JJA,-2.137712399777057
Zavkhan,2022,MAM,-0.6285437392499217
Zavkhan,2022,SON,-1.4349019559968856
Zavkhan,2023,DJF,0.1401027309708047
Zavkhan,2023,JJA,-0.6135459681802405
Zavkhan,2023,MAM,-0.513900924863047
Zavkhan,2023,SON,0.37358668378409426
Zavkhan,2024,DJF,1.0220282751495537
Zavkhan,2024,JJA,-1.2869893570628088
Zavkhan,2024,MAM,-0.48995102370988763
Zavkhan,2024,SON,-0.6232244662487278
Zavkhan,2025,DJF,0.33204366866505625
