latitude,longitude,Aimag,weight
52.0,98.75,Khuvsgul,119462654.2869894
52.0,99.0,Khuvsgul,430017285.9002163
52.0,99.25,Khuvsgul,239792690.25864425
52.0,99.5,Khuvsgul,118472314.26586297
52.0,99.75,Khuvsgul,39942637.214678034
51.75,98.25,Khuvsgul,54573698.68273967
51.75,98.5,Khuvsgul,316637413.69743603
51.75,98.75,Khuvsgul,447444964.89002293
51.75,99.0,Khuvsgul,480236308.72813886
51.75,99.25,Khuvsgul,480236308.72813886
51.75,99.5,Khuvsgul,480236308.7281018
51.75,99.75,Khuvsgul,438543052.9464658
51.75,100.0,Khuvsgul,262820186.79874033
51.75,100.25,Khuvsgul,233195141.93576843
51.75,100.5,Khuvsgul,210497748.90723673
51.75,100.75,Khuvsgul,89663810.00165465
51.5,98.0,Khuvsgul,64970588.13590885
51.5,98.25,Khuvsgul,342445969.10191536
51.5,98.5,Khuvsgul,482862192.65585667
51.5,98.75,Khuvsgul,482862192.655894
51.5,99.0,Khuvsgul,482862192.655894
51.5,99.25,Khuvsgul,482862192.655894
51.5,99.5,Khuvsgul,482862192.65585667
51.5,99.75,Khuvsgul,482862192.65585667
51.5,100.0,Khuvsgul,482862192.655894
51.5,100.25,Khuvsgul,482862192.655894
51.5,100.5,Khuvsgul,482862192.655894
51.5,100.75,Khuvsgul,476111551.1899375
51.5,101.0,Khuvsgul,393630234.6225846
51.5,101.25,Khuvsgul,305525981.00587404
51.5,101.5,Khuvsgul,191669809.40616906
51.5,101.75,Khuvsgul,139227832.3008671
51.5,102.0,Khuvsgul,30948273.599279486
51.25,97.75,Khuvsgul,85.39615145988802
51.25,98.0,Khuvsgul,388520500.40237236
51.25,98.25,Khuvsgul,485478527.5715799
51.25,98.5,Khuvsgul,485478527.5715799
51.25,98.75,Khuvsgul,485478527.57161736
51.25,99.0,Khuvsgul,485478527.57161736
51.25,99.25,Khuvsgul,485478527.57161736
51.25,99.5,Khuvsgul,485478527.5715799
51.25,99.75,Khuvsgul,485478527.5715799
51.25,100.0,Khuvsgul,485478527.57161736
51.25,100.25,Khuvsgul,485478527.57161736
51.25,100.5,Khuvsgul,485478527.57161736
51.25,100.75,Khuvsgul,485478527.5715799
51.25,101.0,Khuvsgul,485478527.57161736
51.25,101.25,Khuvsgul,485478527.5715799
51.25,101.5,Khuvsgul,485478527.57161736
51.25,101.75,Khuvsgul,485478527.57161736
51.25,102.0,Khuvsgul,481205300.84127283
51.25,102.25,Khuvsgul,31813271.21683108
51.0,92.25,Uvs,2756204.6277193697
51.0,97.75,Khuvsgul,29161338.99333645
51.0,98.0,Khuvsgul,456950488.3564975
51.0,98.25,Khuvsgul,488085265.98449737
51.0,98.5,Khuvsgul,488085265.98449737
51.0,98.75,Khuvsgul,488085265.9845351
51.0,99.0,Khuvsgul,488085265.9845351
51.0,99.25,Khuvsgul,488085265.9845351
51.0,99.5,Khuvsgul,488085265.98449737
51.0,99.75,Khuvsgul,488085265.98449737
51.0,100.0,Khuvsgul,488085265.9845351
51.0,100.25,Khuvsgul,488085265.9845351
51.0,100.5,Khuvsgul,488085265.9845351
51.0,100.75,Khuvsgul,488085265.98449737
51.0,101.0,Khuvsgul,488085265.9845351
51.0,101.25,Khuvsgul,488085265.98449737
51.0,101.5,Khuvsgul,488085265.9845351
51.0,101.75,Khuvsgul,488085265.9845351
51.0,102.0,Khuvsgul,488085265.98449737
51.0,102.25,Khuvsgul,152563833.25655842
50.75,91.75,Uvs,140165869.8105046
50.75,92.0,Uvs,176365223.40129536
50.75,92.25,Uvs,282175919.7994214
50.75,92.5,Uvs,335015764.1432094
50.75,92.75,Uvs,259916681.6947614
50.75,93.0,Uvs,168296693.12818408
50.75,93.5,Uvs,3102739.3702895446
50.75,98.0,Khuvsgul,249115001.7019575
50.75,98.25,Khuvsgul,490682360.64753515
50.75,98.5,Khuvsgul,490682360.64753515
50.75,98.75,Khuvsgul,490682360.64757305
50.75,99.0,Khuvsgul,490682360.64757305
50.75,99.25,Khuvsgul,490682360.64757305
50.75,99.5,Khuvsgul,490682360.64753515
50.75,99.75,Khuvsgul,490682360.64753515
50.75,100.0,Khuvsgul,490682360.64757305
50.75,100.25,Khuvsgul,490682360.64757305
50.75,100.5,Khuvsgul,490682360.64757305
50.75,100.75,Khuvsgul,490682360.64753515
50.75,101.0,Khuvsgul,490682360.64757305
50.75,101.25,Khuvsgul,490682360.64753515
50.75,101.5,Khuvsgul,490682360.64757305
50.75,101.75,Khuvsgul,490682360.64757305
50.75,102.0,Khuvsgul,490682360.64753515
50.75,102.25,Khuvsgul,320192815.4903924
50.75,102.5,Khuvsgul,3750136.8967663236
50.5,91.0,Uvs,97848075.26119673
50.5,91.25,Uvs,145222827.12793884
50.5,91.5,Uvs,334290824.12876886
50.5,91.75,Uvs,486121174.8851002
50.5,92.0,Uvs,493269764.5568404
50.5,92.25,Uvs,493269764.55680233
50.5,92.5,Uvs,493269764.5568785
50.5,92.75,Uvs,493269764.55680233
50.5,93.0,Uvs,474904244.4485782
50.5,93.25,Uvs,454110823.21371216
50.5,93.5,Uvs,473179072.5748343
50.5,93.75,Uvs,433267491.5384066
50.5,94.0,Uvs,428255968.69391996
50.5,94.25,Uvs,351118799.6193384
50.5,98.0,Khuvsgul,1188565.1424657747
50.5,98.25,Khuvsgul,229201959.63540342
50.5,98.5,Khuvsgul,493269764.55680233
50.5,98.75,Khuvsgul,493269764.5568404
50.5,99.0,Khuvsgul,493269764.5568404
50.5,99.25,Khuvsgul,493269764.5568404
50.5,99.5,Khuvsgul,493269764.55680233
50.5,99.75,Khuvsgul,493269764.55680233
50.5,100.0,Khuvsgul,493269764.5568404
50.5,100.25,Khuvsgul,493269764.5568404
50.5,100.5,Khuvsgul,493269764.5568404
50.5,100.75,Khuvsgul,493269764.55680233
50.5,101.0,Khuvsgul,493269764.5568404
50.5,101.25,Khuvsgul,493269764.55680233
50.5,101.5,Khuvsgul,493269764.5568404
50.5,101.75,Khuvsgul,493269764.5568404
50.5,102.0,Khuvsgul,493269764.55680233
50.5,102.25,Khuvsgul,493269764.5568404
50.5,102.5,Bulgan,8753094.280095652
50.5,102.5,Khuvsgul,395126633.6792107
50.5,102.75,Bulgan,29037992.968610547
50.5,102.75,Khuvsgul,4593126.712681457
50.5,104.75,Selenge,740700.0226640762
50.5,105.0,Selenge,48346282.34826797
50.5,105.25,Selenge,131381514.68915503
50.5,105.5,Selenge,155406706.495721
50.5,105.75,Selenge,125029408.1679966
50.5,106.0,Selenge,65328281.371185735
50.25,90.25,Uvs,19238490.910119586
50.25,90.5,Uvs,187658567.35513094
50.25,90.75,Uvs,337305460.7036098
50.25,91.0,Uvs,490085544.67963755
50.25,91.25,Uvs,495847430.9524608
50.25,91.5,Uvs,495847430.95242256
50.25,91.75,Uvs,495847430.95242256
50.25,92.0,Uvs,495847430.9524608
50.25,92.25,Uvs,495847430.95242256
50.25,92.5,Uvs,495847430.95249915
50.25,92.75,Uvs,495847430.95242256
50.25,93.0,Uvs,495847430.95242256
50.25,93.25,Uvs,495847430.9524608
50.25,93.5,Uvs,495847430.95242256
50.25,93.75,Uvs,495847430.9524608
50.25,94.0,Uvs,495847430.9524608
50.25,94.25,Uvs,488113966.38591063
50.25,94.5,Uvs,86348341.37602456
50.25,98.0,Khuvsgul,1063685.4043363312
50.25,98.25,Khuvsgul,302195054.2925133
50.25,98.5,Khuvsgul,495847430.95242256
50.25,98.75,Khuvsgul,495847430.9524608
50.25,99.0,Khuvsgul,495847430.9524608
50.25,99.25,Khuvsgul,495847430.9524608
50.25,99.5,Khuvsgul,495847430.95242256
50.25,99.75,Khuvsgul,495847430.95242256
50.25,100.0,Khuvsgul,495847430.9524608
50.25,100.25,Khuvsgul,495847430.9524608
50.25,100.5,Khuvsgul,495847430.9524608
50.25,100.75,Khuvsgul,495847430.95242256
50.25,101.0,Khuvsgul,495847430.9524608
50.25,101.25,Khuvsgul,495847430.95242256
50.25,101.5,Khuvsgul,495847430.9524608
50.25,101.75,Khuvsgul,495847430.9524608
50.25,102.0,Khuvsgul,495847430.95242256
50.25,102.25,Bulgan,30976998.868466906
50.25,102.25,Khuvsgul,464870432.0839939
50.25,102.5,Bulgan,425127876.66957855
50.25,102.5,Khuvsgul,70719554.28284396
50.25,102.75,Bulgan,479466774.9370131
50.25,103.0,Bulgan,377178620.12321687
50.25,103.25,Bulgan,285734653.05754066
50.25,103.5,Bulgan,133383765.21255939
50.25,103.75,Bulgan,67648172.1038143
50.25,104.0,Bulgan,76315360.10768245
50.25,104.25,Bulgan,152531102.02487394
50.25,104.25,Selenge,1964176.739356197
50.25,104.5,Bulgan,100665155.9685956
50.25,104.5,Selenge,280273173.63646036
50.25,104.75,Selenge,457019771.35489464
50.25,105.0,Selenge,495847430.95242256
50.25,105.25,Selenge,495847430.95242256
50.25,105.5,Selenge,495847430.9524608
50.25,105.75,Selenge,495847430.95249915
50.25,106.0,Selenge,488019213.26258117
50.25,106.25,Selenge,398630781.82536423
50.25,106.5,Selenge,409397613.25494164
50.25,106.75,Selenge,369127919.1969612
50.25,107.0,Selenge,142226335.4631949
50.25,114.0,Dornod,64740011.75096978
50.25,114.25,Dornod,254736266.6239426
50.25,114.5,Dornod,246056050.02207217
50.25,114.75,Dornod,224007441.88517666
50.25,115.0,Dornod,69187951.9345027
50.0,89.5,Bayan-Ulgii,3362952.9488753234
50.0,89.75,Bayan-Ulgii,148806317.81613833
50.0,90.0,Bayan-Ulgii,205101562.04020894
50.0,90.0,Uvs,104601696.66335896
50.0,90.25,Bayan-Ulgii,4011556.658761914
50.0,90.25,Uvs,468688506.0754855
50.0,90.5,Uvs,498415313.3194773
50.0,90.75,Uvs,498415313.3194773
50.0,91.0,Uvs,498415313.3195543
50.0,91.25,Uvs,498415313.3195158
50.0,91.5,Uvs,498415313.3194773
50.0,91.75,Uvs,498415313.3194773
50.0,92.0,Uvs,498415313.3195158
50.0,92.25,Uvs,498415313.3194773
50.0,92.5,Uvs,498415313.3195543
50.0,92.75,Uvs,498415313.3194773
50.0,93.0,Uvs,498415313.3194773
50.0,93.25,Uvs,498415313.3195158
50.0,93.5,Uvs,498415313.3194773
50.0,93.75,Uvs,498415313.3195158
50.0,94.0,Uvs,498415313.3195158
50.0,94.25,Uvs,498415313.3195158
50.0,94.5,Uvs,460038119.36503154
50.0,94.75,Uvs,356151152.34405553
50.0,95.0,Uvs,269259542.12246406
50.0,95.25,Uvs,168397529.94277954
50.0,95.5,Uvs,67554102.70816551
50.0,95.5,Zavkhan,54461121.13363551
50.0,95.75,Zavkhan,248040710.75015888
50.0,96.0,Zavkhan,248011119.24566257
50.0,96.25,Zavkhan,176486631.67893344
50.0,96.5,Zavkhan,58934072.107095875
50.0,96.75,Zavkhan,68378506.00127497
50.0,97.0,Zavkhan,17103854.315194964
50.0,97.5,Khuvsgul,36212961.99339969
50.0,97.75,Khuvsgul,175150442.3737898
50.0,98.0,Khuvsgul,313675794.391844
50.0,98.25,Khuvsgul,498415313.3194773
50.0,98.5,Khuvsgul,498415313.3194773
50.0,98.75,Khuvsgul,498415313.3195158
50.0,99.0,Khuvsgul,498415313.3195158
50.0,99.25,Khuvsgul,498415313.3195158
50.0,99.5,Khuvsgul,498415313.3194773
50.0,99.75,Khuvsgul,498415313.3194773
50.0,100.0,Khuvsgul,498415313.3195158
50.0,100.25,Khuvsgul,498415313.3195158
50.0,100.5,Khuvsgul,498415313.3195158
50.0,100.75,Khuvsgul,498415313.3194773
50.0,101.0,Khuvsgul,498415313.3195158
50.0,101.25,Khuvsgul,498415313.3194773
50.0,101.5,Khuvsgul,498415313.3195158
50.0,101.75,Khuvsgul,498415313.3195158
50.0,102.0,Bulgan,11193670.481872492
50.0,102.0,Khuvsgul,487221642.8376048
50.0,102.25,Bulgan,414293095.3077014
50.0,102.25,Khuvsgul,84122218.01181443
50.0,102.5,Bulgan,498415313.3194773
50.0,102.75,Bulgan,498415313.3194773
50.0,103.0,Bulgan,498415313.3195543
50.0,103.25,Bulgan,498415313.3195158
50.0,103.5,Bulgan,498415313.3194773
50.0,103.75,Bulgan,498415313.3194773
50.0,104.0,Bulgan,498415313.3194773
50.0,104.25,Bulgan,498415313.3195158
50.0,104.5,Bulgan,338523371.95834196
50.0,104.5,Selenge,159891941.36121237
50.0,104.75,Selenge,498415313.3194773
50.0,105.0,Selenge,498415313.3194773
50.0,105.25,Selenge,498415313.3194773
50.0,105.5,Selenge,498415313.3195158
50.0,105.75,Selenge,498415313.3195543
50.0,106.0,Selenge,498415313.3194773
50.0,106.25,Selenge,498415313.3194773
50.0,106.5,Selenge,498415313.3194773
50.0,106.75,Selenge,498415313.3195158
50.0,107.0,Selenge,469011314.1931048
50.0,107.25,Selenge,272884501.84399
50.0,107.5,Selenge,218339815.2154703
50.0,107.75,Selenge,171644609.35773933
50.0,108.0,Selenge,41546735.63455869
50.0,113.25,Dornod,7977659.796593868
50.0,113.5,Dornod,165389304.61944452
50.0,113.75,Dornod,371483015.4663405
50.0,114.0,Dornod,495450816.86814195
50.0,114.25,Dornod,498415313.3194773
50.0,114.5,Dornod,498415313.3194773
50.0,114.75,Dornod,498415313.3195543
50.0,115.0,Dornod,484127763.82489365
50.0,115.25,Dornod,240768429.4840645
50.0,115.5,Dornod,79352498.56387365
50.0,115.75,Dornod,60449596.59995214
50.0,116.0,Dornod,226195932.7647155
50.0,116.25,Dornod,293989927.5129387
50.0,116.5,Dornod,178852242.21642336
50.0,116.75,Dornod,12710751.479674682
49.75,89.25,Bayan-Ulgii,7900635.4577548
49.75,89.5,Bayan-Ulgii,89017658.10674694
49.75,89.75,Bayan-Ulgii,449158150.19769466
49.75,90.0,Bayan-Ulgii,500973365.3872811
49.75,90.25,Bayan-Ulgii,232245655.65326238
49.75,90.25,Uvs,268727709.73398006
49.75,90.5,Bayan-Ulgii,11597163.568404894
49.75,90.5,Uvs,489376201.8188375
49.75,90.75,Uvs,500973365.38724244
49.75,91.0,Uvs,500973365.3873198
49.75,91.25,Uvs,500973365.3872811
49.75,91.5,Uvs,500973365.38724244
49.75,91.75,Uvs,500973365.38724244
49.75,92.0,Uvs,500973365.3872811
49.75,92.25,Uvs,500973365.38724244
49.75,92.5,Uvs,500973365.3873198
49.75,92.75,Uvs,500973365.38724244
49.75,93.0,Uvs,500973365.38724244
49.75,93.25,Uvs,500973365.3872811
49.75,93.5,Uvs,500973365.38724244
49.75,93.75,Uvs,500973365.3872811
49.75,94.0,Uvs,500973365.3872811
49.75,94.25,Uvs,500973365.3872811
49.75,94.5,Uvs,500973365.38724244
49.75,94.75,Uvs,500973365.38724244
49.75,95.0,Uvs,500973365.3872811
49.75,95.25,Uvs,500973365.3872811
49.75,95.5,Uvs,144353263.00401416
49.75,95.5,Zavkhan,356620102.383267
49.75,95.75,Zavkhan,500973365.38724244
49.75,96.0,Zavkhan,500973365.38724244
49.75,96.25,Zavkhan,500973365.3872811
49.75,96.5,Zavkhan,500674604.95278656
49.75,96.75,Zavkhan,500973365.3872811
49.75,97.0,Khuvsgul,26967667.965355627
49.75,97.0,Zavkhan,428341615.86503017
49.75,97.25,Khuvsgul,279574162.62154114
49.75,97.25,Zavkhan,3295676.611410107
49.75,97.5,Khuvsgul,411301646.40825087
49.75,97.75,Khuvsgul,500973365.3872811
49.75,98.0,Khuvsgul,500973365.3872811
49.75,98.25,Khuvsgul,500973365.38724244
49.75,98.5,Khuvsgul,500973365.38724244
49.75,98.75,Khuvsgul,500973365.3872811
49.75,99.0,Khuvsgul,500973365.3872811
49.75,99.25,Khuvsgul,500973365.3872811
49.75,99.5,Khuvsgul,500973365.38724244
49.75,99.75,Khuvsgul,500973365.38724244
49.75,100.0,Khuvsgul,500973365.3872811
49.75,100.25,Khuvsgul,500973365.3872811
49.75,100.5,Khuvsgul,500973365.3872811
49.75,100.75,Khuvsgul,500973365.38724244
49.75,101.0,Khuvsgul,500973365.3872811
49.75,101.25,Khuvsgul,500973365.38724244
49.75,101.5,Khuvsgul,500973365.3872811
49.75,101.75,Khuvsgul,500973365.3872811
49.75,102.0,Khuvsgul,500973365.38724244
49.75,102.25,Bulgan,26006843.14835111
49.75,102.25,Khuvsgul,474966522.23893
49.75,102.5,Bulgan,162721614.8862909
49.75,102.5,Khuvsgul,338251750.5009515
49.75,102.75,Bulgan,399886534.96254677
49.75,102.75,Khuvsgul,101086830.42469561
49.75,103.0,Bulgan,500973365.3873198
49.75,103.25,Bulgan,500973365.3872811
49.75,103.5,Bulgan,500973365.38724244
49.75,103.75,Bulgan,500973365.38724244
49.75,104.0,Bulgan,500973365.38724244
49.75,104.25,Bulgan,500973365.3872811
49.75,104.5,Bulgan,457033834.62100065
49.75,104.5,Selenge,43939530.76631917
49.75,104.75,Bulgan,80654181.21054491
49.75,104.75,Selenge,420319184.17669755
49.75,105.0,Selenge,500973365.38724244
49.75,105.25,Selenge,500973365.38724244
49.75,105.5,Selenge,500973365.3872811
49.75,105.75,Darkhan-Uul,21397962.99794334
49.75,105.75,Selenge,479575402.38937646
49.75,106.0,Darkhan-Uul,256636645.942993
49.75,106.0,Selenge,244336719.44424945
49.75,106.25,Darkhan-Uul,9926016.356555782
49.75,106.25,Selenge,491047349.0306867
49.75,106.5,Selenge,500973365.38724244
49.75,106.75,Selenge,500973365.3872811
49.75,107.0,Selenge,500973365.3872811
49.75,107.25,Selenge,500973365.3872811
49.75,107.5,Selenge,500973365.38724244
49.75,107.75,Selenge,500973365.3872811
49.75,108.0,Selenge,213526134.0064106
49.75,113.0,Dornod,25582235.114069425
49.75,113.25,Dornod,423439084.864742
49.75,113.5,Dornod,500973365.3873198
49.75,113.75,Dornod,500973365.3872811
49.75,114.0,Dornod,500973365.38724244
49.75,114.25,Dornod,500973365.38724244
49.75,114.5,Dornod,500973365.38724244
49.75,114.75,Dornod,500973365.3873198
49.75,115.0,Dornod,500973365.3872811
49.75,115.25,Dornod,500973365.38724244
49.75,115.5,Dornod,500973365.3872811
49.75,115.75,Dornod,500973365.38720375
49.75,116.0,Dornod,500973365.3872811
49.75,116.25,Dornod,500973365.3873198
49.75,116.5,Dornod,477030356.7229856
49.75,116.75,Dornod,59724260.94007297
49.5,88.0,Bayan-Ulgii,909082.9879281529
49.5,88.25,Bayan-Ulgii,177111891.4418468
49.5,88.5,Bayan-Ulgii,222973590.06828812
49.5,88.75,Bayan-Ulgii,176797798.2286568
49.5,89.0,Bayan-Ulgii,252273662.36980647
49.5,89.25,Bayan-Ulgii,413251599.7758552
49.5,89.5,Bayan-Ulgii,497329899.6549993
49.5,89.75,Bayan-Ulgii,503521541.130799
49.5,90.0,Bayan-Ulgii,503521541.130799
49.5,90.25,Bayan-Ulgii,503521541.13076013
49.5,90.5,Bayan-Ulgii,370559232.8847719
49.5,90.5,Uvs,132962308.24598828
49.5,90.75,Bayan-Ulgii,1088763.7864556708
49.5,90.75,Uvs,502432777.34430444
49.5,91.0,Uvs,503521541.1308379
49.5,91.25,Uvs,503521541.130799
49.5,91.5,Uvs,503521541.13076013
49.5,91.75,Uvs,503521541.13076013
49.5,92.0,Uvs,503521541.130799
49.5,92.25,Uvs,503521541.13076013
49.5,92.5,Uvs,503521541.1308379
49.5,92.75,Uvs,503521541.13076013
49.5,93.0,Uvs,503521541.13076013
49.5,93.25,Uvs,503521541.130799
49.5,93.5,Uvs,503521541.13076013
49.5,93.75,Uvs,503521541.130799
49.5,94.0,Uvs,503521541.130799
49.5,94.25,Uvs,503521541.130799
49.5,94.5,Uvs,503521541.13076013
49.5,94.75,Uvs,503521541.13076013
49.5,95.0,Uvs,503521541.130799
49.5,95.25,Uvs,503521541.130799
49.5,95.5,Uvs,277293281.0696294
49.5,95.5,Zavkhan,226228260.06116974
49.5,95.75,Uvs,12431399.640234815
49.5,95.75,Zavkhan,491090141.49052536
49.5,96.0,Zavkhan,503521541.13076013
49.5,96.25,Zavkhan,503521541.130799
49.5,96.5,Zavkhan,503521541.130799
49.5,96.75,Zavkhan,503521541.130799
49.5,97.0,Khuvsgul,417665946.7477719
49.5,97.0,Zavkhan,85855594.38298818
49.5,97.25,Khuvsgul,503521541.13076013
49.5,97.5,Khuvsgul,503521541.130799
49.5,97.75,Khuvsgul,503521541.130799
49.5,98.0,Khuvsgul,503521541.130799
49.5,98.25,Khuvsgul,503521541.13076013
49.5,98.5,Khuvsgul,503521541.13076013
49.5,98.75,Khuvsgul,503521541.130799
49.5,99.0,Khuvsgul,503521541.130799
49.5,99.25,Khuvsgul,503521541.130799
49.5,99.5,Khuvsgul,503521541.13076013
49.5,99.75,Khuvsgul,503521541.13076013
49.5,100.0,Khuvsgul,503521541.130799
49.5,100.25,Khuvsgul,503521541.130799
49.5,100.5,Khuvsgul,503521541.130799
49.5,100.75,Khuvsgul,503521541.13076013
49.5,101.0,Khuvsgul,503521541.130799
49.5,101.25,Khuvsgul,503521541.13076013
49.5,101.5,Khuvsgul,503521541.130799
49.5,101.75,Khuvsgul,503521541.130799
49.5,102.0,Bulgan,20233142.01936568
49.5,102.0,Khuvsgul,483288399.11139446
49.5,102.25,Bulgan,115836970.00395341
49.5,102.25,Khuvsgul,387684571.1268456
49.5,102.5,Bulgan,415561566.90762675
49.5,102.5,Khuvsgul,87959974.22313334
49.5,102.75,Bulgan,503521541.13076013
49.5,103.0,Bulgan,503521541.1308379
49.5,103.25,Bulgan,503521541.130799
49.5,103.5,Bulgan,503521541.13076013
49.5,103.75,Bulgan,503521541.13076013
49.5,104.0,Bulgan,503521541.13076013
49.5,104.25,Bulgan,503521541.130799
49.5,104.5,Bulgan,498876334.3260317
49.5,104.5,Selenge,4645206.804806194
49.5,104.75,Bulgan,63057928.87697265
49.5,104.75,Selenge,440463612.25378746
49.5,105.0,Selenge,503521541.13076013
49.5,105.25,Selenge,503521541.13076013
49.5,105.5,Selenge,503521541.130799
49.5,105.75,Darkhan-Uul,15763767.394648401
49.5,105.75,Selenge,487757773.7361895
49.5,106.0,Darkhan-Uul,474095235.5103586
49.5,106.0,Selenge,29426305.620401543
49.5,106.25,Darkhan-Uul,362182452.1011367
49.5,106.25,Selenge,141339089.0296235
49.5,106.5,Darkhan-Uul,398975182.9597197
49.5,106.5,Selenge,104546358.1710404
49.5,106.75,Darkhan-Uul,235049991.43070504
49.5,106.75,Selenge,268471549.7000939
49.5,107.0,Selenge,503521541.130799
49.5,107.25,Selenge,503521541.130799
49.5,107.5,Selenge,503521541.13076013
49.5,107.75,Selenge,503521541.130799
49.5,108.0,Selenge,503032625.31405014
49.5,108.25,Selenge,339026486.3728209
49.5,108.5,Selenge,11036145.088766573
49.5,111.75,Khentii,18570527.106700055
49.5,112.0,Dornod,33313695.030579984
49.5,112.0,Khentii,8670106.857279126
49.5,112.25,Dornod,179623104.9338853
49.5,112.5,Dornod,290507686.4239601
49.5,112.75,Dornod,310797712.39673877
49.5,113.0,Dornod,450577350.6441904
49.5,113.25,Dornod,503521541.13076013
49.5,113.5,Dornod,503521541.1308379
49.5,113.75,Dornod,503521541.130799
49.5,114.0,Dornod,503521541.13076013
49.5,114.25,Dornod,503521541.13076013
49.5,114.5,Dornod,503521541.13076013
49.5,114.75,Dornod,503521541.1308379
49.5,115.0,Dornod,503521541.130799
49.5,115.25,Dornod,503521541.13076013
49.5,115.5,Dornod,503521541.130799
49.5,115.75,Dornod,503521541.1307213
49.5,116.0,Dornod,503521541.130799
49.5,116.25,Dornod,503521541.1308379
49.5,116.5,Dornod,199706070.60708803
49.25,88.0,Bayan-Ulgii,177702979.16382235
49.25,88.25,Bayan-Ulgii,480070185.5883499
49.25,88.5,Bayan-Ulgii,506059794.7706091
49.25,88.75,Bayan-Ulgii,506059794.7706091
49.25,89.0,Bayan-Ulgii,506059794.77057
49.25,89.25,Bayan-Ulgii,506059794.77057
49.25,89.5,Bayan-Ulgii,506059794.7706091
49.25,89.75,Bayan-Ulgii,506059794.7706091
49.25,90.0,Bayan-Ulgii,506059794.7706091
49.25,90.25,Bayan-Ulgii,506059794.77057
49.25,90.5,Bayan-Ulgii,506059794.77057
49.25,90.75,Bayan-Ulgii,386414134.2683454
49.25,90.75,Uvs,119645660.50222456
49.25,91.0,Bayan-Ulgii,78058354.41411057
49.25,91.0,Uvs,428001440.35653764
49.25,91.25,Uvs,506059794.7706091
49.25,91.5,Uvs,506059794.77057
49.25,91.75,Uvs,506059794.77057
49.25,92.0,Uvs,506059794.7706091
49.25,92.25,Uvs,506059794.77057
49.25,92.5,Uvs,506059794.7706482
49.25,92.75,Uvs,506059794.77057
49.25,93.0,Uvs,506059794.77057
49.25,93.25,Uvs,506059794.7706091
49.25,93.5,Uvs,506059794.77057
49.25,93.75,Uvs,506059794.7706091
49.25,94.0,Uvs,506059794.7706091
49.25,94.25,Uvs,506059794.7706091
49.25,94.5,Uvs,506059794.77057
49.25,94.75,Uvs,506059794.77057
49.25,95.0,Uvs,506059794.7706091
49.25,95.25,Uvs,506059794.7706091
49.25,95.5,Uvs,473089159.7484199
49.25,95.5,Zavkhan,32970635.022189178
49.25,95.75,Uvs,83177608.25268032
49.25,95.75,Zavkhan,422882186.5178897
49.25,96.0,Zavkhan,506059794.77057
49.25,96.25,Zavkhan,506059794.7706091
49.25,96.5,Zavkhan,506059794.7706091
49.25,96.75,Zavkhan,506059794.7706091
49.25,97.0,Khuvsgul,162145691.8577087
49.25,97.0,Zavkhan,343914102.9128613
49.25,97.25,Khuvsgul,392949899.36084443
49.25,97.25,Zavkhan,113109895.40972562
49.25,97.5,Khuvsgul,437510412.7565185
49.25,97.5,Zavkhan,68549382.01409066
49.25,97.75,Khuvsgul,505993194.5005816
49.25,97.75,Zavkhan,66600.27002747172
49.25,98.0,Khuvsgul,506059794.7706091
49.25,98.25,Khuvsgul,506059794.77057
49.25,98.5,Khuvsgul,506059794.77057
49.25,98.75,Khuvsgul,506059794.7706091
49.25,99.0,Khuvsgul,506059794.7706091
49.25,99.25,Khuvsgul,506059794.7706091
49.25,99.5,Khuvsgul,506059794.77057
49.25,99.75,Khuvsgul,506059794.77057
49.25,100.0,Khuvsgul,506059794.7706091
49.25,100.25,Khuvsgul,506059794.7706091
49.25,100.5,Khuvsgul,506059794.7706091
49.25,100.75,Arkhangai,78336352.88366508
49.25,100.75,Khuvsgul,427723441.8869049
49.25,101.0,Arkhangai,1343361.850414278
49.25,101.0,Khuvsgul,504716432.9201948
49.25,101.25,Khuvsgul,506059794.77057
49.25,101.5,Khuvsgul,506059794.7706091
49.25,101.75,Bulgan,219999761.15633747
49.25,101.75,Khuvsgul,286060033.6142716
49.25,102.0,Bulgan,483527481.6141296
49.25,102.0,Khuvsgul,22532313.15644038
49.25,102.25,Bulgan,506059794.7706091
49.25,102.5,Bulgan,506059794.77057
49.25,102.75,Bulgan,506059794.77057
49.25,103.0,Bulgan,506059794.7706482
49.25,103.25,Bulgan,506059794.7706091
49.25,103.5,Bulgan,506059794.77057
49.25,103.75,Bulgan,506059794.77057
49.25,104.0,Bulgan,506059794.77057
49.25,104.25,Bulgan,505894605.1405102
49.25,104.25,Orkhon,165189.63009888763
49.25,104.5,Bulgan,370727906.43071204
49.25,104.5,Orkhon,2714228.4244530397
49.25,104.5,Selenge,132617659.91548309
49.25,104.75,Selenge,506059794.77057
49.25,105.0,Selenge,506059794.77057
49.25,105.25,Selenge,506059794.77057
49.25,105.5,Selenge,506059794.7706091
49.25,105.75,Darkhan-Uul,58848823.71186919
49.25,105.75,Selenge,447210971.058779
49.25,106.0,Darkhan-Uul,506000859.60346496
49.25,106.0,Selenge,58935.16710500738
49.25,106.25,Darkhan-Uul,424628532.29936284
49.25,106.25,Selenge,81431262.47120717
49.25,106.5,Darkhan-Uul,492893203.2010866
49.25,106.5,Selenge,13166591.569483373
49.25,106.75,Darkhan-Uul,336295821.1544494
49.25,106.75,Selenge,169763973.6161597
49.25,107.0,Selenge,506059794.7706091
49.25,107.25,Selenge,506059794.7706091
49.25,107.5,Selenge,506059794.77057
49.25,107.75,Selenge,506059794.7706091
49.25,108.0,Selenge,506059794.77057
49.25,108.25,Selenge,506059794.7706091
49.25,108.5,Khentii,143308272.1374184
49.25,108.5,Selenge,312721822.9910169
49.25,108.5,Tuv,10545.659709840587
49.25,108.75,Khentii,447971414.7225616
49.25,109.0,Khentii,430237359.23427135
49.25,109.25,Khentii,437965421.37951297
49.25,109.5,Khentii,264656345.13403055
49.25,109.75,Khentii,199275949.1613092
49.25,110.0,Khentii,141906427.11107144
49.25,110.25,Khentii,116301522.13389924
49.25,110.5,Khentii,188799465.3288833
49.25,110.75,Khentii,118754215.57581125
49.25,111.0,Khentii,240806720.3333162
49.25,111.25,Khentii,365984418.11664206
49.25,111.5,Khentii,436571140.20733875
49.25,111.75,Khentii,503682233.7621375
49.25,112.0,Dornod,12353836.395318283
49.25,112.0,Khentii,493705958.37529075
49.25,112.25,Dornod,414441760.7366463
49.25,112.25,Khentii,91618034.03396286
49.25,112.5,Dornod,506059794.7706091
49.25,112.75,Dornod,506059794.77057
49.25,113.0,Dornod,506059794.77057
49.25,113.25,Dornod,506059794.77057
49.25,113.5,Dornod,506059794.7706482
49.25,113.75,Dornod,506059794.7706091
49.25,114.0,Dornod,506059794.77057
49.25,114.25,Dornod,506059794.77057
49.25,114.5,Dornod,506059794.77057
49.25,114.75,Dornod,506059794.7706482
49.25,115.0,Dornod,506059794.7706091
49.25,115.25,Dornod,506059794.77057
49.25,115.5,Dornod,506059794.7706091
49.25,115.75,Dornod,506059794.77053094
49.25,116.0,Dornod,506059794.7706091
49.25,116.25,Dornod,354162784.5817059
49.25,116.5,Dornod,907994.9390292531
49.0,88.0,Bayan-Ulgii,502422148.3729447
49.0,88.25,Bayan-Ulgii,508588080.773332
49.0,88.5,Bayan-Ulgii,508588080.773332
49.0,88.75,Bayan-Ulgii,508588080.773332
49.0,89.0,Bayan-Ulgii,508588080.7732927
49.0,89.25,Bayan-Ulgii,508588080.7732927
49.0,89.5,Bayan-Ulgii,508588080.773332
49.0,89.75,Bayan-Ulgii,508588080.773332
49.0,90.0,Bayan-Ulgii,508588080.773332
49.0,90.25,Bayan-Ulgii,508588080.7732927
49.0,90.5,Bayan-Ulgii,508588080.7732927
49.0,90.75,Bayan-Ulgii,508588080.7732927
49.0,91.0,Bayan-Ulgii,401881179.6722384
49.0,91.0,Uvs,106706901.1011328
49.0,91.25,Bayan-Ulgii,74338115.25910062
49.0,91.25,Uvs,434249965.5142314
49.0,91.5,Khovd,316502.40263243066
49.0,91.5,Uvs,508271578.37066025
49.0,91.75,Khovd,132365318.6374307
49.0,91.75,Uvs,376222762.13586205
49.0,92.0,Khovd,46172701.28789702
49.0,92.0,Uvs,462415379.4854349
49.0,92.25,Uvs,508588080.7732927
49.0,92.5,Uvs,508588080.7733713
49.0,92.75,Uvs,508588080.7732927
49.0,93.0,Uvs,508588080.7732927
49.0,93.25,Uvs,508588080.773332
49.0,93.5,Uvs,508588080.7732927
49.0,93.75,Uvs,508588080.773332
49.0,94.0,Uvs,508588080.773332
49.0,94.25,Uvs,508588080.773332
49.0,94.5,Uvs,508588080.7732927
49.0,94.75,Uvs,508588080.7732927
49.0,95.0,Uvs,508588080.773332
49.0,95.25,Uvs,508588080.773332
49.0,95.5,Uvs,324981069.3904312
49.0,95.5,Zavkhan,183607011.3829008
49.0,95.75,Zavkhan,508588080.7732927
49.0,96.0,Zavkhan,508588080.7732927
49.0,96.25,Zavkhan,508588080.773332
49.0,96.5,Zavkhan,508588080.773332
49.0,96.75,Zavkhan,508588080.773332
49.0,97.0,Zavkhan,508588080.7732927
49.0,97.25,Zavkhan,508588080.7732927
49.0,97.5,Zavkhan,508588080.773332
49.0,97.75,Khuvsgul,109727420.68331695
49.0,97.75,Zavkhan,398860660.09001505
49.0,98.0,Khuvsgul,268840869.935404
49.0,98.0,Zavkhan,239747210.83792803
49.0,98.25,Khuvsgul,226465107.8577895
49.0,98.25,Zavkhan,282122972.91550326
49.0,98.5,Khuvsgul,315768008.83045816
49.0,98.5,Zavkhan,192820071.94283462
49.0,98.75,Khuvsgul,158028291.43198156
49.0,98.75,Zavkhan,350559789.34135044
49.0,99.0,Khuvsgul,31081966.519476533
49.0,99.0,Zavkhan,477506114.2538555
49.0,99.25,Khuvsgul,462560463.0213104
49.0,99.25,Zavkhan,46027617.752021596
49.0,99.5,Khuvsgul,508588080.7732927
49.0,99.75,Khuvsgul,508588080.7732927
49.0,100.0,Khuvsgul,508588080.773332
49.0,100.25,Khuvsgul,508588080.773332
49.0,100.5,Arkhangai,99512792.27497917
49.0,100.5,Khuvsgul,409075288.4983528
49.0,100.75,Arkhangai,501765291.97204834
49.0,100.75,Khuvsgul,6822788.80124446
49.0,101.0,Arkhangai,453270930.38041055
49.0,101.0,Khuvsgul,55317150.39292149
49.0,101.25,Arkhangai,291817860.6522411
49.0,101.25,Khuvsgul,216770220.12105173
49.0,101.5,Arkhangai,165431856.93819335
49.0,101.5,Khuvsgul,343156223.8351387
49.0,101.75,Arkhangai,65570638.063970275
49.0,101.75,Bulgan,418716607.1248314
49.0,101.75,Khuvsgul,24301475.00635656
49.0,102.0,Bulgan,508588080.7732927
49.0,102.25,Bulgan,508588080.773332
49.0,102.5,Bulgan,508588080.7732927
49.0,102.75,Bulgan,508588080.7732927
49.0,103.0,Bulgan,508588080.7733713
49.0,103.25,Bulgan,508588080.773332
49.0,103.5,Bulgan,508588080.7732927
49.0,103.75,Bulgan,508588080.7732927
49.0,104.0,Bulgan,389832339.0989496
49.0,104.0,Orkhon,118755741.67434312
49.0,104.25,Bulgan,175162476.17667118
49.0,104.25,Orkhon,333425604.59666085
49.0,104.5,Bulgan,10171136.69236691
49.0,104.5,Orkhon,253970645.64547238
49.0,104.5,Selenge,244446541.48547792
49.0,104.75,Selenge,508588080.7732927
49.0,105.0,Selenge,508588080.7732927
49.0,105.25,Selenge,508588080.7732927
49.0,105.5,Selenge,508588080.773332
49.0,105.75,Darkhan-Uul,504123.5979994193
49.0,105.75,Selenge,508083957.1753719
49.0,106.0,Darkhan-Uul,35446661.80099972
49.0,106.0,Selenge,473141418.9722931
49.0,106.25,Selenge,508588080.7732927
49.0,106.5,Darkhan-Uul,27479425.45971317
49.0,106.5,Selenge,481108655.31357956
49.0,106.75,Darkhan-Uul,18381629.092380285
49.0,106.75,Selenge,490206451.6809517
49.0,107.0,Selenge,508588080.773332
49.0,107.25,Selenge,508588080.773332
49.0,107.5,Selenge,444497692.4236531
49.0,107.5,Tuv,64090388.34963958
49.0,107.75,Selenge,120823325.89076003
49.0,107.75,Tuv,387764754.88257194
49.0,108.0,Selenge,157740545.77565855
49.0,108.0,Tuv,350847534.9976342
49.0,108.25,Selenge,73944718.37065777
49.0,108.25,Tuv,434643362.40267426
49.0,108.5,Khentii,31428146.11257379
49.0,108.5,Selenge,1409026.9744164036
49.0,108.5,Tuv,475752260.19528097
49.0,108.75,Khentii,353103857.5977299
49.0,108.75,Tuv,155484223.17556283
49.0,109.0,Khentii,508588080.773332
49.0,109.25,Khentii,508588080.7732927
49.0,109.5,Khentii,508588080.773332
49.0,109.75,Khentii,508588080.773332
49.0,110.0,Khentii,508588080.773332
49.0,110.25,Khentii,508588080.7732927
49.0,110.5,Khentii,508588080.7732927
49.0,110.75,Khentii,508588080.773332
49.0,111.0,Khentii,508588080.773332
49.0,111.25,Khentii,508588080.773332
49.0,111.5,Khentii,508588080.7732927
49.0,111.75,Khentii,508588080.7732927
49.0,112.0,Khentii,508588080.773332
49.0,112.25,Dornod,244246239.23690218
49.0,112.25,Khentii,264341841.53642985
49.0,112.5,Dornod,508588080.773332
49.0,112.75,Dornod,508588080.7732927
49.0,113.0,Dornod,508588080.7732927
49.0,113.25,Dornod,508588080.7732927
49.0,113.5,Dornod,508588080.7733713
49.0,113.75,Dornod,508588080.773332
49.0,114.0,Dornod,508588080.7732927
49.0,114.25,Dornod,508588080.7732927
49.0,114.5,Dornod,508588080.7732927
49.0,114.75,Dornod,508588080.7733713
49.0,115.0,Dornod,508588080.773332
49.0,115.25,Dornod,508588080.7732927
49.0,115.5,Dornod,508588080.773332
49.0,115.75,Dornod,508588080.77325344
49.0,116.0,Dornod,464875689.34447044
49.0,116.25,Dornod,45324379.59104316
48.75,88.0,Bayan-Ulgii,323430379.88396305
48.75,88.25,Bayan-Ulgii,511106353.8523212
48.75,88.5,Bayan-Ulgii,511106353.8523212
48.75,88.75,Bayan-Ulgii,511106353.8523212
48.75,89.0,Bayan-Ulgii,511106353.85228175
48.75,89.25,Bayan-Ulgii,511106353.85228175
48.75,89.5,Bayan-Ulgii,511106353.8523212
48.75,89.75,Bayan-Ulgii,511106353.8523212
48.75,90.0,Bayan-Ulgii,511106353.8523212
48.75,90.25,Bayan-Ulgii,511106353.85228175
48.75,90.5,Bayan-Ulgii,511106353.85228175
48.75,90.75,Bayan-Ulgii,484635949.2332322
48.75,90.75,Khovd,26470404.61904952
48.75,91.0,Bayan-Ulgii,459026036.52381504
48.75,91.0,Khovd,52080317.32854562
48.75,91.25,Bayan-Ulgii,261812176.3480236
48.75,91.25,Khovd,149559677.1801984
48.75,91.25,Uvs,99734501.56924762
48.75,91.5,Khovd,313056523.0325707
48.75,91.5,Uvs,198049830.81971106
48.75,91.75,Khovd,511106353.85228175
48.75,92.0,Khovd,380151657.7683822
48.75,92.0,Uvs,130954696.08393903
48.75,92.25,Khovd,85143177.93614143
48.75,92.25,Uvs,425963175.9161403
48.75,92.5,Uvs,511106353.85236067
48.75,92.75,Uvs,511106353.85228175
48.75,93.0,Khovd,9631469.847655123
48.75,93.0,Uvs,501474884.00462663
48.75,93.25,Uvs,511106353.8523212
48.75,93.5,Uvs,511106353.85228175
48.75,93.75,Uvs,430219212.95500803
48.75,93.75,Zavkhan,80887140.89731319
48.75,94.0,Uvs,268369429.34799248
48.75,94.0,Zavkhan,242736924.50432873
48.75,94.25,Uvs,223376573.31567353
48.75,94.25,Zavkhan,287729780.5366477
48.75,94.5,Uvs,313837135.70710605
48.75,94.5,Zavkhan,197269218.14517567
48.75,94.75,Uvs,366970575.6628566
48.75,94.75,Zavkhan,144135778.18942514
48.75,95.0,Uvs,377608639.0072711
48.75,95.0,Zavkhan,133497714.84505005
48.75,95.25,Uvs,198425765.53435814
48.75,95.25,Zavkhan,312680588.317963
48.75,95.5,Uvs,48820467.488986775
48.75,95.5,Zavkhan,462285886.3633344
48.75,95.75,Zavkhan,511106353.85228175
48.75,96.0,Zavkhan,511106353.85228175
48.75,96.25,Zavkhan,511106353.8523212
48.75,96.5,Zavkhan,511106353.8523212
48.75,96.75,Zavkhan,511106353.8523212
48.75,97.0,Zavkhan,511106353.85228175
48.75,97.25,Zavkhan,511106353.85228175
48.75,97.5,Zavkhan,511106353.8523212
48.75,97.75,Zavkhan,511106353.8523212
48.75,98.0,Zavkhan,511106353.8523212
48.75,98.25,Zavkhan,511106353.85228175
48.75,98.5,Zavkhan,511106353.85228175
48.75,98.75,Zavkhan,511106353.8523212
48.75,99.0,Khuvsgul,4084947.684767068
48.75,99.0,Zavkhan,507021406.16755414
48.75,99.25,Khuvsgul,415406647.32306105
48.75,99.25,Zavkhan,95699706.52926017
48.75,99.5,Khuvsgul,511106353.85228175
48.75,99.75,Khuvsgul,511106353.85228175
48.75,100.0,Khuvsgul,511106353.8523212
48.75,100.25,Arkhangai,9645838.55040704
48.75,100.25,Khuvsgul,501460515.3019142
48.75,100.5,Arkhangai,452537866.6179088
48.75,100.5,Khuvsgul,58568487.234412424
48.75,100.75,Arkhangai,511106353.85228175
48.75,101.0,Arkhangai,511106353.8523212
48.75,101.25,Arkhangai,511106353.85228175
48.75,101.5,Arkhangai,511106353.8523212
48.75,101.75,Arkhangai,505102362.305982
48.75,101.75,Bulgan,6003991.546339206
48.75,102.0,Arkhangai,357769183.0783908
48.75,102.0,Bulgan,153337170.77389094
48.75,102.25,Arkhangai,76465966.72492945
48.75,102.25,Bulgan,434640387.12739176
48.75,102.5,Bulgan,511106353.85228175
48.75,102.75,Bulgan,511106353.85228175
48.75,103.0,Bulgan,511106353.85236067
48.75,103.25,Bulgan,511106353.8523212
48.75,103.5,Bulgan,511106353.85228175
48.75,103.75,Bulgan,511106353.85228175
48.75,104.0,Bulgan,511106353.85228175
48.75,104.25,Bulgan,511106353.8523212
48.75,104.5,Bulgan,275956651.8638665
48.75,104.5,Selenge,235144925.55162355
48.75,104.5,Tuv,5181.740254078878
48.75,104.75,Selenge,511106353.85228175
48.75,105.0,Selenge,511106353.85228175
48.75,105.25,Selenge,511106353.85228175
48.75,105.5,Selenge,281021565.50378585
48.75,105.5,Tuv,230084788.34853533
48.75,105.75,Selenge,49247784.25892103
48.75,105.75,Tuv,461858569.59343964
48.75,106.0,Selenge,235863345.74449512
48.75,106.0,Tuv,275243008.1077868
48.75,106.25,Selenge,445353039.7827891
48.75,106.25,Tuv,65753314.069492675
48.75,106.5,Selenge,511106353.85228175
48.75,106.75,Selenge,511106353.8523212
48.75,107.0,Selenge,511106353.8523212
48.75,107.25,Selenge,511106353.8523212
48.75,107.5,Selenge,508114955.96127576
48.75,107.5,Tuv,2991397.891005987
48.75,107.75,Selenge,140825841.16199374
48.75,107.75,Tuv,370280512.69032747
48.75,108.0,Tuv,511106353.85228175
48.75,108.25,Tuv,511106353.8523212
48.75,108.5,Tuv,511106353.8523212
48.75,108.75,Khentii,26960971.61347711
48.75,108.75,Tuv,484145382.23880464
48.75,109.0,Khentii,480329863.4905809
48.75,109.0,Tuv,30776490.36174029
48.75,109.25,Khentii,511106353.85228175
48.75,109.5,Khentii,511106353.8523212
48.75,109.75,Khentii,511106353.8523212
48.75,110.0,Khentii,511106353.8523212
48.75,110.25,Khentii,511106353.85228175
48.75,110.5,Khentii,511106353.85228175
48.75,110.75,Khentii,511106353.8523212
48.75,111.0,Khentii,511106353.8523212
48.75,111.25,Khentii,511106353.8523212
48.75,111.5,Khentii,511106353.85228175
48.75,111.75,Khentii,511106353.85228175
48.75,112.0,Khentii,511106353.8523212
48.75,112.25,Dornod,155917368.69427833
48.75,112.25,Khentii,355188985.1580429
48.75,112.5,Dornod,509765002.6643132
48.75,112.5,Khentii,1341351.188008016
48.75,112.75,Dornod,511106353.85228175
48.75,113.0,Dornod,511106353.85228175
48.75,113.25,Dornod,511106353.85228175
48.75,113.5,Dornod,511106353.85236067
48.75,113.75,Dornod,511106353.8523212
48.75,114.0,Dornod,511106353.85228175
48.75,114.25,Dornod,511106353.85228175
48.75,114.5,Dornod,511106353.85228175
48.75,114.75,Dornod,511106353.85236067
48.75,115.0,Dornod,511106353.8523212
48.75,115.25,Dornod,511106353.85228175
48.75,115.5,Dornod,511106353.8523212
48.75,115.75,Dornod,511106353.85224223
48.75,116.0,Dornod,244217716.23474059
48.5,88.0,Bayan-Ulgii,95801279.81472673
48.5,88.25,Bayan-Ulgii,287856445.9652663
48.5,88.5,Bayan-Ulgii,485184832.1840367
48.5,88.75,Bayan-Ulgii,513614568.9671909
48.5,89.0,Bayan-Ulgii,513614568.9671513
48.5,89.25,Bayan-Ulgii,513614568.9671513
48.5,89.5,Bayan-Ulgii,513614568.9671909
48.5,89.75,Bayan-Ulgii,513614568.9671909
48.5,90.0,Bayan-Ulgii,513614568.9671909
48.5,90.25,Bayan-Ulgii,513614568.9671513
48.5,90.5,Bayan-Ulgii,513614568.9671513
48.5,90.75,Bayan-Ulgii,381518304.11018735
48.5,90.75,Khovd,132096264.85696392
48.5,91.0,Khovd,513614568.96723056
48.5,91.25,Khovd,513614568.9671909
48.5,91.5,Khovd,513614568.9671513
48.5,91.75,Khovd,513614568.9671513
48.5,92.0,Khovd,513614568.9671909
48.5,92.25,Khovd,510738571.4908732
48.5,92.25,Uvs,2875997.476278099
48.5,92.5,Khovd,493393828.67258066
48.5,92.5,Uvs,20220740.29464992
48.5,92.75,Khovd,405614310.5485355
48.5,92.75,Uvs,108000258.41861576
48.5,93.0,Khovd,492782145.39890397
48.5,93.0,Uvs,20832423.56824729
48.5,93.25,Khovd,270999221.1373602
48.5,93.25,Uvs,242615347.82983077
48.5,93.5,Khovd,32637899.849312246
48.5,93.5,Uvs,309853453.79989994
48.5,93.5,Zavkhan,171123215.51846573
48.5,93.75,Uvs,40642812.25985244
48.5,93.75,Zavkhan,472971756.70733845
48.5,94.0,Zavkhan,513614568.9671909
48.5,94.25,Zavkhan,513614568.9671909
48.5,94.5,Zavkhan,513614568.9671513
48.5,94.75,Zavkhan,513614568.9671513
48.5,95.0,Zavkhan,513614568.9671909
48.5,95.25,Zavkhan,513614568.9671909
48.5,95.5,Zavkhan,513614568.9671909
48.5,95.75,Zavkhan,513614568.9671513
48.5,96.0,Zavkhan,513614568.9671513
48.5,96.25,Zavkhan,513614568.9671909
48.5,96.5,Zavkhan,513614568.9671909
48.5,96.75,Zavkhan,513614568.9671909
48.5,97.0,Zavkhan,513614568.9671513
48.5,97.25,Zavkhan,513614568.9671513
48.5,97.5,Zavkhan,513614568.9671909
48.5,97.75,Zavkhan,513614568.9671909
48.5,98.0,Zavkhan,513614568.9671909
48.5,98.25,Zavkhan,513614568.9671513
48.5,98.5,Zavkhan,513614568.9671513
48.5,98.75,Zavkhan,513614568.9671909
48.5,99.0,Khuvsgul,92098905.34368576
48.5,99.0,Zavkhan,421515663.62350523
48.5,99.25,Khuvsgul,513614568.9671909
48.5,99.5,Khuvsgul,513614568.9671513
48.5,99.75,Arkhangai,81290392.02778538
48.5,99.75,Khuvsgul,432324176.9393659
48.5,100.0,Arkhangai,107365206.49395198
48.5,100.0,Khuvsgul,406249362.4732389
48.5,100.25,Arkhangai,166529422.03218624
48.5,100.25,Khuvsgul,347085146.9350047
48.5,100.5,Arkhangai,469544733.30550474
48.5,100.5,Khuvsgul,44069835.66168622
48.5,100.75,Arkhangai,513614568.9671513
48.5,101.0,Arkhangai,513614568.9671909
48.5,101.25,Arkhangai,513614568.9671513
48.5,101.5,Arkhangai,513614568.9671909
48.5,101.75,Arkhangai,513614568.9671909
48.5,102.0,Arkhangai,513614568.9671513
48.5,102.25,Arkhangai,277269772.11275035
48.5,102.25,Bulgan,236344796.85444057
48.5,102.5,Bulgan,513614568.9671513
48.5,102.75,Bulgan,513614568.9671513
48.5,103.0,Bulgan,513614568.96723056
48.5,103.25,Bulgan,513614568.9671909
48.5,103.5,Bulgan,513614568.9671513
48.5,103.75,Bulgan,513614568.9671513
48.5,104.0,Bulgan,513614568.9671513
48.5,104.25,Bulgan,513614568.9671909
48.5,104.5,Bulgan,324711046.1136039
48.5,104.5,Selenge,9021774.535258962
48.5,104.5,Tuv,179881748.31836778
48.5,104.75,Selenge,111176238.65686896
48.5,104.75,Tuv,402438330.3102823
48.5,105.0,Selenge,216882252.3951347
48.5,105.0,Tuv,296732316.5720166
48.5,105.25,Selenge,116473517.76633611
48.5,105.25,Tuv,397141051.2008151
48.5,105.5,Selenge,3431104.307965213
48.5,105.5,Tuv,510183464.6592257
48.5,105.75,Tuv,513614568.96723056
48.5,106.0,Tuv,513614568.9671513
48.5,106.25,Selenge,785199.6128951698
48.5,106.25,Tuv,512829369.3542561
48.5,106.5,Selenge,127645955.56865403
48.5,106.5,Tuv,385968613.3984973
48.5,106.75,Selenge,163308841.98335442
48.5,106.75,Tuv,350305726.9838365
48.5,107.0,Selenge,36254934.545784175
48.5,107.0,Tuv,477359634.4214068
48.5,107.25,Selenge,81859152.49927959
48.5,107.25,Tuv,431755416.4679113
48.5,107.5,Selenge,24382073.277362645
48.5,107.5,Tuv,489232495.6897886
48.5,107.75,Tuv,513614568.9671909
48.5,108.0,Tuv,513614568.9671513
48.5,108.25,Tuv,513614568.9671909
48.5,108.5,Tuv,513614568.9671909
48.5,108.75,Tuv,513614568.9671513
48.5,109.0,Khentii,306947232.8041874
48.5,109.0,Tuv,206667336.16300356
48.5,109.25,Khentii,513614568.9671513
48.5,109.5,Khentii,513614568.9671909
48.5,109.75,Khentii,513614568.9671909
48.5,110.0,Khentii,513614568.9671909
48.5,110.25,Khentii,513614568.9671513
48.5,110.5,Khentii,513614568.9671513
48.5,110.75,Khentii,513614568.9671909
48.5,111.0,Khentii,513614568.9671909
48.5,111.25,Khentii,513614568.9671909
48.5,111.5,Khentii,513614568.9671513
48.5,111.75,Khentii,513614568.9671513
48.5,112.0,Khentii,513614568.9671909
48.5,112.25,Khentii,513614568.9671909
48.5,112.5,Dornod,289081885.88830924
48.5,112.5,Khentii,224532683.07888168
48.5,112.75,Dornod,513614568.9671513
48.5,113.0,Dornod,513614568.9671513
48.5,113.25,Dornod,513614568.9671513
48.5,113.5,Dornod,513614568.96723056
48.5,113.75,Dornod,513614568.9671909
48.5,114.0,Dornod,513614568.9671513
48.5,114.25,Dornod,513614568.9671513
48.5,114.5,Dornod,513614568.9671513
48.5,114.75,Dornod,513614568.96723056
48.5,115.0,Dornod,513614568.9671909
48.5,115.25,Dornod,513614568.9671513
48.5,115.5,Dornod,513614568.9671909
48.5,115.75,Dornod,384386587.8050194
48.5,116.0,Dornod,672702.6111925612
48.25,88.5,Bayan-Ulgii,56172358.23808031
48.25,88.75,Bayan-Ulgii,471802770.0459839
48.25,89.0,Bayan-Ulgii,516112681.3249223
48.25,89.25,Bayan-Ulgii,516112681.3249223
48.25,89.5,Bayan-Ulgii,516112681.32496214
48.25,89.75,Bayan-Ulgii,516112681.32496214
48.25,90.0,Bayan-Ulgii,516112681.32496214
48.25,90.25,Bayan-Ulgii,516112681.3249223
48.25,90.5,Bayan-Ulgii,516112681.3249223
48.25,90.75,Bayan-Ulgii,425076963.48728675
48.25,90.75,Khovd,91035717.83763558
48.25,91.0,Khovd,516112681.325002
48.25,91.25,Khovd,516112681.32496214
48.25,91.5,Khovd,516112681.3249223
48.25,91.75,Khovd,516112681.3249223
48.25,92.0,Khovd,516112681.32496214
48.25,92.25,Khovd,516112681.3249223
48.25,92.5,Khovd,516112681.325002
48.25,92.75,Khovd,516112681.3249223
48.25,93.0,Khovd,516112681.3249223
48.25,93.25,Khovd,516112681.32496214
48.25,93.5,Khovd,165045257.58539367
48.25,93.5,Zavkhan,351067423.73952866
48.25,93.75,Zavkhan,516112681.32496214
48.25,94.0,Zavkhan,516112681.32496214
48.25,94.25,Zavkhan,516112681.32496214
48.25,94.5,Zavkhan,516112681.3249223
48.25,94.75,Zavkhan,516112681.3249223
48.25,95.0,Zavkhan,516112681.32496214
48.25,95.25,Zavkhan,516112681.32496214
48.25,95.5,Zavkhan,516112681.32496214
48.25,95.75,Zavkhan,516112681.3249223
48.25,96.0,Zavkhan,516112681.3249223
48.25,96.25,Zavkhan,516112681.32496214
48.25,96.5,Zavkhan,516112681.32496214
48.25,96.75,Zavkhan,516112681.32496214
48.25,97.0,Zavkhan,516112681.3249223
48.25,97.25,Zavkhan,516112681.3249223
48.25,97.5,Zavkhan,516112681.32496214
48.25,97.75,Zavkhan,516112681.32496214
48.25,98.0,Zavkhan,516112681.32496214
48.25,98.25,Zavkhan,516112681.3249223
48.25,98.5,Arkhangai,4632207.525754488
48.25,98.5,Zavkhan,511480473.7991678
48.25,98.75,Arkhangai,173726675.73571676
48.25,98.75,Zavkhan,342386005.5892454
48.25,99.0,Arkhangai,318443910.4832151
48.25,99.0,Khuvsgul,27855736.773741182
48.25,99.0,Zavkhan,169813039.12243938
48.25,99.25,Arkhangai,256450902.7788922
48.25,99.25,Khuvsgul,259661778.5460699
48.25,99.5,Arkhangai,280114066.24956846
48.25,99.5,Khuvsgul,235998615.07535383
48.25,99.75,Arkhangai,437587505.9405969
48.25,99.75,Khuvsgul,78525175.38432544
48.25,100.0,Arkhangai,516112681.32496214
48.25,100.25,Arkhangai,516112681.32496214
48.25,100.5,Arkhangai,516112681.32496214
48.25,100.75,Arkhangai,516112681.3249223
48.25,101.0,Arkhangai,516112681.32496214
48.25,101.25,Arkhangai,516112681.3249223
48.25,101.5,Arkhangai,516112681.32496214
48.25,101.75,Arkhangai,516112681.32496214
48.25,102.0,Arkhangai,516112681.3249223
48.25,102.25,Arkhangai,511033096.8647386
48.25,102.25,Bulgan,5079584.460223566
48.25,102.5,Arkhangai,302587154.7812563
48.25,102.5,Bulgan,213525526.543666
48.25,102.75,Arkhangai,77944076.5195875
48.25,102.75,Bulgan,438168604.8053348
48.25,103.0,Bulgan,516112681.325002
48.25,103.25,Bulgan,516112681.32496214
48.25,103.5,Bulgan,516112681.3249223
48.25,103.75,Bulgan,516112681.3249223
48.25,104.0,Bulgan,516112681.3249223
48.25,104.25,Bulgan,462557930.884743
48.25,104.25,Tuv,53554750.44021912
48.25,104.5,Bulgan,57783102.99043503
48.25,104.5,Tuv,458329578.33456695
48.25,104.75,Tuv,516112681.3249223
48.25,105.0,Tuv,516112681.3249223
48.25,105.25,Tuv,516112681.3249223
48.25,105.5,Tuv,516112681.32496214
48.25,105.75,Tuv,516112681.325002
48.25,106.0,Tuv,516112681.3249223
48.25,106.25,Tuv,512779725.87054265
48.25,106.5,Tuv,291642367.7881634
48.25,106.75,Tuv,357918312.7003439
48.25,107.0,Tuv,373616848.5794598
48.25,107.25,Tuv,504068779.0118271
48.25,107.5,Tuv,516112681.3249223
48.25,107.75,Tuv,516112681.32496214
48.25,108.0,Tuv,516112681.3249223
48.25,108.25,Tuv,516112681.32496214
48.25,108.5,Tuv,516112681.32496214
48.25,108.75,Tuv,516112681.3249223
48.25,109.0,Khentii,283048350.46306473
48.25,109.0,Tuv,233064330.86189744
48.25,109.25,Khentii,516112681.3249223
48.25,109.5,Khentii,516112681.32496214
48.25,109.75,Khentii,516112681.32496214
48.25,110.0,Khentii,516112681.32496214
48.25,110.25,Khentii,516112681.3249223
48.25,110.5,Khentii,516112681.3249223
48.25,110.75,Khentii,516112681.32496214
48.25,111.0,Khentii,516112681.32496214
48.25,111.25,Khentii,516112681.32496214
48.25,111.5,Khentii,516112681.3249223
48.25,111.75,Khentii,516112681.3249223
48.25,112.0,Khentii,516112681.32496214
48.25,112.25,Khentii,516112681.32496214
48.25,112.5,Dornod,216935064.04926908
48.25,112.5,Khentii,299177617.27569306
48.25,112.75,Dornod,516112681.3249223
48.25,113.0,Dornod,516112681.3249223
48.25,113.25,Dornod,516112681.3249223
48.25,113.5,Dornod,516112681.325002
48.25,113.75,Dornod,516112681.32496214
48.25,114.0,Dornod,516112681.3249223
48.25,114.25,Dornod,516112681.3249223
48.25,114.5,Dornod,516112681.3249223
48.25,114.75,Dornod,516112681.325002
48.25,115.0,Dornod,516112681.32496214
48.25,115.25,Dornod,516112681.3249223
48.25,115.5,Dornod,475558485.0255977
48.25,115.75,Dornod,219596990.18395597
48.0,88.75,Bayan-Ulgii,14711567.30994514
48.0,89.0,Bayan-Ulgii,170926654.44074044
48.0,89.25,Bayan-Ulgii,259154000.4442617
48.0,89.5,Bayan-Ulgii,218578356.12080905
48.0,89.75,Bayan-Ulgii,485145273.0600537
48.0,90.0,Bayan-Ulgii,516832300.7318544
48.0,90.25,Bayan-Ulgii,518600646.38060653
48.0,90.5,Bayan-Ulgii,518600646.38060653
48.0,90.75,Bayan-Ulgii,514248080.9598347
48.0,90.75,Khovd,4352565.420771858
48.0,91.0,Bayan-Ulgii,168800810.56570354
48.0,91.0,Khovd,349799835.8149831
48.0,91.25,Khovd,518600646.3806465
48.0,91.5,Khovd,518600646.38060653
48.0,91.75,Khovd,518600646.38060653
48.0,92.0,Khovd,518600646.3806465
48.0,92.25,Khovd,518600646.38060653
48.0,92.5,Khovd,518600646.3806866
48.0,92.75,Khovd,518600646.38060653
48.0,93.0,Khovd,518600646.38060653
48.0,93.25,Khovd,294922010.49694854
48.0,93.25,Zavkhan,223678635.88369802
48.0,93.5,Khovd,2927045.6288637947
48.0,93.5,Zavkhan,515673600.7517427
48.0,93.75,Zavkhan,518600646.3806465
48.0,94.0,Zavkhan,518600646.3806465
48.0,94.25,Zavkhan,518600646.3806465
48.0,94.5,Zavkhan,518600646.38060653
48.0,94.75,Zavkhan,518600646.38060653
48.0,95.0,Zavkhan,518600646.3806465
48.0,95.25,Zavkhan,518600646.3806465
48.0,95.5,Zavkhan,518600646.3806465
48.0,95.75,Zavkhan,518600646.38060653
48.0,96.0,Zavkhan,518600646.38060653
48.0,96.25,Zavkhan,518600646.3806465
48.0,96.5,Zavkhan,518600646.3806465
48.0,96.75,Zavkhan,518600646.3806465
48.0,97.0,Zavkhan,518600646.38060653
48.0,97.25,Zavkhan,518600646.38060653
48.0,97.5,Zavkhan,518600646.3806465
48.0,97.75,Zavkhan,518600646.3806465
48.0,98.0,Zavkhan,518600646.3806465
48.0,98.25,Arkhangai,305224294.06668615
48.0,98.25,Zavkhan,213376352.31392047
48.0,98.5,Arkhangai,486471127.0014992
48.0,98.5,Zavkhan,32129519.379107326
48.0,98.75,Arkhangai,518600646.3806465
48.0,99.0,Arkhangai,518600646.3806465
48.0,99.25,Arkhangai,518600646.3806465
48.0,99.5,Arkhangai,518600646.38060653
48.0,99.75,Arkhangai,518600646.38060653
48.0,100.0,Arkhangai,518600646.3806465
48.0,100.25,Arkhangai,518600646.3806465
48.0,100.5,Arkhangai,518600646.3806465
48.0,100.75,Arkhangai,518600646.38060653
48.0,101.0,Arkhangai,518600646.3806465
48.0,101.25,Arkhangai,518600646.38060653
48.0,101.5,Arkhangai,518600646.3806465
48.0,101.75,Arkhangai,518600646.3806465
48.0,102.0,Arkhangai,518600646.38060653
48.0,102.25,Arkhangai,518600646.3806465
48.0,102.5,Arkhangai,518600646.38060653
48.0,102.75,Arkhangai,420014810.9743882
48.0,102.75,Bulgan,98585835.40621832
48.0,103.0,Arkhangai,2970223.261170526
48.0,103.0,Bulgan,515630423.1195161
48.0,103.25,Bulgan,518600646.3806465
48.0,103.5,Bulgan,518600646.38060653
48.0,103.75,Bulgan,518600646.38060653
48.0,104.0,Bulgan,518600646.38060653
48.0,104.25,Bulgan,504533513.5265364
48.0,104.25,Tuv,14067132.854110103
48.0,104.5,Bulgan,187173101.0030631
48.0,104.5,Tuv,331427545.37762344
48.0,104.75,Bulgan,46887205.10107187
48.0,104.75,Tuv,471713441.2795346
48.0,105.0,Tuv,518600646.38060653
48.0,105.25,Tuv,518600646.38060653
48.0,105.5,Tuv,518600646.3806465
48.0,105.75,Tuv,518600646.3806866
48.0,106.0,Tuv,518600646.38060653
48.0,106.25,Tuv,518600646.38060653
48.0,106.5,Tuv,135851012.5397885
48.0,107.25,Tuv,140366890.30617097
48.0,107.5,Tuv,399207668.6602312
48.0,107.75,Tuv,518600646.3806465
48.0,108.0,Tuv,518600646.38060653
48.0,108.25,Tuv,499086596.9529134
48.0,108.5,Khentii,69970871.58785781
48.0,108.5,Tuv,427001314.115199
48.0,108.75,Khentii,279984672.87319744
48.0,108.75,Tuv,238615973.50740904
48.0,109.0,Khentii,509629297.964284
48.0,109.0,Tuv,8971348.416362572
48.0,109.25,Khentii,518600646.38060653
48.0,109.5,Khentii,518600646.3806465
48.0,109.75,Khentii,518600646.3806465
48.0,110.0,Khentii,518600646.3806465
48.0,110.25,Khentii,518600646.38060653
48.0,110.5,Khentii,518600646.38060653
48.0,110.75,Khentii,518600646.3806465
48.0,111.0,Khentii,518600646.3806465
48.0,111.25,Khentii,518600646.3806465
48.0,111.5,Khentii,518600646.38060653
48.0,111.75,Khentii,518600646.38060653
48.0,112.0,Khentii,518600646.3806465
48.0,112.25,Khentii,518600646.3806465
48.0,112.5,Dornod,97515160.84806569
48.0,112.5,Khentii,421085485.5325808
48.0,112.75,Dornod,516280147.70775044
48.0,112.75,Khentii,2320498.6728561
48.0,113.0,Dornod,518600646.38060653
48.0,113.25,Dornod,518600646.38060653
48.0,113.5,Dornod,518600646.3806866
48.0,113.75,Dornod,518600646.3806465
48.0,114.0,Dornod,518600646.38060653
48.0,114.25,Dornod,518600646.38060653
48.0,114.5,Dornod,518600646.38060653
48.0,114.75,Dornod,518600646.3806866
48.0,115.0,Dornod,518600646.3806465
48.0,115.25,Dornod,518600646.38060653
48.0,115.5,Dornod,379129720.8877066
48.0,115.75,Dornod,789224.0656818133
48.0,116.25,Dornod,599776.8934343207
48.0,116.5,Dornod,82062.87933530594
48.0,116.75,Dornod,29263702.310137663
48.0,117.0,Dornod,4207376.061454551
48.0,117.5,Dornod,527942.5741260644
48.0,117.75,Dornod,200279810.2266493
48.0,118.0,Dornod,295447422.8754195
48.0,118.25,Dornod,321320055.0759365
48.0,118.5,Dornod,219525306.42614475
48.0,118.75,Dornod,4881665.840647451
47.75,89.75,Bayan-Ulgii,47667853.537527435
47.75,90.0,Bayan-Ulgii,88717306.0503419
47.75,90.25,Bayan-Ulgii,375408600.29033935
47.75,90.5,Bayan-Ulgii,521078419.83581346
47.75,90.75,Bayan-Ulgii,521078419.83581346
47.75,91.0,Bayan-Ulgii,458991507.0791181
47.75,91.0,Khovd,62086912.75677582
47.75,91.25,Bayan-Ulgii,41151080.246866435
47.75,91.25,Khovd,479927339.5889873
47.75,91.5,Khovd,521078419.83581346
47.75,91.75,Khovd,521078419.83581346
47.75,92.0,Khovd,521078419.8358537
47.75,92.25,Khovd,521078419.83581346
47.75,92.5,Khovd,521078419.8358939
47.75,92.75,Khovd,521078419.83581346
47.75,93.0,Khovd,521078419.83581346
47.75,93.25,Khovd,477105244.0635431
47.75,93.25,Zavkhan,43973175.77231063
47.75,93.5,Govi-Altai,4867859.801719919
47.75,93.5,Khovd,184307695.0856137
47.75,93.5,Zavkhan,331902866.905945
47.75,93.75,Govi-Altai,127877977.49734947
47.75,93.75,Zavkhan,393200442.3385029
47.75,94.0,Govi-Altai,250448145.99742034
47.75,94.0,Zavkhan,270630273.8384333
47.75,94.25,Govi-Altai,279262796.29413986
47.75,94.25,Zavkhan,241815623.5417139
47.75,94.5,Govi-Altai,128077603.11338992
47.75,94.5,Zavkhan,393000816.7224235
47.75,94.75,Govi-Altai,97713877.32702956
47.75,94.75,Zavkhan,423364542.50878394
47.75,95.0,Govi-Altai,38327624.35732853
47.75,95.0,Zavkhan,482750795.47852516
47.75,95.25,Zavkhan,521078419.8358537
47.75,95.5,Zavkhan,521078419.8358537
47.75,95.75,Zavkhan,521078419.83581346
47.75,96.0,Zavkhan,521078419.83581346
47.75,96.25,Zavkhan,521078419.8358537
47.75,96.5,Zavkhan,521078419.8358537
47.75,96.75,Zavkhan,521078419.8358537
47.75,97.0,Zavkhan,521078419.83581346
47.75,97.25,Zavkhan,521078419.83581346
47.75,97.5,Zavkhan,521078419.8358537
47.75,97.75,Zavkhan,521078419.8358537
47.75,98.0,Zavkhan,521078419.8358537
47.75,98.25,Arkhangai,349763648.2536125
47.75,98.25,Zavkhan,171314771.58220086
47.75,98.5,Arkhangai,433306256.9182949
47.75,98.5,Bayankhongor,87772162.9175185
47.75,98.75,Arkhangai,392347642.78385293
47.75,98.75,Bayankhongor,128730777.05200076
47.75,99.0,Arkhangai,521078419.8358537
47.75,99.25,Arkhangai,521078419.8358537
47.75,99.5,Arkhangai,521078419.83581346
47.75,99.75,Arkhangai,521078419.83581346
47.75,100.0,Arkhangai,521078419.8358537
47.75,100.25,Arkhangai,521078419.8358537
47.75,100.5,Arkhangai,521078419.8358537
47.75,100.75,Arkhangai,521078419.83581346
47.75,101.0,Arkhangai,521078419.8358537
47.75,101.25,Arkhangai,521078419.83581346
47.75,101.5,Arkhangai,521078419.8358537
47.75,101.75,Arkhangai,521078419.8358537
47.75,102.0,Arkhangai,521078419.83581346
47.75,102.25,Arkhangai,521078419.8358537
47.75,102.5,Arkhangai,521078419.83581346
47.75,102.75,Arkhangai,521078419.83581346
47.75,103.0,Arkhangai,397364561.64963126
47.75,103.0,Bulgan,123713858.18626267
47.75,103.25,Arkhangai,79390537.51348741
47.75,103.25,Bulgan,441687882.3223663
47.75,103.5,Bulgan,521078419.83581346
47.75,103.75,Bulgan,521078419.83581346
47.75,104.0,Bulgan,521078419.83581346
47.75,104.25,Bulgan,521078419.8358537
47.75,104.5,Bulgan,494620626.80596274
47.75,104.5,Tuv,26457793.02993121
47.75,104.75,Bulgan,170567454.65434062
47.75,104.75,Tuv,350510965.1814728
47.75,105.0,Tuv,521078419.83581346
47.75,105.25,Tuv,521078419.83581346
47.75,105.5,Tuv,521078419.8358537
47.75,105.75,Tuv,521078419.8358939
47.75,106.0,Tuv,521078419.83581346
47.75,106.25,Tuv,521078419.83581346
47.75,106.5,Tuv,377250157.6711116
47.75,106.75,Tuv,199971241.87943318
47.75,107.0,Tuv,219948605.95215818
47.75,107.25,Tuv,69526592.13063854
47.75,107.5,Tuv,204905672.78648192
47.75,107.75,Tuv,521078419.8358537
47.75,108.0,Tuv,521078419.83581346
47.75,108.25,Tuv,201992630.30048394
47.75,108.5,Khentii,400132517.1846144
47.75,108.75,Khentii,521078419.83581346
47.75,109.0,Khentii,521078419.8358537
47.75,109.25,Khentii,521078419.83581346
47.75,109.5,Khentii,521078419.8358537
47.75,109.75,Khentii,521078419.8358537
47.75,110.0,Khentii,521078419.8358537
47.75,110.25,Khentii,521078419.83581346
47.75,110.5,Khentii,521078419.83581346
47.75,110.75,Khentii,521078419.8358537
47.75,111.0,Khentii,521078419.8358537
47.75,111.25,Khentii,521078419.8358537
47.75,111.5,Khentii,521078419.83581346
47.75,111.75,Khentii,521078419.83581346
47.75,112.0,Khentii,518230797.88030905
47.75,112.0,Sukhbaatar,2847621.9555446315
47.75,112.25,Khentii,359038765.1926637
47.75,112.25,Sukhbaatar,162039654.64318997
47.75,112.5,Khentii,197199203.28603917
47.75,112.5,Sukhbaatar,323879216.5498145
47.75,112.75,Dornod,375291742.8134184
47.75,112.75,Khentii,30229014.662262734
47.75,112.75,Sukhbaatar,115362146.4635444
47.75,113.0,Dornod,521078419.83581346
47.75,113.25,Dornod,521078419.83581346
47.75,113.5,Dornod,521078419.8358939
47.75,113.75,Dornod,521078419.8358537
47.75,114.0,Dornod,521078419.83581346
47.75,114.25,Dornod,521078419.83581346
47.75,114.5,Dornod,521078419.83581346
47.75,114.75,Dornod,521078419.8358939
47.75,115.0,Dornod,521078419.8358537
47.75,115.25,Dornod,521078419.83581346
47.75,115.5,Dornod,521078419.8358537
47.75,115.75,Dornod,372596742.0179292
47.75,116.0,Dornod,238854938.78343144
47.75,116.25,Dornod,489733824.4606246
47.75,116.5,Dornod,476607611.9163791
47.75,116.75,Dornod,521078419.8358537
47.75,117.0,Dornod,464074732.1437657
47.75,117.25,Dornod,183436451.27990207
47.75,117.5,Dornod,331563210.4199815
47.75,117.75,Dornod,521078419.8358537
47.75,118.0,Dornod,521078419.8358537
47.75,118.25,Dornod,521078419.8357732
47.75,118.5,Dornod,521078419.8358537
47.75,118.75,Dornod,356205557.55368906
47.75,119.0,Dornod,154572272.7517302
47.75,119.25,Dornod,2162518.662750964
47.5,90.25,Bayan-Ulgii,5744120.917934685
47.5,90.5,Bayan-Ulgii,400689159.7514722
47.5,90.75,Bayan-Ulgii,523545957.64162606
47.5,91.0,Bayan-Ulgii,523545957.64170694
47.5,91.25,Bayan-Ulgii,246127449.81117845
47.5,91.25,Khovd,277418507.8304881
47.5,91.5,Khovd,523545957.64162606
47.5,91.75,Khovd,523545957.64162606
47.5,92.0,Khovd,523545957.64166653
47.5,92.25,Khovd,523545957.64162606
47.5,92.5,Khovd,523545957.64170694
47.5,92.75,Khovd,523545957.64162606
47.5,93.0,Khovd,523545957.64162606
47.5,93.25,Khovd,523545957.64166653
47.5,93.5,Govi-Altai,46232190.773177505
47.5,93.5,Khovd,477313766.86844313
47.5,93.75,Govi-Altai,404257196.2109593
47.5,93.75,Khovd,119288761.43070714
47.5,94.0,Govi-Altai,523545957.64166653
47.5,94.25,Govi-Altai,523545957.64166653
47.5,94.5,Govi-Altai,523545957.64162606
47.5,94.75,Govi-Altai,523545957.64162606
47.5,95.0,Govi-Altai,474801194.48135704
47.5,95.0,Zavkhan,48744763.16030948
47.5,95.25,Govi-Altai,387787826.3862288
47.5,95.25,Zavkhan,135758131.2554378
47.5,95.5,Govi-Altai,334922148.7934301
47.5,95.5,Zavkhan,188623808.8482364
47.5,95.75,Govi-Altai,141465688.8655194
47.5,95.75,Zavkhan,382080268.7761067
47.5,96.0,Govi-Altai,4210835.431877053
47.5,96.0,Zavkhan,519335122.20974904
47.5,96.25,Zavkhan,523545957.64166653
47.5,96.5,Zavkhan,523545957.64166653
47.5,96.75,Zavkhan,523545957.64166653
47.5,97.0,Zavkhan,523545957.64162606
47.5,97.25,Zavkhan,523545957.64162606
47.5,97.5,Zavkhan,523545957.64166653
47.5,97.75,Zavkhan,523545957.64166653
47.5,98.0,Zavkhan,523545957.64166653
47.5,98.25,Arkhangai,254503.41138554207
47.5,98.25,Bayankhongor,95111927.02911845
47.5,98.25,Zavkhan,428179527.20112205
47.5,98.5,Arkhangai,2866992.5209412407
47.5,98.5,Bayankhongor,498777866.1745352
47.5,98.5,Zavkhan,21901067.813836537
47.5,98.75,Arkhangai,34161775.961297765
47.5,98.75,Bayankhongor,489384181.6803688
47.5,99.0,Arkhangai,307619850.14260155
47.5,99.0,Bayankhongor,215926107.49906495
47.5,99.25,Arkhangai,328259519.10531664
47.5,99.25,Bayankhongor,195286438.5363499
47.5,99.5,Arkhangai,103020496.21529447
47.5,99.5,Bayankhongor,420525461.4263316
47.5,99.75,Arkhangai,186214951.0903637
47.5,99.75,Bayankhongor,337331006.55126244
47.5,100.0,Arkhangai,522888518.6740311
47.5,100.0,Bayankhongor,657438.967635441
47.5,100.25,Arkhangai,523545957.64166653
47.5,100.5,Arkhangai,523545957.64166653
47.5,100.75,Arkhangai,523545957.64162606
47.5,101.0,Arkhangai,523545957.64166653
47.5,101.25,Arkhangai,523545957.64162606
47.5,101.5,Arkhangai,523545957.64166653
47.5,101.75,Arkhangai,523545957.64166653
47.5,102.0,Arkhangai,523545957.64162606
47.5,102.25,Arkhangai,523545957.64166653
47.5,102.5,Arkhangai,523545957.64162606
47.5,102.75,Arkhangai,498552157.5100023
47.5,102.75,Uvurkhangai,24993800.131623738
47.5,103.0,Arkhangai,523545957.64170694
47.5,103.25,Arkhangai,474710694.72126627
47.5,103.25,Bulgan,48835262.920400254
47.5,103.5,Arkhangai,110630561.4848852
47.5,103.5,Bulgan,412915396.1567409
47.5,103.75,Bulgan,523545957.64162606
47.5,104.0,Bulgan,492553562.2947399
47.5,104.0,Tuv,30992395.346886165
47.5,104.25,Bulgan,130929270.96184571
47.5,104.25,Tuv,392616686.6798209
47.5,104.5,Bulgan,25768674.679180305
47.5,104.5,Tuv,497777282.9625266
47.5,104.75,Tuv,523545957.64162606
47.5,105.0,Tuv,523545957.64162606
47.5,105.25,Tuv,523545957.64162606
47.5,105.5,Tuv,523545957.64166653
47.5,105.75,Tuv,523545957.64170694
47.5,106.0,Tuv,523545957.64162606
47.5,106.25,Tuv,523545957.64162606
47.5,106.5,Tuv,523545957.64162606
47.5,106.75,Tuv,523545957.64166653
47.5,107.0,Tuv,523545957.64166653
47.5,107.25,Tuv,523545957.64166653
47.5,107.5,Tuv,491363406.2564091
47.5,107.75,Tuv,523545957.64166653
47.5,108.0,Tuv,523545957.64162606
47.5,108.25,Khentii,5926624.248088105
47.5,108.25,Tuv,463950871.4666314
47.5,108.5,Khentii,445748872.5681664
47.5,108.5,Tuv,75307383.03109175
47.5,108.75,Khentii,523545957.64162606
47.5,109.0,Khentii,523545957.64166653
47.5,109.25,Khentii,523545957.64162606
47.5,109.5,Khentii,523545957.64166653
47.5,109.75,Khentii,523545957.64166653
47.5,110.0,Khentii,523545957.64166653
47.5,110.25,Khentii,523545957.64162606
47.5,110.5,Khentii,523545957.64162606
47.5,110.75,Khentii,523545957.64166653
47.5,111.0,Khentii,523545957.64166653
47.5,111.25,Khentii,523545957.64166653
47.5,111.5,Khentii,523545957.64162606
47.5,111.75,Khentii,522904982.1831815
47.5,111.75,Sukhbaatar,640975.4584444948
47.5,112.0,Khentii,382680366.9809859
47.5,112.0,Sukhbaatar,140865590.66068062
47.5,112.25,Sukhbaatar,523545957.64166653
47.5,112.5,Sukhbaatar,523545957.64166653
47.5,112.75,Dornod,40060925.31364775
47.5,112.75,Sukhbaatar,483485032.3279784
47.5,113.0,Dornod,47231409.87477093
47.5,113.0,Sukhbaatar,476314547.7668552
47.5,113.25,Dornod,149616642.85397962
47.5,113.25,Sukhbaatar,373929314.78764653
47.5,113.5,Dornod,207330975.36084488
47.5,113.5,Sukhbaatar,316214982.28086203
47.5,113.75,Dornod,291477394.78733015
47.5,113.75,Sukhbaatar,232068562.85433638
47.5,114.0,Dornod,506848710.5033428
47.5,114.0,Sukhbaatar,16697247.138283279
47.5,114.25,Dornod,523545957.64162606
47.5,114.5,Dornod,523545957.64162606
47.5,114.75,Dornod,523545957.64170694
47.5,115.0,Dornod,523545957.64166653
47.5,115.25,Dornod,523545957.64162606
47.5,115.5,Dornod,523545957.64166653
47.5,115.75,Dornod,523545957.64158565
47.5,116.0,Dornod,523545957.64166653
47.5,116.25,Dornod,523545957.64170694
47.5,116.5,Dornod,523545957.64162606
47.5,116.75,Dornod,523545957.64166653
47.5,117.0,Dornod,523545957.64158565
47.5,117.25,Dornod,523545957.64166653
47.5,117.5,Dornod,523545957.64166653
47.5,117.75,Dornod,523545957.64166653
47.5,118.0,Dornod,523545957.64166653
47.5,118.25,Dornod,523545957.64158565
47.5,118.5,Dornod,523545957.64166653
47.5,118.75,Dornod,523545957.64166653
47.5,119.0,Dornod,523545957.64166653
47.5,119.25,Dornod,264886702.66947365
47.5,119.5,Dornod,2096961.1278359813
47.25,90.5,Bayan-Ulgii,165094921.98564366
47.25,90.75,Bayan-Ulgii,525130264.66392344
47.25,91.0,Bayan-Ulgii,526003215.99666023
47.25,91.25,Bayan-Ulgii,452891472.74042356
47.25,91.25,Khovd,73111743.25619602
47.25,91.5,Bayan-Ulgii,69696968.80295444
47.25,91.5,Khovd,456306247.19362456
47.25,91.75,Khovd,526003215.996579
47.25,92.0,Khovd,526003215.9966196
47.25,92.25,Khovd,526003215.996579
47.25,92.5,Khovd,526003215.99666023
47.25,92.75,Khovd,526003215.996579
47.25,93.0,Khovd,526003215.996579
47.25,93.25,Khovd,526003215.9966196
47.25,93.5,Khovd,526003215.996579
47.25,93.75,Govi-Altai,11270234.68684001
47.25,93.75,Khovd,514732981.3097796
47.25,94.0,Govi-Altai,207769999.89324155
47.25,94.0,Khovd,318233216.10337806
47.25,94.25,Govi-Altai,526003215.9966196
47.25,94.5,Govi-Altai,526003215.996579
47.25,94.75,Govi-Altai,526003215.996579
47.25,95.0,Govi-Altai,526003215.9966196
47.25,95.25,Govi-Altai,526003215.9966196
47.25,95.5,Govi-Altai,526003215.9966196
47.25,95.75,Govi-Altai,526003215.996579
47.25,96.0,Govi-Altai,432673412.7934642
47.25,96.0,Zavkhan,93329803.20311487
47.25,96.25,Govi-Altai,132917568.69165498
47.25,96.25,Zavkhan,393085647.3049646
47.25,96.5,Zavkhan,526003215.9966196
47.25,96.75,Zavkhan,526003215.9966196
47.25,97.0,Zavkhan,526003215.996579
47.25,97.25,Zavkhan,526003215.996579
47.25,97.5,Zavkhan,526003215.9966196
47.25,97.75,Bayankhongor,1940970.0181272835
47.25,97.75,Zavkhan,524062245.97849226
47.25,98.0,Bayankhongor,120907005.31648707
47.25,98.0,Zavkhan,405096210.68013257
47.25,98.25,Bayankhongor,356344162.5280867
47.25,98.25,Zavkhan,169659053.46849224
47.25,98.5,Bayankhongor,526003215.996579
47.25,98.75,Bayankhongor,526003215.9966196
47.25,99.0,Bayankhongor,526003215.9966196
47.25,99.25,Bayankhongor,526003215.9966196
47.25,99.5,Bayankhongor,526003215.996579
47.25,99.75,Bayankhongor,526003215.996579
47.25,100.0,Arkhangai,460811262.8672497
47.25,100.0,Bayankhongor,65191953.12936988
47.25,100.25,Arkhangai,484923018.21118534
47.25,100.25,Bayankhongor,41080197.78543426
47.25,100.5,Arkhangai,498480633.031585
47.25,100.5,Bayankhongor,27522582.965034623
47.25,100.75,Arkhangai,526003215.996579
47.25,101.0,Arkhangai,526003215.9966196
47.25,101.25,Arkhangai,526003215.996579
47.25,101.5,Arkhangai,526003215.9966196
47.25,101.75,Arkhangai,526003215.9966196
47.25,102.0,Arkhangai,526003215.996579
47.25,102.25,Arkhangai,526003215.9966196
47.25,102.5,Arkhangai,521701988.85483843
47.25,102.5,Uvurkhangai,4301227.141740499
47.25,102.75,Arkhangai,119855482.53982079
47.25,102.75,Uvurkhangai,406147733.4567582
47.25,103.0,Arkhangai,131173991.56363823
47.25,103.0,Uvurkhangai,394829224.43302196
47.25,103.25,Arkhangai,364380076.069572
47.25,103.25,Uvurkhangai,161623139.92704755
47.25,103.5,Arkhangai,383385163.64838296
47.25,103.5,Bulgan,3012579.3866119953
47.25,103.5,Uvurkhangai,139605472.96158406
47.25,103.75,Arkhangai,44988788.8580464
47.25,103.75,Bulgan,212630175.72608066
47.25,103.75,Uvurkhangai,268384275.4348127
47.25,104.0,Bulgan,213399783.32075834
47.25,104.0,Uvurkhangai,312603432.6758206
47.25,104.25,Bulgan,25119005.481672302
47.25,104.25,Tuv,449920989.15973747
47.25,104.25,Uvurkhangai,50963221.35520977
47.25,104.5,Tuv,526003215.99666023
47.25,104.75,Tuv,526003215.996579
47.25,105.0,Tuv,526003215.996579
47.25,105.25,Tuv,526003215.996579
47.25,105.5,Tuv,526003215.9966196
47.25,105.75,Tuv,526003215.99666023
47.25,106.0,Tuv,526003215.996579
47.25,106.25,Tuv,526003215.996579
47.25,106.5,Tuv,526003215.996579
47.25,106.75,Tuv,526003215.9966196
47.25,107.0,Tuv,526003215.9966196
47.25,107.25,Tuv,526003215.9966196
47.25,107.5,Tuv,447541597.89729285
47.25,107.75,Tuv,526003215.9966196
47.25,108.0,Tuv,526003215.996579
47.25,108.25,Tuv,526003215.9966196
47.25,108.5,Khentii,126646643.41354422
47.25,108.5,Tuv,399356572.5830754
47.25,108.75,Khentii,524618597.6548064
47.25,108.75,Tuv,1384618.3417726324
47.25,109.0,Khentii,526003215.9966196
47.25,109.25,Khentii,526003215.996579
47.25,109.5,Khentii,526003215.9966196
47.25,109.75,Khentii,526003215.9966196
47.25,110.0,Khentii,526003215.9966196
47.25,110.25,Khentii,526003215.996579
47.25,110.5,Khentii,526003215.996579
47.25,110.75,Khentii,526003215.9966196
47.25,111.0,Khentii,526003215.9966196
47.25,111.25,Khentii,526003215.9966196
47.25,111.5,Khentii,378303430.7617951
47.25,111.5,Sukhbaatar,147699785.2347839
47.25,111.75,Khentii,47961793.36203003
47.25,111.75,Sukhbaatar,478041422.63454896
47.25,112.0,Khentii,54071147.74062921
47.25,112.0,Sukhbaatar,471932068.2559904
47.25,112.25,Sukhbaatar,526003215.9966196
47.25,112.5,Sukhbaatar,526003215.9966196
47.25,112.75,Sukhbaatar,526003215.996579
47.25,113.0,Sukhbaatar,526003215.996579
47.25,113.25,Sukhbaatar,526003215.996579
47.25,113.5,Sukhbaatar,526003215.99666023
47.25,113.75,Sukhbaatar,526003215.9966196
47.25,114.0,Dornod,58497150.14878255
47.25,114.0,Sukhbaatar,467506065.84779644
47.25,114.25,Dornod,316814507.596136
47.25,114.25,Sukhbaatar,209188708.40044302
47.25,114.5,Dornod,507715666.6038418
47.25,114.5,Sukhbaatar,18287549.392737236
47.25,114.75,Dornod,526003215.99666023
47.25,115.0,Dornod,526003215.9966196
47.25,115.25,Dornod,526003215.996579
47.25,115.5,Dornod,526003215.9966196
47.25,115.75,Dornod,526003215.99653834
47.25,116.0,Dornod,526003215.9966196
47.25,116.25,Dornod,526003215.99666023
47.25,116.5,Dornod,526003215.996579
47.25,116.75,Dornod,526003215.9966196
47.25,117.0,Dornod,526003215.99653834
47.25,117.25,Dornod,526003215.9966196
47.25,117.5,Dornod,526003215.9966196
47.25,117.75,Dornod,526003215.9966196
47.25,118.0,Dornod,526003215.9966196
47.25,118.25,Dornod,526003215.99653834
47.25,118.5,Dornod,526003215.9966196
47.25,118.75,Dornod,526003215.9966196
47.25,119.0,Dornod,526003215.9966196
47.25,119.25,Dornod,526003215.9966196
47.25,119.5,Dornod,376084889.85216045
47.25,119.75,Dornod,59157444.243342
47.0,90.75,Bayan-Ulgii,209263638.80785993
47.0,91.0,Bayan-Ulgii,497999658.5275968
47.0,91.25,Bayan-Ulgii,528450151.3480469
47.0,91.5,Bayan-Ulgii,184663487.75328246
47.0,91.5,Khovd,343786663.59472364
47.0,91.75,Khovd,528450151.3480061
47.0,92.0,Khovd,528450151.3480469
47.0,92.25,Khovd,528450151.3480061
47.0,92.5,Khovd,528450151.3480877
47.0,92.75,Khovd,528450151.3480061
47.0,93.0,Khovd,528450151.3480061
47.0,93.25,Khovd,528450151.3480469
47.0,93.5,Khovd,528450151.3480061
47.0,93.75,Khovd,528450151.3480469
47.0,94.0,Govi-Altai,1532126.7826885548
47.0,94.0,Khovd,526918024.56535834
47.0,94.25,Govi-Altai,372247986.4022664
47.0,94.25,Khovd,156202164.94578058
47.0,94.5,Govi-Altai,528450151.3480061
47.0,94.75,Govi-Altai,528450151.3480061
47.0,95.0,Govi-Altai,528450151.3480469
47.0,95.25,Govi-Altai,528450151.3480469
47.0,95.5,Govi-Altai,528450151.3480469
47.0,95.75,Govi-Altai,528450151.3480061
47.0,96.0,Govi-Altai,528450151.3480061
47.0,96.25,Govi-Altai,349606924.20624435
47.0,96.25,Zavkhan,178843227.14180255
47.0,96.5,Govi-Altai,34625784.73492307
47.0,96.5,Zavkhan,493824366.6131238
47.0,96.75,Govi-Altai,46718654.14965144
47.0,96.75,Zavkhan,481731497.1983955
47.0,97.0,Zavkhan,528450151.3480061
47.0,97.25,Zavkhan,528450151.3480061
47.0,97.5,Zavkhan,528450151.3480469
47.0,97.75,Bayankhongor,189618503.8679357
47.0,97.75,Zavkhan,338831647.48011124
47.0,98.0,Bayankhongor,528450151.3480469
47.0,98.25,Bayankhongor,528450151.3480061
47.0,98.5,Bayankhongor,528450151.3480061
47.0,98.75,Bayankhongor,528450151.3480469
47.0,99.0,Bayankhongor,528450151.3480469
47.0,99.25,Bayankhongor,528450151.3480469
47.0,99.5,Bayankhongor,528450151.3480061
47.0,99.75,Bayankhongor,528450151.3480061
47.0,100.0,Arkhangai,55473678.017624825
47.0,100.0,Bayankhongor,472976473.33042204
47.0,100.25,Arkhangai,469162.0926811876
47.0,100.25,Bayankhongor,527980989.2553657
47.0,100.5,Arkhangai,273615945.43248403
47.0,100.5,Bayankhongor,254834205.91556287
47.0,100.75,Arkhangai,521843106.6145995
47.0,100.75,Bayankhongor,6607044.733406601
47.0,101.0,Arkhangai,528450151.3480469
47.0,101.25,Arkhangai,528450151.3480061
47.0,101.5,Arkhangai,528450151.3480469
47.0,101.75,Arkhangai,520509503.2797912
47.0,101.75,Uvurkhangai,7940648.068255766
47.0,102.0,Arkhangai,315252896.72516966
47.0,102.0,Uvurkhangai,213197254.6228364
47.0,102.25,Arkhangai,233195938.0526268
47.0,102.25,Uvurkhangai,295254213.29542017
47.0,102.5,Arkhangai,257563689.66073877
47.0,102.5,Uvurkhangai,270886461.68726736
47.0,102.75,Uvurkhangai,528450151.3480061
47.0,103.0,Uvurkhangai,528450151.3480877
47.0,103.25,Uvurkhangai,528450151.3480469
47.0,103.5,Uvurkhangai,528450151.3480061
47.0,103.75,Uvurkhangai,528450151.3480061
47.0,104.0,Uvurkhangai,528450151.3480061
47.0,104.25,Tuv,126402860.79089426
47.0,104.25,Uvurkhangai,402047290.5571527
47.0,104.5,Tuv,528450151.3480877
47.0,104.75,Tuv,528450151.3480061
47.0,105.0,Tuv,528450151.3480061
47.0,105.25,Tuv,528450151.3480061
47.0,105.5,Tuv,528450151.3480469
47.0,105.75,Tuv,528450151.3480877
47.0,106.0,Tuv,528450151.3480061
47.0,106.25,Tuv,528450151.3480061
47.0,106.5,Tuv,528450151.3480061
47.0,106.75,Tuv,528450151.3480469
47.0,107.0,Tuv,528450151.3480469
47.0,107.25,Tuv,528450151.3480469
47.0,107.5,Tuv,528450151.3480061
47.0,107.75,Tuv,528450151.3480469
47.0,108.0,Tuv,528450151.3480061
47.0,108.25,Tuv,528450151.3480469
47.0,108.5,Tuv,528450151.3480469
47.0,108.75,Govisumber,73181069.33314589
47.0,108.75,Khentii,219471315.95491263
47.0,108.75,Tuv,235792324.61536673
47.0,109.0,Govisumber,8074443.443868909
47.0,109.0,Khentii,520375707.90417796
47.0,109.25,Khentii,528450151.3480061
47.0,109.5,Khentii,528450151.3480469
47.0,109.75,Khentii,528450151.3480469
47.0,110.0,Khentii,528450151.3480469
47.0,110.25,Khentii,528450151.3480061
47.0,110.5,Khentii,528450151.3480061
47.0,110.75,Khentii,528450151.3480469
47.0,111.0,Khentii,528450151.3480469
47.0,111.25,Khentii,528450151.3480469
47.0,111.5,Khentii,103810629.07307823
47.0,111.5,Sukhbaatar,424639522.27492785
47.0,111.75,Sukhbaatar,528450151.3480061
47.0,112.0,Sukhbaatar,528450151.3480469
47.0,112.25,Sukhbaatar,528450151.3480469
47.0,112.5,Sukhbaatar,528450151.3480469
47.0,112.75,Sukhbaatar,528450151.3480061
47.0,113.0,Sukhbaatar,528450151.3480061
47.0,113.25,Sukhbaatar,528450151.3480061
47.0,113.5,Sukhbaatar,528450151.3480877
47.0,113.75,Sukhbaatar,528450151.3480469
47.0,114.0,Sukhbaatar,528450151.3480061
47.0,114.25,Sukhbaatar,528450151.3480061
47.0,114.5,Dornod,403712248.48705244
47.0,114.5,Sukhbaatar,124737902.86095366
47.0,114.75,Dornod,528450151.3480877
47.0,115.0,Dornod,528450151.3480469
47.0,115.25,Dornod,528450151.3480061
47.0,115.5,Dornod,528450151.3480469
47.0,115.75,Dornod,528450151.3479653
47.0,116.0,Dornod,528450151.3480469
47.0,116.25,Dornod,528450151.3480877
47.0,116.5,Dornod,528450151.3480061
47.0,116.75,Dornod,528450151.3480469
47.0,117.0,Dornod,528450151.3479653
47.0,117.25,Dornod,528450151.3480469
47.0,117.5,Dornod,528450151.3480469
47.0,117.75,Dornod,528450151.3480469
47.0,118.0,Dornod,528450151.3480469
47.0,118.25,Dornod,528450151.3479653
47.0,118.5,Dornod,528450151.3480469
47.0,118.75,Dornod,528450151.3480469
47.0,119.0,Dornod,528450151.3480469
47.0,119.25,Dornod,528450151.3480469
47.0,119.5,Dornod,528450151.3480469
47.0,119.75,Dornod,405325476.00041884
47.0,120.0,Dornod,15191347.662333915
46.75,91.0,Bayan-Ulgii,199358596.91703993
46.75,91.0,Khovd,70549767.36316355
46.75,91.25,Bayan-Ulgii,454837452.8423498
46.75,91.25,Khovd,76049267.55006908
46.75,91.5,Bayan-Ulgii,518465656.7971624
46.75,91.5,Khovd,12421063.595215522
46.75,91.75,Bayan-Ulgii,320644872.3666032
46.75,91.75,Khovd,210241848.02577475
46.75,92.0,Bayan-Ulgii,18506434.777086962
46.75,92.0,Khovd,512380285.61533195
46.75,92.25,Khovd,530886720.3923779
46.75,92.5,Khovd,530886720.3924599
46.75,92.75,Khovd,530886720.3923779
46.75,93.0,Khovd,530886720.3923779
46.75,93.25,Khovd,530886720.3924189
46.75,93.5,Govi-Altai,3008580.4147766856
46.75,93.5,Khovd,527878139.97760123
46.75,93.75,Govi-Altai,6508423.272594878
46.75,93.75,Khovd,524378297.11982405
46.75,94.0,Govi-Altai,186054325.05822802
46.75,94.0,Khovd,344832395.3341909
46.75,94.25,Govi-Altai,287162607.326546
46.75,94.25,Khovd,243724113.0658729
46.75,94.5,Govi-Altai,527472555.9857842
46.75,94.5,Khovd,3414164.40659375
46.75,94.75,Govi-Altai,530886720.3923779
46.75,95.0,Govi-Altai,530886720.3924189
46.75,95.25,Govi-Altai,530886720.3924189
46.75,95.5,Govi-Altai,530886720.3924189
46.75,95.75,Govi-Altai,530886720.3923779
46.75,96.0,Govi-Altai,530886720.3923779
46.75,96.25,Govi-Altai,514265918.10792017
46.75,96.25,Zavkhan,16620802.284498714
46.75,96.5,Govi-Altai,514561754.9883702
46.75,96.5,Zavkhan,16324965.404048722
46.75,96.75,Govi-Altai,450804786.6457568
46.75,96.75,Zavkhan,80081933.74666214
46.75,97.0,Govi-Altai,32138599.43805071
46.75,97.0,Zavkhan,498748120.9543272
46.75,97.25,Govi-Altai,29251196.428490747
46.75,97.25,Zavkhan,501635523.96388716
46.75,97.5,Bayankhongor,4392772.975740804
46.75,97.5,Govi-Altai,25439789.729883984
46.75,97.5,Zavkhan,501054157.6867941
46.75,97.75,Bayankhongor,407250297.6627844
46.75,97.75,Zavkhan,123636422.72963448
46.75,98.0,Bayankhongor,530886720.3924189
46.75,98.25,Bayankhongor,530886720.3923779
46.75,98.5,Bayankhongor,530886720.3923779
46.75,98.75,Bayankhongor,530886720.3924189
46.75,99.0,Bayankhongor,530886720.3924189
46.75,99.25,Bayankhongor,530886720.3924189
46.75,99.5,Bayankhongor,530886720.3923779
46.75,99.75,Bayankhongor,530886720.3923779
46.75,100.0,Bayankhongor,530886720.3924189
46.75,100.25,Bayankhongor,530886720.3924189
46.75,100.5,Bayankhongor,530886720.3924189
46.75,100.75,Arkhangai,66473099.88410367
46.75,100.75,Bayankhongor,464413620.50827426
46.75,101.0,Arkhangai,95218647.234614
46.75,101.0,Bayankhongor,435668073.15780485
46.75,101.25,Arkhangai,85910078.39349028
46.75,101.25,Bayankhongor,399116302.6953066
46.75,101.25,Uvurkhangai,45860336.631360166
46.75,101.5,Arkhangai,54998316.17947181
46.75,101.5,Bayankhongor,28246635.26004501
46.75,101.5,Uvurkhangai,447641768.95290214
46.75,101.75,Arkhangai,25689523.197701737
46.75,101.75,Uvurkhangai,505197197.1947172
46.75,102.0,Uvurkhangai,530886720.3923779
46.75,102.25,Uvurkhangai,530886720.3924189
46.75,102.5,Uvurkhangai,530886720.3923779
46.75,102.75,Uvurkhangai,530886720.3923779
46.75,103.0,Uvurkhangai,530886720.3924599
46.75,103.25,Uvurkhangai,530886720.3924189
46.75,103.5,Uvurkhangai,530886720.3923779
46.75,103.75,Uvurkhangai,530886720.3923779
46.75,104.0,Uvurkhangai,530886720.3923779
46.75,104.25,Tuv,107167347.20508657
46.75,104.25,Uvurkhangai,423719373.1873324
46.75,104.5,Tuv,522688010.5683693
46.75,104.5,Uvurkhangai,8198709.824090565
46.75,104.75,Tuv,530886720.3923779
46.75,105.0,Tuv,530886720.3923779
46.75,105.25,Tuv,530886720.3923779
46.75,105.5,Dundgovi,15389971.952117303
46.75,105.5,Tuv,515496748.4403016
46.75,105.75,Dundgovi,205640634.491396
46.75,105.75,Tuv,325246085.9010639
46.75,106.0,Dundgovi,62056767.19611479
46.75,106.0,Tuv,468829953.19626313
46.75,106.25,Tuv,530886720.3923779
46.75,106.5,Tuv,530886720.3923779
46.75,106.75,Tuv,530886720.3924189
46.75,107.0,Tuv,530886720.3924189
46.75,107.25,Tuv,530886720.3924189
46.75,107.5,Tuv,530886720.3923779
46.75,107.75,Dundgovi,35569109.4015212
46.75,107.75,Tuv,495317610.99089766
46.75,108.0,Dundgovi,224938108.24711686
46.75,108.0,Govisumber,123517864.64663762
46.75,108.0,Tuv,182430576.1540997
46.75,108.25,Dundgovi,18023622.74122095
46.75,108.25,Govisumber,368057156.2868948
46.75,108.25,Tuv,144805941.36430314
46.75,108.5,Govisumber,367909115.30232036
46.75,108.5,Tuv,162977605.09009856
46.75,108.75,Govisumber,509887800.1132689
46.75,108.75,Tuv,20998920.279109053
46.75,109.0,Govisumber,209309262.8906309
46.75,109.0,Khentii,321577457.50178796
46.75,109.25,Khentii,530886720.3923779
46.75,109.5,Khentii,530886720.3924189
46.75,109.75,Khentii,530886720.3924189
46.75,110.0,Dornogovi,716205.0338717544
46.75,110.0,Khentii,530170515.35854715
46.75,110.25,Khentii,530886720.3923779
46.75,110.5,Khentii,530886720.3923779
46.75,110.75,Khentii,530886720.3924189
46.75,111.0,Khentii,530886720.3924189
46.75,111.25,Khentii,411552053.2520376
46.75,111.25,Sukhbaatar,119334667.1403813
46.75,111.5,Khentii,6809315.061979545
46.75,111.5,Sukhbaatar,524077405.3303984
46.75,111.75,Sukhbaatar,530886720.3923779
46.75,112.0,Sukhbaatar,530886720.3924189
46.75,112.25,Sukhbaatar,530886720.3924189
46.75,112.5,Sukhbaatar,530886720.3924189
46.75,112.75,Sukhbaatar,530886720.3923779
46.75,113.0,Sukhbaatar,530886720.3923779
46.75,113.25,Sukhbaatar,530886720.3923779
46.75,113.5,Sukhbaatar,530886720.3924599
46.75,113.75,Sukhbaatar,530886720.3924189
46.75,114.0,Sukhbaatar,530886720.3923779
46.75,114.25,Sukhbaatar,530886720.3923779
46.75,114.5,Dornod,171186313.32771376
46.75,114.5,Sukhbaatar,359700407.0646642
46.75,114.75,Dornod,458589986.3493506
46.75,114.75,Sukhbaatar,72296734.04310934
46.75,115.0,Dornod,530886720.3924189
46.75,115.25,Dornod,530886720.3923779
46.75,115.5,Dornod,530886720.3924189
46.75,115.75,Dornod,530886720.3923369
46.75,116.0,Dornod,530886720.3924189
46.75,116.25,Dornod,530886720.3924599
46.75,116.5,Dornod,530886720.3923779
46.75,116.75,Dornod,530886720.3924189
46.75,117.0,Dornod,530886720.3923369
46.75,117.25,Dornod,530886720.3924189
46.75,117.5,Dornod,530886720.3924189
46.75,117.75,Dornod,530886720.3924189
46.75,118.0,Dornod,510919124.25913465
46.75,118.25,Dornod,326232912.6051864
46.75,118.5,Dornod,342794562.18448997
46.75,118.75,Dornod,330790291.40876764
46.75,119.0,Dornod,312966950.3696616
46.75,119.25,Dornod,481549924.08506954
46.75,119.5,Dornod,519623567.7714905
46.75,119.75,Dornod,484828956.8901235
46.75,120.0,Dornod,66762147.12369026
46.5,91.0,Khovd,223500859.40037355
46.5,91.25,Bayan-Ulgii,28018842.336115878
46.5,91.25,Khovd,505294037.73906934
46.5,91.5,Bayan-Ulgii,103785835.58851969
46.5,91.5,Khovd,429527044.4866243
46.5,91.75,Bayan-Ulgii,15337361.680400144
46.5,91.75,Khovd,517975518.39474386
46.5,92.0,Khovd,533312880.07518524
46.5,92.25,Khovd,533312880.07514405
46.5,92.5,Khovd,533312880.0752264
46.5,92.75,Khovd,533312880.07514405
46.5,93.0,Khovd,533312880.07514405
46.5,93.25,Khovd,533312880.07518524
46.5,93.5,Govi-Altai,80706255.52988885
46.5,93.5,Khovd,452606624.5452552
46.5,93.75,Govi-Altai,472752035.41891086
46.5,93.75,Khovd,60560844.6562744
46.5,94.0,Govi-Altai,533312880.07518524
46.5,94.25,Govi-Altai,533312880.07518524
46.5,94.5,Govi-Altai,533312880.07514405
46.5,94.75,Govi-Altai,533312880.07514405
46.5,95.0,Govi-Altai,533312880.07518524
46.5,95.25,Govi-Altai,533312880.07518524
46.5,95.5,Govi-Altai,533312880.07518524
46.5,95.75,Govi-Altai,533312880.07514405
46.5,96.0,Govi-Altai,533312880.07514405
46.5,96.25,Govi-Altai,533312880.07518524
46.5,96.5,Govi-Altai,533312880.07518524
46.5,96.75,Govi-Altai,533312880.07518524
46.5,97.0,Govi-Altai,472822894.6200056
46.5,97.0,Zavkhan,60489985.455138505
46.5,97.25,Govi-Altai,490536114.69463855
46.5,97.25,Zavkhan,42776765.380505405
46.5,97.5,Bayankhongor,20529088.073116552
46.5,97.5,Govi-Altai,492044870.0625013
46.5,97.5,Zavkhan,20738876.991802983
46.5,97.75,Bayankhongor,449794848.1638044
46.5,97.75,Govi-Altai,83518031.91138086
46.5,98.0,Bayankhongor,533312880.07518524
46.5,98.25,Bayankhongor,533312880.07514405
46.5,98.5,Bayankhongor,533312880.07514405
46.5,98.75,Bayankhongor,533312880.07518524
46.5,99.0,Bayankhongor,533312880.07518524
46.5,99.25,Bayankhongor,533312880.07518524
46.5,99.5,Bayankhongor,533312880.07514405
46.5,99.75,Bayankhongor,533312880.07514405
46.5,100.0,Bayankhongor,533312880.07518524
46.5,100.25,Bayankhongor,533312880.07518524
46.5,100.5,Bayankhongor,533312880.07518524
46.5,100.75,Bayankhongor,533312880.07514405
46.5,101.0,Bayankhongor,533312880.07518524
46.5,101.25,Bayankhongor,533312880.07514405
46.5,101.5,Bayankhongor,262518285.11235654
46.5,101.5,Uvurkhangai,270794594.9628287
46.5,101.75,Uvurkhangai,533312880.07518524
46.5,102.0,Uvurkhangai,533312880.07514405
46.5,102.25,Uvurkhangai,533312880.07518524
46.5,102.5,Uvurkhangai,533312880.07514405
46.5,102.75,Uvurkhangai,533312880.07514405
46.5,103.0,Uvurkhangai,533312880.0752264
46.5,103.25,Uvurkhangai,533312880.07518524
46.5,103.5,Uvurkhangai,533312880.07514405
46.5,103.75,Uvurkhangai,533312880.07514405
46.5,104.0,Uvurkhangai,533312880.07514405
46.5,104.25,Uvurkhangai,533312880.07518524
46.5,104.5,Tuv,303877455.5294598
46.5,104.5,Uvurkhangai,229435424.54576668
46.5,104.75,Dundgovi,139003384.59215632
46.5,104.75,Tuv,390096677.200961
46.5,104.75,Uvurkhangai,4214817.447380381
46.5,105.0,Dundgovi,404198873.62523603
46.5,105.0,Tuv,129114006.449908
46.5,105.25,Dundgovi,286862246.4898582
46.5,105.25,Tuv,246450633.58528587
46.5,105.5,Dundgovi,381286740.0811839
46.5,105.5,Tuv,152026139.9940013
46.5,105.75,Dundgovi,533312880.0752264
46.5,106.0,Dundgovi,532197016.5101932
46.5,106.0,Tuv,1115863.5649508545
46.5,106.25,Dundgovi,434727661.67144406
46.5,106.25,Tuv,98585218.40369993
46.5,106.5,Dundgovi,427368861.44461197
46.5,106.5,Tuv,105944018.63053206
46.5,106.75,Dundgovi,401489048.9202686
46.5,106.75,Tuv,131823831.15491667
46.5,107.0,Dundgovi,184261572.4606963
46.5,107.0,Tuv,349051307.61448896
46.5,107.25,Dundgovi,79552004.39672156
46.5,107.25,Tuv,453760875.6784637
46.5,107.5,Dundgovi,192124201.33332175
46.5,107.5,Tuv,341188678.7418223
46.5,107.75,Dundgovi,421551585.2867504
46.5,107.75,Tuv,111761294.78843485
46.5,108.0,Dundgovi,531171243.52375793
46.5,108.0,Govisumber,2141636.5513861394
46.5,108.25,Dundgovi,57226446.28573784
46.5,108.25,Govisumber,476086433.7894473
46.5,108.5,Govisumber,533312880.07518524
46.5,108.75,Govisumber,533312880.07514405
46.5,109.0,Dornogovi,86873234.5040995
46.5,109.0,Govisumber,172785982.7767379
46.5,109.0,Khentii,273658022.9034863
46.5,109.25,Khentii,533312880.07514405
46.5,109.5,Khentii,533312880.07518524
46.5,109.75,Khentii,533312880.07518524
46.5,110.0,Dornogovi,277602338.9652637
46.5,110.0,Khentii,255710541.1099215
46.5,110.25,Dornogovi,240585660.06364244
46.5,110.25,Khentii,292727220.01150167
46.5,110.5,Dornogovi,809381.149659079
46.5,110.5,Khentii,532503498.92548496
46.5,110.75,Khentii,533312880.07518524
46.5,111.0,Khentii,533312880.07518524
46.5,111.25,Khentii,251438300.5588341
46.5,111.25,Sukhbaatar,281874579.51635116
46.5,111.5,Sukhbaatar,533312880.07514405
46.5,111.75,Sukhbaatar,533312880.07514405
46.5,112.0,Sukhbaatar,533312880.07518524
46.5,112.25,Sukhbaatar,533312880.07518524
46.5,112.5,Sukhbaatar,533312880.07518524
46.5,112.75,Sukhbaatar,533312880.07514405
46.5,113.0,Sukhbaatar,533312880.07514405
46.5,113.25,Sukhbaatar,533312880.07514405
46.5,113.5,Sukhbaatar,533312880.0752264
46.5,113.75,Sukhbaatar,533312880.07518524
46.5,114.0,Sukhbaatar,533312880.07514405
46.5,114.25,Sukhbaatar,533312880.07514405
46.5,114.5,Sukhbaatar,533312880.07514405
46.5,114.75,Dornod,50606012.319415145
46.5,114.75,Sukhbaatar,482706867.7558113
46.5,115.0,Dornod,235794655.03922066
46.5,115.0,Sukhbaatar,297518225.03596455
46.5,115.25,Dornod,175644786.85119036
46.5,115.25,Sukhbaatar,357668093.22395366
46.5,115.5,Dornod,166561508.94294038
46.5,115.5,Sukhbaatar,366751371.1322448
46.5,115.75,Dornod,93139906.66850439
46.5,115.75,Sukhbaatar,440172973.4065985
46.5,116.0,Dornod,77579570.27597243
46.5,116.0,Sukhbaatar,455733309.7992128
46.5,116.25,Dornod,129574328.06849039
46.5,116.25,Sukhbaatar,403738552.00673604
46.5,116.5,Dornod,507330760.4573884
46.5,116.5,Sukhbaatar,25982119.61775562
46.5,116.75,Dornod,531418392.47315013
46.5,117.0,Dornod,533276137.7838559
46.5,117.25,Dornod,528524134.86666507
46.5,117.5,Dornod,120121634.03553277
46.5,117.75,Dornod,203110365.62469184
46.5,118.0,Dornod,46883589.539591946
46.5,119.5,Dornod,6038975.327630256
46.5,119.75,Dornod,11924599.662043376
46.25,91.0,Khovd,382904369.93609947
46.25,91.25,Khovd,535728587.5913587
46.25,91.5,Khovd,535728587.59131736
46.25,91.75,Khovd,535728587.59131736
46.25,92.0,Khovd,535728587.5913587
46.25,92.25,Khovd,535728587.59131736
46.25,92.5,Khovd,535728587.5914001
46.25,92.75,Khovd,535728587.59131736
46.25,93.0,Khovd,535728587.59131736
46.25,93.25,Khovd,535728587.5913587
46.25,93.5,Govi-Altai,193728418.01896542
46.25,93.5,Khovd,342000169.57235193
46.25,93.75,Govi-Altai,535728587.5913587
46.25,94.0,Govi-Altai,535728587.5913587
46.25,94.25,Govi-Altai,535728587.5913587
46.25,94.5,Govi-Altai,535728587.59131736
46.25,94.75,Govi-Altai,535728587.59131736
46.25,95.0,Govi-Altai,535728587.5913587
46.25,95.25,Govi-Altai,535728587.5913587
46.25,95.5,Govi-Altai,535728587.5913587
46.25,95.75,Govi-Altai,535728587.59131736
46.25,96.0,Govi-Altai,535728587.59131736
46.25,96.25,Govi-Altai,535728587.5913587
46.25,96.5,Govi-Altai,535728587.5913587
46.25,96.75,Govi-Altai,535728587.5913587
46.25,97.0,Govi-Altai,535728587.59131736
46.25,97.25,Govi-Altai,535728587.59131736
46.25,97.5,Govi-Altai,535728587.5913587
46.25,97.75,Bayankhongor,165977825.64260906
46.25,97.75,Govi-Altai,369750761.94874966
46.25,98.0,Bayankhongor,500056045.73713547
46.25,98.0,Govi-Altai,35672541.85422326
46.25,98.25,Bayankhongor,535728587.59131736
46.25,98.5,Bayankhongor,535728587.59131736
46.25,98.75,Bayankhongor,535728587.5913587
46.25,99.0,Bayankhongor,535728587.5913587
46.25,99.25,Bayankhongor,535728587.5913587
46.25,99.5,Bayankhongor,535728587.59131736
46.25,99.75,Bayankhongor,535728587.59131736
46.25,100.0,Bayankhongor,535728587.5913587
46.25,100.25,Bayankhongor,535728587.5913587
46.25,100.5,Bayankhongor,535728587.5913587
46.25,100.75,Bayankhongor,535728587.59131736
46.25,101.0,Bayankhongor,535728587.5913587
46.25,101.25,Bayankhongor,535728587.59131736
46.25,101.5,Bayankhongor,236801954.9309188
46.25,101.5,Uvurkhangai,298926632.66043985
46.25,101.75,Uvurkhangai,535728587.5913587
46.25,102.0,Uvurkhangai,535728587.59131736
46.25,102.25,Uvurkhangai,535728587.5913587
46.25,102.5,Uvurkhangai,535728587.59131736
46.25,102.75,Uvurkhangai,535728587.59131736
46.25,103.0,Uvurkhangai,535728587.5914001
46.25,103.25,Uvurkhangai,535728587.5913587
46.25,103.5,Uvurkhangai,535728587.59131736
46.25,103.75,Uvurkhangai,535728587.59131736
46.25,104.0,Uvurkhangai,535728587.59131736
46.25,104.25,Dundgovi,1976036.3922222143
46.25,104.25,Uvurkhangai,533752551.19913656
46.25,104.5,Dundgovi,51781494.29181256
46.25,104.5,Uvurkhangai,483947093.2995875
46.25,104.75,Dundgovi,524206827.18263
46.25,104.75,Uvurkhangai,11521760.408687351
46.25,105.0,Dundgovi,535728587.59131736
46.25,105.25,Dundgovi,535728587.59131736
46.25,105.5,Dundgovi,535728587.5913587
46.25,105.75,Dundgovi,535728587.5914001
46.25,106.0,Dundgovi,535728587.59131736
46.25,106.25,Dundgovi,535728587.59131736
46.25,106.5,Dundgovi,535728587.59131736
46.25,106.75,Dundgovi,535728587.5913587
46.25,107.0,Dundgovi,535728587.5913587
46.25,107.25,Dundgovi,535728587.5913587
46.25,107.5,Dundgovi,535728587.59131736
46.25,107.75,Dundgovi,535728587.5913587
46.25,108.0,Dundgovi,533174269.44668174
46.25,108.0,Govisumber,2554318.144635613
46.25,108.25,Dundgovi,65843170.13431968
46.25,108.25,Govisumber,469885417.457039
46.25,108.5,Govisumber,535728587.5913587
46.25,108.75,Dornogovi,238833740.34643832
46.25,108.75,Govisumber,296894847.244879
46.25,109.0,Dornogovi,532375676.8212069
46.25,109.0,Govisumber,3261967.8697799803
46.25,109.0,Khentii,90942.90037180892
46.25,109.25,Dornogovi,203733594.32764116
46.25,109.25,Khentii,331994993.2636762
46.25,109.5,Dornogovi,83837274.10149126
46.25,109.5,Khentii,451891313.48986745
46.25,109.75,Dornogovi,180731677.10888657
46.25,109.75,Khentii,354996910.4824721
46.25,110.0,Dornogovi,494124966.77894527
46.25,110.0,Khentii,41603620.81241344
46.25,110.25,Dornogovi,535728587.59131736
46.25,110.5,Dornogovi,233195572.85899445
46.25,110.5,Khentii,302533014.73232293
46.25,110.75,Khentii,535728587.5913587
46.25,111.0,Dornogovi,39327499.7263522
46.25,111.0,Khentii,496401087.8650065
46.25,111.25,Dornogovi,170484825.84578243
46.25,111.25,Khentii,103120377.61720441
46.25,111.25,Sukhbaatar,262106605.40335372
46.25,111.5,Dornogovi,20819762.673474744
46.25,111.5,Sukhbaatar,514908824.9178426
46.25,111.75,Sukhbaatar,535728587.59131736
46.25,112.0,Sukhbaatar,535728587.5913587
46.25,112.25,Sukhbaatar,535728587.5913587
46.25,112.5,Sukhbaatar,535728587.5913587
46.25,112.75,Sukhbaatar,535728587.59131736
46.25,113.0,Sukhbaatar,535728587.59131736
46.25,113.25,Sukhbaatar,535728587.59131736
46.25,113.5,Sukhbaatar,535728587.5914001
46.25,113.75,Sukhbaatar,535728587.5913587
46.25,114.0,Sukhbaatar,535728587.59131736
46.25,114.25,Sukhbaatar,535728587.59131736
46.25,114.5,Sukhbaatar,535728587.59131736
46.25,114.75,Sukhbaatar,535728587.5914001
46.25,115.0,Sukhbaatar,535728587.5913587
46.25,115.25,Sukhbaatar,535728587.59131736
46.25,115.5,Sukhbaatar,535728587.5913587
46.25,115.75,Sukhbaatar,535728587.591276
46.25,116.0,Sukhbaatar,535728587.5913587
46.25,116.25,Sukhbaatar,535728587.5914001
46.25,116.5,Dornod,128844676.10374492
46.25,116.5,Sukhbaatar,242884297.04180405
46.25,116.75,Dornod,79563094.23612824
46.25,117.0,Dornod,21061265.084616084
46.25,117.25,Dornod,35124768.80484052
46.0,90.75,Khovd,9558342.553182386
46.0,91.0,Khovd,348769350.3924263
46.0,91.25,Khovd,538133800.3853583
46.0,91.5,Khovd,538133800.3853167
46.0,91.75,Khovd,538133800.3853167
46.0,92.0,Khovd,538133800.3853583
46.0,92.25,Khovd,538133800.3853167
46.0,92.5,Khovd,538133800.3853998
46.0,92.75,Khovd,538133800.3853167
46.0,93.0,Khovd,538133800.3853167
46.0,93.25,Govi-Altai,2219894.4438958783
46.0,93.25,Khovd,535913905.9414624
46.0,93.5,Govi-Altai,483131427.0158936
46.0,93.5,Khovd,55002373.3694232
46.0,93.75,Govi-Altai,538133800.3853583
46.0,94.0,Govi-Altai,538133800.3853583
46.0,94.25,Govi-Altai,538133800.3853583
46.0,94.5,Govi-Altai,538133800.3853167
46.0,94.75,Govi-Altai,538133800.3853167
46.0,95.0,Govi-Altai,538133800.3853583
46.0,95.25,Govi-Altai,538133800.3853583
46.0,95.5,Govi-Altai,538133800.3853583
46.0,95.75,Govi-Altai,538133800.3853167
46.0,96.0,Govi-Altai,538133800.3853167
46.0,96.25,Govi-Altai,538133800.3853583
46.0,96.5,Govi-Altai,538133800.3853583
46.0,96.75,Govi-Altai,538133800.3853583
46.0,97.0,Govi-Altai,538133800.3853167
46.0,97.25,Govi-Altai,538133800.3853167
46.0,97.5,Govi-Altai,538133800.3853583
46.0,97.75,Govi-Altai,538133800.3853583
46.0,98.0,Bayankhongor,49002581.147548564
46.0,98.0,Govi-Altai,489131219.2378098
46.0,98.25,Bayankhongor,385599429.1510074
46.0,98.25,Govi-Altai,152534371.23430932
46.0,98.5,Bayankhongor,538133800.3853167
46.0,98.75,Bayankhongor,538133800.3853583
46.0,99.0,Bayankhongor,538133800.3853583
46.0,99.25,Bayankhongor,538133800.3853583
46.0,99.5,Bayankhongor,538133800.3853167
46.0,99.75,Bayankhongor,538133800.3853167
46.0,100.0,Bayankhongor,538133800.3853583
46.0,100.25,Bayankhongor,538133800.3853583
46.0,100.5,Bayankhongor,538133800.3853583
46.0,100.75,Bayankhongor,538133800.3853167
46.0,101.0,Bayankhongor,538133800.3853583
46.0,101.25,Bayankhongor,379721819.87816054
46.0,101.25,Uvurkhangai,158411980.50715622
46.0,101.5,Bayankhongor,9329059.542345878
46.0,101.5,Uvurkhangai,528804740.84301245
46.0,101.75,Uvurkhangai,538133800.3853583
46.0,102.0,Uvurkhangai,538133800.3853167
46.0,102.25,Uvurkhangai,538133800.3853583
46.0,102.5,Uvurkhangai,538133800.3853167
46.0,102.75,Uvurkhangai,538133800.3853167
46.0,103.0,Uvurkhangai,538133800.3853998
46.0,103.25,Uvurkhangai,538133800.3853583
46.0,103.5,Uvurkhangai,538133800.3853167
46.0,103.75,Uvurkhangai,538133800.3853167
46.0,104.0,Uvurkhangai,538133800.3853167
46.0,104.25,Dundgovi,329300586.9955983
46.0,104.25,Uvurkhangai,208833213.38976005
46.0,104.5,Dundgovi,537607741.1747533
46.0,104.5,Uvurkhangai,526059.2106465335
46.0,104.75,Dundgovi,538133800.3853167
46.0,105.0,Dundgovi,538133800.3853167
46.0,105.25,Dundgovi,538133800.3853167
46.0,105.5,Dundgovi,538133800.3853583
46.0,105.75,Dundgovi,538133800.3853998
46.0,106.0,Dundgovi,538133800.3853167
46.0,106.25,Dundgovi,538133800.3853167
46.0,106.5,Dundgovi,538133800.3853167
46.0,106.75,Dundgovi,538133800.3853583
46.0,107.0,Dundgovi,538133800.3853583
46.0,107.25,Dundgovi,538133800.3853583
46.0,107.5,Dundgovi,538133800.3853167
46.0,107.75,Dundgovi,538133800.3853583
46.0,108.0,Dundgovi,538133800.3853167
46.0,108.25,Dundgovi,268597736.2284401
46.0,108.25,Govisumber,269536064.1569183
46.0,108.5,Dornogovi,76445300.82679479
46.0,108.5,Dundgovi,91225737.40556303
46.0,108.5,Govisumber,370462993.75431764
46.0,108.75,Dornogovi,534840493.0497332
46.0,108.75,Govisumber,3293307.335583524
46.0,109.0,Dornogovi,538133800.3853583
46.0,109.25,Dornogovi,538133800.3853167
46.0,109.5,Dornogovi,538133800.3853583
46.0,109.75,Dornogovi,538133800.3853583
46.0,110.0,Dornogovi,538133800.3853583
46.0,110.25,Dornogovi,538133800.3853167
46.0,110.5,Dornogovi,521723608.76343954
46.0,110.5,Khentii,16410191.621877167
46.0,110.75,Dornogovi,448479970.9415822
46.0,110.75,Khentii,89653829.44377613
46.0,111.0,Dornogovi,484235101.23603773
46.0,111.0,Khentii,53898699.14932056
46.0,111.25,Dornogovi,538133800.3853583
46.0,111.5,Dornogovi,504706511.4217158
46.0,111.5,Sukhbaatar,33427288.963600893
46.0,111.75,Dornogovi,73478130.49707226
46.0,111.75,Sukhbaatar,464655669.88824445
46.0,112.0,Sukhbaatar,538133800.3853583
46.0,112.25,Sukhbaatar,538133800.3853583
46.0,112.5,Sukhbaatar,538133800.3853583
46.0,112.75,Sukhbaatar,538133800.3853167
46.0,113.0,Sukhbaatar,538133800.3853167
46.0,113.25,Sukhbaatar,538133800.3853167
46.0,113.5,Sukhbaatar,538133800.3853998
46.0,113.75,Sukhbaatar,538133800.3853583
46.0,114.0,Sukhbaatar,538133800.3853167
46.0,114.25,Sukhbaatar,538133800.3853167
46.0,114.5,Sukhbaatar,538133800.3853167
46.0,114.75,Sukhbaatar,538133800.3853998
46.0,115.0,Sukhbaatar,538133800.3853583
46.0,115.25,Sukhbaatar,538133800.3853167
46.0,115.5,Sukhbaatar,538133800.3853583
46.0,115.75,Sukhbaatar,538133800.3852752
46.0,116.0,Sukhbaatar,538133800.3853583
46.0,116.25,Sukhbaatar,389993586.31829375
46.0,116.5,Sukhbaatar,5560297.329297474
45.75,90.75,Khovd,292575030.3851911
45.75,91.0,Khovd,540528476.1514326
45.75,91.25,Khovd,540528476.1513908
45.75,91.5,Khovd,540528476.1513491
45.75,91.75,Khovd,540528476.1513491
45.75,92.0,Khovd,540528476.1513908
45.75,92.25,Khovd,540528476.1513491
45.75,92.5,Khovd,540528476.1514326
45.75,92.75,Khovd,540528476.1513491
45.75,93.0,Govi-Altai,43065366.28651292
45.75,93.0,Khovd,497463109.8648361
45.75,93.25,Govi-Altai,436917988.36326337
45.75,93.25,Khovd,103610487.78812754
45.75,93.5,Govi-Altai,540528476.1513491
45.75,93.75,Govi-Altai,540528476.1513908
45.75,94.0,Govi-Altai,540528476.1513908
45.75,94.25,Govi-Altai,540528476.1513908
45.75,94.5,Govi-Altai,540528476.1513491
45.75,94.75,Govi-Altai,540528476.1513491
45.75,95.0,Govi-Altai,540528476.1513908
45.75,95.25,Govi-Altai,540528476.1513908
45.75,95.5,Govi-Altai,540528476.1513908
45.75,95.75,Govi-Altai,540528476.1513491
45.75,96.0,Govi-Altai,540528476.1513491
45.75,96.25,Govi-Altai,540528476.1513908
45.75,96.5,Govi-Altai,540528476.1513908
45.75,96.75,Govi-Altai,540528476.1513908
45.75,97.0,Govi-Altai,540528476.1513491
45.75,97.25,Govi-Altai,540528476.1513491
45.75,97.5,Govi-Altai,540528476.1513908
45.75,97.75,Govi-Altai,540528476.1513908
45.75,98.0,Govi-Altai,540528476.1513908
45.75,98.25,Bayankhongor,15575869.888374971
45.75,98.25,Govi-Altai,524952606.2629741
45.75,98.5,Bayankhongor,475718391.37040776
45.75,98.5,Govi-Altai,64810084.78094132
45.75,98.75,Bayankhongor,540528476.1513908
45.75,99.0,Bayankhongor,540528476.1513908
45.75,99.25,Bayankhongor,540528476.1513908
45.75,99.5,Bayankhongor,540528476.1513491
45.75,99.75,Bayankhongor,540528476.1513491
45.75,100.0,Bayankhongor,540528476.1513908
45.75,100.25,Bayankhongor,540528476.1513908
45.75,100.5,Bayankhongor,540528476.1513908
45.75,100.75,Bayankhongor,540528476.1513491
45.75,101.0,Bayankhongor,540528476.1513908
45.75,101.25,Bayankhongor,363962950.99642926
45.75,101.25,Uvurkhangai,176565525.1549198
45.75,101.5,Uvurkhangai,540528476.1513908
45.75,101.75,Uvurkhangai,540528476.1513908
45.75,102.0,Uvurkhangai,540528476.1513491
45.75,102.25,Uvurkhangai,540528476.1513908
45.75,102.5,Uvurkhangai,540528476.1513491
45.75,102.75,Uvurkhangai,540528476.1513491
45.75,103.0,Uvurkhangai,540528476.1514326
45.75,103.25,Uvurkhangai,540528476.1513908
45.75,103.5,Dundgovi,26852.205954603345
45.75,103.5,Uvurkhangai,540501623.9453946
45.75,103.75,Dundgovi,195387751.49915162
45.75,103.75,Uvurkhangai,345140724.6521975
45.75,104.0,Dundgovi,280614843.37191856
45.75,104.0,Uvurkhangai,259913632.77943057
45.75,104.25,Dundgovi,532779712.90766346
45.75,104.25,Uvurkhangai,7748763.243727334
45.75,104.5,Dundgovi,540528476.1514326
45.75,104.75,Dundgovi,540528476.1513491
45.75,105.0,Dundgovi,540528476.1513491
45.75,105.25,Dundgovi,540528476.1513491
45.75,105.5,Dundgovi,540528476.1513908
45.75,105.75,Dundgovi,540528476.1514326
45.75,106.0,Dundgovi,540528476.1513491
45.75,106.25,Dundgovi,540528476.1513491
45.75,106.5,Dundgovi,540528476.1513491
45.75,106.75,Dundgovi,540528476.1513908
45.75,107.0,Dundgovi,540528476.1513908
45.75,107.25,Dundgovi,540528476.1513908
45.75,107.5,Dundgovi,540528476.1513491
45.75,107.75,Dundgovi,540528476.1513908
45.75,108.0,Dundgovi,540528476.1513491
45.75,108.25,Dundgovi,540528476.1513908
45.75,108.5,Dornogovi,283049918.05488896
45.75,108.5,Dundgovi,257478558.09650186
45.75,108.75,Dornogovi,540528476.1513491
45.75,109.0,Dornogovi,540528476.1513908
45.75,109.25,Dornogovi,540528476.1513491
45.75,109.5,Dornogovi,540528476.1513908
45.75,109.75,Dornogovi,540528476.1513908
45.75,110.0,Dornogovi,540528476.1513908
45.75,110.25,Dornogovi,540528476.1513491
45.75,110.5,Dornogovi,540528476.1513491
45.75,110.75,Dornogovi,540528476.1513908
45.75,111.0,Dornogovi,540528476.1513908
45.75,111.25,Dornogovi,540528476.1513908
45.75,111.5,Dornogovi,540528476.1513491
45.75,111.75,Dornogovi,179777529.58396098
45.75,111.75,Sukhbaatar,360750946.5673881
45.75,112.0,Sukhbaatar,540528476.1513908
45.75,112.25,Sukhbaatar,540528476.1513908
45.75,112.5,Sukhbaatar,540528476.1513908
45.75,112.75,Sukhbaatar,540528476.1513491
45.75,113.0,Sukhbaatar,540528476.1513491
45.75,113.25,Sukhbaatar,540528476.1513491
45.75,113.5,Sukhbaatar,540528476.1514326
45.75,113.75,Sukhbaatar,540528476.1513908
45.75,114.0,Sukhbaatar,540528476.1513491
45.75,114.25,Sukhbaatar,540528476.1513491
45.75,114.5,Sukhbaatar,540528476.1513491
45.75,114.75,Sukhbaatar,540528476.1514326
45.75,115.0,Sukhbaatar,540528476.1513908
45.75,115.25,Sukhbaatar,540528476.1513491
45.75,115.5,Sukhbaatar,540528476.1513908
45.75,115.75,Sukhbaatar,540528476.1513073
45.75,116.0,Sukhbaatar,477572137.5243155
45.75,116.25,Sukhbaatar,199794693.74978077
45.5,90.75,Khovd,372860980.38966924
45.5,91.0,Khovd,542912572.8338974
45.5,91.25,Khovd,542912572.8338554
45.5,91.5,Khovd,542912572.8338134
45.5,91.75,Khovd,542912572.8338134
45.5,92.0,Khovd,542912572.8338554
45.5,92.25,Khovd,542912572.8338134
45.5,92.5,Khovd,542912572.8338974
45.5,92.75,Khovd,542912572.8338134
45.5,93.0,Govi-Altai,4989085.203724019
45.5,93.0,Khovd,537923487.6300894
45.5,93.25,Govi-Altai,502352598.6297261
45.5,93.25,Khovd,40559974.20412929
45.5,93.5,Govi-Altai,542912572.8338134
45.5,93.75,Govi-Altai,542912572.8338554
45.5,94.0,Govi-Altai,542912572.8338554
45.5,94.25,Govi-Altai,542912572.8338554
45.5,94.5,Govi-Altai,542912572.8338134
45.5,94.75,Govi-Altai,542912572.8338134
45.5,95.0,Govi-Altai,542912572.8338554
45.5,95.25,Govi-Altai,542912572.8338554
45.5,95.5,Govi-Altai,542912572.8338554
45.5,95.75,Govi-Altai,542912572.8338134
45.5,96.0,Govi-Altai,542912572.8338134
45.5,96.25,Govi-Altai,542912572.8338554
45.5,96.5,Govi-Altai,542912572.8338554
45.5,96.75,Govi-Altai,542912572.8338554
45.5,97.0,Govi-Altai,542912572.8338134
45.5,97.25,Govi-Altai,542912572.8338134
45.5,97.5,Govi-Altai,542912572.8338554
45.5,97.75,Govi-Altai,542912572.8338554
45.5,98.0,Govi-Altai,542912572.8338554
45.5,98.25,Govi-Altai,542912572.8338134
45.5,98.5,Bayankhongor,371673037.0209068
45.5,98.5,Govi-Altai,171239535.81290665
45.5,98.75,Bayankhongor,542912572.8338554
45.5,99.0,Bayankhongor,542912572.8338554
45.5,99.25,Bayankhongor,542912572.8338554
45.5,99.5,Bayankhongor,542912572.8338134
45.5,99.75,Bayankhongor,542912572.8338134
45.5,100.0,Bayankhongor,542912572.8338554
45.5,100.25,Bayankhongor,542912572.8338554
45.5,100.5,Bayankhongor,542912572.8338554
45.5,100.75,Bayankhongor,542912572.8338134
45.5,101.0,Bayankhongor,542912572.8338554
45.5,101.25,Bayankhongor,135938947.34547108
45.5,101.25,Uvurkhangai,406973625.4883424
45.5,101.5,Uvurkhangai,542912572.8338554
45.5,101.75,Uvurkhangai,542912572.8338554
45.5,102.0,Uvurkhangai,542912572.8338134
45.5,102.25,Uvurkhangai,542912572.8338554
45.5,102.5,Uvurkhangai,542912572.8338134
45.5,102.75,Uvurkhangai,542912572.8338134
45.5,103.0,Uvurkhangai,542912572.8338974
45.5,103.25,Uvurkhangai,542912572.8338554
45.5,103.5,Dundgovi,1779185.6177294245
45.5,103.5,Uvurkhangai,541133387.216084
45.5,103.75,Dundgovi,482133670.45153886
45.5,103.75,Uvurkhangai,60778902.38227458
45.5,104.0,Dundgovi,542912572.8338134
45.5,104.25,Dundgovi,542912572.8338554
45.5,104.5,Dundgovi,542912572.8338974
45.5,104.75,Dundgovi,542912572.8338134
45.5,105.0,Dundgovi,542912572.8338134
45.5,105.25,Dundgovi,542912572.8338134
45.5,105.5,Dundgovi,542912572.8338554
45.5,105.75,Dundgovi,542912572.8338974
45.5,106.0,Dundgovi,542912572.8338134
45.5,106.25,Dundgovi,542912572.8338134
45.5,106.5,Dundgovi,542912572.8338134
45.5,106.75,Dundgovi,542912572.8338554
45.5,107.0,Dundgovi,542912572.8338554
45.5,107.25,Dundgovi,542912572.8338554
45.5,107.5,Dundgovi,542912572.8338134
45.5,107.75,Dundgovi,542912572.8338554
45.5,108.0,Dundgovi,542912572.8338134
45.5,108.25,Dundgovi,542912572.8338554
45.5,108.5,Dornogovi,284022737.24009514
45.5,108.5,Dundgovi,258889835.59376028
45.5,108.75,Dornogovi,542912572.8338134
45.5,109.0,Dornogovi,542912572.8338554
45.5,109.25,Dornogovi,542912572.8338134
45.5,109.5,Dornogovi,542912572.8338554
45.5,109.75,Dornogovi,542912572.8338554
45.5,110.0,Dornogovi,542912572.8338554
45.5,110.25,Dornogovi,542912572.8338134
45.5,110.5,Dornogovi,542912572.8338134
45.5,110.75,Dornogovi,542912572.8338554
45.5,111.0,Dornogovi,542912572.8338554
45.5,111.25,Dornogovi,542912572.8338554
45.5,111.5,Dornogovi,542912572.8338134
45.5,111.75,Dornogovi,257304310.7855559
45.5,111.75,Sukhbaatar,285608262.0482576
45.5,112.0,Sukhbaatar,542912572.8338554
45.5,112.25,Sukhbaatar,542912572.8338554
45.5,112.5,Sukhbaatar,542912572.8338554
45.5,112.75,Sukhbaatar,542912572.8338134
45.5,113.0,Sukhbaatar,542912572.8338134
45.5,113.25,Sukhbaatar,542912572.8338134
45.5,113.5,Sukhbaatar,542912572.8338974
45.5,113.75,Sukhbaatar,542912572.8338554
45.5,114.0,Sukhbaatar,542912572.8338134
45.5,114.25,Sukhbaatar,542912572.8338134
45.5,114.5,Sukhbaatar,530716136.29869133
45.5,114.75,Sukhbaatar,449858293.0264352
45.5,115.0,Sukhbaatar,529803643.88193774
45.5,115.25,Sukhbaatar,518714507.51514375
45.5,115.5,Sukhbaatar,454217551.1530713
45.5,115.75,Sukhbaatar,277494676.9493376
45.5,116.0,Sukhbaatar,11551307.674077932
45.25,90.75,Khovd,58231257.90900215
45.25,91.0,Khovd,364148156.9371357
45.25,91.25,Khovd,495442839.3678955
45.25,91.5,Khovd,537991737.5118209
45.25,91.75,Khovd,545286048.6273237
45.25,92.0,Khovd,545286048.627366
45.25,92.25,Khovd,545286048.6273237
45.25,92.5,Khovd,545286048.627408
45.25,92.75,Khovd,545286048.6273237
45.25,93.0,Khovd,545286048.6273237
45.25,93.25,Govi-Altai,473686598.4398056
45.25,93.25,Khovd,71599450.18756028
45.25,93.5,Govi-Altai,545286048.6273237
45.25,93.75,Govi-Altai,545286048.627366
45.25,94.0,Govi-Altai,545286048.627366
45.25,94.25,Govi-Altai,545286048.627366
45.25,94.5,Govi-Altai,545286048.6273237
45.25,94.75,Govi-Altai,545286048.6273237
45.25,95.0,Govi-Altai,545286048.627366
45.25,95.25,Govi-Altai,545286048.627366
45.25,95.5,Govi-Altai,545286048.627366
45.25,95.75,Govi-Altai,545286048.6273237
45.25,96.0,Govi-Altai,545286048.6273237
45.25,96.25,Govi-Altai,545286048.627366
45.25,96.5,Govi-Altai,545286048.627366
45.25,96.75,Govi-Altai,545286048.627366
45.25,97.0,Govi-Altai,545286048.6273237
45.25,97.25,Govi-Altai,545286048.6273237
45.25,97.5,Govi-Altai,545286048.627366
45.25,97.75,Govi-Altai,545286048.627366
45.25,98.0,Govi-Altai,545286048.627366
45.25,98.25,Bayankhongor,12785523.352228966
45.25,98.25,Govi-Altai,532500525.27509487
45.25,98.5,Bayankhongor,492235509.7390791
45.25,98.5,Govi-Altai,53050538.88824466
45.25,98.75,Bayankhongor,545286048.627366
45.25,99.0,Bayankhongor,545286048.627366
45.25,99.25,Bayankhongor,545286048.627366
45.25,99.5,Bayankhongor,545286048.6273237
45.25,99.75,Bayankhongor,545286048.6273237
45.25,100.0,Bayankhongor,545286048.627366
45.25,100.25,Bayankhongor,545286048.627366
45.25,100.5,Bayankhongor,545286048.627366
45.25,100.75,Bayankhongor,545286048.6273237
45.25,101.0,Bayankhongor,545286048.627366
45.25,101.25,Bayankhongor,28837552.97529115
45.25,101.25,Uvurkhangai,516448495.6520326
45.25,101.5,Uvurkhangai,545286048.627366
45.25,101.75,Uvurkhangai,545286048.627366
45.25,102.0,Uvurkhangai,545286048.6273237
45.25,102.25,Uvurkhangai,545286048.627366
45.25,102.5,Uvurkhangai,545286048.6273237
45.25,102.75,Uvurkhangai,545286048.6273237
45.25,103.0,Uvurkhangai,545286048.627408
45.25,103.25,Uvurkhangai,545286048.627366
45.25,103.5,Uvurkhangai,545286048.6273237
45.25,103.75,Dundgovi,156110099.4475689
45.25,103.75,Umnugovi,46522498.02944502
45.25,103.75,Uvurkhangai,342653451.1503099
45.25,104.0,Dundgovi,412509949.53243387
45.25,104.0,Umnugovi,132776099.09488994
45.25,104.25,Dundgovi,539396750.9245253
45.25,104.25,Umnugovi,5889297.702840686
45.25,104.5,Dundgovi,545286048.627408
45.25,104.75,Dundgovi,545286048.6273237
45.25,105.0,Dundgovi,545286048.6273237
45.25,105.25,Dundgovi,545286048.6273237
45.25,105.5,Dundgovi,545286048.627366
45.25,105.75,Dundgovi,545286048.627408
45.25,106.0,Dundgovi,545286048.6273237
45.25,106.25,Dundgovi,545286048.6273237
45.25,106.5,Dundgovi,545286048.6273237
45.25,106.75,Dundgovi,545286048.627366
45.25,107.0,Dundgovi,545286048.627366
45.25,107.25,Dundgovi,545286048.627366
45.25,107.5,Dundgovi,545286048.6273237
45.25,107.75,Dundgovi,545286048.627366
45.25,108.0,Dundgovi,545286048.6273237
45.25,108.25,Dundgovi,545286048.627366
45.25,108.5,Dornogovi,99638855.3699685
45.25,108.5,Dundgovi,445647193.2573974
45.25,108.75,Dornogovi,542164698.4678937
45.25,108.75,Dundgovi,3121350.159430044
45.25,109.0,Dornogovi,545286048.627366
45.25,109.25,Dornogovi,545286048.6273237
45.25,109.5,Dornogovi,545286048.627366
45.25,109.75,Dornogovi,545286048.627366
45.25,110.0,Dornogovi,545286048.627366
45.25,110.25,Dornogovi,545286048.6273237
45.25,110.5,Dornogovi,545286048.6273237
45.25,110.75,Dornogovi,545286048.627366
45.25,111.0,Dornogovi,545286048.627366
45.25,111.25,Dornogovi,545286048.627366
45.25,111.5,Dornogovi,545286048.6273237
45.25,111.75,Dornogovi,541175400.8667146
45.25,111.75,Sukhbaatar,4110647.7606091183
45.25,112.0,Dornogovi,72594977.32614969
45.25,112.0,Sukhbaatar,472691071.3012163
45.25,112.25,Sukhbaatar,545286048.627366
45.25,112.5,Sukhbaatar,545286048.627366
45.25,112.75,Sukhbaatar,545286048.6273237
45.25,113.0,Sukhbaatar,545286048.6273237
45.25,113.25,Sukhbaatar,545286048.6273237
45.25,113.5,Sukhbaatar,545286048.627408
45.25,113.75,Sukhbaatar,545286048.627366
45.25,114.0,Sukhbaatar,545286048.6273237
45.25,114.25,Sukhbaatar,543654401.7956098
45.25,114.5,Sukhbaatar,220762706.07934305
45.0,91.25,Khovd,1536424.363326301
45.0,91.5,Khovd,57647570.17445464
45.0,91.75,Khovd,115239532.2572866
45.0,92.0,Khovd,93425344.59957655
45.0,92.25,Khovd,208589152.65258348
45.0,92.5,Khovd,241543170.34674925
45.0,92.75,Khovd,186608124.9911969
45.0,93.0,Khovd,233670577.70419192
45.0,93.25,Govi-Altai,212476740.84527078
45.0,93.25,Khovd,73971659.78543492
45.0,93.5,Govi-Altai,367156902.9026992
45.0,93.75,Govi-Altai,527146090.2488663
45.0,94.0,Govi-Altai,547648861.9765937
45.0,94.25,Govi-Altai,547648861.9765937
45.0,94.5,Govi-Altai,547648861.9765514
45.0,94.75,Govi-Altai,547648861.9765514
45.0,95.0,Govi-Altai,547648861.9765937
45.0,95.25,Govi-Altai,547648861.9765937
45.0,95.5,Govi-Altai,547648861.9765937
45.0,95.75,Govi-Altai,547648861.9765514
45.0,96.0,Govi-Altai,547648861.9765514
45.0,96.25,Govi-Altai,547648861.9765937
45.0,96.5,Govi-Altai,547648861.9765937
45.0,96.75,Govi-Altai,547648861.9765937
45.0,97.0,Govi-Altai,547648861.9765514
45.0,97.25,Govi-Altai,547648861.9765514
45.0,97.5,Govi-Altai,547648861.9765937
45.0,97.75,Govi-Altai,547648861.9765937
45.0,98.0,Govi-Altai,547648861.9765937
45.0,98.25,Bayankhongor,283956611.0010566
45.0,98.25,Govi-Altai,263692250.9754948
45.0,98.5,Bayankhongor,547648861.9765514
45.0,98.75,Bayankhongor,547648861.9765937
45.0,99.0,Bayankhongor,547648861.9765937
45.0,99.25,Bayankhongor,547648861.9765937
45.0,99.5,Bayankhongor,547648861.9765514
45.0,99.75,Bayankhongor,547648861.9765514
45.0,100.0,Bayankhongor,547648861.9765937
45.0,100.25,Bayankhongor,547648861.9765937
45.0,100.5,Bayankhongor,547648861.9765937
45.0,100.75,Bayankhongor,547648861.9765514
45.0,101.0,Bayankhongor,547648861.9765937
45.0,101.25,Bayankhongor,255407952.78233543
45.0,101.25,Uvurkhangai,292240909.194216
45.0,101.5,Bayankhongor,47882678.12297868
45.0,101.5,Uvurkhangai,499766183.85361505
45.0,101.75,Uvurkhangai,547648861.9765937
45.0,102.0,Uvurkhangai,547648861.9765514
45.0,102.25,Uvurkhangai,547648861.9765937
45.0,102.5,Uvurkhangai,547648861.9765514
45.0,102.75,Uvurkhangai,547648861.9765514
45.0,103.0,Uvurkhangai,547648861.9766359
45.0,103.25,Umnugovi,3269407.47497719
45.0,103.25,Uvurkhangai,544379454.5016165
45.0,103.5,Umnugovi,146219951.9528648
45.0,103.5,Uvurkhangai,401428910.0236866
45.0,103.75,Umnugovi,470806132.5878717
45.0,103.75,Uvurkhangai,76842729.38867974
45.0,104.0,Umnugovi,547648861.9765514
45.0,104.25,Dundgovi,389183871.50076544
45.0,104.25,Umnugovi,158464990.47582823
45.0,104.5,Dundgovi,547648861.9766359
45.0,104.75,Dundgovi,547648861.9765514
45.0,105.0,Dundgovi,547648861.9765514
45.0,105.25,Dundgovi,547648861.9765514
45.0,105.5,Dundgovi,547648861.9765937
45.0,105.75,Dundgovi,547648861.9766359
45.0,106.0,Dundgovi,547648861.9765514
45.0,106.25,Dundgovi,547648861.9765514
45.0,106.5,Dundgovi,547648861.9765514
45.0,106.75,Dundgovi,547648861.9765937
45.0,107.0,Dundgovi,547648861.9765937
45.0,107.25,Dundgovi,547648861.9765937
45.0,107.5,Dundgovi,547648861.9765514
45.0,107.75,Dundgovi,547648861.9765937
45.0,108.0,Dornogovi,1293281.460403514
45.0,108.0,Dundgovi,546355580.5161479
45.0,108.25,Dornogovi,6507831.661892815
45.0,108.25,Dundgovi,541141030.314701
45.0,108.5,Dornogovi,367045394.7130652
45.0,108.5,Dundgovi,180603467.26352853
45.0,108.75,Dornogovi,543847842.3783739
45.0,108.75,Dundgovi,3801019.5981775527
45.0,109.0,Dornogovi,547648861.9765937
45.0,109.25,Dornogovi,547648861.9765514
45.0,109.5,Dornogovi,547648861.9765937
45.0,109.75,Dornogovi,547648861.9765937
45.0,110.0,Dornogovi,547648861.9765937
45.0,110.25,Dornogovi,547648861.9765514
45.0,110.5,Dornogovi,547648861.9765514
45.0,110.75,Dornogovi,547648861.9765937
45.0,111.0,Dornogovi,547648861.9765937
45.0,111.25,Dornogovi,547648861.9765937
45.0,111.5,Dornogovi,547648861.9765514
45.0,111.75,Dornogovi,382688711.17423713
45.0,112.0,Dornogovi,39242046.033303685
45.0,112.0,Sukhbaatar,63341428.4263174
45.0,112.25,Sukhbaatar,124251105.55105208
45.0,112.5,Sukhbaatar,252428180.60884356
45.0,112.75,Sukhbaatar,525636374.19864553
45.0,113.0,Sukhbaatar,547648861.9765514
45.0,113.25,Sukhbaatar,547648861.9765514
45.0,113.5,Sukhbaatar,547648861.9766359
45.0,113.75,Sukhbaatar,547135771.6158192
45.0,114.0,Sukhbaatar,438410449.8731255
45.0,114.25,Sukhbaatar,127159334.47408985
44.75,93.75,Govi-Altai,86731940.05416295
44.75,94.0,Govi-Altai,286590959.0071889
44.75,94.25,Govi-Altai,490658062.9011212
44.75,94.5,Govi-Altai,550000971.576899
44.75,94.75,Govi-Altai,550000971.576899
44.75,95.0,Govi-Altai,550000971.5769416
44.75,95.25,Govi-Altai,550000971.5769416
44.75,95.5,Govi-Altai,550000971.5769416
44.75,95.75,Govi-Altai,550000971.576899
44.75,96.0,Govi-Altai,550000971.576899
44.75,96.25,Govi-Altai,550000971.5769416
44.75,96.5,Govi-Altai,550000971.5769416
44.75,96.75,Govi-Altai,550000971.5769416
44.75,97.0,Govi-Altai,550000971.576899
44.75,97.25,Govi-Altai,550000971.576899
44.75,97.5,Govi-Altai,550000971.5769416
44.75,97.75,Govi-Altai,550000971.5769416
44.75,98.0,Govi-Altai,550000971.5769416
44.75,98.25,Bayankhongor,418408942.24457824
44.75,98.25,Govi-Altai,131592029.33232084
44.75,98.5,Bayankhongor,550000971.576899
44.75,98.75,Bayankhongor,550000971.5769416
44.75,99.0,Bayankhongor,550000971.5769416
44.75,99.25,Bayankhongor,550000971.5769416
44.75,99.5,Bayankhongor,550000971.576899
44.75,99.75,Bayankhongor,550000971.576899
44.75,100.0,Bayankhongor,550000971.5769416
44.75,100.25,Bayankhongor,550000971.5769416
44.75,100.5,Bayankhongor,550000971.5769416
44.75,100.75,Bayankhongor,550000971.576899
44.75,101.0,Bayankhongor,550000971.5769416
44.75,101.25,Bayankhongor,550000971.576899
44.75,101.5,Bayankhongor,395597699.0116185
44.75,101.5,Uvurkhangai,154403272.5653231
44.75,101.75,Uvurkhangai,550000971.5769416
44.75,102.0,Uvurkhangai,550000971.576899
44.75,102.25,Uvurkhangai,550000971.5769416
44.75,102.5,Uvurkhangai,550000971.576899
44.75,102.75,Uvurkhangai,550000971.576899
44.75,103.0,Uvurkhangai,550000971.576984
44.75,103.25,Umnugovi,333324946.76542276
44.75,103.25,Uvurkhangai,216676024.8115188
44.75,103.5,Umnugovi,550000971.576899
44.75,103.75,Umnugovi,550000971.576899
44.75,104.0,Umnugovi,550000971.576899
44.75,104.25,Dundgovi,76183996.67544901
44.75,104.25,Umnugovi,473816974.90149266
44.75,104.5,Dundgovi,272834133.9614874
44.75,104.5,Umnugovi,277166837.61549664
44.75,104.75,Dundgovi,374987115.6817933
44.75,104.75,Umnugovi,175013855.8951059
44.75,105.0,Dundgovi,436142168.03336394
44.75,105.0,Umnugovi,113858803.54353511
44.75,105.25,Dundgovi,412929128.9548184
44.75,105.25,Umnugovi,137071842.62208068
44.75,105.5,Dundgovi,475591521.8284179
44.75,105.5,Umnugovi,74409449.74852376
44.75,105.75,Dundgovi,550000971.576984
44.75,106.0,Dundgovi,550000971.576899
44.75,106.25,Dundgovi,550000971.576899
44.75,106.5,Dundgovi,550000971.576899
44.75,106.75,Dundgovi,550000971.5769416
44.75,107.0,Dundgovi,550000971.5769416
44.75,107.25,Dundgovi,550000971.5769416
44.75,107.5,Dundgovi,550000971.576899
44.75,107.75,Dornogovi,174203941.52586442
44.75,107.75,Dundgovi,375797030.0510771
44.75,108.0,Dornogovi,545306520.8848954
44.75,108.0,Dundgovi,4694450.692003683
44.75,108.25,Dornogovi,550000971.5769416
44.75,108.5,Dornogovi,550000971.5769416
44.75,108.75,Dornogovi,550000971.576899
44.75,109.0,Dornogovi,550000971.5769416
44.75,109.25,Dornogovi,550000971.576899
44.75,109.5,Dornogovi,550000971.5769416
44.75,109.75,Dornogovi,550000971.5769416
44.75,110.0,Dornogovi,550000971.5769416
44.75,110.25,Dornogovi,550000971.576899
44.75,110.5,Dornogovi,550000971.576899
44.75,110.75,Dornogovi,550000971.5769416
44.75,111.0,Dornogovi,550000971.5769416
44.75,111.25,Dornogovi,550000971.5769416
44.75,111.5,Dornogovi,488893189.38550735
44.75,111.75,Dornogovi,33388824.435128376
44.75,112.75,Sukhbaatar,23644239.861840427
44.75,113.0,Sukhbaatar,115515045.61349793
44.75,113.25,Sukhbaatar,193318526.92121065
44.75,113.5,Sukhbaatar,234719833.03434914
44.75,113.75,Sukhbaatar,123758088.22603084
44.5,94.25,Govi-Altai,56950003.82644856
44.5,94.5,Govi-Altai,272777523.31856227
44.5,94.75,Govi-Altai,537111954.6391509
44.5,95.0,Govi-Altai,552342336.3744091
44.5,95.25,Govi-Altai,552342336.3744091
44.5,95.5,Govi-Altai,552342336.3744091
44.5,95.75,Govi-Altai,552342336.3743664
44.5,96.0,Govi-Altai,552342336.3743664
44.5,96.25,Govi-Altai,552342336.3744091
44.5,96.5,Govi-Altai,552342336.3744091
44.5,96.75,Govi-Altai,552342336.3744091
44.5,97.0,Govi-Altai,552342336.3743664
44.5,97.25,Govi-Altai,552342336.3743664
44.5,97.5,Govi-Altai,552342336.3744091
44.5,97.75,Govi-Altai,552342336.3744091
44.5,98.0,Bayankhongor,78548908.31740679
44.5,98.0,Govi-Altai,473793428.05700225
44.5,98.25,Bayankhongor,510191448.21214753
44.5,98.25,Govi-Altai,42150888.16221887
44.5,98.5,Bayankhongor,552342336.3743664
44.5,98.75,Bayankhongor,552342336.3744091
44.5,99.0,Bayankhongor,552342336.3744091
44.5,99.25,Bayankhongor,552342336.3744091
44.5,99.5,Bayankhongor,552342336.3743664
44.5,99.75,Bayankhongor,552342336.3743664
44.5,100.0,Bayankhongor,552342336.3744091
44.5,100.25,Bayankhongor,552342336.3744091
44.5,100.5,Bayankhongor,552342336.3744091
44.5,100.75,Bayankhongor,552342336.3743664
44.5,101.0,Bayankhongor,552342336.3744091
44.5,101.25,Bayankhongor,552342336.3743664
44.5,101.5,Bayankhongor,525220958.8064754
44.5,101.5,Uvurkhangai,27121377.5679337
44.5,101.75,Bayankhongor,43040792.034128234
44.5,101.75,Uvurkhangai,509301544.34028083
44.5,102.0,Uvurkhangai,552342336.3743664
44.5,102.25,Uvurkhangai,552342336.3744091
44.5,102.5,Uvurkhangai,552342336.3743664
44.5,102.75,Uvurkhangai,552342336.3743664
44.5,103.0,Umnugovi,150796140.46450078
44.5,103.0,Uvurkhangai,401546195.9099509
44.5,103.25,Umnugovi,552335693.8034685
44.5,103.25,Uvurkhangai,6642.570940654679
44.5,103.5,Umnugovi,552342336.3743664
44.5,103.75,Umnugovi,552342336.3743664
44.5,104.0,Umnugovi,552342336.3743664
44.5,104.25,Umnugovi,552342336.3744091
44.5,104.5,Umnugovi,552342336.3744518
44.5,104.75,Umnugovi,552342336.3743664
44.5,105.0,Umnugovi,552342336.3743664
44.5,105.25,Umnugovi,552342336.3743664
44.5,105.5,Dundgovi,53567197.10671475
44.5,105.5,Umnugovi,498775139.2676943
44.5,105.75,Dundgovi,483098124.6902624
44.5,105.75,Umnugovi,69244211.68418938
44.5,106.0,Dundgovi,552342336.3743664
44.5,106.25,Dundgovi,552342336.3743664
44.5,106.5,Dundgovi,552342336.3743664
44.5,106.75,Dundgovi,468185109.80478466
44.5,106.75,Umnugovi,84157226.56962436
44.5,107.0,Dundgovi,350440733.40492225
44.5,107.0,Umnugovi,201901602.9694868
44.5,107.25,Dundgovi,269205059.4366133
44.5,107.25,Umnugovi,283137276.93779576
44.5,107.5,Dundgovi,263122893.90035033
44.5,107.5,Umnugovi,289219442.4740161
44.5,107.75,Dornogovi,421081608.0929427
44.5,107.75,Dundgovi,66406053.199557535
44.5,107.75,Umnugovi,64854759.03680085
44.5,108.0,Dornogovi,552342336.3743664
44.5,108.25,Dornogovi,552342336.3744091
44.5,108.5,Dornogovi,552342336.3744091
44.5,108.75,Dornogovi,552342336.3743664
44.5,109.0,Dornogovi,552342336.3744091
44.5,109.25,Dornogovi,552342336.3743664
44.5,109.5,Dornogovi,552342336.3744091
44.5,109.75,Dornogovi,552342336.3744091
44.5,110.0,Dornogovi,552342336.3744091
44.5,110.25,Dornogovi,552342336.3743664
44.5,110.5,Dornogovi,552342336.3743664
44.5,110.75,Dornogovi,552342336.3744091
44.5,111.0,Dornogovi,552342336.3744091
44.5,111.25,Dornogovi,552342336.3744091
44.5,111.5,Dornogovi,255832633.3917145
44.25,94.75,Govi-Altai,94877611.17245017
44.25,95.0,Govi-Altai,230961980.08982646
44.25,95.25,Govi-Altai,235109232.23250204
44.25,95.5,Govi-Altai,549155340.7650633
44.25,95.75,Govi-Altai,554672915.565864
44.25,96.0,Govi-Altai,554672915.565864
44.25,96.25,Govi-Altai,554672915.5659068
44.25,96.5,Govi-Altai,554672915.5659068
44.25,96.75,Govi-Altai,554672915.5659068
44.25,97.0,Govi-Altai,554672915.565864
44.25,97.25,Govi-Altai,554672915.565864
44.25,97.5,Govi-Altai,554672915.5659068
44.25,97.75,Govi-Altai,554672915.5659068
44.25,98.0,Bayankhongor,453346779.1148801
44.25,98.0,Govi-Altai,101326136.45102668
44.25,98.25,Bayankhongor,554672915.565864
44.25,98.5,Bayankhongor,554672915.565864
44.25,98.75,Bayankhongor,554672915.5659068
44.25,99.0,Bayankhongor,554672915.5659068
44.25,99.25,Bayankhongor,554672915.5659068
44.25,99.5,Bayankhongor,550954155.6280386
44.25,99.5,Umnugovi,3718759.937825392
44.25,99.75,Bayankhongor,526918407.03070503
44.25,99.75,Umnugovi,27754508.535158955
44.25,100.0,Bayankhongor,554672915.5659068
44.25,100.25,Bayankhongor,554672915.5659068
44.25,100.5,Bayankhongor,554672915.5659068
44.25,100.75,Bayankhongor,554672915.565864
44.25,101.0,Bayankhongor,554672915.5659068
44.25,101.25,Bayankhongor,554672915.565864
44.25,101.5,Bayankhongor,554672915.5659068
44.25,101.75,Bayankhongor,227983225.39602786
44.25,101.75,Uvurkhangai,326689690.1698789
44.25,102.0,Uvurkhangai,554672915.565864
44.25,102.25,Umnugovi,33159431.89643595
44.25,102.25,Uvurkhangai,521513483.66947085
44.25,102.5,Umnugovi,69331340.27735466
44.25,102.5,Uvurkhangai,485341575.2885093
44.25,102.75,Umnugovi,67617012.57576981
44.25,102.75,Uvurkhangai,487055902.9900942
44.25,103.0,Umnugovi,400144632.9005531
44.25,103.0,Uvurkhangai,154528282.6653966
44.25,103.25,Umnugovi,554672915.5659068
44.25,103.5,Umnugovi,554672915.565864
44.25,103.75,Umnugovi,554672915.565864
44.25,104.0,Umnugovi,554672915.565864
44.25,104.25,Umnugovi,554672915.5659068
44.25,104.5,Umnugovi,554672915.5659497
44.25,104.75,Umnugovi,554672915.565864
44.25,105.0,Umnugovi,554672915.565864
44.25,105.25,Umnugovi,554672915.565864
44.25,105.5,Umnugovi,554672915.5659068
44.25,105.75,Dundgovi,105183791.4631728
44.25,105.75,Umnugovi,449489124.1027769
44.25,106.0,Dundgovi,397026411.5320889
44.25,106.0,Umnugovi,157646504.03377515
44.25,106.25,Dundgovi,359400252.17224973
44.25,106.25,Umnugovi,195272663.39361426
44.25,106.5,Dundgovi,129163068.60234477
44.25,106.5,Umnugovi,425509846.96351916
44.25,106.75,Dundgovi,522632.6890897043
44.25,106.75,Umnugovi,554150282.8768171
44.25,107.0,Umnugovi,554672915.5659068
44.25,107.25,Umnugovi,554672915.5659068
44.25,107.5,Umnugovi,554672915.565864
44.25,107.75,Dornogovi,399230711.0645855
44.25,107.75,Umnugovi,155442204.50132126
44.25,108.0,Dornogovi,554672915.565864
44.25,108.25,Dornogovi,554672915.5659068
44.25,108.5,Dornogovi,554672915.5659068
44.25,108.75,Dornogovi,554672915.565864
44.25,109.0,Dornogovi,554672915.5659068
44.25,109.25,Dornogovi,554672915.565864
44.25,109.5,Dornogovi,554672915.5659068
44.25,109.75,Dornogovi,554672915.5659068
44.25,110.0,Dornogovi,554672915.5659068
44.25,110.25,Dornogovi,554672915.565864
44.25,110.5,Dornogovi,554672915.565864
44.25,110.75,Dornogovi,554672915.5659068
44.25,111.0,Dornogovi,554672915.5659068
44.25,111.25,Dornogovi,554672915.5659068
44.25,111.5,Dornogovi,273865142.0609366
44.0,95.25,Govi-Altai,32952960.469250247
44.0,95.5,Govi-Altai,313066162.5524621
44.0,95.75,Govi-Altai,556992668.5987867
44.0,96.0,Govi-Altai,556992668.5987867
44.0,96.25,Govi-Altai,556992668.5988297
44.0,96.5,Govi-Altai,556992668.5988297
44.0,96.75,Govi-Altai,556992668.5988297
44.0,97.0,Govi-Altai,556992668.5987867
44.0,97.25,Govi-Altai,556992668.5987867
44.0,97.5,Govi-Altai,556992668.5988297
44.0,97.75,Govi-Altai,556992668.5988297
44.0,98.0,Bayankhongor,407029171.81857204
44.0,98.0,Govi-Altai,149963496.78025773
44.0,98.25,Bayankhongor,556992668.5987867
44.0,98.5,Bayankhongor,556992668.5987867
44.0,98.75,Bayankhongor,556992668.5988297
44.0,99.0,Bayankhongor,556992668.5988297
44.0,99.25,Bayankhongor,556992668.5988297
44.0,99.5,Bayankhongor,134869234.66897774
44.0,99.5,Umnugovi,422123433.92980903
44.0,99.75,Bayankhongor,6896717.531960823
44.0,99.75,Umnugovi,550095951.0668259
44.0,100.0,Bayankhongor,200713677.59148195
44.0,100.0,Umnugovi,356278991.0073478
44.0,100.25,Bayankhongor,532399554.88593835
44.0,100.25,Umnugovi,24593113.71289138
44.0,100.5,Bayankhongor,556992668.5988297
44.0,100.75,Bayankhongor,556992668.5987867
44.0,101.0,Bayankhongor,556992668.5988297
44.0,101.25,Bayankhongor,555801328.3800578
44.0,101.25,Umnugovi,1191340.2187288143
44.0,101.5,Bayankhongor,447136429.44711894
44.0,101.5,Umnugovi,109856239.15171081
44.0,101.75,Bayankhongor,198376134.07799673
44.0,101.75,Umnugovi,303476580.37411535
44.0,101.75,Uvurkhangai,55140755.67114502
44.0,102.0,Umnugovi,500365216.8770695
44.0,102.0,Uvurkhangai,56627451.72171728
44.0,102.25,Umnugovi,556989611.6184419
44.0,102.25,Uvurkhangai,3056.9803879324227
44.0,102.5,Umnugovi,556992668.5987867
44.0,102.75,Umnugovi,556992668.5987867
44.0,103.0,Umnugovi,556992668.5988728
44.0,103.25,Umnugovi,556992668.5988297
44.0,103.5,Umnugovi,556992668.5987867
44.0,103.75,Umnugovi,556992668.5987867
44.0,104.0,Umnugovi,556992668.5987867
44.0,104.25,Umnugovi,556992668.5988297
44.0,104.5,Umnugovi,556992668.5988728
44.0,104.75,Umnugovi,556992668.5987867
44.0,105.0,Umnugovi,556992668.5987867
44.0,105.25,Umnugovi,556992668.5987867
44.0,105.5,Umnugovi,556992668.5988297
44.0,105.75,Umnugovi,556992668.5988728
44.0,106.0,Umnugovi,556992668.5987867
44.0,106.25,Umnugovi,556992668.5987867
44.0,106.5,Umnugovi,556992668.5987867
44.0,106.75,Umnugovi,556992668.5988297
44.0,107.0,Umnugovi,556992668.5988297
44.0,107.25,Umnugovi,556992668.5988297
44.0,107.5,Umnugovi,556992668.5987867
44.0,107.75,Dornogovi,104372008.39032926
44.0,107.75,Umnugovi,452620660.20850056
44.0,108.0,Dornogovi,556992668.5987867
44.0,108.25,Dornogovi,556992668.5988297
44.0,108.5,Dornogovi,556992668.5988297
44.0,108.75,Dornogovi,556992668.5987867
44.0,109.0,Dornogovi,556992668.5988297
44.0,109.25,Dornogovi,556992668.5987867
44.0,109.5,Dornogovi,556992668.5988297
44.0,109.75,Dornogovi,556992668.5988297
44.0,110.0,Dornogovi,556992668.5988297
44.0,110.25,Dornogovi,556992668.5987867
44.0,110.5,Dornogovi,556992668.5987867
44.0,110.75,Dornogovi,556992668.5988297
44.0,111.0,Dornogovi,556992668.5988297
44.0,111.25,Dornogovi,556992668.5988297
44.0,111.5,Dornogovi,549101688.5547026
44.0,111.75,Dornogovi,274052158.5154159
44.0,112.0,Dornogovi,6228821.163222973
43.75,95.5,Govi-Altai,7897617.823785262
43.75,95.75,Govi-Altai,465868818.66752344
43.75,96.0,Govi-Altai,559301555.1722271
43.75,96.25,Govi-Altai,559301555.1722704
43.75,96.5,Govi-Altai,559301555.1722704
43.75,96.75,Govi-Altai,559301555.1722704
43.75,97.0,Govi-Altai,559301555.1722271
43.75,97.25,Govi-Altai,559301555.1722271
43.75,97.5,Govi-Altai,559301555.1722704
43.75,97.75,Govi-Altai,559301555.1722704
43.75,98.0,Bayankhongor,452407554.9409793
43.75,98.0,Govi-Altai,106894000.23129106
43.75,98.25,Bayankhongor,559301555.1722271
43.75,98.5,Bayankhongor,559301555.1722271
43.75,98.75,Bayankhongor,559301555.1722704
43.75,99.0,Bayankhongor,559301555.1722704
43.75,99.25,Bayankhongor,559301555.1722704
43.75,99.5,Bayankhongor,159331372.72934628
43.75,99.5,Umnugovi,399970182.4428809
43.75,99.75,Umnugovi,559301555.1722271
43.75,100.0,Umnugovi,559301555.1722704
43.75,100.25,Bayankhongor,56256033.3560559
43.75,100.25,Umnugovi,503045521.8162145
43.75,100.5,Bayankhongor,116827171.77587886
43.75,100.5,Umnugovi,442474383.3963915
43.75,100.75,Bayankhongor,92247407.16049258
43.75,100.75,Umnugovi,467054148.0117346
43.75,101.0,Bayankhongor,88410394.25447634
43.75,101.0,Umnugovi,470891160.91779405
43.75,101.25,Bayankhongor,54613650.518044926
43.75,101.25,Umnugovi,504687904.65418226
43.75,101.5,Umnugovi,559301555.1722704
43.75,101.75,Umnugovi,559301555.1722704
43.75,102.0,Umnugovi,559301555.1722271
43.75,102.25,Umnugovi,559301555.1722704
43.75,102.5,Umnugovi,559301555.1722271
43.75,102.75,Umnugovi,559301555.1722271
43.75,103.0,Umnugovi,559301555.1723136
43.75,103.25,Umnugovi,559301555.1722704
43.75,103.5,Umnugovi,559301555.1722271
43.75,103.75,Umnugovi,559301555.1722271
43.75,104.0,Umnugovi,559301555.1722271
43.75,104.25,Umnugovi,559301555.1722704
43.75,104.5,Umnugovi,559301555.1723136
43.75,104.75,Umnugovi,559301555.1722271
43.75,105.0,Umnugovi,559301555.1722271
43.75,105.25,Umnugovi,559301555.1722271
43.75,105.5,Umnugovi,559301555.1722704
43.75,105.75,Umnugovi,559301555.1723136
43.75,106.0,Umnugovi,559301555.1722271
43.75,106.25,Umnugovi,559301555.1722271
43.75,106.5,Umnugovi,559301555.1722271
43.75,106.75,Umnugovi,559301555.1722704
43.75,107.0,Umnugovi,559301555.1722704
43.75,107.25,Umnugovi,559301555.1722704
43.75,107.5,Umnugovi,559301555.1722271
43.75,107.75,Dornogovi,156917.61947805274
43.75,107.75,Umnugovi,559144637.5527923
43.75,108.0,Dornogovi,446889614.7353623
43.75,108.0,Umnugovi,112411940.43686482
43.75,108.25,Dornogovi,559301555.1722704
43.75,108.5,Dornogovi,559301555.1722704
43.75,108.75,Dornogovi,559301555.1722271
43.75,109.0,Dornogovi,559301555.1722704
43.75,109.25,Dornogovi,559301555.1722271
43.75,109.5,Dornogovi,559301555.1722704
43.75,109.75,Dornogovi,559301555.1722704
43.75,110.0,Dornogovi,559301555.1722704
43.75,110.25,Dornogovi,559301555.1722271
43.75,110.5,Dornogovi,559301555.1722271
43.75,110.75,Dornogovi,559301555.1722704
43.75,111.0,Dornogovi,559301555.1722704
43.75,111.25,Dornogovi,559301555.1722704
43.75,111.5,Dornogovi,559301555.1722271
43.75,111.75,Dornogovi,520387739.36706334
43.75,112.0,Dornogovi,116566083.28126603
43.5,95.75,Govi-Altai,164191273.52636513
43.5,96.0,Govi-Altai,561599535.2355824
43.5,96.25,Govi-Altai,561599535.2356257
43.5,96.5,Govi-Altai,561599535.2356257
43.5,96.75,Govi-Altai,561599535.2356257
43.5,97.0,Govi-Altai,561599535.2355824
43.5,97.25,Govi-Altai,561599535.2355824
43.5,97.5,Govi-Altai,561599535.2356257
43.5,97.75,Bayankhongor,30007865.554915763
43.5,97.75,Govi-Altai,531591669.68070996
43.5,98.0,Bayankhongor,551858160.9677548
43.5,98.0,Govi-Altai,9741374.267870853
43.5,98.25,Bayankhongor,561599535.2355824
43.5,98.5,Bayankhongor,561599535.2355824
43.5,98.75,Bayankhongor,561599535.2356257
43.5,99.0,Bayankhongor,561599535.2356257
43.5,99.25,Bayankhongor,561599535.2356257
43.5,99.5,Bayankhongor,176738303.78540584
43.5,99.5,Umnugovi,384861231.45017654
43.5,99.75,Umnugovi,561599535.2355824
43.5,100.0,Umnugovi,561599535.2356257
43.5,100.25,Umnugovi,561599535.2356257
43.5,100.5,Umnugovi,561599535.2356257
43.5,100.75,Umnugovi,561599535.2355824
43.5,101.0,Umnugovi,561599535.2356257
43.5,101.25,Umnugovi,561599535.2355824
43.5,101.5,Umnugovi,561599535.2356257
43.5,101.75,Umnugovi,561599535.2356257
43.5,102.0,Umnugovi,561599535.2355824
43.5,102.25,Umnugovi,561599535.2356257
43.5,102.5,Umnugovi,561599535.2355824
43.5,102.75,Umnugovi,561599535.2355824
43.5,103.0,Umnugovi,561599535.235669
43.5,103.25,Umnugovi,561599535.2356257
43.5,103.5,Umnugovi,561599535.2355824
43.5,103.75,Umnugovi,561599535.2355824
43.5,104.0,Umnugovi,561599535.2355824
43.5,104.25,Umnugovi,561599535.2356257
43.5,104.5,Umnugovi,561599535.235669
43.5,104.75,Umnugovi,561599535.2355824
43.5,105.0,Umnugovi,561599535.2355824
43.5,105.25,Umnugovi,561599535.2355824
43.5,105.5,Umnugovi,561599535.2356257
43.5,105.75,Umnugovi,561599535.235669
43.5,106.0,Umnugovi,561599535.2355824
43.5,106.25,Umnugovi,561599535.2355824
43.5,106.5,Umnugovi,561599535.2355824
43.5,106.75,Umnugovi,561599535.2356257
43.5,107.0,Umnugovi,561599535.2356257
43.5,107.25,Umnugovi,561599535.2356257
43.5,107.5,Umnugovi,561599535.2355824
43.5,107.75,Umnugovi,561599535.2356257
43.5,108.0,Dornogovi,414481585.6219457
43.5,108.0,Umnugovi,147117949.61363664
43.5,108.25,Dornogovi,561599535.2356257
43.5,108.5,Dornogovi,561599535.2356257
43.5,108.75,Dornogovi,561599535.2355824
43.5,109.0,Dornogovi,561599535.2356257
43.5,109.25,Dornogovi,561599535.2355824
43.5,109.5,Dornogovi,561599535.2356257
43.5,109.75,Dornogovi,561599535.2356257
43.5,110.0,Dornogovi,561599535.2356257
43.5,110.25,Dornogovi,561599535.2355824
43.5,110.5,Dornogovi,561599535.2355824
43.5,110.75,Dornogovi,561599535.2356257
43.5,111.0,Dornogovi,561599535.2356257
43.5,111.25,Dornogovi,497794613.6279918
43.5,111.5,Dornogovi,315880157.8588253
43.5,111.75,Dornogovi,52244637.68899388
43.25,95.75,Govi-Altai,7534043.522230003
43.25,96.0,Govi-Altai,467317144.3616398
43.25,96.25,Govi-Altai,563886568.9898554
43.25,96.5,Govi-Altai,563886568.9898554
43.25,96.75,Govi-Altai,563886568.9898554
43.25,97.0,Govi-Altai,563886568.9898119
43.25,97.25,Govi-Altai,563886568.9898119
43.25,97.5,Govi-Altai,563886568.9898554
43.25,97.75,Bayankhongor,245280559.71312663
43.25,97.75,Govi-Altai,318606009.2767288
43.25,98.0,Bayankhongor,563886568.9898554
43.25,98.25,Bayankhongor,563886568.9898119
43.25,98.5,Bayankhongor,563886568.9898119
43.25,98.75,Bayankhongor,563886568.9898554
43.25,99.0,Bayankhongor,563886568.9898554
43.25,99.25,Bayankhongor,563886568.9898554
43.25,99.5,Bayankhongor,252695733.68798882
43.25,99.5,Umnugovi,311190835.3018231
43.25,99.75,Umnugovi,563886568.9898119
43.25,100.0,Umnugovi,563886568.9898554
43.25,100.25,Umnugovi,563886568.9898554
43.25,100.5,Umnugovi,563886568.9898554
43.25,100.75,Umnugovi,563886568.9898119
43.25,101.0,Umnugovi,563886568.9898554
43.25,101.25,Umnugovi,563886568.9898119
43.25,101.5,Umnugovi,563886568.9898554
43.25,101.75,Umnugovi,563886568.9898554
43.25,102.0,Umnugovi,563886568.9898119
43.25,102.25,Umnugovi,563886568.9898554
43.25,102.5,Umnugovi,563886568.9898119
43.25,102.75,Umnugovi,563886568.9898119
43.25,103.0,Umnugovi,563886568.9898989
43.25,103.25,Umnugovi,563886568.9898554
43.25,103.5,Umnugovi,563886568.9898119
43.25,103.75,Umnugovi,563886568.9898119
43.25,104.0,Umnugovi,563886568.9898119
43.25,104.25,Umnugovi,563886568.9898554
43.25,104.5,Umnugovi,563886568.9898989
43.25,104.75,Umnugovi,563886568.9898119
43.25,105.0,Umnugovi,563886568.9898119
43.25,105.25,Umnugovi,563886568.9898119
43.25,105.5,Umnugovi,563886568.9898554
43.25,105.75,Umnugovi,563886568.9898989
43.25,106.0,Umnugovi,563886568.9898119
43.25,106.25,Umnugovi,563886568.9898119
43.25,106.5,Umnugovi,563886568.9898119
43.25,106.75,Umnugovi,563886568.9898554
43.25,107.0,Umnugovi,563886568.9898554
43.25,107.25,Umnugovi,563886568.9898554
43.25,107.5,Umnugovi,563886568.9898119
43.25,107.75,Umnugovi,563886568.9898554
43.25,108.0,Dornogovi,365282176.791968
43.25,108.0,Umnugovi,198604392.19784385
43.25,108.25,Dornogovi,563886568.9898554
43.25,108.5,Dornogovi,563886568.9898554
43.25,108.75,Dornogovi,563886568.9898119
43.25,109.0,Dornogovi,563886568.9898554
43.25,109.25,Dornogovi,563886568.9898119
43.25,109.5,Dornogovi,563886568.9898554
43.25,109.75,Dornogovi,563886568.9898554
43.25,110.0,Dornogovi,563886568.9898554
43.25,110.25,Dornogovi,563886568.9898119
43.25,110.5,Dornogovi,563886568.9898119
43.25,110.75,Dornogovi,517614727.32459366
43.25,111.0,Dornogovi,143749783.6633439
43.25,111.25,Dornogovi,1322323.0880693272
43.0,96.0,Govi-Altai,17844265.042689197
43.0,96.25,Govi-Altai,318736982.82172596
43.0,96.5,Govi-Altai,566162616.8874145
43.0,96.75,Govi-Altai,566162616.8874145
43.0,97.0,Govi-Altai,566162616.8873707
43.0,97.25,Govi-Altai,566162616.8873707
43.0,97.5,Govi-Altai,566162616.8874145
43.0,97.75,Bayankhongor,206558785.47324073
43.0,97.75,Govi-Altai,359603831.4141737
43.0,98.0,Bayankhongor,566162616.8874145
43.0,98.25,Bayankhongor,566162616.8873707
43.0,98.5,Bayankhongor,566162616.8873707
43.0,98.75,Bayankhongor,566162616.8874145
43.0,99.0,Bayankhongor,566162616.8874145
43.0,99.25,Bayankhongor,566162616.8874145
43.0,99.5,Bayankhongor,383122018.12640905
43.0,99.5,Umnugovi,183040598.7609617
43.0,99.75,Umnugovi,566162616.8873707
43.0,100.0,Umnugovi,566162616.8874145
43.0,100.25,Umnugovi,566162616.8874145
43.0,100.5,Umnugovi,566162616.8874145
43.0,100.75,Umnugovi,566162616.8873707
43.0,101.0,Umnugovi,566162616.8874145
43.0,101.25,Umnugovi,566162616.8873707
43.0,101.5,Umnugovi,566162616.8874145
43.0,101.75,Umnugovi,566162616.8874145
43.0,102.0,Umnugovi,566162616.8873707
43.0,102.25,Umnugovi,566162616.8874145
43.0,102.5,Umnugovi,566162616.8873707
43.0,102.75,Umnugovi,566162616.8873707
43.0,103.0,Umnugovi,566162616.8874582
43.0,103.25,Umnugovi,566162616.8874145
43.0,103.5,Umnugovi,566162616.8873707
43.0,103.75,Umnugovi,566162616.8873707
43.0,104.0,Umnugovi,566162616.8873707
43.0,104.25,Umnugovi,566162616.8874145
43.0,104.5,Umnugovi,566162616.8874582
43.0,104.75,Umnugovi,566162616.8873707
43.0,105.0,Umnugovi,566162616.8873707
43.0,105.25,Umnugovi,566162616.8873707
43.0,105.5,Umnugovi,566162616.8874145
43.0,105.75,Umnugovi,566162616.8874582
43.0,106.0,Umnugovi,566162616.8873707
43.0,106.25,Umnugovi,566162616.8873707
43.0,106.5,Umnugovi,566162616.8873707
43.0,106.75,Umnugovi,566162616.8874145
43.0,107.0,Umnugovi,566162616.8874145
43.0,107.25,Umnugovi,566162616.8874145
43.0,107.5,Umnugovi,566162616.8873707
43.0,107.75,Umnugovi,566162616.8874145
43.0,108.0,Dornogovi,235790387.14830372
43.0,108.0,Umnugovi,330372229.739067
43.0,108.25,Dornogovi,566162616.8874145
43.0,108.5,Dornogovi,566162616.8874145
43.0,108.75,Dornogovi,566162616.8873707
43.0,109.0,Dornogovi,566162616.8874145
43.0,109.25,Dornogovi,566162616.8873707
43.0,109.5,Dornogovi,566162616.8874145
43.0,109.75,Dornogovi,566162616.8874145
43.0,110.0,Dornogovi,566162616.8874145
43.0,110.25,Dornogovi,566162616.8873707
43.0,110.5,Dornogovi,533912608.7390265
43.0,110.75,Dornogovi,113910696.11283216
42.75,96.25,Govi-Altai,3824366.3119072854
42.75,96.5,Govi-Altai,325837193.7657062
42.75,96.75,Govi-Altai,291066855.9648714
42.75,97.0,Govi-Altai,244294385.7563301
42.75,97.25,Govi-Altai,210056274.5982466
42.75,97.5,Govi-Altai,285868583.46982366
42.75,97.75,Bayankhongor,133554752.14503872
42.75,97.75,Govi-Altai,230362717.2902583
42.75,98.0,Bayankhongor,440924581.66132975
42.75,98.25,Bayankhongor,502115046.1641653
42.75,98.5,Bayankhongor,529153881.27453125
42.75,98.75,Bayankhongor,563553419.803127
42.75,99.0,Bayankhongor,568427639.6314893
42.75,99.25,Bayankhongor,568427639.6314893
42.75,99.5,Bayankhongor,491829032.923922
42.75,99.5,Umnugovi,76598606.70752338
42.75,99.75,Umnugovi,568367608.6439838
42.75,100.0,Umnugovi,537845374.4040534
42.75,100.25,Umnugovi,500629834.39187306
42.75,100.5,Umnugovi,434165240.2480982
42.75,100.75,Umnugovi,455890199.5807983
42.75,101.0,Umnugovi,526381439.30279005
42.75,101.25,Umnugovi,568427639.6314454
42.75,101.5,Umnugovi,568427639.6314893
42.75,101.75,Umnugovi,568427639.6314893
42.75,102.0,Umnugovi,568427639.6314454
42.75,102.25,Umnugovi,568427639.6314893
42.75,102.5,Umnugovi,568427639.6314454
42.75,102.75,Umnugovi,568427639.6314454
42.75,103.0,Umnugovi,568427639.6315331
42.75,103.25,Umnugovi,568427639.6314893
42.75,103.5,Umnugovi,568427639.6314454
42.75,103.75,Umnugovi,568427639.6314454
42.75,104.0,Umnugovi,568427639.6314454
42.75,104.25,Umnugovi,568427639.6314893
42.75,104.5,Umnugovi,568427639.6315331
42.75,104.75,Umnugovi,568427639.6314454
42.75,105.0,Umnugovi,568427639.6314454
42.75,105.25,Umnugovi,568427639.6314454
42.75,105.5,Umnugovi,568427639.6314893
42.75,105.75,Umnugovi,568427639.6315331
42.75,106.0,Umnugovi,568427639.6314454
42.75,106.25,Umnugovi,568427639.6314454
42.75,106.5,Umnugovi,568427639.6314454
42.75,106.75,Umnugovi,568427639.6314893
42.75,107.0,Umnugovi,568427639.6314893
42.75,107.25,Umnugovi,568427639.6314893
42.75,107.5,Umnugovi,568427639.6314454
42.75,107.75,Umnugovi,568427639.6314893
42.75,108.0,Dornogovi,267072858.6263038
42.75,108.0,Umnugovi,301354781.0051416
42.75,108.25,Dornogovi,568427639.6314893
42.75,108.5,Dornogovi,568427639.6314893
42.75,108.75,Dornogovi,568427639.6314454
42.75,109.0,Dornogovi,568427639.6314893
42.75,109.25,Dornogovi,568427639.6314454
42.75,109.5,Dornogovi,568427639.6314893
42.75,109.75,Dornogovi,568255991.6034062
42.75,110.0,Dornogovi,546563304.1275905
42.75,110.25,Dornogovi,351985726.18424034
42.75,110.5,Dornogovi,73079564.94797306
42.5,98.75,Bayankhongor,6201458.140454214
42.5,99.0,Bayankhongor,45470327.32665308
42.5,99.25,Bayankhongor,89613416.34120336
42.5,99.5,Bayankhongor,107509020.63002415
42.5,99.5,Umnugovi,10725387.182396818
42.5,99.75,Umnugovi,43341350.993300945
42.5,101.0,Umnugovi,923260.0480901022
42.5,101.25,Umnugovi,69738123.85991512
42.5,101.5,Umnugovi,180599188.00044915
42.5,101.75,Umnugovi,292126324.0779526
42.5,102.0,Umnugovi,560047878.0585947
42.5,102.25,Umnugovi,570681598.1770985
42.5,102.5,Umnugovi,570681598.1770544
42.5,102.75,Umnugovi,570681598.1770544
42.5,103.0,Umnugovi,570681598.1771425
42.5,103.25,Umnugovi,570681598.1770985
42.5,103.5,Umnugovi,570681598.1770544
42.5,103.75,Umnugovi,570681598.1770544
42.5,104.0,Umnugovi,570681598.1770544
42.5,104.25,Umnugovi,570681598.1770985
42.5,104.5,Umnugovi,570681598.1771425
42.5,104.75,Umnugovi,570681598.1770544
42.5,105.0,Umnugovi,570681598.1770544
42.5,105.25,Umnugovi,570681598.1770544
42.5,105.5,Umnugovi,570681598.1770985
42.5,105.75,Umnugovi,570681598.1771425
42.5,106.0,Umnugovi,570681598.1770544
42.5,106.25,Umnugovi,570681598.1770544
42.5,106.5,Umnugovi,570681598.1770544
42.5,106.75,Umnugovi,570681598.1770985
42.5,107.0,Umnugovi,570681598.1770985
42.5,107.25,Umnugovi,524582259.24049217
42.5,107.5,Umnugovi,424644870.6245226
42.5,107.75,Umnugovi,488845060.83682305
42.5,108.0,Dornogovi,246293753.79989865
42.5,108.0,Umnugovi,212823376.6677734
42.5,108.25,Dornogovi,407593022.90517044
42.5,108.5,Dornogovi,430089829.01626986
42.5,108.75,Dornogovi,512119396.50994116
42.5,109.0,Dornogovi,425111867.3098477
42.5,109.25,Dornogovi,411992601.40202343
42.5,109.5,Dornogovi,344931576.41749513
42.5,109.75,Dornogovi,77571592.59507734
42.25,102.0,Umnugovi,176991549.83852023
42.25,102.25,Umnugovi,435421952.99313825
42.25,102.5,Umnugovi,510335393.0245236
42.25,102.75,Umnugovi,552680443.6895279
42.25,103.0,Umnugovi,572924453.7303958
42.25,103.25,Umnugovi,572924453.7303516
42.25,103.5,Umnugovi,572924453.7303073
42.25,103.75,Umnugovi,572924453.7303073
42.25,104.0,Umnugovi,572924453.7303073
42.25,104.25,Umnugovi,572924453.7303516
42.25,104.5,Umnugovi,572924453.7303958
42.25,104.75,Umnugovi,572924453.7303073
42.25,105.0,Umnugovi,572924453.7303073
42.25,105.25,Umnugovi,572924453.7303073
42.25,105.5,Umnugovi,572924453.7303516
42.25,105.75,Umnugovi,572924453.7303958
42.25,106.0,Umnugovi,572924453.7303073
42.25,106.25,Umnugovi,555314204.1885982
42.25,106.5,Umnugovi,394505503.09970665
42.25,106.75,Umnugovi,215235392.26342064
42.25,107.0,Umnugovi,141496749.85508776
42.25,107.25,Umnugovi,30872990.040828943
42.0,102.75,Umnugovi,24946688.808454707
42.0,103.0,Umnugovi,210024870.56666577
42.0,103.25,Umnugovi,423612778.4813601
42.0,103.5,Umnugovi,566921108.4344273
42.0,103.75,Umnugovi,575156167.748764
42.0,104.0,Umnugovi,575156167.748764
42.0,104.25,Umnugovi,575156167.7488084
42.0,104.5,Umnugovi,574932810.9976329
42.0,104.75,Umnugovi,575156167.748764
42.0,105.0,Umnugovi,575156167.748764
42.0,105.25,Umnugovi,575156167.748764
42.0,105.5,Umnugovi,560632565.5297563
42.0,105.75,Umnugovi,398360493.89368814
42.0,106.0,Umnugovi,206100679.05220628
42.0,106.25,Umnugovi,31451113.752515092
41.75,103.5,Umnugovi,23734380.19803645
41.75,103.75,Umnugovi,134488054.888059
41.75,104.0,Umnugovi,161416871.72992453
41.75,104.25,Umnugovi,89292726.13013276
41.75,104.5,Umnugovi,237911227.06019515
41.75,104.75,Umnugovi,534965572.53058684
41.75,105.0,Umnugovi,550662341.4288386
41.75,105.25,Umnugovi,309668176.44101644
41.75,105.5,Umnugovi,63775562.598037824
41.5,105.0,Umnugovi,22305581.510519713
